
===== OVERFLOW / UNDERFLOW (Box domain, original source) =====
ENTRY 1 SourceEntry_0 [[0.0,0.0], [0.0,0.0], [0.0,0.0], [0.0,0.0], [0.0,0.0], [0.0,0.0], [0.0,0.0], [0.0,0.0], [0.0,0.0], [0.0,0.0], [0.0,0.0], [0.0,0.0], [0.0,0.0], [0.0,0.0], [0.0,0.0], [0.0,0.0], [0.0,0.0], [0.0,0.0], [0.0,0.0], [0.0,0.0]]
EXIT 1 SourceEntry_0 [[0.0,0.0], [0.0,0.0], [0.0,0.0], [0.0,0.0], [0.0,0.0], [0.0,0.0], [0.0,0.0], [0.0,0.0], [0.0,0.0], [0.0,0.0], [0.0,0.0], [0.0,0.0], [0.0,0.0], [0.0,0.0], [0.0,0.0], [0.0,0.0], [0.0,0.0], [0.0,0.0], [0.0,0.0], [0.0,0.0]]
ENTRY 1 SourceUnit_0 [[0.0,0.0], [0.0,0.0], [0.0,0.0], [0.0,0.0], [0.0,0.0], [0.0,0.0], [0.0,0.0], [0.0,0.0], [0.0,0.0], [0.0,0.0], [0.0,0.0], [0.0,0.0], [0.0,0.0], [0.0,0.0], [0.0,0.0], [0.0,0.0], [0.0,0.0], [0.0,0.0], [0.0,0.0], [0.0,0.0]]
EXIT 1 SourceUnit_0 [[0.0,0.0], [0.0,0.0], [0.0,0.0], [0.0,0.0], [0.0,0.0], [0.0,0.0], [0.0,0.0], [0.0,0.0], [0.0,0.0], [0.0,0.0], [0.0,0.0], [0.0,0.0], [0.0,0.0], [0.0,0.0], [0.0,0.0], [0.0,0.0], [0.0,0.0], [0.0,0.0], [0.0,0.0], [0.0,0.0]]
ENTRY 1 PragmaDirective_0 [[0.0,0.0], [0.0,0.0], [0.0,0.0], [0.0,0.0], [0.0,0.0], [0.0,0.0], [0.0,0.0], [0.0,0.0], [0.0,0.0], [0.0,0.0], [0.0,0.0], [0.0,0.0], [0.0,0.0], [0.0,0.0], [0.0,0.0], [0.0,0.0], [0.0,0.0], [0.0,0.0], [0.0,0.0], [0.0,0.0]]
EXIT 1 PragmaDirective_0 [[0.0,0.0], [0.0,0.0], [0.0,0.0], [0.0,0.0], [0.0,0.0], [0.0,0.0], [0.0,0.0], [0.0,0.0], [0.0,0.0], [0.0,0.0], [0.0,0.0], [0.0,0.0], [0.0,0.0], [0.0,0.0], [0.0,0.0], [0.0,0.0], [0.0,0.0], [0.0,0.0], [0.0,0.0], [0.0,0.0]]
ENTRY 1 SourceExit_0 [[0.0,0.0], [0.0,0.0], [0.0,0.0], [0.0,0.0], [0.0,0.0], [0.0,0.0], [0.0,0.0], [0.0,0.0], [0.0,0.0], [0.0,0.0], [0.0,0.0], [0.0,0.0], [0.0,0.0], [0.0,0.0], [0.0,0.0], [0.0,0.0], [0.0,0.0], [0.0,0.0], [0.0,0.0], [0.0,0.0]]
EXIT 1 SourceExit_0 [[0.0,0.0], [0.0,0.0], [0.0,0.0], [0.0,0.0], [0.0,0.0], [0.0,0.0], [0.0,0.0], [0.0,0.0], [0.0,0.0], [0.0,0.0], [0.0,0.0], [0.0,0.0], [0.0,0.0], [0.0,0.0], [0.0,0.0], [0.0,0.0], [0.0,0.0], [0.0,0.0], [0.0,0.0], [0.0,0.0]]
ENTRY 1 ContractDefinition_0 [[0.0,0.0], [0.0,0.0], [0.0,0.0], [0.0,0.0], [0.0,0.0], [0.0,0.0], [0.0,0.0], [0.0,0.0], [0.0,0.0], [0.0,0.0], [0.0,0.0], [0.0,0.0], [0.0,0.0], [0.0,0.0], [0.0,0.0], [0.0,0.0], [0.0,0.0], [0.0,0.0], [0.0,0.0], [0.0,0.0]]
EXIT 1 ContractDefinition_0 [[0.0,0.0], [0.0,0.0], [0.0,0.0], [0.0,0.0], [0.0,0.0], [0.0,0.0], [0.0,0.0], [0.0,0.0], [0.0,0.0], [0.0,0.0], [0.0,0.0], [0.0,0.0], [0.0,0.0], [0.0,0.0], [0.0,0.0], [0.0,0.0], [0.0,0.0], [0.0,0.0], [0.0,0.0], [0.0,0.0]]
ENTRY 1 FunctionDefinition_0 [[0.0,0.0], [0.0,0.0], [0.0,0.0], [0.0,0.0], [0.0,0.0], [0.0,0.0], [0.0,0.0], [0.0,0.0], [0.0,0.0], [0.0,0.0], [0.0,0.0], [0.0,0.0], [0.0,0.0], [0.0,0.0], [0.0,0.0], [0.0,0.0], [0.0,0.0], [0.0,0.0], [0.0,0.0], [0.0,0.0]]
EXIT 1 FunctionDefinition_0 [[0.0,0.0], [0.0,0.0], [0.0,0.0], [0.0,0.0], [0.0,0.0], [0.0,0.0], [0.0,0.0], [0.0,0.0], [0.0,0.0], [0.0,0.0], [0.0,0.0], [0.0,0.0], [0.0,0.0], [0.0,0.0], [0.0,0.0], [0.0,0.0], [0.0,0.0], [0.0,0.0], [0.0,0.0], [0.0,0.0]]
ENTRY 1 FunctionEntry_0 [[0.0,0.0], [0.0,0.0], [0.0,0.0], [0.0,0.0], [0.0,0.0], [0.0,0.0], [0.0,0.0], [0.0,0.0], [0.0,0.0], [0.0,0.0], [0.0,0.0], [0.0,0.0], [0.0,0.0], [0.0,0.0], [0.0,0.0], [0.0,0.0], [0.0,0.0], [0.0,0.0], [0.0,0.0], [0.0,0.0]]
EXIT 1 FunctionEntry_0 [[0.0,0.0], [0.0,0.0], [0.0,0.0], [0.0,0.0], [0.0,0.0], [0.0,0.0], [0.0,0.0], [0.0,0.0], [0.0,0.0], [0.0,0.0], [0.0,0.0], [0.0,0.0], [0.0,0.0], [0.0,0.0], [0.0,0.0], [0.0,0.0], [0.0,0.0], [0.0,0.0], [0.0,0.0], [0.0,0.0]]
ENTRY 1 FunctionDefinition_1 [[0.0,0.0], [0.0,0.0], [0.0,0.0], [0.0,0.0], [0.0,0.0], [0.0,0.0], [0.0,0.0], [0.0,0.0], [0.0,0.0], [0.0,0.0], [0.0,0.0], [0.0,0.0], [0.0,0.0], [0.0,0.0], [0.0,0.0], [0.0,0.0], [0.0,0.0], [0.0,0.0], [0.0,0.0], [0.0,0.0]]
EXIT 1 FunctionDefinition_1 [[0.0,0.0], [0.0,0.0], [0.0,0.0], [0.0,0.0], [0.0,0.0], [0.0,0.0], [0.0,0.0], [0.0,0.0], [0.0,0.0], [0.0,0.0], [0.0,0.0], [0.0,0.0], [0.0,0.0], [0.0,0.0], [0.0,0.0], [0.0,0.0], [0.0,0.0], [0.0,0.0], [0.0,0.0], [0.0,0.0]]
ENTRY 1 FunctionEntry_1 [[0.0,0.0], [0.0,0.0], [0.0,0.0], [0.0,0.0], [0.0,0.0], [0.0,0.0], [0.0,0.0], [0.0,0.0], [0.0,0.0], [0.0,0.0], [0.0,0.0], [0.0,0.0], [0.0,0.0], [0.0,0.0], [0.0,0.0], [0.0,0.0], [0.0,0.0], [0.0,0.0], [0.0,0.0], [0.0,0.0]]
EXIT 1 FunctionEntry_1 [[0.0,0.0], [0.0,0.0], [0.0,0.0], [0.0,0.0], [0.0,0.0], [0.0,0.0], [0.0,0.0], [0.0,0.0], [0.0,0.0], [0.0,0.0], [0.0,0.0], [0.0,0.0], [0.0,0.0], [0.0,0.0], [0.0,0.0], [0.0,0.0], [0.0,0.0], [0.0,0.0], [0.0,0.0], [0.0,0.0]]
ENTRY 1 FunctionDefinition_2 [[0.0,0.0], [0.0,0.0], [0.0,0.0], [0.0,0.0], [0.0,0.0], [0.0,0.0], [0.0,0.0], [0.0,0.0], [0.0,0.0], [0.0,0.0], [0.0,0.0], [0.0,0.0], [0.0,0.0], [0.0,0.0], [0.0,0.0], [0.0,0.0], [0.0,0.0], [0.0,0.0], [0.0,0.0], [0.0,0.0]]
EXIT 1 FunctionDefinition_2 [[0.0,0.0], [0.0,0.0], [0.0,0.0], [0.0,0.0], [0.0,0.0], [0.0,0.0], [0.0,0.0], [0.0,0.0], [0.0,0.0], [0.0,0.0], [0.0,0.0], [0.0,0.0], [0.0,0.0], [0.0,0.0], [0.0,0.0], [0.0,0.0], [0.0,0.0], [0.0,0.0], [0.0,0.0], [0.0,0.0]]
ENTRY 1 FunctionEntry_2 [[0.0,0.0], [0.0,0.0], [0.0,0.0], [0.0,0.0], [0.0,0.0], [0.0,0.0], [0.0,0.0], [0.0,0.0], [0.0,0.0], [0.0,0.0], [0.0,0.0], [0.0,0.0], [0.0,0.0], [0.0,0.0], [0.0,0.0], [0.0,0.0], [0.0,0.0], [0.0,0.0], [0.0,0.0], [0.0,0.0]]
EXIT 1 FunctionEntry_2 [[0.0,0.0], [0.0,0.0], [0.0,0.0], [0.0,0.0], [0.0,0.0], [0.0,0.0], [0.0,0.0], [0.0,0.0], [0.0,0.0], [0.0,0.0], [0.0,0.0], [0.0,0.0], [0.0,0.0], [0.0,0.0], [0.0,0.0], [0.0,0.0], [0.0,0.0], [0.0,0.0], [0.0,0.0], [0.0,0.0]]
ENTRY 1 FunctionDefinition_3 [[0.0,0.0], [0.0,0.0], [0.0,0.0], [0.0,0.0], [0.0,0.0], [0.0,0.0], [0.0,0.0], [0.0,0.0], [0.0,0.0], [0.0,0.0], [0.0,0.0], [0.0,0.0], [0.0,0.0], [0.0,0.0], [0.0,0.0], [0.0,0.0], [0.0,0.0], [0.0,0.0], [0.0,0.0], [0.0,0.0]]
EXIT 1 FunctionDefinition_3 [[0.0,0.0], [0.0,0.0], [0.0,0.0], [0.0,0.0], [0.0,0.0], [0.0,0.0], [0.0,0.0], [0.0,0.0], [0.0,0.0], [0.0,0.0], [0.0,0.0], [0.0,0.0], [0.0,0.0], [0.0,0.0], [0.0,0.0], [0.0,0.0], [0.0,0.0], [0.0,0.0], [0.0,0.0], [0.0,0.0]]
ENTRY 1 FunctionEntry_3 [[0.0,0.0], [0.0,0.0], [0.0,0.0], [0.0,0.0], [0.0,0.0], [0.0,0.0], [0.0,0.0], [0.0,0.0], [0.0,0.0], [0.0,0.0], [0.0,0.0], [0.0,0.0], [0.0,0.0], [0.0,0.0], [0.0,0.0], [0.0,0.0], [0.0,0.0], [0.0,0.0], [0.0,0.0], [0.0,0.0]]
EXIT 1 FunctionEntry_3 [[0.0,0.0], [0.0,0.0], [0.0,0.0], [0.0,0.0], [0.0,0.0], [0.0,0.0], [0.0,0.0], [0.0,0.0], [0.0,0.0], [0.0,0.0], [0.0,0.0], [0.0,0.0], [0.0,0.0], [0.0,0.0], [0.0,0.0], [0.0,0.0], [0.0,0.0], [0.0,0.0], [0.0,0.0], [0.0,0.0]]
ENTRY 1 FunctionDefinition_4 [[0.0,0.0], [0.0,0.0], [0.0,0.0], [0.0,0.0], [0.0,0.0], [0.0,0.0], [0.0,0.0], [0.0,0.0], [0.0,0.0], [0.0,0.0], [0.0,0.0], [0.0,0.0], [0.0,0.0], [0.0,0.0], [0.0,0.0], [0.0,0.0], [0.0,0.0], [0.0,0.0], [0.0,0.0], [0.0,0.0]]
EXIT 1 FunctionDefinition_4 [[0.0,0.0], [0.0,0.0], [0.0,0.0], [0.0,0.0], [0.0,0.0], [0.0,0.0], [0.0,0.0], [0.0,0.0], [0.0,0.0], [0.0,0.0], [0.0,0.0], [0.0,0.0], [0.0,0.0], [0.0,0.0], [0.0,0.0], [0.0,0.0], [0.0,0.0], [0.0,0.0], [0.0,0.0], [0.0,0.0]]
ENTRY 1 FunctionEntry_4 [[0.0,0.0], [0.0,0.0], [0.0,0.0], [0.0,0.0], [0.0,0.0], [0.0,0.0], [0.0,0.0], [0.0,0.0], [0.0,0.0], [0.0,0.0], [0.0,0.0], [0.0,0.0], [0.0,0.0], [0.0,0.0], [0.0,0.0], [0.0,0.0], [0.0,0.0], [0.0,0.0], [0.0,0.0], [0.0,0.0]]
EXIT 1 FunctionEntry_4 [[0.0,0.0], [0.0,0.0], [0.0,0.0], [0.0,0.0], [0.0,0.0], [0.0,0.0], [0.0,0.0], [0.0,0.0], [0.0,0.0], [0.0,0.0], [0.0,0.0], [0.0,0.0], [0.0,0.0], [0.0,0.0], [0.0,0.0], [0.0,0.0], [0.0,0.0], [0.0,0.0], [0.0,0.0], [0.0,0.0]]
ENTRY 1 FunctionDefinition_5 [[0.0,0.0], [0.0,0.0], [0.0,0.0], [0.0,0.0], [0.0,0.0], [0.0,0.0], [0.0,0.0], [0.0,0.0], [0.0,0.0], [0.0,0.0], [0.0,0.0], [0.0,0.0], [0.0,0.0], [0.0,0.0], [0.0,0.0], [0.0,0.0], [0.0,0.0], [0.0,0.0], [0.0,0.0], [0.0,0.0]]
EXIT 1 FunctionDefinition_5 [[0.0,0.0], [0.0,0.0], [0.0,0.0], [0.0,0.0], [0.0,0.0], [0.0,0.0], [0.0,0.0], [0.0,0.0], [0.0,0.0], [0.0,0.0], [0.0,0.0], [0.0,0.0], [0.0,0.0], [0.0,0.0], [0.0,0.0], [0.0,0.0], [0.0,0.0], [0.0,0.0], [0.0,0.0], [0.0,0.0]]
ENTRY 1 FunctionEntry_5 [[0.0,0.0], [0.0,0.0], [0.0,0.0], [0.0,0.0], [0.0,0.0], [0.0,0.0], [0.0,0.0], [0.0,0.0], [0.0,0.0], [0.0,0.0], [0.0,0.0], [0.0,0.0], [0.0,0.0], [0.0,0.0], [0.0,0.0], [0.0,0.0], [0.0,0.0], [0.0,0.0], [0.0,0.0], [0.0,0.0]]
EXIT 1 FunctionEntry_5 [[0.0,0.0], [0.0,0.0], [0.0,0.0], [0.0,0.0], [0.0,0.0], [0.0,0.0], [0.0,0.0], [0.0,0.0], [0.0,0.0], [0.0,0.0], [0.0,0.0], [0.0,0.0], [0.0,0.0], [0.0,0.0], [0.0,0.0], [0.0,0.0], [0.0,0.0], [0.0,0.0], [0.0,0.0], [0.0,0.0]]
ENTRY 1 EventDefinition_0 [[0.0,0.0], [0.0,0.0], [0.0,0.0], [0.0,0.0], [0.0,0.0], [0.0,0.0], [0.0,0.0], [0.0,0.0], [0.0,0.0], [0.0,0.0], [0.0,0.0], [0.0,0.0], [0.0,0.0], [0.0,0.0], [0.0,0.0], [0.0,0.0], [0.0,0.0], [0.0,0.0], [0.0,0.0], [0.0,0.0]]
EXIT 1 EventDefinition_0 [[0.0,0.0], [0.0,0.0], [0.0,0.0], [0.0,0.0], [0.0,0.0], [0.0,0.0], [0.0,0.0], [0.0,0.0], [0.0,0.0], [0.0,0.0], [0.0,0.0], [0.0,0.0], [0.0,0.0], [0.0,0.0], [0.0,0.0], [0.0,0.0], [0.0,0.0], [0.0,0.0], [0.0,0.0], [0.0,0.0]]
ENTRY 1 EventDefinition_1 [[0.0,0.0], [0.0,0.0], [0.0,0.0], [0.0,0.0], [0.0,0.0], [0.0,0.0], [0.0,0.0], [0.0,0.0], [0.0,0.0], [0.0,0.0], [0.0,0.0], [0.0,0.0], [0.0,0.0], [0.0,0.0], [0.0,0.0], [0.0,0.0], [0.0,0.0], [0.0,0.0], [0.0,0.0], [0.0,0.0]]
EXIT 1 EventDefinition_1 [[0.0,0.0], [0.0,0.0], [0.0,0.0], [0.0,0.0], [0.0,0.0], [0.0,0.0], [0.0,0.0], [0.0,0.0], [0.0,0.0], [0.0,0.0], [0.0,0.0], [0.0,0.0], [0.0,0.0], [0.0,0.0], [0.0,0.0], [0.0,0.0], [0.0,0.0], [0.0,0.0], [0.0,0.0], [0.0,0.0]]
ENTRY 1 ContractDefinition_1 [[0.0,0.0], [0.0,0.0], [0.0,0.0], [0.0,0.0], [0.0,0.0], [0.0,0.0], [0.0,0.0], [0.0,0.0], [0.0,0.0], [0.0,0.0], [0.0,0.0], [0.0,0.0], [0.0,0.0], [0.0,0.0], [0.0,0.0], [0.0,0.0], [0.0,0.0], [0.0,0.0], [0.0,0.0], [0.0,0.0]]
EXIT 1 ContractDefinition_1 [[0.0,0.0], [0.0,0.0], [0.0,0.0], [0.0,0.0], [0.0,0.0], [0.0,0.0], [0.0,0.0], [0.0,0.0], [0.0,0.0], [0.0,0.0], [0.0,0.0], [0.0,0.0], [0.0,0.0], [0.0,0.0], [0.0,0.0], [0.0,0.0], [0.0,0.0], [0.0,0.0], [0.0,0.0], [0.0,0.0]]
ENTRY 1 VariableDeclaration_0 [[0.0,0.0], [0.0,0.0], [0.0,0.0], [0.0,0.0], [0.0,0.0], [0.0,0.0], [0.0,0.0], [0.0,0.0], [0.0,0.0], [0.0,0.0], [0.0,0.0], [0.0,0.0], [0.0,0.0], [0.0,0.0], [0.0,0.0], [0.0,0.0], [0.0,0.0], [0.0,0.0], [0.0,0.0], [0.0,0.0]]
EXIT 1 VariableDeclaration_0 [[-Infinity,Infinity], [0.0,0.0], [0.0,0.0], [0.0,0.0], [0.0,0.0], [0.0,0.0], [0.0,0.0], [0.0,0.0], [0.0,0.0], [0.0,0.0], [0.0,0.0], [0.0,0.0], [0.0,0.0], [0.0,0.0], [0.0,0.0], [0.0,0.0], [0.0,0.0], [0.0,0.0], [0.0,0.0], [0.0,0.0]]
ENTRY 1 VariableDeclaration_1 [[0.0,0.0], [0.0,0.0], [0.0,0.0], [0.0,0.0], [0.0,0.0], [0.0,0.0], [0.0,0.0], [0.0,0.0], [0.0,0.0], [0.0,0.0], [0.0,0.0], [0.0,0.0], [0.0,0.0], [0.0,0.0], [0.0,0.0], [0.0,0.0], [0.0,0.0], [0.0,0.0], [0.0,0.0], [0.0,0.0]]
EXIT 1 VariableDeclaration_1 [[0.0,0.0], [-Infinity,Infinity], [0.0,0.0], [0.0,0.0], [0.0,0.0], [0.0,0.0], [0.0,0.0], [0.0,0.0], [0.0,0.0], [0.0,0.0], [0.0,0.0], [0.0,0.0], [0.0,0.0], [0.0,0.0], [0.0,0.0], [0.0,0.0], [0.0,0.0], [0.0,0.0], [0.0,0.0], [0.0,0.0]]
ENTRY 1 VariableDeclaration_2 [[0.0,0.0], [0.0,0.0], [0.0,0.0], [0.0,0.0], [0.0,0.0], [0.0,0.0], [0.0,0.0], [0.0,0.0], [0.0,0.0], [0.0,0.0], [0.0,0.0], [0.0,0.0], [0.0,0.0], [0.0,0.0], [0.0,0.0], [0.0,0.0], [0.0,0.0], [0.0,0.0], [0.0,0.0], [0.0,0.0]]
EXIT 1 VariableDeclaration_2 [[0.0,0.0], [0.0,0.0], [18.0,18.0], [0.0,0.0], [0.0,0.0], [0.0,0.0], [0.0,0.0], [0.0,0.0], [0.0,0.0], [0.0,0.0], [0.0,0.0], [0.0,0.0], [0.0,0.0], [0.0,0.0], [0.0,0.0], [0.0,0.0], [0.0,0.0], [0.0,0.0], [0.0,0.0], [0.0,0.0]]
ENTRY 1 VariableDeclaration_3 [[0.0,0.0], [0.0,0.0], [0.0,0.0], [0.0,0.0], [0.0,0.0], [0.0,0.0], [0.0,0.0], [0.0,0.0], [0.0,0.0], [0.0,0.0], [0.0,0.0], [0.0,0.0], [0.0,0.0], [0.0,0.0], [0.0,0.0], [0.0,0.0], [0.0,0.0], [0.0,0.0], [0.0,0.0], [0.0,0.0]]
EXIT 1 VariableDeclaration_3 [[0.0,0.0], [0.0,0.0], [0.0,0.0], [-Infinity,Infinity], [0.0,0.0], [0.0,0.0], [0.0,0.0], [0.0,0.0], [0.0,0.0], [0.0,0.0], [0.0,0.0], [0.0,0.0], [0.0,0.0], [0.0,0.0], [0.0,0.0], [0.0,0.0], [0.0,0.0], [0.0,0.0], [0.0,0.0], [0.0,0.0]]
ENTRY 1 VariableDeclaration_4 [[0.0,0.0], [0.0,0.0], [0.0,0.0], [0.0,0.0], [0.0,0.0], [0.0,0.0], [0.0,0.0], [0.0,0.0], [0.0,0.0], [0.0,0.0], [0.0,0.0], [0.0,0.0], [0.0,0.0], [0.0,0.0], [0.0,0.0], [0.0,0.0], [0.0,0.0], [0.0,0.0], [0.0,0.0], [0.0,0.0]]
EXIT 1 VariableDeclaration_4 [[0.0,0.0], [0.0,0.0], [0.0,0.0], [0.0,0.0], [-Infinity,Infinity], [0.0,0.0], [0.0,0.0], [0.0,0.0], [0.0,0.0], [0.0,0.0], [0.0,0.0], [0.0,0.0], [0.0,0.0], [0.0,0.0], [0.0,0.0], [0.0,0.0], [0.0,0.0], [0.0,0.0], [0.0,0.0], [0.0,0.0]]
ENTRY 1 VariableDeclaration_5 [[0.0,0.0], [0.0,0.0], [0.0,0.0], [0.0,0.0], [0.0,0.0], [0.0,0.0], [0.0,0.0], [0.0,0.0], [0.0,0.0], [0.0,0.0], [0.0,0.0], [0.0,0.0], [0.0,0.0], [0.0,0.0], [0.0,0.0], [0.0,0.0], [0.0,0.0], [0.0,0.0], [0.0,0.0], [0.0,0.0]]
EXIT 1 VariableDeclaration_5 [[0.0,0.0], [0.0,0.0], [0.0,0.0], [0.0,0.0], [0.0,0.0], [-Infinity,Infinity], [0.0,0.0], [0.0,0.0], [0.0,0.0], [0.0,0.0], [0.0,0.0], [0.0,0.0], [0.0,0.0], [0.0,0.0], [0.0,0.0], [0.0,0.0], [0.0,0.0], [0.0,0.0], [0.0,0.0], [0.0,0.0]]
ENTRY 1 FunctionDefinition_6 [[0.0,0.0], [0.0,0.0], [0.0,0.0], [0.0,0.0], [0.0,0.0], [0.0,0.0], [0.0,0.0], [0.0,0.0], [0.0,0.0], [0.0,0.0], [0.0,0.0], [0.0,0.0], [0.0,0.0], [0.0,0.0], [0.0,0.0], [0.0,0.0], [0.0,0.0], [0.0,0.0], [0.0,0.0], [0.0,0.0]]
EXIT 1 FunctionDefinition_6 [[0.0,0.0], [0.0,0.0], [0.0,0.0], [0.0,0.0], [0.0,0.0], [0.0,0.0], [0.0,0.0], [0.0,0.0], [0.0,0.0], [0.0,0.0], [0.0,0.0], [0.0,0.0], [0.0,0.0], [0.0,0.0], [0.0,0.0], [0.0,0.0], [0.0,0.0], [0.0,0.0], [0.0,0.0], [0.0,0.0]]
ENTRY 1 FunctionEntry_6 [[0.0,0.0], [0.0,0.0], [0.0,0.0], [0.0,0.0], [0.0,0.0], [0.0,0.0], [0.0,0.0], [0.0,0.0], [0.0,0.0], [0.0,0.0], [0.0,0.0], [0.0,0.0], [0.0,0.0], [0.0,0.0], [0.0,0.0], [0.0,0.0], [0.0,0.0], [0.0,0.0], [0.0,0.0], [0.0,0.0]]
EXIT 1 FunctionEntry_6 [[0.0,0.0], [0.0,0.0], [0.0,0.0], [0.0,0.0], [0.0,0.0], [0.0,0.0], [0.0,0.0], [0.0,0.0], [0.0,0.0], [0.0,0.0], [0.0,0.0], [0.0,0.0], [0.0,0.0], [0.0,0.0], [0.0,0.0], [0.0,0.0], [0.0,0.0], [0.0,0.0], [0.0,0.0], [0.0,0.0]]
ENTRY 1 ExpressionStatement_0 [[0.0,0.0], [0.0,0.0], [0.0,0.0], [0.0,0.0], [0.0,0.0], [0.0,0.0], [0.0,0.0], [0.0,0.0], [0.0,0.0], [0.0,0.0], [0.0,0.0], [0.0,0.0], [0.0,0.0], [0.0,0.0], [0.0,0.0], [0.0,0.0], [0.0,0.0], [0.0,0.0], [0.0,0.0], [0.0,0.0]]
EXIT 1 ExpressionStatement_0 [[0.0,0.0], [0.0,0.0], [0.0,0.0], [-Infinity,Infinity], [0.0,0.0], [0.0,0.0], [0.0,0.0], [0.0,0.0], [0.0,0.0], [0.0,0.0], [0.0,0.0], [0.0,0.0], [0.0,0.0], [0.0,0.0], [0.0,0.0], [0.0,0.0], [0.0,0.0], [0.0,0.0], [0.0,0.0], [0.0,0.0]]
ENTRY 1 ExpressionStatement_1 [[0.0,0.0], [0.0,0.0], [0.0,0.0], [-Infinity,Infinity], [0.0,0.0], [0.0,0.0], [0.0,0.0], [0.0,0.0], [0.0,0.0], [0.0,0.0], [0.0,0.0], [0.0,0.0], [0.0,0.0], [0.0,0.0], [0.0,0.0], [0.0,0.0], [0.0,0.0], [0.0,0.0], [0.0,0.0], [0.0,0.0]]
EXIT 1 ExpressionStatement_1 [[0.0,0.0], [0.0,0.0], [0.0,0.0], [-Infinity,Infinity], [0.0,0.0], [0.0,0.0], [-Infinity,Infinity], [0.0,0.0], [0.0,0.0], [0.0,0.0], [0.0,0.0], [0.0,0.0], [0.0,0.0], [0.0,0.0], [0.0,0.0], [0.0,0.0], [0.0,0.0], [0.0,0.0], [0.0,0.0], [0.0,0.0]]
ENTRY 1 EmitStatement_0 [[0.0,0.0], [0.0,0.0], [0.0,0.0], [-Infinity,Infinity], [0.0,0.0], [0.0,0.0], [-Infinity,Infinity], [0.0,0.0], [0.0,0.0], [0.0,0.0], [0.0,0.0], [0.0,0.0], [0.0,0.0], [0.0,0.0], [0.0,0.0], [0.0,0.0], [0.0,0.0], [0.0,0.0], [0.0,0.0], [0.0,0.0]]
EXIT 1 EmitStatement_0 [[-Infinity,Infinity], [-Infinity,Infinity], [18.0,18.0], [-Infinity,Infinity], [-Infinity,Infinity], [-Infinity,Infinity], [-Infinity,Infinity], [0.0,0.0], [0.0,0.0], [0.0,0.0], [0.0,0.0], [0.0,0.0], [0.0,0.0], [0.0,0.0], [0.0,0.0], [0.0,0.0], [0.0,0.0], [0.0,0.0], [0.0,0.0], [0.0,0.0]]
ENTRY 1 FunctionExit_6 [[-Infinity,Infinity], [-Infinity,Infinity], [18.0,18.0], [-Infinity,Infinity], [-Infinity,Infinity], [-Infinity,Infinity], [-Infinity,Infinity], [0.0,0.0], [0.0,0.0], [0.0,0.0], [0.0,0.0], [0.0,0.0], [0.0,0.0], [0.0,0.0], [0.0,0.0], [0.0,0.0], [0.0,0.0], [0.0,0.0], [0.0,0.0], [0.0,0.0]]
EXIT 1 FunctionExit_6 [[-Infinity,Infinity], [-Infinity,Infinity], [18.0,18.0], [-Infinity,Infinity], [-Infinity,Infinity], [-Infinity,Infinity], [-Infinity,Infinity], [0.0,0.0], [0.0,0.0], [0.0,0.0], [0.0,0.0], [0.0,0.0], [0.0,0.0], [0.0,0.0], [0.0,0.0], [0.0,0.0], [0.0,0.0], [0.0,0.0], [0.0,0.0], [0.0,0.0]]
ENTRY 1 FunctionDefinition_7 [[-Infinity,Infinity], [-Infinity,Infinity], [18.0,18.0], [-Infinity,Infinity], [-Infinity,Infinity], [-Infinity,Infinity], [0.0,0.0], [0.0,0.0], [0.0,0.0], [0.0,0.0], [0.0,0.0], [0.0,0.0], [0.0,0.0], [0.0,0.0], [0.0,0.0], [0.0,0.0], [0.0,0.0], [0.0,0.0], [0.0,0.0], [0.0,0.0]]
EXIT 1 FunctionDefinition_7 [[-Infinity,Infinity], [-Infinity,Infinity], [18.0,18.0], [-Infinity,Infinity], [-Infinity,Infinity], [-Infinity,Infinity], [0.0,0.0], [0.0,0.0], [0.0,0.0], [0.0,0.0], [0.0,0.0], [0.0,0.0], [0.0,0.0], [0.0,0.0], [0.0,0.0], [0.0,0.0], [0.0,0.0], [0.0,0.0], [0.0,0.0], [0.0,0.0]]
ENTRY 1 FunctionEntry_7 [[-Infinity,Infinity], [-Infinity,Infinity], [18.0,18.0], [-Infinity,Infinity], [-Infinity,Infinity], [-Infinity,Infinity], [0.0,0.0], [0.0,0.0], [0.0,0.0], [0.0,0.0], [0.0,0.0], [0.0,0.0], [0.0,0.0], [0.0,0.0], [0.0,0.0], [0.0,0.0], [0.0,0.0], [0.0,0.0], [0.0,0.0], [0.0,0.0]]
EXIT 1 FunctionEntry_7 [[-Infinity,Infinity], [-Infinity,Infinity], [18.0,18.0], [-Infinity,Infinity], [-Infinity,Infinity], [-Infinity,Infinity], [0.0,0.0], [0.0,0.0], [0.0,0.0], [0.0,0.0], [0.0,0.0], [0.0,0.0], [0.0,0.0], [0.0,0.0], [0.0,0.0], [0.0,0.0], [0.0,0.0], [0.0,0.0], [0.0,0.0], [0.0,0.0]]
ENTRY 1 Return_0 [[-Infinity,Infinity], [-Infinity,Infinity], [18.0,18.0], [-Infinity,Infinity], [-Infinity,Infinity], [-Infinity,Infinity], [0.0,0.0], [0.0,0.0], [0.0,0.0], [0.0,0.0], [0.0,0.0], [0.0,0.0], [0.0,0.0], [0.0,0.0], [0.0,0.0], [0.0,0.0], [0.0,0.0], [0.0,0.0], [0.0,0.0], [0.0,0.0]]
EXIT 1 Return_0 [[-Infinity,Infinity], [-Infinity,Infinity], [18.0,18.0], [-Infinity,Infinity], [-Infinity,Infinity], [-Infinity,Infinity], [0.0,0.0], [0.0,0.0], [0.0,0.0], [0.0,0.0], [0.0,0.0], [0.0,0.0], [0.0,0.0], [0.0,0.0], [0.0,0.0], [0.0,0.0], [0.0,0.0], [0.0,0.0], [0.0,0.0], [0.0,0.0]]
ENTRY 1 FunctionExit_7 [[-Infinity,Infinity], [-Infinity,Infinity], [18.0,18.0], [-Infinity,Infinity], [-Infinity,Infinity], [-Infinity,Infinity], [0.0,0.0], [0.0,0.0], [0.0,0.0], [0.0,0.0], [0.0,0.0], [0.0,0.0], [0.0,0.0], [0.0,0.0], [0.0,0.0], [0.0,0.0], [0.0,0.0], [0.0,0.0], [0.0,0.0], [0.0,0.0]]
EXIT 1 FunctionExit_7 [[-Infinity,Infinity], [-Infinity,Infinity], [18.0,18.0], [-Infinity,Infinity], [-Infinity,Infinity], [-Infinity,Infinity], [0.0,0.0], [0.0,0.0], [0.0,0.0], [0.0,0.0], [0.0,0.0], [0.0,0.0], [0.0,0.0], [0.0,0.0], [0.0,0.0], [0.0,0.0], [0.0,0.0], [0.0,0.0], [0.0,0.0], [0.0,0.0]]
ENTRY 1 FunctionDefinition_8 [[-Infinity,Infinity], [-Infinity,Infinity], [18.0,18.0], [-Infinity,Infinity], [-Infinity,Infinity], [-Infinity,Infinity], [0.0,0.0], [0.0,0.0], [0.0,0.0], [0.0,0.0], [0.0,0.0], [0.0,0.0], [0.0,0.0], [0.0,0.0], [0.0,0.0], [0.0,0.0], [0.0,0.0], [0.0,0.0], [0.0,0.0], [0.0,0.0]]
EXIT 1 FunctionDefinition_8 [[-Infinity,Infinity], [-Infinity,Infinity], [18.0,18.0], [-Infinity,Infinity], [-Infinity,Infinity], [-Infinity,Infinity], [0.0,0.0], [0.0,0.0], [0.0,0.0], [0.0,0.0], [0.0,0.0], [0.0,0.0], [0.0,0.0], [0.0,0.0], [0.0,0.0], [0.0,0.0], [0.0,0.0], [0.0,0.0], [0.0,0.0], [0.0,0.0]]
ENTRY 1 FunctionEntry_8 [[-Infinity,Infinity], [-Infinity,Infinity], [18.0,18.0], [-Infinity,Infinity], [-Infinity,Infinity], [-Infinity,Infinity], [0.0,0.0], [0.0,0.0], [0.0,0.0], [0.0,0.0], [0.0,0.0], [0.0,0.0], [0.0,0.0], [0.0,0.0], [0.0,0.0], [0.0,0.0], [0.0,0.0], [0.0,0.0], [0.0,0.0], [0.0,0.0]]
EXIT 1 FunctionEntry_8 [[-Infinity,Infinity], [-Infinity,Infinity], [18.0,18.0], [-Infinity,Infinity], [-Infinity,Infinity], [-Infinity,Infinity], [0.0,0.0], [0.0,0.0], [0.0,0.0], [0.0,0.0], [0.0,0.0], [0.0,0.0], [0.0,0.0], [0.0,0.0], [0.0,0.0], [0.0,0.0], [0.0,0.0], [0.0,0.0], [0.0,0.0], [0.0,0.0]]
ENTRY 1 ExpressionStatement_2 [[-Infinity,Infinity], [-Infinity,Infinity], [18.0,18.0], [-Infinity,Infinity], [-Infinity,Infinity], [-Infinity,Infinity], [0.0,0.0], [0.0,0.0], [0.0,0.0], [0.0,0.0], [0.0,0.0], [0.0,0.0], [0.0,0.0], [0.0,0.0], [0.0,0.0], [0.0,0.0], [0.0,0.0], [0.0,0.0], [0.0,0.0], [0.0,0.0]]
EXIT 1 ExpressionStatement_2 [[-Infinity,Infinity], [-Infinity,Infinity], [18.0,18.0], [-Infinity,Infinity], [-Infinity,Infinity], [-Infinity,Infinity], [0.0,0.0], [0.0,0.0], [0.0,0.0], [0.0,0.0], [0.0,0.0], [0.0,0.0], [0.0,0.0], [0.0,0.0], [0.0,0.0], [0.0,0.0], [0.0,0.0], [0.0,0.0], [0.0,0.0], [0.0,0.0]]
ENTRY 1 ExpressionStatement_3 [[-Infinity,Infinity], [-Infinity,Infinity], [18.0,18.0], [-Infinity,Infinity], [-Infinity,Infinity], [-Infinity,Infinity], [0.0,0.0], [0.0,0.0], [0.0,0.0], [0.0,0.0], [0.0,0.0], [0.0,0.0], [0.0,0.0], [0.0,0.0], [0.0,0.0], [0.0,0.0], [0.0,0.0], [0.0,0.0], [0.0,0.0], [0.0,0.0]]
EXIT 1 ExpressionStatement_3 [[-Infinity,Infinity], [-Infinity,Infinity], [18.0,18.0], [-Infinity,Infinity], [-Infinity,Infinity], [-Infinity,Infinity], [-Infinity,Infinity], [0.0,0.0], [0.0,0.0], [0.0,0.0], [0.0,0.0], [0.0,0.0], [0.0,0.0], [0.0,0.0], [0.0,0.0], [0.0,0.0], [0.0,0.0], [0.0,0.0], [0.0,0.0], [0.0,0.0]]
ENTRY 1 ExpressionStatement_4 [[-Infinity,Infinity], [-Infinity,Infinity], [18.0,18.0], [-Infinity,Infinity], [-Infinity,Infinity], [-Infinity,Infinity], [-Infinity,Infinity], [0.0,0.0], [0.0,0.0], [0.0,0.0], [0.0,0.0], [0.0,0.0], [0.0,0.0], [0.0,0.0], [0.0,0.0], [0.0,0.0], [0.0,0.0], [0.0,0.0], [0.0,0.0], [0.0,0.0]]
EXIT 1 ExpressionStatement_4 [[-Infinity,Infinity], [-Infinity,Infinity], [18.0,18.0], [-Infinity,Infinity], [-Infinity,Infinity], [-Infinity,Infinity], [-Infinity,Infinity], [0.0,0.0], [0.0,0.0], [-Infinity,Infinity], [0.0,0.0], [0.0,0.0], [0.0,0.0], [0.0,0.0], [0.0,0.0], [0.0,0.0], [0.0,0.0], [0.0,0.0], [0.0,0.0], [0.0,0.0]]
ENTRY 1 EmitStatement_1 [[-Infinity,Infinity], [-Infinity,Infinity], [18.0,18.0], [-Infinity,Infinity], [-Infinity,Infinity], [-Infinity,Infinity], [-Infinity,Infinity], [0.0,0.0], [0.0,0.0], [-Infinity,Infinity], [0.0,0.0], [0.0,0.0], [0.0,0.0], [0.0,0.0], [0.0,0.0], [0.0,0.0], [0.0,0.0], [0.0,0.0], [0.0,0.0], [0.0,0.0]]
EXIT 1 EmitStatement_1 [[-Infinity,Infinity], [-Infinity,Infinity], [18.0,18.0], [-Infinity,Infinity], [-Infinity,Infinity], [-Infinity,Infinity], [-Infinity,Infinity], [0.0,0.0], [0.0,0.0], [-Infinity,Infinity], [0.0,0.0], [0.0,0.0], [0.0,0.0], [0.0,0.0], [0.0,0.0], [0.0,0.0], [0.0,0.0], [0.0,0.0], [0.0,0.0], [0.0,0.0]]
ENTRY 1 Return_1 [[-Infinity,Infinity], [-Infinity,Infinity], [18.0,18.0], [-Infinity,Infinity], [-Infinity,Infinity], [-Infinity,Infinity], [-Infinity,Infinity], [0.0,0.0], [0.0,0.0], [-Infinity,Infinity], [0.0,0.0], [0.0,0.0], [0.0,0.0], [0.0,0.0], [0.0,0.0], [0.0,0.0], [0.0,0.0], [0.0,0.0], [0.0,0.0], [0.0,0.0]]
EXIT 1 Return_1 [[-Infinity,Infinity], [-Infinity,Infinity], [18.0,18.0], [-Infinity,Infinity], [-Infinity,Infinity], [-Infinity,Infinity], [-Infinity,Infinity], [0.0,0.0], [0.0,0.0], [-Infinity,Infinity], [0.0,0.0], [0.0,0.0], [0.0,0.0], [0.0,0.0], [0.0,0.0], [0.0,0.0], [0.0,0.0], [0.0,0.0], [0.0,0.0], [0.0,0.0]]
ENTRY 1 FunctionExit_8 [[-Infinity,Infinity], [-Infinity,Infinity], [18.0,18.0], [-Infinity,Infinity], [-Infinity,Infinity], [-Infinity,Infinity], [-Infinity,Infinity], [0.0,0.0], [0.0,0.0], [-Infinity,Infinity], [0.0,0.0], [0.0,0.0], [0.0,0.0], [0.0,0.0], [0.0,0.0], [0.0,0.0], [0.0,0.0], [0.0,0.0], [0.0,0.0], [0.0,0.0]]
EXIT 1 FunctionExit_8 [[-Infinity,Infinity], [-Infinity,Infinity], [18.0,18.0], [-Infinity,Infinity], [-Infinity,Infinity], [-Infinity,Infinity], [-Infinity,Infinity], [0.0,0.0], [0.0,0.0], [-Infinity,Infinity], [0.0,0.0], [0.0,0.0], [0.0,0.0], [0.0,0.0], [0.0,0.0], [0.0,0.0], [0.0,0.0], [0.0,0.0], [0.0,0.0], [0.0,0.0]]
ENTRY 1 FunctionDefinition_9 [[-Infinity,Infinity], [-Infinity,Infinity], [18.0,18.0], [-Infinity,Infinity], [-Infinity,Infinity], [-Infinity,Infinity], [0.0,0.0], [0.0,0.0], [0.0,0.0], [0.0,0.0], [0.0,0.0], [0.0,0.0], [0.0,0.0], [0.0,0.0], [0.0,0.0], [0.0,0.0], [0.0,0.0], [0.0,0.0], [0.0,0.0], [0.0,0.0]]
EXIT 1 FunctionDefinition_9 [[-Infinity,Infinity], [-Infinity,Infinity], [18.0,18.0], [-Infinity,Infinity], [-Infinity,Infinity], [-Infinity,Infinity], [0.0,0.0], [0.0,0.0], [0.0,0.0], [0.0,0.0], [0.0,0.0], [0.0,0.0], [0.0,0.0], [0.0,0.0], [0.0,0.0], [0.0,0.0], [0.0,0.0], [0.0,0.0], [0.0,0.0], [0.0,0.0]]
ENTRY 1 FunctionEntry_9 [[-Infinity,Infinity], [-Infinity,Infinity], [18.0,18.0], [-Infinity,Infinity], [-Infinity,Infinity], [-Infinity,Infinity], [0.0,0.0], [0.0,0.0], [0.0,0.0], [0.0,0.0], [0.0,0.0], [0.0,0.0], [0.0,0.0], [0.0,0.0], [0.0,0.0], [0.0,0.0], [0.0,0.0], [0.0,0.0], [0.0,0.0], [0.0,0.0]]
EXIT 1 FunctionEntry_9 [[-Infinity,Infinity], [-Infinity,Infinity], [18.0,18.0], [-Infinity,Infinity], [-Infinity,Infinity], [-Infinity,Infinity], [0.0,0.0], [0.0,0.0], [0.0,0.0], [0.0,0.0], [0.0,0.0], [0.0,0.0], [0.0,0.0], [0.0,0.0], [0.0,0.0], [0.0,0.0], [0.0,0.0], [0.0,0.0], [0.0,0.0], [0.0,0.0]]
ENTRY 1 ExpressionStatement_5 [[-Infinity,Infinity], [-Infinity,Infinity], [18.0,18.0], [-Infinity,Infinity], [-Infinity,Infinity], [-Infinity,Infinity], [0.0,0.0], [0.0,0.0], [0.0,0.0], [0.0,0.0], [0.0,0.0], [0.0,0.0], [0.0,0.0], [0.0,0.0], [0.0,0.0], [0.0,0.0], [0.0,0.0], [0.0,0.0], [0.0,0.0], [0.0,0.0]]
EXIT 1 ExpressionStatement_5 [[-Infinity,Infinity], [-Infinity,Infinity], [18.0,18.0], [-Infinity,Infinity], [-Infinity,Infinity], [-Infinity,Infinity], [0.0,0.0], [0.0,0.0], [0.0,0.0], [0.0,0.0], [0.0,0.0], [-Infinity,Infinity], [0.0,0.0], [0.0,0.0], [0.0,0.0], [0.0,0.0], [0.0,0.0], [0.0,0.0], [0.0,0.0], [0.0,0.0]]
ENTRY 1 EmitStatement_2 [[-Infinity,Infinity], [-Infinity,Infinity], [18.0,18.0], [-Infinity,Infinity], [-Infinity,Infinity], [-Infinity,Infinity], [0.0,0.0], [0.0,0.0], [0.0,0.0], [0.0,0.0], [0.0,0.0], [-Infinity,Infinity], [0.0,0.0], [0.0,0.0], [0.0,0.0], [0.0,0.0], [0.0,0.0], [0.0,0.0], [0.0,0.0], [0.0,0.0]]
EXIT 1 EmitStatement_2 [[-Infinity,Infinity], [-Infinity,Infinity], [18.0,18.0], [-Infinity,Infinity], [-Infinity,Infinity], [-Infinity,Infinity], [0.0,0.0], [0.0,0.0], [0.0,0.0], [0.0,0.0], [0.0,0.0], [-Infinity,Infinity], [0.0,0.0], [0.0,0.0], [0.0,0.0], [0.0,0.0], [0.0,0.0], [0.0,0.0], [0.0,0.0], [0.0,0.0]]
ENTRY 1 Return_2 [[-Infinity,Infinity], [-Infinity,Infinity], [18.0,18.0], [-Infinity,Infinity], [-Infinity,Infinity], [-Infinity,Infinity], [0.0,0.0], [0.0,0.0], [0.0,0.0], [0.0,0.0], [0.0,0.0], [-Infinity,Infinity], [0.0,0.0], [0.0,0.0], [0.0,0.0], [0.0,0.0], [0.0,0.0], [0.0,0.0], [0.0,0.0], [0.0,0.0]]
EXIT 1 Return_2 [[-Infinity,Infinity], [-Infinity,Infinity], [18.0,18.0], [-Infinity,Infinity], [-Infinity,Infinity], [-Infinity,Infinity], [0.0,0.0], [0.0,0.0], [0.0,0.0], [0.0,0.0], [0.0,0.0], [-Infinity,Infinity], [0.0,0.0], [0.0,0.0], [0.0,0.0], [0.0,0.0], [0.0,0.0], [0.0,0.0], [0.0,0.0], [0.0,0.0]]
ENTRY 1 FunctionExit_9 [[-Infinity,Infinity], [-Infinity,Infinity], [18.0,18.0], [-Infinity,Infinity], [-Infinity,Infinity], [-Infinity,Infinity], [0.0,0.0], [0.0,0.0], [0.0,0.0], [0.0,0.0], [0.0,0.0], [-Infinity,Infinity], [0.0,0.0], [0.0,0.0], [0.0,0.0], [0.0,0.0], [0.0,0.0], [0.0,0.0], [0.0,0.0], [0.0,0.0]]
EXIT 1 FunctionExit_9 [[-Infinity,Infinity], [-Infinity,Infinity], [18.0,18.0], [-Infinity,Infinity], [-Infinity,Infinity], [-Infinity,Infinity], [0.0,0.0], [0.0,0.0], [0.0,0.0], [0.0,0.0], [0.0,0.0], [-Infinity,Infinity], [0.0,0.0], [0.0,0.0], [0.0,0.0], [0.0,0.0], [0.0,0.0], [0.0,0.0], [0.0,0.0], [0.0,0.0]]
ENTRY 1 FunctionDefinition_10 [[-Infinity,Infinity], [-Infinity,Infinity], [18.0,18.0], [-Infinity,Infinity], [-Infinity,Infinity], [-Infinity,Infinity], [0.0,0.0], [0.0,0.0], [0.0,0.0], [0.0,0.0], [0.0,0.0], [0.0,0.0], [0.0,0.0], [0.0,0.0], [0.0,0.0], [0.0,0.0], [0.0,0.0], [0.0,0.0], [0.0,0.0], [0.0,0.0]]
EXIT 1 FunctionDefinition_10 [[-Infinity,Infinity], [-Infinity,Infinity], [18.0,18.0], [-Infinity,Infinity], [-Infinity,Infinity], [-Infinity,Infinity], [0.0,0.0], [0.0,0.0], [0.0,0.0], [0.0,0.0], [0.0,0.0], [0.0,0.0], [0.0,0.0], [0.0,0.0], [0.0,0.0], [0.0,0.0], [0.0,0.0], [0.0,0.0], [0.0,0.0], [0.0,0.0]]
ENTRY 1 FunctionEntry_10 [[-Infinity,Infinity], [-Infinity,Infinity], [18.0,18.0], [-Infinity,Infinity], [-Infinity,Infinity], [-Infinity,Infinity], [0.0,0.0], [0.0,0.0], [0.0,0.0], [0.0,0.0], [0.0,0.0], [0.0,0.0], [0.0,0.0], [0.0,0.0], [0.0,0.0], [0.0,0.0], [0.0,0.0], [0.0,0.0], [0.0,0.0], [0.0,0.0]]
EXIT 1 FunctionEntry_10 [[-Infinity,Infinity], [-Infinity,Infinity], [18.0,18.0], [-Infinity,Infinity], [-Infinity,Infinity], [-Infinity,Infinity], [0.0,0.0], [0.0,0.0], [0.0,0.0], [0.0,0.0], [0.0,0.0], [0.0,0.0], [0.0,0.0], [0.0,0.0], [0.0,0.0], [0.0,0.0], [0.0,0.0], [0.0,0.0], [0.0,0.0], [0.0,0.0]]
ENTRY 1 Return_3 [[-Infinity,Infinity], [-Infinity,Infinity], [18.0,18.0], [-Infinity,Infinity], [-Infinity,Infinity], [-Infinity,Infinity], [0.0,0.0], [0.0,0.0], [0.0,0.0], [0.0,0.0], [0.0,0.0], [0.0,0.0], [0.0,0.0], [0.0,0.0], [0.0,0.0], [0.0,0.0], [0.0,0.0], [0.0,0.0], [0.0,0.0], [0.0,0.0]]
EXIT 1 Return_3 [[-Infinity,Infinity], [-Infinity,Infinity], [18.0,18.0], [-Infinity,Infinity], [-Infinity,Infinity], [-Infinity,Infinity], [0.0,0.0], [0.0,0.0], [0.0,0.0], [0.0,0.0], [0.0,0.0], [0.0,0.0], [0.0,0.0], [0.0,0.0], [0.0,0.0], [0.0,0.0], [0.0,0.0], [0.0,0.0], [0.0,0.0], [0.0,0.0]]
ENTRY 1 FunctionExit_10 [[-Infinity,Infinity], [-Infinity,Infinity], [18.0,18.0], [-Infinity,Infinity], [-Infinity,Infinity], [-Infinity,Infinity], [0.0,0.0], [0.0,0.0], [0.0,0.0], [0.0,0.0], [0.0,0.0], [0.0,0.0], [0.0,0.0], [0.0,0.0], [0.0,0.0], [0.0,0.0], [0.0,0.0], [0.0,0.0], [0.0,0.0], [0.0,0.0]]
EXIT 1 FunctionExit_10 [[-Infinity,Infinity], [-Infinity,Infinity], [18.0,18.0], [-Infinity,Infinity], [-Infinity,Infinity], [-Infinity,Infinity], [0.0,0.0], [0.0,0.0], [0.0,0.0], [0.0,0.0], [0.0,0.0], [0.0,0.0], [0.0,0.0], [0.0,0.0], [0.0,0.0], [0.0,0.0], [0.0,0.0], [0.0,0.0], [0.0,0.0], [0.0,0.0]]
ENTRY 1 FunctionDefinition_11 [[-Infinity,Infinity], [-Infinity,Infinity], [18.0,18.0], [-Infinity,Infinity], [-Infinity,Infinity], [-Infinity,Infinity], [0.0,0.0], [0.0,0.0], [0.0,0.0], [0.0,0.0], [0.0,0.0], [0.0,0.0], [0.0,0.0], [0.0,0.0], [0.0,0.0], [0.0,0.0], [0.0,0.0], [0.0,0.0], [0.0,0.0], [0.0,0.0]]
EXIT 1 FunctionDefinition_11 [[-Infinity,Infinity], [-Infinity,Infinity], [18.0,18.0], [-Infinity,Infinity], [-Infinity,Infinity], [-Infinity,Infinity], [0.0,0.0], [0.0,0.0], [0.0,0.0], [0.0,0.0], [0.0,0.0], [0.0,0.0], [0.0,0.0], [0.0,0.0], [0.0,0.0], [0.0,0.0], [0.0,0.0], [0.0,0.0], [0.0,0.0], [0.0,0.0]]
ENTRY 1 FunctionEntry_11 [[-Infinity,Infinity], [-Infinity,Infinity], [18.0,18.0], [-Infinity,Infinity], [-Infinity,Infinity], [-Infinity,Infinity], [0.0,0.0], [0.0,0.0], [0.0,0.0], [0.0,0.0], [0.0,0.0], [0.0,0.0], [0.0,0.0], [0.0,0.0], [0.0,0.0], [0.0,0.0], [0.0,0.0], [0.0,0.0], [0.0,0.0], [0.0,0.0]]
EXIT 1 FunctionEntry_11 [[-Infinity,Infinity], [-Infinity,Infinity], [18.0,18.0], [-Infinity,Infinity], [-Infinity,Infinity], [-Infinity,Infinity], [0.0,0.0], [0.0,0.0], [0.0,0.0], [0.0,0.0], [0.0,0.0], [0.0,0.0], [0.0,0.0], [0.0,0.0], [0.0,0.0], [0.0,0.0], [0.0,0.0], [0.0,0.0], [0.0,0.0], [0.0,0.0]]
ENTRY 1 ExpressionStatement_6 [[-Infinity,Infinity], [-Infinity,Infinity], [18.0,18.0], [-Infinity,Infinity], [-Infinity,Infinity], [-Infinity,Infinity], [0.0,0.0], [0.0,0.0], [0.0,0.0], [0.0,0.0], [0.0,0.0], [0.0,0.0], [0.0,0.0], [0.0,0.0], [0.0,0.0], [0.0,0.0], [0.0,0.0], [0.0,0.0], [0.0,0.0], [0.0,0.0]]
EXIT 1 ExpressionStatement_6 [[-Infinity,Infinity], [-Infinity,Infinity], [18.0,18.0], [-Infinity,Infinity], [-Infinity,Infinity], [-Infinity,Infinity], [0.0,0.0], [0.0,0.0], [0.0,0.0], [0.0,0.0], [0.0,0.0], [0.0,0.0], [0.0,0.0], [0.0,0.0], [0.0,0.0], [0.0,0.0], [0.0,0.0], [0.0,0.0], [0.0,0.0], [0.0,0.0]]
ENTRY 1 ExpressionStatement_7 [[-Infinity,Infinity], [-Infinity,Infinity], [18.0,18.0], [-Infinity,Infinity], [-Infinity,Infinity], [-Infinity,Infinity], [0.0,0.0], [0.0,0.0], [0.0,0.0], [0.0,0.0], [0.0,0.0], [0.0,0.0], [0.0,0.0], [0.0,0.0], [0.0,0.0], [0.0,0.0], [0.0,0.0], [0.0,0.0], [0.0,0.0], [0.0,0.0]]
EXIT 1 ExpressionStatement_7 [[-Infinity,Infinity], [-Infinity,Infinity], [18.0,18.0], [-Infinity,Infinity], [-Infinity,Infinity], [-Infinity,Infinity], [0.0,0.0], [0.0,0.0], [0.0,0.0], [0.0,0.0], [0.0,0.0], [0.0,0.0], [0.0,0.0], [0.0,0.0], [0.0,0.0], [0.0,0.0], [0.0,0.0], [0.0,0.0], [0.0,0.0], [0.0,0.0]]
ENTRY 1 ExpressionStatement_8 [[-Infinity,Infinity], [-Infinity,Infinity], [18.0,18.0], [-Infinity,Infinity], [-Infinity,Infinity], [-Infinity,Infinity], [0.0,0.0], [0.0,0.0], [0.0,0.0], [0.0,0.0], [0.0,0.0], [0.0,0.0], [0.0,0.0], [0.0,0.0], [0.0,0.0], [0.0,0.0], [0.0,0.0], [0.0,0.0], [0.0,0.0], [0.0,0.0]]
EXIT 1 ExpressionStatement_8 [[-Infinity,Infinity], [-Infinity,Infinity], [18.0,18.0], [-Infinity,Infinity], [-Infinity,Infinity], [-Infinity,Infinity], [0.0,0.0], [0.0,0.0], [0.0,0.0], [0.0,0.0], [0.0,0.0], [0.0,0.0], [0.0,0.0], [0.0,0.0], [-Infinity,Infinity], [0.0,0.0], [0.0,0.0], [0.0,0.0], [0.0,0.0], [0.0,0.0]]
ENTRY 1 ExpressionStatement_9 [[-Infinity,Infinity], [-Infinity,Infinity], [18.0,18.0], [-Infinity,Infinity], [-Infinity,Infinity], [-Infinity,Infinity], [0.0,0.0], [0.0,0.0], [0.0,0.0], [0.0,0.0], [0.0,0.0], [0.0,0.0], [0.0,0.0], [0.0,0.0], [-Infinity,Infinity], [0.0,0.0], [0.0,0.0], [0.0,0.0], [0.0,0.0], [0.0,0.0]]
EXIT 1 ExpressionStatement_9 [[-Infinity,Infinity], [-Infinity,Infinity], [18.0,18.0], [-Infinity,Infinity], [-Infinity,Infinity], [-Infinity,Infinity], [0.0,0.0], [0.0,0.0], [0.0,0.0], [0.0,0.0], [0.0,0.0], [0.0,0.0], [0.0,0.0], [0.0,0.0], [-Infinity,Infinity], [0.0,0.0], [0.0,0.0], [0.0,0.0], [0.0,0.0], [0.0,0.0]]
ENTRY 1 ExpressionStatement_10 [[-Infinity,Infinity], [-Infinity,Infinity], [18.0,18.0], [-Infinity,Infinity], [-Infinity,Infinity], [-Infinity,Infinity], [0.0,0.0], [0.0,0.0], [0.0,0.0], [0.0,0.0], [0.0,0.0], [0.0,0.0], [0.0,0.0], [0.0,0.0], [-Infinity,Infinity], [0.0,0.0], [0.0,0.0], [0.0,0.0], [0.0,0.0], [0.0,0.0]]
EXIT 1 ExpressionStatement_10 [[-Infinity,Infinity], [-Infinity,Infinity], [18.0,18.0], [-Infinity,Infinity], [-Infinity,Infinity], [-Infinity,Infinity], [0.0,0.0], [0.0,0.0], [0.0,0.0], [-Infinity,Infinity], [0.0,0.0], [0.0,0.0], [0.0,0.0], [0.0,0.0], [-Infinity,Infinity], [0.0,0.0], [0.0,0.0], [0.0,0.0], [0.0,0.0], [0.0,0.0]]
ENTRY 1 EmitStatement_3 [[-Infinity,Infinity], [-Infinity,Infinity], [18.0,18.0], [-Infinity,Infinity], [-Infinity,Infinity], [-Infinity,Infinity], [0.0,0.0], [0.0,0.0], [0.0,0.0], [-Infinity,Infinity], [0.0,0.0], [0.0,0.0], [0.0,0.0], [0.0,0.0], [-Infinity,Infinity], [0.0,0.0], [0.0,0.0], [0.0,0.0], [0.0,0.0], [0.0,0.0]]
EXIT 1 EmitStatement_3 [[-Infinity,Infinity], [-Infinity,Infinity], [18.0,18.0], [-Infinity,Infinity], [-Infinity,Infinity], [-Infinity,Infinity], [0.0,0.0], [0.0,0.0], [0.0,0.0], [-Infinity,Infinity], [0.0,0.0], [0.0,0.0], [0.0,0.0], [0.0,0.0], [-Infinity,Infinity], [0.0,0.0], [0.0,0.0], [0.0,0.0], [0.0,0.0], [0.0,0.0]]
ENTRY 1 Return_4 [[-Infinity,Infinity], [-Infinity,Infinity], [18.0,18.0], [-Infinity,Infinity], [-Infinity,Infinity], [-Infinity,Infinity], [0.0,0.0], [0.0,0.0], [0.0,0.0], [-Infinity,Infinity], [0.0,0.0], [0.0,0.0], [0.0,0.0], [0.0,0.0], [-Infinity,Infinity], [0.0,0.0], [0.0,0.0], [0.0,0.0], [0.0,0.0], [0.0,0.0]]
EXIT 1 Return_4 [[-Infinity,Infinity], [-Infinity,Infinity], [18.0,18.0], [-Infinity,Infinity], [-Infinity,Infinity], [-Infinity,Infinity], [0.0,0.0], [0.0,0.0], [0.0,0.0], [-Infinity,Infinity], [0.0,0.0], [0.0,0.0], [0.0,0.0], [0.0,0.0], [-Infinity,Infinity], [0.0,0.0], [0.0,0.0], [0.0,0.0], [0.0,0.0], [0.0,0.0]]
ENTRY 1 FunctionExit_11 [[-Infinity,Infinity], [-Infinity,Infinity], [18.0,18.0], [-Infinity,Infinity], [-Infinity,Infinity], [-Infinity,Infinity], [0.0,0.0], [0.0,0.0], [0.0,0.0], [-Infinity,Infinity], [0.0,0.0], [0.0,0.0], [0.0,0.0], [0.0,0.0], [-Infinity,Infinity], [0.0,0.0], [0.0,0.0], [0.0,0.0], [0.0,0.0], [0.0,0.0]]
EXIT 1 FunctionExit_11 [[-Infinity,Infinity], [-Infinity,Infinity], [18.0,18.0], [-Infinity,Infinity], [-Infinity,Infinity], [-Infinity,Infinity], [0.0,0.0], [0.0,0.0], [0.0,0.0], [-Infinity,Infinity], [0.0,0.0], [0.0,0.0], [0.0,0.0], [0.0,0.0], [-Infinity,Infinity], [0.0,0.0], [0.0,0.0], [0.0,0.0], [0.0,0.0], [0.0,0.0]]
ENTRY 1 FunctionDefinition_12 [[-Infinity,Infinity], [-Infinity,Infinity], [18.0,18.0], [-Infinity,Infinity], [-Infinity,Infinity], [-Infinity,Infinity], [0.0,0.0], [0.0,0.0], [0.0,0.0], [0.0,0.0], [0.0,0.0], [0.0,0.0], [0.0,0.0], [0.0,0.0], [0.0,0.0], [0.0,0.0], [0.0,0.0], [0.0,0.0], [0.0,0.0], [0.0,0.0]]
EXIT 1 FunctionDefinition_12 [[-Infinity,Infinity], [-Infinity,Infinity], [18.0,18.0], [-Infinity,Infinity], [-Infinity,Infinity], [-Infinity,Infinity], [0.0,0.0], [0.0,0.0], [0.0,0.0], [0.0,0.0], [0.0,0.0], [0.0,0.0], [0.0,0.0], [0.0,0.0], [0.0,0.0], [0.0,0.0], [0.0,0.0], [0.0,0.0], [0.0,0.0], [0.0,0.0]]
ENTRY 1 FunctionEntry_12 [[-Infinity,Infinity], [-Infinity,Infinity], [18.0,18.0], [-Infinity,Infinity], [-Infinity,Infinity], [-Infinity,Infinity], [0.0,0.0], [0.0,0.0], [0.0,0.0], [0.0,0.0], [0.0,0.0], [0.0,0.0], [0.0,0.0], [0.0,0.0], [0.0,0.0], [0.0,0.0], [0.0,0.0], [0.0,0.0], [0.0,0.0], [0.0,0.0]]
EXIT 1 FunctionEntry_12 [[-Infinity,Infinity], [-Infinity,Infinity], [18.0,18.0], [-Infinity,Infinity], [-Infinity,Infinity], [-Infinity,Infinity], [0.0,0.0], [0.0,0.0], [0.0,0.0], [0.0,0.0], [0.0,0.0], [0.0,0.0], [0.0,0.0], [0.0,0.0], [0.0,0.0], [0.0,0.0], [0.0,0.0], [0.0,0.0], [0.0,0.0], [0.0,0.0]]
ENTRY 1 ExpressionStatement_11 [[-Infinity,Infinity], [-Infinity,Infinity], [18.0,18.0], [-Infinity,Infinity], [-Infinity,Infinity], [-Infinity,Infinity], [0.0,0.0], [0.0,0.0], [0.0,0.0], [0.0,0.0], [0.0,0.0], [0.0,0.0], [0.0,0.0], [0.0,0.0], [0.0,0.0], [0.0,0.0], [0.0,0.0], [0.0,0.0], [0.0,0.0], [0.0,0.0]]
EXIT 1 ExpressionStatement_11 [[-Infinity,Infinity], [-Infinity,Infinity], [18.0,18.0], [-Infinity,Infinity], [-Infinity,Infinity], [-Infinity,Infinity], [0.0,0.0], [0.0,0.0], [0.0,0.0], [0.0,0.0], [0.0,0.0], [0.0,0.0], [0.0,0.0], [0.0,0.0], [0.0,0.0], [0.0,0.0], [0.0,0.0], [0.0,0.0], [0.0,0.0], [0.0,0.0]]
ENTRY 1 Return_5 [[-Infinity,Infinity], [-Infinity,Infinity], [18.0,18.0], [-Infinity,Infinity], [-Infinity,Infinity], [-Infinity,Infinity], [0.0,0.0], [0.0,0.0], [0.0,0.0], [0.0,0.0], [0.0,0.0], [0.0,0.0], [0.0,0.0], [0.0,0.0], [0.0,0.0], [0.0,0.0], [0.0,0.0], [0.0,0.0], [0.0,0.0], [0.0,0.0]]
EXIT 1 Return_5 [[-Infinity,Infinity], [-Infinity,Infinity], [18.0,18.0], [-Infinity,Infinity], [-Infinity,Infinity], [-Infinity,Infinity], [0.0,0.0], [0.0,0.0], [0.0,0.0], [0.0,0.0], [0.0,0.0], [0.0,0.0], [0.0,0.0], [0.0,0.0], [0.0,0.0], [0.0,0.0], [0.0,0.0], [0.0,0.0], [0.0,0.0], [0.0,0.0]]
ENTRY 1 FunctionExit_12 [[-Infinity,Infinity], [-Infinity,Infinity], [18.0,18.0], [-Infinity,Infinity], [-Infinity,Infinity], [-Infinity,Infinity], [0.0,0.0], [0.0,0.0], [0.0,0.0], [0.0,0.0], [0.0,0.0], [0.0,0.0], [0.0,0.0], [0.0,0.0], [0.0,0.0], [0.0,0.0], [0.0,0.0], [0.0,0.0], [0.0,0.0], [0.0,0.0]]
EXIT 1 FunctionExit_12 [[-Infinity,Infinity], [-Infinity,Infinity], [18.0,18.0], [-Infinity,Infinity], [-Infinity,Infinity], [-Infinity,Infinity], [0.0,0.0], [0.0,0.0], [0.0,0.0], [0.0,0.0], [0.0,0.0], [0.0,0.0], [0.0,0.0], [0.0,0.0], [0.0,0.0], [0.0,0.0], [0.0,0.0], [0.0,0.0], [0.0,0.0], [0.0,0.0]]
ENTRY 1 FunctionDefinition_13 [[-Infinity,Infinity], [-Infinity,Infinity], [18.0,18.0], [-Infinity,Infinity], [-Infinity,Infinity], [-Infinity,Infinity], [0.0,0.0], [0.0,0.0], [0.0,0.0], [0.0,0.0], [0.0,0.0], [0.0,0.0], [0.0,0.0], [0.0,0.0], [0.0,0.0], [0.0,0.0], [0.0,0.0], [0.0,0.0], [0.0,0.0], [0.0,0.0]]
EXIT 1 FunctionDefinition_13 [[-Infinity,Infinity], [-Infinity,Infinity], [18.0,18.0], [-Infinity,Infinity], [-Infinity,Infinity], [-Infinity,Infinity], [0.0,0.0], [0.0,0.0], [0.0,0.0], [0.0,0.0], [0.0,0.0], [0.0,0.0], [0.0,0.0], [0.0,0.0], [0.0,0.0], [0.0,0.0], [0.0,0.0], [0.0,0.0], [0.0,0.0], [0.0,0.0]]
ENTRY 1 FunctionEntry_13 [[-Infinity,Infinity], [-Infinity,Infinity], [18.0,18.0], [-Infinity,Infinity], [-Infinity,Infinity], [-Infinity,Infinity], [0.0,0.0], [0.0,0.0], [0.0,0.0], [0.0,0.0], [0.0,0.0], [0.0,0.0], [0.0,0.0], [0.0,0.0], [0.0,0.0], [0.0,0.0], [0.0,0.0], [0.0,0.0], [0.0,0.0], [0.0,0.0]]
EXIT 1 FunctionEntry_13 [[-Infinity,Infinity], [-Infinity,Infinity], [18.0,18.0], [-Infinity,Infinity], [-Infinity,Infinity], [-Infinity,Infinity], [0.0,0.0], [0.0,0.0], [0.0,0.0], [0.0,0.0], [0.0,0.0], [0.0,0.0], [0.0,0.0], [0.0,0.0], [0.0,0.0], [0.0,0.0], [0.0,0.0], [0.0,0.0], [0.0,0.0], [0.0,0.0]]
ENTRY 1 VariableDeclarationStatement_0 [[-Infinity,Infinity], [-Infinity,Infinity], [18.0,18.0], [-Infinity,Infinity], [-Infinity,Infinity], [-Infinity,Infinity], [0.0,0.0], [0.0,0.0], [0.0,0.0], [0.0,0.0], [0.0,0.0], [0.0,0.0], [0.0,0.0], [0.0,0.0], [0.0,0.0], [0.0,0.0], [0.0,0.0], [0.0,0.0], [0.0,0.0], [0.0,0.0]]
EXIT 1 VariableDeclarationStatement_0 [[-Infinity,Infinity], [-Infinity,Infinity], [18.0,18.0], [-Infinity,Infinity], [-Infinity,Infinity], [-Infinity,Infinity], [0.0,0.0], [0.0,0.0], [0.0,0.0], [0.0,0.0], [0.0,0.0], [0.0,0.0], [0.0,0.0], [0.0,0.0], [0.0,0.0], [0.0,0.0], [0.0,0.0], [0.0,0.0], [-Infinity,Infinity], [0.0,0.0]]
ENTRY 1 ExpressionStatement_12 [[-Infinity,Infinity], [-Infinity,Infinity], [18.0,18.0], [-Infinity,Infinity], [-Infinity,Infinity], [-Infinity,Infinity], [0.0,0.0], [0.0,0.0], [0.0,0.0], [0.0,0.0], [0.0,0.0], [0.0,0.0], [0.0,0.0], [0.0,0.0], [0.0,0.0], [0.0,0.0], [0.0,0.0], [0.0,0.0], [-Infinity,Infinity], [0.0,0.0]]
EXIT 1 ExpressionStatement_12 [[-Infinity,Infinity], [-Infinity,Infinity], [18.0,18.0], [-Infinity,Infinity], [-Infinity,Infinity], [-Infinity,Infinity], [0.0,0.0], [0.0,0.0], [0.0,0.0], [0.0,0.0], [0.0,0.0], [0.0,0.0], [0.0,0.0], [0.0,0.0], [0.0,0.0], [0.0,0.0], [0.0,0.0], [0.0,0.0], [-Infinity,Infinity], [0.0,0.0]]
ENTRY 1 VariableDeclarationStatement_1 [[-Infinity,Infinity], [-Infinity,Infinity], [18.0,18.0], [-Infinity,Infinity], [-Infinity,Infinity], [-Infinity,Infinity], [0.0,0.0], [0.0,0.0], [0.0,0.0], [0.0,0.0], [0.0,0.0], [0.0,0.0], [0.0,0.0], [0.0,0.0], [0.0,0.0], [0.0,0.0], [0.0,0.0], [0.0,0.0], [-Infinity,Infinity], [0.0,0.0]]
EXIT 1 VariableDeclarationStatement_1 [[-Infinity,Infinity], [-Infinity,Infinity], [18.0,18.0], [-Infinity,Infinity], [-Infinity,Infinity], [-Infinity,Infinity], [0.0,0.0], [0.0,0.0], [0.0,0.0], [0.0,0.0], [0.0,0.0], [0.0,0.0], [0.0,0.0], [0.0,0.0], [0.0,0.0], [0.0,0.0], [0.0,0.0], [0.0,0.0], [-Infinity,Infinity], [0.0,0.0]]
ENTRY 1 ForLoopContinue_0 [[-Infinity,Infinity], [-Infinity,Infinity], [18.0,18.0], [-Infinity,Infinity], [-Infinity,Infinity], [-Infinity,Infinity], [0.0,0.0], [0.0,0.0], [0.0,0.0], [0.0,0.0], [0.0,0.0], [0.0,0.0], [0.0,0.0], [0.0,0.0], [0.0,0.0], [0.0,0.0], [0.0,0.0], [0.0,0.0], [-Infinity,Infinity], [0.0,0.0]]
EXIT 1 ForLoopContinue_0 [[-Infinity,Infinity], [-Infinity,Infinity], [18.0,18.0], [-Infinity,Infinity], [-Infinity,Infinity], [-Infinity,Infinity], [0.0,0.0], [0.0,0.0], [0.0,0.0], [0.0,0.0], [0.0,0.0], [0.0,0.0], [0.0,0.0], [0.0,0.0], [0.0,0.0], [0.0,0.0], [0.0,0.0], [0.0,0.0], [-Infinity,Infinity], [0.0,0.0]]
ENTRY 1 ForStatement_0 [[-Infinity,Infinity], [-Infinity,Infinity], [18.0,18.0], [-Infinity,Infinity], [-Infinity,Infinity], [-Infinity,Infinity], [0.0,0.0], [0.0,0.0], [0.0,0.0], [0.0,0.0], [0.0,0.0], [0.0,0.0], [0.0,0.0], [0.0,0.0], [0.0,0.0], [0.0,0.0], [0.0,0.0], [0.0,0.0], [-Infinity,Infinity], [0.0,0.0]]
EXIT 1 ForStatement_0 [[1.0,-1.0], [1.0,-1.0], [1.0,-1.0], [1.0,-1.0], [1.0,-1.0], [1.0,-1.0], [1.0,-1.0], [1.0,-1.0], [1.0,-1.0], [1.0,-1.0], [1.0,-1.0], [1.0,-1.0], [1.0,-1.0], [1.0,-1.0], [1.0,-1.0], [1.0,-1.0], [1.0,-1.0], [1.0,-1.0], [1.0,-1.0], [1.0,-1.0]]
ENTRY 1 ForLoopJoin_0 [[-Infinity,Infinity], [-Infinity,Infinity], [18.0,18.0], [-Infinity,Infinity], [-Infinity,Infinity], [-Infinity,Infinity], [0.0,0.0], [0.0,0.0], [0.0,0.0], [0.0,0.0], [0.0,0.0], [0.0,0.0], [0.0,0.0], [0.0,0.0], [0.0,0.0], [0.0,0.0], [0.0,0.0], [0.0,0.0], [-Infinity,Infinity], [0.0,0.0]]
EXIT 1 ForLoopJoin_0 [[-Infinity,Infinity], [-Infinity,Infinity], [18.0,18.0], [-Infinity,Infinity], [-Infinity,Infinity], [-Infinity,Infinity], [0.0,0.0], [0.0,0.0], [0.0,0.0], [0.0,0.0], [0.0,0.0], [0.0,0.0], [0.0,0.0], [0.0,0.0], [0.0,0.0], [0.0,0.0], [0.0,0.0], [0.0,0.0], [-Infinity,Infinity], [0.0,0.0]]
ENTRY 1 Return_6 [[-Infinity,Infinity], [-Infinity,Infinity], [18.0,18.0], [-Infinity,Infinity], [-Infinity,Infinity], [-Infinity,Infinity], [0.0,0.0], [0.0,0.0], [0.0,0.0], [0.0,0.0], [0.0,0.0], [0.0,0.0], [0.0,0.0], [0.0,0.0], [0.0,0.0], [0.0,0.0], [0.0,0.0], [0.0,0.0], [-Infinity,Infinity], [0.0,0.0]]
EXIT 1 Return_6 [[-Infinity,Infinity], [-Infinity,Infinity], [18.0,18.0], [-Infinity,Infinity], [-Infinity,Infinity], [-Infinity,Infinity], [0.0,0.0], [0.0,0.0], [0.0,0.0], [0.0,0.0], [0.0,0.0], [0.0,0.0], [0.0,0.0], [0.0,0.0], [0.0,0.0], [0.0,0.0], [0.0,0.0], [0.0,0.0], [-Infinity,Infinity], [0.0,0.0]]
ENTRY 1 FunctionExit_13 [[-Infinity,Infinity], [-Infinity,Infinity], [18.0,18.0], [-Infinity,Infinity], [-Infinity,Infinity], [-Infinity,Infinity], [0.0,0.0], [0.0,0.0], [0.0,0.0], [0.0,0.0], [0.0,0.0], [0.0,0.0], [0.0,0.0], [0.0,0.0], [0.0,0.0], [0.0,0.0], [0.0,0.0], [0.0,0.0], [-Infinity,Infinity], [0.0,0.0]]
EXIT 1 FunctionExit_13 [[-Infinity,Infinity], [-Infinity,Infinity], [18.0,18.0], [-Infinity,Infinity], [-Infinity,Infinity], [-Infinity,Infinity], [0.0,0.0], [0.0,0.0], [0.0,0.0], [0.0,0.0], [0.0,0.0], [0.0,0.0], [0.0,0.0], [0.0,0.0], [0.0,0.0], [0.0,0.0], [0.0,0.0], [0.0,0.0], [-Infinity,Infinity], [0.0,0.0]]
ENTRY 1 ExpressionStatement_13 [[-Infinity,Infinity], [-Infinity,Infinity], [18.0,18.0], [-Infinity,Infinity], [-Infinity,Infinity], [-Infinity,Infinity], [0.0,0.0], [0.0,0.0], [0.0,0.0], [0.0,0.0], [0.0,0.0], [0.0,0.0], [0.0,0.0], [0.0,0.0], [0.0,0.0], [0.0,0.0], [0.0,0.0], [0.0,0.0], [-Infinity,Infinity], [0.0,0.0]]
EXIT 1 ExpressionStatement_13 [[-Infinity,Infinity], [-Infinity,Infinity], [18.0,18.0], [-Infinity,Infinity], [-Infinity,Infinity], [-Infinity,Infinity], [0.0,0.0], [0.0,0.0], [0.0,0.0], [0.0,0.0], [0.0,0.0], [0.0,0.0], [0.0,0.0], [0.0,0.0], [0.0,0.0], [0.0,0.0], [0.0,0.0], [0.0,0.0], [-Infinity,Infinity], [0.0,0.0]]
ENTRY 1 ExpressionStatement_14 [[-Infinity,Infinity], [-Infinity,Infinity], [18.0,18.0], [-Infinity,Infinity], [-Infinity,Infinity], [-Infinity,Infinity], [0.0,0.0], [0.0,0.0], [0.0,0.0], [0.0,0.0], [0.0,0.0], [0.0,0.0], [0.0,0.0], [0.0,0.0], [0.0,0.0], [0.0,0.0], [0.0,0.0], [0.0,0.0], [-Infinity,Infinity], [0.0,0.0]]
EXIT 1 ExpressionStatement_14 [[-Infinity,Infinity], [-Infinity,Infinity], [18.0,18.0], [-Infinity,Infinity], [-Infinity,Infinity], [-Infinity,Infinity], [0.0,0.0], [0.0,0.0], [0.0,0.0], [0.0,0.0], [0.0,0.0], [0.0,0.0], [0.0,0.0], [0.0,0.0], [0.0,0.0], [0.0,0.0], [0.0,0.0], [0.0,0.0], [-Infinity,Infinity], [1.0,1.0]]
ENTRY 1 FunctionDefinition_14 [[-Infinity,Infinity], [-Infinity,Infinity], [18.0,18.0], [-Infinity,Infinity], [-Infinity,Infinity], [-Infinity,Infinity], [0.0,0.0], [0.0,0.0], [0.0,0.0], [0.0,0.0], [0.0,0.0], [0.0,0.0], [0.0,0.0], [0.0,0.0], [0.0,0.0], [0.0,0.0], [0.0,0.0], [0.0,0.0], [0.0,0.0], [0.0,0.0]]
EXIT 1 FunctionDefinition_14 [[-Infinity,Infinity], [-Infinity,Infinity], [18.0,18.0], [-Infinity,Infinity], [-Infinity,Infinity], [-Infinity,Infinity], [0.0,0.0], [0.0,0.0], [0.0,0.0], [0.0,0.0], [0.0,0.0], [0.0,0.0], [0.0,0.0], [0.0,0.0], [0.0,0.0], [0.0,0.0], [0.0,0.0], [0.0,0.0], [0.0,0.0], [0.0,0.0]]
ENTRY 1 FunctionEntry_14 [[-Infinity,Infinity], [-Infinity,Infinity], [18.0,18.0], [-Infinity,Infinity], [-Infinity,Infinity], [-Infinity,Infinity], [0.0,0.0], [0.0,0.0], [0.0,0.0], [0.0,0.0], [0.0,0.0], [0.0,0.0], [0.0,0.0], [0.0,0.0], [0.0,0.0], [0.0,0.0], [0.0,0.0], [0.0,0.0], [0.0,0.0], [0.0,0.0]]
EXIT 1 FunctionEntry_14 [[-Infinity,Infinity], [-Infinity,Infinity], [18.0,18.0], [-Infinity,Infinity], [-Infinity,Infinity], [-Infinity,Infinity], [0.0,0.0], [0.0,0.0], [0.0,0.0], [0.0,0.0], [0.0,0.0], [0.0,0.0], [0.0,0.0], [0.0,0.0], [0.0,0.0], [0.0,0.0], [0.0,0.0], [0.0,0.0], [0.0,0.0], [0.0,0.0]]
ENTRY 1 Return_7 [[-Infinity,Infinity], [-Infinity,Infinity], [18.0,18.0], [-Infinity,Infinity], [-Infinity,Infinity], [-Infinity,Infinity], [0.0,0.0], [0.0,0.0], [0.0,0.0], [0.0,0.0], [0.0,0.0], [0.0,0.0], [0.0,0.0], [0.0,0.0], [0.0,0.0], [0.0,0.0], [0.0,0.0], [0.0,0.0], [0.0,0.0], [0.0,0.0]]
EXIT 1 Return_7 [[-Infinity,Infinity], [-Infinity,Infinity], [18.0,18.0], [-Infinity,Infinity], [-Infinity,Infinity], [-Infinity,Infinity], [0.0,0.0], [0.0,0.0], [0.0,0.0], [0.0,0.0], [0.0,0.0], [0.0,0.0], [0.0,0.0], [0.0,0.0], [0.0,0.0], [0.0,0.0], [0.0,0.0], [0.0,0.0], [0.0,0.0], [0.0,0.0]]
ENTRY 1 FunctionExit_14 [[-Infinity,Infinity], [-Infinity,Infinity], [18.0,18.0], [-Infinity,Infinity], [-Infinity,Infinity], [-Infinity,Infinity], [0.0,0.0], [0.0,0.0], [0.0,0.0], [0.0,0.0], [0.0,0.0], [0.0,0.0], [0.0,0.0], [0.0,0.0], [0.0,0.0], [0.0,0.0], [0.0,0.0], [0.0,0.0], [0.0,0.0], [0.0,0.0]]
EXIT 1 FunctionExit_14 [[-Infinity,Infinity], [-Infinity,Infinity], [18.0,18.0], [-Infinity,Infinity], [-Infinity,Infinity], [-Infinity,Infinity], [0.0,0.0], [0.0,0.0], [0.0,0.0], [0.0,0.0], [0.0,0.0], [0.0,0.0], [0.0,0.0], [0.0,0.0], [0.0,0.0], [0.0,0.0], [0.0,0.0], [0.0,0.0], [0.0,0.0], [0.0,0.0]]
ENTRY 2 SourceEntry_0 [[0.0,0.0], [0.0,0.0], [0.0,0.0], [0.0,0.0], [0.0,0.0], [0.0,0.0], [0.0,0.0], [0.0,0.0], [0.0,0.0], [0.0,0.0], [0.0,0.0], [0.0,0.0], [0.0,0.0], [0.0,0.0], [0.0,0.0], [0.0,0.0], [0.0,0.0], [0.0,0.0], [0.0,0.0], [0.0,0.0]]
EXIT 2 SourceEntry_0 [[-Infinity,Infinity], [-Infinity,Infinity], [18.0,18.0], [-Infinity,Infinity], [-Infinity,Infinity], [-Infinity,Infinity], [0.0,0.0], [0.0,0.0], [0.0,0.0], [0.0,0.0], [0.0,0.0], [0.0,0.0], [0.0,0.0], [0.0,0.0], [0.0,0.0], [0.0,0.0], [0.0,0.0], [0.0,0.0], [0.0,0.0], [0.0,0.0]]
ENTRY 2 SourceUnit_0 [[-Infinity,Infinity], [-Infinity,Infinity], [18.0,18.0], [-Infinity,Infinity], [-Infinity,Infinity], [-Infinity,Infinity], [0.0,0.0], [0.0,0.0], [0.0,0.0], [0.0,0.0], [0.0,0.0], [0.0,0.0], [0.0,0.0], [0.0,0.0], [0.0,0.0], [0.0,0.0], [0.0,0.0], [0.0,0.0], [0.0,0.0], [0.0,0.0]]
EXIT 2 SourceUnit_0 [[-Infinity,Infinity], [-Infinity,Infinity], [18.0,18.0], [-Infinity,Infinity], [-Infinity,Infinity], [-Infinity,Infinity], [0.0,0.0], [0.0,0.0], [0.0,0.0], [0.0,0.0], [0.0,0.0], [0.0,0.0], [0.0,0.0], [0.0,0.0], [0.0,0.0], [0.0,0.0], [0.0,0.0], [0.0,0.0], [0.0,0.0], [0.0,0.0]]
ENTRY 2 PragmaDirective_0 [[-Infinity,Infinity], [-Infinity,Infinity], [18.0,18.0], [-Infinity,Infinity], [-Infinity,Infinity], [-Infinity,Infinity], [0.0,0.0], [0.0,0.0], [0.0,0.0], [0.0,0.0], [0.0,0.0], [0.0,0.0], [0.0,0.0], [0.0,0.0], [0.0,0.0], [0.0,0.0], [0.0,0.0], [0.0,0.0], [0.0,0.0], [0.0,0.0]]
EXIT 2 PragmaDirective_0 [[-Infinity,Infinity], [-Infinity,Infinity], [18.0,18.0], [-Infinity,Infinity], [-Infinity,Infinity], [-Infinity,Infinity], [0.0,0.0], [0.0,0.0], [0.0,0.0], [0.0,0.0], [0.0,0.0], [0.0,0.0], [0.0,0.0], [0.0,0.0], [0.0,0.0], [0.0,0.0], [0.0,0.0], [0.0,0.0], [0.0,0.0], [0.0,0.0]]
ENTRY 2 SourceExit_0 [[-Infinity,Infinity], [-Infinity,Infinity], [0.0,18.0], [-Infinity,Infinity], [-Infinity,Infinity], [-Infinity,Infinity], [-Infinity,Infinity], [0.0,0.0], [0.0,0.0], [-Infinity,Infinity], [0.0,0.0], [-Infinity,Infinity], [0.0,0.0], [0.0,0.0], [-Infinity,Infinity], [0.0,0.0], [0.0,0.0], [0.0,0.0], [-Infinity,Infinity], [0.0,0.0]]
EXIT 2 SourceExit_0 [[-Infinity,Infinity], [-Infinity,Infinity], [18.0,18.0], [-Infinity,Infinity], [-Infinity,Infinity], [-Infinity,Infinity], [-Infinity,Infinity], [0.0,0.0], [0.0,0.0], [-Infinity,Infinity], [0.0,0.0], [-Infinity,Infinity], [0.0,0.0], [0.0,0.0], [-Infinity,Infinity], [0.0,0.0], [0.0,0.0], [0.0,0.0], [-Infinity,Infinity], [0.0,0.0]]
ENTRY 2 ContractDefinition_0 [[-Infinity,Infinity], [-Infinity,Infinity], [18.0,18.0], [-Infinity,Infinity], [-Infinity,Infinity], [-Infinity,Infinity], [0.0,0.0], [0.0,0.0], [0.0,0.0], [0.0,0.0], [0.0,0.0], [0.0,0.0], [0.0,0.0], [0.0,0.0], [0.0,0.0], [0.0,0.0], [0.0,0.0], [0.0,0.0], [0.0,0.0], [0.0,0.0]]
EXIT 2 ContractDefinition_0 [[-Infinity,Infinity], [-Infinity,Infinity], [18.0,18.0], [-Infinity,Infinity], [-Infinity,Infinity], [-Infinity,Infinity], [0.0,0.0], [0.0,0.0], [0.0,0.0], [0.0,0.0], [0.0,0.0], [0.0,0.0], [0.0,0.0], [0.0,0.0], [0.0,0.0], [0.0,0.0], [0.0,0.0], [0.0,0.0], [0.0,0.0], [0.0,0.0]]
ENTRY 2 FunctionDefinition_0 [[-Infinity,Infinity], [-Infinity,Infinity], [18.0,18.0], [-Infinity,Infinity], [-Infinity,Infinity], [-Infinity,Infinity], [0.0,0.0], [0.0,0.0], [0.0,0.0], [0.0,0.0], [0.0,0.0], [0.0,0.0], [0.0,0.0], [0.0,0.0], [0.0,0.0], [0.0,0.0], [0.0,0.0], [0.0,0.0], [0.0,0.0], [0.0,0.0]]
EXIT 2 FunctionDefinition_0 [[-Infinity,Infinity], [-Infinity,Infinity], [18.0,18.0], [-Infinity,Infinity], [-Infinity,Infinity], [-Infinity,Infinity], [0.0,0.0], [0.0,0.0], [0.0,0.0], [0.0,0.0], [0.0,0.0], [0.0,0.0], [0.0,0.0], [0.0,0.0], [0.0,0.0], [0.0,0.0], [0.0,0.0], [0.0,0.0], [0.0,0.0], [0.0,0.0]]
ENTRY 2 FunctionEntry_0 [[-Infinity,Infinity], [-Infinity,Infinity], [18.0,18.0], [-Infinity,Infinity], [-Infinity,Infinity], [-Infinity,Infinity], [0.0,0.0], [0.0,0.0], [0.0,0.0], [0.0,0.0], [0.0,0.0], [0.0,0.0], [0.0,0.0], [0.0,0.0], [0.0,0.0], [0.0,0.0], [0.0,0.0], [0.0,0.0], [0.0,0.0], [0.0,0.0]]
EXIT 2 FunctionEntry_0 [[-Infinity,Infinity], [-Infinity,Infinity], [18.0,18.0], [-Infinity,Infinity], [-Infinity,Infinity], [-Infinity,Infinity], [0.0,0.0], [0.0,0.0], [0.0,0.0], [0.0,0.0], [0.0,0.0], [0.0,0.0], [0.0,0.0], [0.0,0.0], [0.0,0.0], [0.0,0.0], [0.0,0.0], [0.0,0.0], [0.0,0.0], [0.0,0.0]]
ENTRY 2 FunctionDefinition_1 [[-Infinity,Infinity], [-Infinity,Infinity], [18.0,18.0], [-Infinity,Infinity], [-Infinity,Infinity], [-Infinity,Infinity], [0.0,0.0], [0.0,0.0], [0.0,0.0], [0.0,0.0], [0.0,0.0], [0.0,0.0], [0.0,0.0], [0.0,0.0], [0.0,0.0], [0.0,0.0], [0.0,0.0], [0.0,0.0], [0.0,0.0], [0.0,0.0]]
EXIT 2 FunctionDefinition_1 [[-Infinity,Infinity], [-Infinity,Infinity], [18.0,18.0], [-Infinity,Infinity], [-Infinity,Infinity], [-Infinity,Infinity], [0.0,0.0], [0.0,0.0], [0.0,0.0], [0.0,0.0], [0.0,0.0], [0.0,0.0], [0.0,0.0], [0.0,0.0], [0.0,0.0], [0.0,0.0], [0.0,0.0], [0.0,0.0], [0.0,0.0], [0.0,0.0]]
ENTRY 2 FunctionEntry_1 [[-Infinity,Infinity], [-Infinity,Infinity], [18.0,18.0], [-Infinity,Infinity], [-Infinity,Infinity], [-Infinity,Infinity], [0.0,0.0], [0.0,0.0], [0.0,0.0], [0.0,0.0], [0.0,0.0], [0.0,0.0], [0.0,0.0], [0.0,0.0], [0.0,0.0], [0.0,0.0], [0.0,0.0], [0.0,0.0], [0.0,0.0], [0.0,0.0]]
EXIT 2 FunctionEntry_1 [[-Infinity,Infinity], [-Infinity,Infinity], [18.0,18.0], [-Infinity,Infinity], [-Infinity,Infinity], [-Infinity,Infinity], [0.0,0.0], [0.0,0.0], [0.0,0.0], [0.0,0.0], [0.0,0.0], [0.0,0.0], [0.0,0.0], [0.0,0.0], [0.0,0.0], [0.0,0.0], [0.0,0.0], [0.0,0.0], [0.0,0.0], [0.0,0.0]]
ENTRY 2 FunctionDefinition_2 [[-Infinity,Infinity], [-Infinity,Infinity], [18.0,18.0], [-Infinity,Infinity], [-Infinity,Infinity], [-Infinity,Infinity], [0.0,0.0], [0.0,0.0], [0.0,0.0], [0.0,0.0], [0.0,0.0], [0.0,0.0], [0.0,0.0], [0.0,0.0], [0.0,0.0], [0.0,0.0], [0.0,0.0], [0.0,0.0], [0.0,0.0], [0.0,0.0]]
EXIT 2 FunctionDefinition_2 [[-Infinity,Infinity], [-Infinity,Infinity], [18.0,18.0], [-Infinity,Infinity], [-Infinity,Infinity], [-Infinity,Infinity], [0.0,0.0], [0.0,0.0], [0.0,0.0], [0.0,0.0], [0.0,0.0], [0.0,0.0], [0.0,0.0], [0.0,0.0], [0.0,0.0], [0.0,0.0], [0.0,0.0], [0.0,0.0], [0.0,0.0], [0.0,0.0]]
ENTRY 2 FunctionEntry_2 [[-Infinity,Infinity], [-Infinity,Infinity], [18.0,18.0], [-Infinity,Infinity], [-Infinity,Infinity], [-Infinity,Infinity], [0.0,0.0], [0.0,0.0], [0.0,0.0], [0.0,0.0], [0.0,0.0], [0.0,0.0], [0.0,0.0], [0.0,0.0], [0.0,0.0], [0.0,0.0], [0.0,0.0], [0.0,0.0], [0.0,0.0], [0.0,0.0]]
EXIT 2 FunctionEntry_2 [[-Infinity,Infinity], [-Infinity,Infinity], [18.0,18.0], [-Infinity,Infinity], [-Infinity,Infinity], [-Infinity,Infinity], [0.0,0.0], [0.0,0.0], [0.0,0.0], [0.0,0.0], [0.0,0.0], [0.0,0.0], [0.0,0.0], [0.0,0.0], [0.0,0.0], [0.0,0.0], [0.0,0.0], [0.0,0.0], [0.0,0.0], [0.0,0.0]]
ENTRY 2 FunctionDefinition_3 [[-Infinity,Infinity], [-Infinity,Infinity], [18.0,18.0], [-Infinity,Infinity], [-Infinity,Infinity], [-Infinity,Infinity], [0.0,0.0], [0.0,0.0], [0.0,0.0], [0.0,0.0], [0.0,0.0], [0.0,0.0], [0.0,0.0], [0.0,0.0], [0.0,0.0], [0.0,0.0], [0.0,0.0], [0.0,0.0], [0.0,0.0], [0.0,0.0]]
EXIT 2 FunctionDefinition_3 [[-Infinity,Infinity], [-Infinity,Infinity], [18.0,18.0], [-Infinity,Infinity], [-Infinity,Infinity], [-Infinity,Infinity], [0.0,0.0], [0.0,0.0], [0.0,0.0], [0.0,0.0], [0.0,0.0], [0.0,0.0], [0.0,0.0], [0.0,0.0], [0.0,0.0], [0.0,0.0], [0.0,0.0], [0.0,0.0], [0.0,0.0], [0.0,0.0]]
ENTRY 2 FunctionEntry_3 [[-Infinity,Infinity], [-Infinity,Infinity], [18.0,18.0], [-Infinity,Infinity], [-Infinity,Infinity], [-Infinity,Infinity], [0.0,0.0], [0.0,0.0], [0.0,0.0], [0.0,0.0], [0.0,0.0], [0.0,0.0], [0.0,0.0], [0.0,0.0], [0.0,0.0], [0.0,0.0], [0.0,0.0], [0.0,0.0], [0.0,0.0], [0.0,0.0]]
EXIT 2 FunctionEntry_3 [[-Infinity,Infinity], [-Infinity,Infinity], [18.0,18.0], [-Infinity,Infinity], [-Infinity,Infinity], [-Infinity,Infinity], [0.0,0.0], [0.0,0.0], [0.0,0.0], [0.0,0.0], [0.0,0.0], [0.0,0.0], [0.0,0.0], [0.0,0.0], [0.0,0.0], [0.0,0.0], [0.0,0.0], [0.0,0.0], [0.0,0.0], [0.0,0.0]]
ENTRY 2 FunctionDefinition_4 [[-Infinity,Infinity], [-Infinity,Infinity], [18.0,18.0], [-Infinity,Infinity], [-Infinity,Infinity], [-Infinity,Infinity], [0.0,0.0], [0.0,0.0], [0.0,0.0], [0.0,0.0], [0.0,0.0], [0.0,0.0], [0.0,0.0], [0.0,0.0], [0.0,0.0], [0.0,0.0], [0.0,0.0], [0.0,0.0], [0.0,0.0], [0.0,0.0]]
EXIT 2 FunctionDefinition_4 [[-Infinity,Infinity], [-Infinity,Infinity], [18.0,18.0], [-Infinity,Infinity], [-Infinity,Infinity], [-Infinity,Infinity], [0.0,0.0], [0.0,0.0], [0.0,0.0], [0.0,0.0], [0.0,0.0], [0.0,0.0], [0.0,0.0], [0.0,0.0], [0.0,0.0], [0.0,0.0], [0.0,0.0], [0.0,0.0], [0.0,0.0], [0.0,0.0]]
ENTRY 2 FunctionEntry_4 [[-Infinity,Infinity], [-Infinity,Infinity], [18.0,18.0], [-Infinity,Infinity], [-Infinity,Infinity], [-Infinity,Infinity], [0.0,0.0], [0.0,0.0], [0.0,0.0], [0.0,0.0], [0.0,0.0], [0.0,0.0], [0.0,0.0], [0.0,0.0], [0.0,0.0], [0.0,0.0], [0.0,0.0], [0.0,0.0], [0.0,0.0], [0.0,0.0]]
EXIT 2 FunctionEntry_4 [[-Infinity,Infinity], [-Infinity,Infinity], [18.0,18.0], [-Infinity,Infinity], [-Infinity,Infinity], [-Infinity,Infinity], [0.0,0.0], [0.0,0.0], [0.0,0.0], [0.0,0.0], [0.0,0.0], [0.0,0.0], [0.0,0.0], [0.0,0.0], [0.0,0.0], [0.0,0.0], [0.0,0.0], [0.0,0.0], [0.0,0.0], [0.0,0.0]]
ENTRY 2 FunctionDefinition_5 [[-Infinity,Infinity], [-Infinity,Infinity], [18.0,18.0], [-Infinity,Infinity], [-Infinity,Infinity], [-Infinity,Infinity], [0.0,0.0], [0.0,0.0], [0.0,0.0], [0.0,0.0], [0.0,0.0], [0.0,0.0], [0.0,0.0], [0.0,0.0], [0.0,0.0], [0.0,0.0], [0.0,0.0], [0.0,0.0], [0.0,0.0], [0.0,0.0]]
EXIT 2 FunctionDefinition_5 [[-Infinity,Infinity], [-Infinity,Infinity], [18.0,18.0], [-Infinity,Infinity], [-Infinity,Infinity], [-Infinity,Infinity], [0.0,0.0], [0.0,0.0], [0.0,0.0], [0.0,0.0], [0.0,0.0], [0.0,0.0], [0.0,0.0], [0.0,0.0], [0.0,0.0], [0.0,0.0], [0.0,0.0], [0.0,0.0], [0.0,0.0], [0.0,0.0]]
ENTRY 2 FunctionEntry_5 [[-Infinity,Infinity], [-Infinity,Infinity], [18.0,18.0], [-Infinity,Infinity], [-Infinity,Infinity], [-Infinity,Infinity], [0.0,0.0], [0.0,0.0], [0.0,0.0], [0.0,0.0], [0.0,0.0], [0.0,0.0], [0.0,0.0], [0.0,0.0], [0.0,0.0], [0.0,0.0], [0.0,0.0], [0.0,0.0], [0.0,0.0], [0.0,0.0]]
EXIT 2 FunctionEntry_5 [[-Infinity,Infinity], [-Infinity,Infinity], [18.0,18.0], [-Infinity,Infinity], [-Infinity,Infinity], [-Infinity,Infinity], [0.0,0.0], [0.0,0.0], [0.0,0.0], [0.0,0.0], [0.0,0.0], [0.0,0.0], [0.0,0.0], [0.0,0.0], [0.0,0.0], [0.0,0.0], [0.0,0.0], [0.0,0.0], [0.0,0.0], [0.0,0.0]]
ENTRY 2 EventDefinition_0 [[-Infinity,Infinity], [-Infinity,Infinity], [18.0,18.0], [-Infinity,Infinity], [-Infinity,Infinity], [-Infinity,Infinity], [0.0,0.0], [0.0,0.0], [0.0,0.0], [0.0,0.0], [0.0,0.0], [0.0,0.0], [0.0,0.0], [0.0,0.0], [0.0,0.0], [0.0,0.0], [0.0,0.0], [0.0,0.0], [0.0,0.0], [0.0,0.0]]
EXIT 2 EventDefinition_0 [[-Infinity,Infinity], [-Infinity,Infinity], [18.0,18.0], [-Infinity,Infinity], [-Infinity,Infinity], [-Infinity,Infinity], [0.0,0.0], [0.0,0.0], [0.0,0.0], [0.0,0.0], [0.0,0.0], [0.0,0.0], [0.0,0.0], [0.0,0.0], [0.0,0.0], [0.0,0.0], [0.0,0.0], [0.0,0.0], [0.0,0.0], [0.0,0.0]]
ENTRY 2 EventDefinition_1 [[-Infinity,Infinity], [-Infinity,Infinity], [18.0,18.0], [-Infinity,Infinity], [-Infinity,Infinity], [-Infinity,Infinity], [0.0,0.0], [0.0,0.0], [0.0,0.0], [0.0,0.0], [0.0,0.0], [0.0,0.0], [0.0,0.0], [0.0,0.0], [0.0,0.0], [0.0,0.0], [0.0,0.0], [0.0,0.0], [0.0,0.0], [0.0,0.0]]
EXIT 2 EventDefinition_1 [[-Infinity,Infinity], [-Infinity,Infinity], [18.0,18.0], [-Infinity,Infinity], [-Infinity,Infinity], [-Infinity,Infinity], [0.0,0.0], [0.0,0.0], [0.0,0.0], [0.0,0.0], [0.0,0.0], [0.0,0.0], [0.0,0.0], [0.0,0.0], [0.0,0.0], [0.0,0.0], [0.0,0.0], [0.0,0.0], [0.0,0.0], [0.0,0.0]]
ENTRY 2 ContractDefinition_1 [[-Infinity,Infinity], [-Infinity,Infinity], [18.0,18.0], [-Infinity,Infinity], [-Infinity,Infinity], [-Infinity,Infinity], [0.0,0.0], [0.0,0.0], [0.0,0.0], [0.0,0.0], [0.0,0.0], [0.0,0.0], [0.0,0.0], [0.0,0.0], [0.0,0.0], [0.0,0.0], [0.0,0.0], [0.0,0.0], [0.0,0.0], [0.0,0.0]]
EXIT 2 ContractDefinition_1 [[-Infinity,Infinity], [-Infinity,Infinity], [18.0,18.0], [-Infinity,Infinity], [-Infinity,Infinity], [-Infinity,Infinity], [0.0,0.0], [0.0,0.0], [0.0,0.0], [0.0,0.0], [0.0,0.0], [0.0,0.0], [0.0,0.0], [0.0,0.0], [0.0,0.0], [0.0,0.0], [0.0,0.0], [0.0,0.0], [0.0,0.0], [0.0,0.0]]
ENTRY 2 VariableDeclaration_0 [[-Infinity,Infinity], [-Infinity,Infinity], [18.0,18.0], [-Infinity,Infinity], [-Infinity,Infinity], [-Infinity,Infinity], [0.0,0.0], [0.0,0.0], [0.0,0.0], [0.0,0.0], [0.0,0.0], [0.0,0.0], [0.0,0.0], [0.0,0.0], [0.0,0.0], [0.0,0.0], [0.0,0.0], [0.0,0.0], [0.0,0.0], [0.0,0.0]]
EXIT 2 VariableDeclaration_0 [[-Infinity,Infinity], [-Infinity,Infinity], [18.0,18.0], [-Infinity,Infinity], [-Infinity,Infinity], [-Infinity,Infinity], [0.0,0.0], [0.0,0.0], [0.0,0.0], [0.0,0.0], [0.0,0.0], [0.0,0.0], [0.0,0.0], [0.0,0.0], [0.0,0.0], [0.0,0.0], [0.0,0.0], [0.0,0.0], [0.0,0.0], [0.0,0.0]]
ENTRY 2 VariableDeclaration_1 [[-Infinity,Infinity], [-Infinity,Infinity], [18.0,18.0], [-Infinity,Infinity], [-Infinity,Infinity], [-Infinity,Infinity], [0.0,0.0], [0.0,0.0], [0.0,0.0], [0.0,0.0], [0.0,0.0], [0.0,0.0], [0.0,0.0], [0.0,0.0], [0.0,0.0], [0.0,0.0], [0.0,0.0], [0.0,0.0], [0.0,0.0], [0.0,0.0]]
EXIT 2 VariableDeclaration_1 [[-Infinity,Infinity], [-Infinity,Infinity], [18.0,18.0], [-Infinity,Infinity], [-Infinity,Infinity], [-Infinity,Infinity], [0.0,0.0], [0.0,0.0], [0.0,0.0], [0.0,0.0], [0.0,0.0], [0.0,0.0], [0.0,0.0], [0.0,0.0], [0.0,0.0], [0.0,0.0], [0.0,0.0], [0.0,0.0], [0.0,0.0], [0.0,0.0]]
ENTRY 2 VariableDeclaration_2 [[-Infinity,Infinity], [-Infinity,Infinity], [18.0,18.0], [-Infinity,Infinity], [-Infinity,Infinity], [-Infinity,Infinity], [0.0,0.0], [0.0,0.0], [0.0,0.0], [0.0,0.0], [0.0,0.0], [0.0,0.0], [0.0,0.0], [0.0,0.0], [0.0,0.0], [0.0,0.0], [0.0,0.0], [0.0,0.0], [0.0,0.0], [0.0,0.0]]
EXIT 2 VariableDeclaration_2 [[-Infinity,Infinity], [-Infinity,Infinity], [18.0,18.0], [-Infinity,Infinity], [-Infinity,Infinity], [-Infinity,Infinity], [0.0,0.0], [0.0,0.0], [0.0,0.0], [0.0,0.0], [0.0,0.0], [0.0,0.0], [0.0,0.0], [0.0,0.0], [0.0,0.0], [0.0,0.0], [0.0,0.0], [0.0,0.0], [0.0,0.0], [0.0,0.0]]
ENTRY 2 VariableDeclaration_3 [[-Infinity,Infinity], [-Infinity,Infinity], [18.0,18.0], [-Infinity,Infinity], [-Infinity,Infinity], [-Infinity,Infinity], [0.0,0.0], [0.0,0.0], [0.0,0.0], [0.0,0.0], [0.0,0.0], [0.0,0.0], [0.0,0.0], [0.0,0.0], [0.0,0.0], [0.0,0.0], [0.0,0.0], [0.0,0.0], [0.0,0.0], [0.0,0.0]]
EXIT 2 VariableDeclaration_3 [[-Infinity,Infinity], [-Infinity,Infinity], [18.0,18.0], [-Infinity,Infinity], [-Infinity,Infinity], [-Infinity,Infinity], [0.0,0.0], [0.0,0.0], [0.0,0.0], [0.0,0.0], [0.0,0.0], [0.0,0.0], [0.0,0.0], [0.0,0.0], [0.0,0.0], [0.0,0.0], [0.0,0.0], [0.0,0.0], [0.0,0.0], [0.0,0.0]]
ENTRY 2 VariableDeclaration_4 [[-Infinity,Infinity], [-Infinity,Infinity], [18.0,18.0], [-Infinity,Infinity], [-Infinity,Infinity], [-Infinity,Infinity], [0.0,0.0], [0.0,0.0], [0.0,0.0], [0.0,0.0], [0.0,0.0], [0.0,0.0], [0.0,0.0], [0.0,0.0], [0.0,0.0], [0.0,0.0], [0.0,0.0], [0.0,0.0], [0.0,0.0], [0.0,0.0]]
EXIT 2 VariableDeclaration_4 [[-Infinity,Infinity], [-Infinity,Infinity], [18.0,18.0], [-Infinity,Infinity], [-Infinity,Infinity], [-Infinity,Infinity], [0.0,0.0], [0.0,0.0], [0.0,0.0], [0.0,0.0], [0.0,0.0], [0.0,0.0], [0.0,0.0], [0.0,0.0], [0.0,0.0], [0.0,0.0], [0.0,0.0], [0.0,0.0], [0.0,0.0], [0.0,0.0]]
ENTRY 2 VariableDeclaration_5 [[-Infinity,Infinity], [-Infinity,Infinity], [18.0,18.0], [-Infinity,Infinity], [-Infinity,Infinity], [-Infinity,Infinity], [0.0,0.0], [0.0,0.0], [0.0,0.0], [0.0,0.0], [0.0,0.0], [0.0,0.0], [0.0,0.0], [0.0,0.0], [0.0,0.0], [0.0,0.0], [0.0,0.0], [0.0,0.0], [0.0,0.0], [0.0,0.0]]
EXIT 2 VariableDeclaration_5 [[-Infinity,Infinity], [-Infinity,Infinity], [18.0,18.0], [-Infinity,Infinity], [-Infinity,Infinity], [-Infinity,Infinity], [0.0,0.0], [0.0,0.0], [0.0,0.0], [0.0,0.0], [0.0,0.0], [0.0,0.0], [0.0,0.0], [0.0,0.0], [0.0,0.0], [0.0,0.0], [0.0,0.0], [0.0,0.0], [0.0,0.0], [0.0,0.0]]
ENTRY 2 FunctionDefinition_6 [[-Infinity,Infinity], [-Infinity,Infinity], [18.0,18.0], [-Infinity,Infinity], [-Infinity,Infinity], [-Infinity,Infinity], [0.0,0.0], [0.0,0.0], [0.0,0.0], [0.0,0.0], [0.0,0.0], [0.0,0.0], [0.0,0.0], [0.0,0.0], [0.0,0.0], [0.0,0.0], [0.0,0.0], [0.0,0.0], [0.0,0.0], [0.0,0.0]]
EXIT 2 FunctionDefinition_6 [[-Infinity,Infinity], [-Infinity,Infinity], [18.0,18.0], [-Infinity,Infinity], [-Infinity,Infinity], [-Infinity,Infinity], [0.0,0.0], [0.0,0.0], [0.0,0.0], [0.0,0.0], [0.0,0.0], [0.0,0.0], [0.0,0.0], [0.0,0.0], [0.0,0.0], [0.0,0.0], [0.0,0.0], [0.0,0.0], [0.0,0.0], [0.0,0.0]]
ENTRY 2 FunctionEntry_6 [[-Infinity,Infinity], [-Infinity,Infinity], [18.0,18.0], [-Infinity,Infinity], [-Infinity,Infinity], [-Infinity,Infinity], [0.0,0.0], [0.0,0.0], [0.0,0.0], [0.0,0.0], [0.0,0.0], [0.0,0.0], [0.0,0.0], [0.0,0.0], [0.0,0.0], [0.0,0.0], [0.0,0.0], [0.0,0.0], [0.0,0.0], [0.0,0.0]]
EXIT 2 FunctionEntry_6 [[-Infinity,Infinity], [-Infinity,Infinity], [18.0,18.0], [-Infinity,Infinity], [-Infinity,Infinity], [-Infinity,Infinity], [0.0,0.0], [0.0,0.0], [0.0,0.0], [0.0,0.0], [0.0,0.0], [0.0,0.0], [0.0,0.0], [0.0,0.0], [0.0,0.0], [0.0,0.0], [0.0,0.0], [0.0,0.0], [0.0,0.0], [0.0,0.0]]
ENTRY 2 ExpressionStatement_0 [[-Infinity,Infinity], [-Infinity,Infinity], [18.0,18.0], [-Infinity,Infinity], [-Infinity,Infinity], [-Infinity,Infinity], [0.0,0.0], [0.0,0.0], [0.0,0.0], [0.0,0.0], [0.0,0.0], [0.0,0.0], [0.0,0.0], [0.0,0.0], [0.0,0.0], [0.0,0.0], [0.0,0.0], [0.0,0.0], [0.0,0.0], [0.0,0.0]]
EXIT 2 ExpressionStatement_0 [[-Infinity,Infinity], [-Infinity,Infinity], [18.0,18.0], [-Infinity,Infinity], [-Infinity,Infinity], [-Infinity,Infinity], [0.0,0.0], [0.0,0.0], [0.0,0.0], [0.0,0.0], [0.0,0.0], [0.0,0.0], [0.0,0.0], [0.0,0.0], [0.0,0.0], [0.0,0.0], [0.0,0.0], [0.0,0.0], [0.0,0.0], [0.0,0.0]]
ENTRY 2 ExpressionStatement_1 [[-Infinity,Infinity], [-Infinity,Infinity], [18.0,18.0], [-Infinity,Infinity], [-Infinity,Infinity], [-Infinity,Infinity], [0.0,0.0], [0.0,0.0], [0.0,0.0], [0.0,0.0], [0.0,0.0], [0.0,0.0], [0.0,0.0], [0.0,0.0], [0.0,0.0], [0.0,0.0], [0.0,0.0], [0.0,0.0], [0.0,0.0], [0.0,0.0]]
EXIT 2 ExpressionStatement_1 [[-Infinity,Infinity], [-Infinity,Infinity], [18.0,18.0], [-Infinity,Infinity], [-Infinity,Infinity], [-Infinity,Infinity], [-Infinity,Infinity], [0.0,0.0], [0.0,0.0], [0.0,0.0], [0.0,0.0], [0.0,0.0], [0.0,0.0], [0.0,0.0], [0.0,0.0], [0.0,0.0], [0.0,0.0], [0.0,0.0], [0.0,0.0], [0.0,0.0]]
ENTRY 2 EmitStatement_0 [[-Infinity,Infinity], [-Infinity,Infinity], [18.0,18.0], [-Infinity,Infinity], [-Infinity,Infinity], [-Infinity,Infinity], [-Infinity,Infinity], [0.0,0.0], [0.0,0.0], [0.0,0.0], [0.0,0.0], [0.0,0.0], [0.0,0.0], [0.0,0.0], [0.0,0.0], [0.0,0.0], [0.0,0.0], [0.0,0.0], [0.0,0.0], [0.0,0.0]]
EXIT 2 EmitStatement_0 [[-Infinity,Infinity], [-Infinity,Infinity], [18.0,18.0], [-Infinity,Infinity], [-Infinity,Infinity], [-Infinity,Infinity], [-Infinity,Infinity], [0.0,0.0], [0.0,0.0], [0.0,0.0], [0.0,0.0], [0.0,0.0], [0.0,0.0], [0.0,0.0], [0.0,0.0], [0.0,0.0], [0.0,0.0], [0.0,0.0], [0.0,0.0], [0.0,0.0]]
ENTRY 2 FunctionExit_6 [[-Infinity,Infinity], [-Infinity,Infinity], [18.0,18.0], [-Infinity,Infinity], [-Infinity,Infinity], [-Infinity,Infinity], [-Infinity,Infinity], [0.0,0.0], [0.0,0.0], [0.0,0.0], [0.0,0.0], [0.0,0.0], [0.0,0.0], [0.0,0.0], [0.0,0.0], [0.0,0.0], [0.0,0.0], [0.0,0.0], [0.0,0.0], [0.0,0.0]]
EXIT 2 FunctionExit_6 [[-Infinity,Infinity], [-Infinity,Infinity], [18.0,18.0], [-Infinity,Infinity], [-Infinity,Infinity], [-Infinity,Infinity], [-Infinity,Infinity], [0.0,0.0], [0.0,0.0], [0.0,0.0], [0.0,0.0], [0.0,0.0], [0.0,0.0], [0.0,0.0], [0.0,0.0], [0.0,0.0], [0.0,0.0], [0.0,0.0], [0.0,0.0], [0.0,0.0]]
ENTRY 2 FunctionDefinition_7 [[-Infinity,Infinity], [-Infinity,Infinity], [18.0,18.0], [-Infinity,Infinity], [-Infinity,Infinity], [-Infinity,Infinity], [0.0,0.0], [0.0,0.0], [0.0,0.0], [0.0,0.0], [0.0,0.0], [0.0,0.0], [0.0,0.0], [0.0,0.0], [0.0,0.0], [0.0,0.0], [0.0,0.0], [0.0,0.0], [0.0,0.0], [0.0,0.0]]
EXIT 2 FunctionDefinition_7 [[-Infinity,Infinity], [-Infinity,Infinity], [18.0,18.0], [-Infinity,Infinity], [-Infinity,Infinity], [-Infinity,Infinity], [0.0,0.0], [0.0,0.0], [0.0,0.0], [0.0,0.0], [0.0,0.0], [0.0,0.0], [0.0,0.0], [0.0,0.0], [0.0,0.0], [0.0,0.0], [0.0,0.0], [0.0,0.0], [0.0,0.0], [0.0,0.0]]
ENTRY 2 FunctionEntry_7 [[-Infinity,Infinity], [-Infinity,Infinity], [18.0,18.0], [-Infinity,Infinity], [-Infinity,Infinity], [-Infinity,Infinity], [0.0,0.0], [0.0,0.0], [0.0,0.0], [0.0,0.0], [0.0,0.0], [0.0,0.0], [0.0,0.0], [0.0,0.0], [0.0,0.0], [0.0,0.0], [0.0,0.0], [0.0,0.0], [0.0,0.0], [0.0,0.0]]
EXIT 2 FunctionEntry_7 [[-Infinity,Infinity], [-Infinity,Infinity], [18.0,18.0], [-Infinity,Infinity], [-Infinity,Infinity], [-Infinity,Infinity], [0.0,0.0], [0.0,0.0], [0.0,0.0], [0.0,0.0], [0.0,0.0], [0.0,0.0], [0.0,0.0], [0.0,0.0], [0.0,0.0], [0.0,0.0], [0.0,0.0], [0.0,0.0], [0.0,0.0], [0.0,0.0]]
ENTRY 2 Return_0 [[-Infinity,Infinity], [-Infinity,Infinity], [18.0,18.0], [-Infinity,Infinity], [-Infinity,Infinity], [-Infinity,Infinity], [0.0,0.0], [0.0,0.0], [0.0,0.0], [0.0,0.0], [0.0,0.0], [0.0,0.0], [0.0,0.0], [0.0,0.0], [0.0,0.0], [0.0,0.0], [0.0,0.0], [0.0,0.0], [0.0,0.0], [0.0,0.0]]
EXIT 2 Return_0 [[-Infinity,Infinity], [-Infinity,Infinity], [18.0,18.0], [-Infinity,Infinity], [-Infinity,Infinity], [-Infinity,Infinity], [0.0,0.0], [0.0,0.0], [0.0,0.0], [0.0,0.0], [0.0,0.0], [0.0,0.0], [0.0,0.0], [0.0,0.0], [0.0,0.0], [0.0,0.0], [0.0,0.0], [0.0,0.0], [0.0,0.0], [0.0,0.0]]
ENTRY 2 FunctionExit_7 [[-Infinity,Infinity], [-Infinity,Infinity], [18.0,18.0], [-Infinity,Infinity], [-Infinity,Infinity], [-Infinity,Infinity], [0.0,0.0], [0.0,0.0], [0.0,0.0], [0.0,0.0], [0.0,0.0], [0.0,0.0], [0.0,0.0], [0.0,0.0], [0.0,0.0], [0.0,0.0], [0.0,0.0], [0.0,0.0], [0.0,0.0], [0.0,0.0]]
EXIT 2 FunctionExit_7 [[-Infinity,Infinity], [-Infinity,Infinity], [18.0,18.0], [-Infinity,Infinity], [-Infinity,Infinity], [-Infinity,Infinity], [0.0,0.0], [0.0,0.0], [0.0,0.0], [0.0,0.0], [0.0,0.0], [0.0,0.0], [0.0,0.0], [0.0,0.0], [0.0,0.0], [0.0,0.0], [0.0,0.0], [0.0,0.0], [0.0,0.0], [0.0,0.0]]
ENTRY 2 FunctionDefinition_8 [[-Infinity,Infinity], [-Infinity,Infinity], [18.0,18.0], [-Infinity,Infinity], [-Infinity,Infinity], [-Infinity,Infinity], [0.0,0.0], [0.0,0.0], [0.0,0.0], [0.0,0.0], [0.0,0.0], [0.0,0.0], [0.0,0.0], [0.0,0.0], [0.0,0.0], [0.0,0.0], [0.0,0.0], [0.0,0.0], [0.0,0.0], [0.0,0.0]]
EXIT 2 FunctionDefinition_8 [[-Infinity,Infinity], [-Infinity,Infinity], [18.0,18.0], [-Infinity,Infinity], [-Infinity,Infinity], [-Infinity,Infinity], [0.0,0.0], [0.0,0.0], [0.0,0.0], [0.0,0.0], [0.0,0.0], [0.0,0.0], [0.0,0.0], [0.0,0.0], [0.0,0.0], [0.0,0.0], [0.0,0.0], [0.0,0.0], [0.0,0.0], [0.0,0.0]]
ENTRY 2 FunctionEntry_8 [[-Infinity,Infinity], [-Infinity,Infinity], [18.0,18.0], [-Infinity,Infinity], [-Infinity,Infinity], [-Infinity,Infinity], [0.0,0.0], [0.0,0.0], [0.0,0.0], [0.0,0.0], [0.0,0.0], [0.0,0.0], [0.0,0.0], [0.0,0.0], [0.0,0.0], [0.0,0.0], [0.0,0.0], [0.0,0.0], [0.0,0.0], [0.0,0.0]]
EXIT 2 FunctionEntry_8 [[-Infinity,Infinity], [-Infinity,Infinity], [18.0,18.0], [-Infinity,Infinity], [-Infinity,Infinity], [-Infinity,Infinity], [0.0,0.0], [0.0,0.0], [0.0,0.0], [0.0,0.0], [0.0,0.0], [0.0,0.0], [0.0,0.0], [0.0,0.0], [0.0,0.0], [0.0,0.0], [0.0,0.0], [0.0,0.0], [0.0,0.0], [0.0,0.0]]
ENTRY 2 ExpressionStatement_2 [[-Infinity,Infinity], [-Infinity,Infinity], [18.0,18.0], [-Infinity,Infinity], [-Infinity,Infinity], [-Infinity,Infinity], [0.0,0.0], [0.0,0.0], [0.0,0.0], [0.0,0.0], [0.0,0.0], [0.0,0.0], [0.0,0.0], [0.0,0.0], [0.0,0.0], [0.0,0.0], [0.0,0.0], [0.0,0.0], [0.0,0.0], [0.0,0.0]]
EXIT 2 ExpressionStatement_2 [[-Infinity,Infinity], [-Infinity,Infinity], [18.0,18.0], [-Infinity,Infinity], [-Infinity,Infinity], [-Infinity,Infinity], [0.0,0.0], [0.0,0.0], [0.0,0.0], [0.0,0.0], [0.0,0.0], [0.0,0.0], [0.0,0.0], [0.0,0.0], [0.0,0.0], [0.0,0.0], [0.0,0.0], [0.0,0.0], [0.0,0.0], [0.0,0.0]]
ENTRY 2 ExpressionStatement_3 [[-Infinity,Infinity], [-Infinity,Infinity], [18.0,18.0], [-Infinity,Infinity], [-Infinity,Infinity], [-Infinity,Infinity], [0.0,0.0], [0.0,0.0], [0.0,0.0], [0.0,0.0], [0.0,0.0], [0.0,0.0], [0.0,0.0], [0.0,0.0], [0.0,0.0], [0.0,0.0], [0.0,0.0], [0.0,0.0], [0.0,0.0], [0.0,0.0]]
EXIT 2 ExpressionStatement_3 [[-Infinity,Infinity], [-Infinity,Infinity], [18.0,18.0], [-Infinity,Infinity], [-Infinity,Infinity], [-Infinity,Infinity], [-Infinity,Infinity], [0.0,0.0], [0.0,0.0], [0.0,0.0], [0.0,0.0], [0.0,0.0], [0.0,0.0], [0.0,0.0], [0.0,0.0], [0.0,0.0], [0.0,0.0], [0.0,0.0], [0.0,0.0], [0.0,0.0]]
ENTRY 2 ExpressionStatement_4 [[-Infinity,Infinity], [-Infinity,Infinity], [18.0,18.0], [-Infinity,Infinity], [-Infinity,Infinity], [-Infinity,Infinity], [-Infinity,Infinity], [0.0,0.0], [0.0,0.0], [0.0,0.0], [0.0,0.0], [0.0,0.0], [0.0,0.0], [0.0,0.0], [0.0,0.0], [0.0,0.0], [0.0,0.0], [0.0,0.0], [0.0,0.0], [0.0,0.0]]
EXIT 2 ExpressionStatement_4 [[-Infinity,Infinity], [-Infinity,Infinity], [18.0,18.0], [-Infinity,Infinity], [-Infinity,Infinity], [-Infinity,Infinity], [-Infinity,Infinity], [0.0,0.0], [0.0,0.0], [-Infinity,Infinity], [0.0,0.0], [0.0,0.0], [0.0,0.0], [0.0,0.0], [0.0,0.0], [0.0,0.0], [0.0,0.0], [0.0,0.0], [0.0,0.0], [0.0,0.0]]
ENTRY 2 EmitStatement_1 [[-Infinity,Infinity], [-Infinity,Infinity], [18.0,18.0], [-Infinity,Infinity], [-Infinity,Infinity], [-Infinity,Infinity], [-Infinity,Infinity], [0.0,0.0], [0.0,0.0], [-Infinity,Infinity], [0.0,0.0], [0.0,0.0], [0.0,0.0], [0.0,0.0], [0.0,0.0], [0.0,0.0], [0.0,0.0], [0.0,0.0], [0.0,0.0], [0.0,0.0]]
EXIT 2 EmitStatement_1 [[-Infinity,Infinity], [-Infinity,Infinity], [18.0,18.0], [-Infinity,Infinity], [-Infinity,Infinity], [-Infinity,Infinity], [-Infinity,Infinity], [0.0,0.0], [0.0,0.0], [-Infinity,Infinity], [0.0,0.0], [0.0,0.0], [0.0,0.0], [0.0,0.0], [0.0,0.0], [0.0,0.0], [0.0,0.0], [0.0,0.0], [0.0,0.0], [0.0,0.0]]
ENTRY 2 Return_1 [[-Infinity,Infinity], [-Infinity,Infinity], [18.0,18.0], [-Infinity,Infinity], [-Infinity,Infinity], [-Infinity,Infinity], [-Infinity,Infinity], [0.0,0.0], [0.0,0.0], [-Infinity,Infinity], [0.0,0.0], [0.0,0.0], [0.0,0.0], [0.0,0.0], [0.0,0.0], [0.0,0.0], [0.0,0.0], [0.0,0.0], [0.0,0.0], [0.0,0.0]]
EXIT 2 Return_1 [[-Infinity,Infinity], [-Infinity,Infinity], [18.0,18.0], [-Infinity,Infinity], [-Infinity,Infinity], [-Infinity,Infinity], [-Infinity,Infinity], [0.0,0.0], [0.0,0.0], [-Infinity,Infinity], [0.0,0.0], [0.0,0.0], [0.0,0.0], [0.0,0.0], [0.0,0.0], [0.0,0.0], [0.0,0.0], [0.0,0.0], [0.0,0.0], [0.0,0.0]]
ENTRY 2 FunctionExit_8 [[-Infinity,Infinity], [-Infinity,Infinity], [18.0,18.0], [-Infinity,Infinity], [-Infinity,Infinity], [-Infinity,Infinity], [-Infinity,Infinity], [0.0,0.0], [0.0,0.0], [-Infinity,Infinity], [0.0,0.0], [0.0,0.0], [0.0,0.0], [0.0,0.0], [0.0,0.0], [0.0,0.0], [0.0,0.0], [0.0,0.0], [0.0,0.0], [0.0,0.0]]
EXIT 2 FunctionExit_8 [[-Infinity,Infinity], [-Infinity,Infinity], [18.0,18.0], [-Infinity,Infinity], [-Infinity,Infinity], [-Infinity,Infinity], [-Infinity,Infinity], [0.0,0.0], [0.0,0.0], [-Infinity,Infinity], [0.0,0.0], [0.0,0.0], [0.0,0.0], [0.0,0.0], [0.0,0.0], [0.0,0.0], [0.0,0.0], [0.0,0.0], [0.0,0.0], [0.0,0.0]]
ENTRY 2 FunctionDefinition_9 [[-Infinity,Infinity], [-Infinity,Infinity], [18.0,18.0], [-Infinity,Infinity], [-Infinity,Infinity], [-Infinity,Infinity], [0.0,0.0], [0.0,0.0], [0.0,0.0], [0.0,0.0], [0.0,0.0], [0.0,0.0], [0.0,0.0], [0.0,0.0], [0.0,0.0], [0.0,0.0], [0.0,0.0], [0.0,0.0], [0.0,0.0], [0.0,0.0]]
EXIT 2 FunctionDefinition_9 [[-Infinity,Infinity], [-Infinity,Infinity], [18.0,18.0], [-Infinity,Infinity], [-Infinity,Infinity], [-Infinity,Infinity], [0.0,0.0], [0.0,0.0], [0.0,0.0], [0.0,0.0], [0.0,0.0], [0.0,0.0], [0.0,0.0], [0.0,0.0], [0.0,0.0], [0.0,0.0], [0.0,0.0], [0.0,0.0], [0.0,0.0], [0.0,0.0]]
ENTRY 2 FunctionEntry_9 [[-Infinity,Infinity], [-Infinity,Infinity], [18.0,18.0], [-Infinity,Infinity], [-Infinity,Infinity], [-Infinity,Infinity], [0.0,0.0], [0.0,0.0], [0.0,0.0], [0.0,0.0], [0.0,0.0], [0.0,0.0], [0.0,0.0], [0.0,0.0], [0.0,0.0], [0.0,0.0], [0.0,0.0], [0.0,0.0], [0.0,0.0], [0.0,0.0]]
EXIT 2 FunctionEntry_9 [[-Infinity,Infinity], [-Infinity,Infinity], [18.0,18.0], [-Infinity,Infinity], [-Infinity,Infinity], [-Infinity,Infinity], [0.0,0.0], [0.0,0.0], [0.0,0.0], [0.0,0.0], [0.0,0.0], [0.0,0.0], [0.0,0.0], [0.0,0.0], [0.0,0.0], [0.0,0.0], [0.0,0.0], [0.0,0.0], [0.0,0.0], [0.0,0.0]]
ENTRY 2 ExpressionStatement_5 [[-Infinity,Infinity], [-Infinity,Infinity], [18.0,18.0], [-Infinity,Infinity], [-Infinity,Infinity], [-Infinity,Infinity], [0.0,0.0], [0.0,0.0], [0.0,0.0], [0.0,0.0], [0.0,0.0], [0.0,0.0], [0.0,0.0], [0.0,0.0], [0.0,0.0], [0.0,0.0], [0.0,0.0], [0.0,0.0], [0.0,0.0], [0.0,0.0]]
EXIT 2 ExpressionStatement_5 [[-Infinity,Infinity], [-Infinity,Infinity], [18.0,18.0], [-Infinity,Infinity], [-Infinity,Infinity], [-Infinity,Infinity], [0.0,0.0], [0.0,0.0], [0.0,0.0], [0.0,0.0], [0.0,0.0], [-Infinity,Infinity], [0.0,0.0], [0.0,0.0], [0.0,0.0], [0.0,0.0], [0.0,0.0], [0.0,0.0], [0.0,0.0], [0.0,0.0]]
ENTRY 2 EmitStatement_2 [[-Infinity,Infinity], [-Infinity,Infinity], [18.0,18.0], [-Infinity,Infinity], [-Infinity,Infinity], [-Infinity,Infinity], [0.0,0.0], [0.0,0.0], [0.0,0.0], [0.0,0.0], [0.0,0.0], [-Infinity,Infinity], [0.0,0.0], [0.0,0.0], [0.0,0.0], [0.0,0.0], [0.0,0.0], [0.0,0.0], [0.0,0.0], [0.0,0.0]]
EXIT 2 EmitStatement_2 [[-Infinity,Infinity], [-Infinity,Infinity], [18.0,18.0], [-Infinity,Infinity], [-Infinity,Infinity], [-Infinity,Infinity], [0.0,0.0], [0.0,0.0], [0.0,0.0], [0.0,0.0], [0.0,0.0], [-Infinity,Infinity], [0.0,0.0], [0.0,0.0], [0.0,0.0], [0.0,0.0], [0.0,0.0], [0.0,0.0], [0.0,0.0], [0.0,0.0]]
ENTRY 2 Return_2 [[-Infinity,Infinity], [-Infinity,Infinity], [18.0,18.0], [-Infinity,Infinity], [-Infinity,Infinity], [-Infinity,Infinity], [0.0,0.0], [0.0,0.0], [0.0,0.0], [0.0,0.0], [0.0,0.0], [-Infinity,Infinity], [0.0,0.0], [0.0,0.0], [0.0,0.0], [0.0,0.0], [0.0,0.0], [0.0,0.0], [0.0,0.0], [0.0,0.0]]
EXIT 2 Return_2 [[-Infinity,Infinity], [-Infinity,Infinity], [18.0,18.0], [-Infinity,Infinity], [-Infinity,Infinity], [-Infinity,Infinity], [0.0,0.0], [0.0,0.0], [0.0,0.0], [0.0,0.0], [0.0,0.0], [-Infinity,Infinity], [0.0,0.0], [0.0,0.0], [0.0,0.0], [0.0,0.0], [0.0,0.0], [0.0,0.0], [0.0,0.0], [0.0,0.0]]
ENTRY 2 FunctionExit_9 [[-Infinity,Infinity], [-Infinity,Infinity], [18.0,18.0], [-Infinity,Infinity], [-Infinity,Infinity], [-Infinity,Infinity], [0.0,0.0], [0.0,0.0], [0.0,0.0], [0.0,0.0], [0.0,0.0], [-Infinity,Infinity], [0.0,0.0], [0.0,0.0], [0.0,0.0], [0.0,0.0], [0.0,0.0], [0.0,0.0], [0.0,0.0], [0.0,0.0]]
EXIT 2 FunctionExit_9 [[-Infinity,Infinity], [-Infinity,Infinity], [18.0,18.0], [-Infinity,Infinity], [-Infinity,Infinity], [-Infinity,Infinity], [0.0,0.0], [0.0,0.0], [0.0,0.0], [0.0,0.0], [0.0,0.0], [-Infinity,Infinity], [0.0,0.0], [0.0,0.0], [0.0,0.0], [0.0,0.0], [0.0,0.0], [0.0,0.0], [0.0,0.0], [0.0,0.0]]
ENTRY 2 FunctionDefinition_10 [[-Infinity,Infinity], [-Infinity,Infinity], [18.0,18.0], [-Infinity,Infinity], [-Infinity,Infinity], [-Infinity,Infinity], [0.0,0.0], [0.0,0.0], [0.0,0.0], [0.0,0.0], [0.0,0.0], [0.0,0.0], [0.0,0.0], [0.0,0.0], [0.0,0.0], [0.0,0.0], [0.0,0.0], [0.0,0.0], [0.0,0.0], [0.0,0.0]]
EXIT 2 FunctionDefinition_10 [[-Infinity,Infinity], [-Infinity,Infinity], [18.0,18.0], [-Infinity,Infinity], [-Infinity,Infinity], [-Infinity,Infinity], [0.0,0.0], [0.0,0.0], [0.0,0.0], [0.0,0.0], [0.0,0.0], [0.0,0.0], [0.0,0.0], [0.0,0.0], [0.0,0.0], [0.0,0.0], [0.0,0.0], [0.0,0.0], [0.0,0.0], [0.0,0.0]]
ENTRY 2 FunctionEntry_10 [[-Infinity,Infinity], [-Infinity,Infinity], [18.0,18.0], [-Infinity,Infinity], [-Infinity,Infinity], [-Infinity,Infinity], [0.0,0.0], [0.0,0.0], [0.0,0.0], [0.0,0.0], [0.0,0.0], [0.0,0.0], [0.0,0.0], [0.0,0.0], [0.0,0.0], [0.0,0.0], [0.0,0.0], [0.0,0.0], [0.0,0.0], [0.0,0.0]]
EXIT 2 FunctionEntry_10 [[-Infinity,Infinity], [-Infinity,Infinity], [18.0,18.0], [-Infinity,Infinity], [-Infinity,Infinity], [-Infinity,Infinity], [0.0,0.0], [0.0,0.0], [0.0,0.0], [0.0,0.0], [0.0,0.0], [0.0,0.0], [0.0,0.0], [0.0,0.0], [0.0,0.0], [0.0,0.0], [0.0,0.0], [0.0,0.0], [0.0,0.0], [0.0,0.0]]
ENTRY 2 Return_3 [[-Infinity,Infinity], [-Infinity,Infinity], [18.0,18.0], [-Infinity,Infinity], [-Infinity,Infinity], [-Infinity,Infinity], [0.0,0.0], [0.0,0.0], [0.0,0.0], [0.0,0.0], [0.0,0.0], [0.0,0.0], [0.0,0.0], [0.0,0.0], [0.0,0.0], [0.0,0.0], [0.0,0.0], [0.0,0.0], [0.0,0.0], [0.0,0.0]]
EXIT 2 Return_3 [[-Infinity,Infinity], [-Infinity,Infinity], [18.0,18.0], [-Infinity,Infinity], [-Infinity,Infinity], [-Infinity,Infinity], [0.0,0.0], [0.0,0.0], [0.0,0.0], [0.0,0.0], [0.0,0.0], [0.0,0.0], [0.0,0.0], [0.0,0.0], [0.0,0.0], [0.0,0.0], [0.0,0.0], [0.0,0.0], [0.0,0.0], [0.0,0.0]]
ENTRY 2 FunctionExit_10 [[-Infinity,Infinity], [-Infinity,Infinity], [18.0,18.0], [-Infinity,Infinity], [-Infinity,Infinity], [-Infinity,Infinity], [0.0,0.0], [0.0,0.0], [0.0,0.0], [0.0,0.0], [0.0,0.0], [0.0,0.0], [0.0,0.0], [0.0,0.0], [0.0,0.0], [0.0,0.0], [0.0,0.0], [0.0,0.0], [0.0,0.0], [0.0,0.0]]
EXIT 2 FunctionExit_10 [[-Infinity,Infinity], [-Infinity,Infinity], [18.0,18.0], [-Infinity,Infinity], [-Infinity,Infinity], [-Infinity,Infinity], [0.0,0.0], [0.0,0.0], [0.0,0.0], [0.0,0.0], [0.0,0.0], [0.0,0.0], [0.0,0.0], [0.0,0.0], [0.0,0.0], [0.0,0.0], [0.0,0.0], [0.0,0.0], [0.0,0.0], [0.0,0.0]]
ENTRY 2 FunctionDefinition_11 [[-Infinity,Infinity], [-Infinity,Infinity], [18.0,18.0], [-Infinity,Infinity], [-Infinity,Infinity], [-Infinity,Infinity], [0.0,0.0], [0.0,0.0], [0.0,0.0], [0.0,0.0], [0.0,0.0], [0.0,0.0], [0.0,0.0], [0.0,0.0], [0.0,0.0], [0.0,0.0], [0.0,0.0], [0.0,0.0], [0.0,0.0], [0.0,0.0]]
EXIT 2 FunctionDefinition_11 [[-Infinity,Infinity], [-Infinity,Infinity], [18.0,18.0], [-Infinity,Infinity], [-Infinity,Infinity], [-Infinity,Infinity], [0.0,0.0], [0.0,0.0], [0.0,0.0], [0.0,0.0], [0.0,0.0], [0.0,0.0], [0.0,0.0], [0.0,0.0], [0.0,0.0], [0.0,0.0], [0.0,0.0], [0.0,0.0], [0.0,0.0], [0.0,0.0]]
ENTRY 2 FunctionEntry_11 [[-Infinity,Infinity], [-Infinity,Infinity], [18.0,18.0], [-Infinity,Infinity], [-Infinity,Infinity], [-Infinity,Infinity], [0.0,0.0], [0.0,0.0], [0.0,0.0], [0.0,0.0], [0.0,0.0], [0.0,0.0], [0.0,0.0], [0.0,0.0], [0.0,0.0], [0.0,0.0], [0.0,0.0], [0.0,0.0], [0.0,0.0], [0.0,0.0]]
EXIT 2 FunctionEntry_11 [[-Infinity,Infinity], [-Infinity,Infinity], [18.0,18.0], [-Infinity,Infinity], [-Infinity,Infinity], [-Infinity,Infinity], [0.0,0.0], [0.0,0.0], [0.0,0.0], [0.0,0.0], [0.0,0.0], [0.0,0.0], [0.0,0.0], [0.0,0.0], [0.0,0.0], [0.0,0.0], [0.0,0.0], [0.0,0.0], [0.0,0.0], [0.0,0.0]]
ENTRY 2 ExpressionStatement_6 [[-Infinity,Infinity], [-Infinity,Infinity], [18.0,18.0], [-Infinity,Infinity], [-Infinity,Infinity], [-Infinity,Infinity], [0.0,0.0], [0.0,0.0], [0.0,0.0], [0.0,0.0], [0.0,0.0], [0.0,0.0], [0.0,0.0], [0.0,0.0], [0.0,0.0], [0.0,0.0], [0.0,0.0], [0.0,0.0], [0.0,0.0], [0.0,0.0]]
EXIT 2 ExpressionStatement_6 [[-Infinity,Infinity], [-Infinity,Infinity], [18.0,18.0], [-Infinity,Infinity], [-Infinity,Infinity], [-Infinity,Infinity], [0.0,0.0], [0.0,0.0], [0.0,0.0], [0.0,0.0], [0.0,0.0], [0.0,0.0], [0.0,0.0], [0.0,0.0], [0.0,0.0], [0.0,0.0], [0.0,0.0], [0.0,0.0], [0.0,0.0], [0.0,0.0]]
ENTRY 2 ExpressionStatement_7 [[-Infinity,Infinity], [-Infinity,Infinity], [18.0,18.0], [-Infinity,Infinity], [-Infinity,Infinity], [-Infinity,Infinity], [0.0,0.0], [0.0,0.0], [0.0,0.0], [0.0,0.0], [0.0,0.0], [0.0,0.0], [0.0,0.0], [0.0,0.0], [0.0,0.0], [0.0,0.0], [0.0,0.0], [0.0,0.0], [0.0,0.0], [0.0,0.0]]
EXIT 2 ExpressionStatement_7 [[-Infinity,Infinity], [-Infinity,Infinity], [18.0,18.0], [-Infinity,Infinity], [-Infinity,Infinity], [-Infinity,Infinity], [0.0,0.0], [0.0,0.0], [0.0,0.0], [0.0,0.0], [0.0,0.0], [0.0,0.0], [0.0,0.0], [0.0,0.0], [0.0,0.0], [0.0,0.0], [0.0,0.0], [0.0,0.0], [0.0,0.0], [0.0,0.0]]
ENTRY 2 ExpressionStatement_8 [[-Infinity,Infinity], [-Infinity,Infinity], [18.0,18.0], [-Infinity,Infinity], [-Infinity,Infinity], [-Infinity,Infinity], [0.0,0.0], [0.0,0.0], [0.0,0.0], [0.0,0.0], [0.0,0.0], [0.0,0.0], [0.0,0.0], [0.0,0.0], [0.0,0.0], [0.0,0.0], [0.0,0.0], [0.0,0.0], [0.0,0.0], [0.0,0.0]]
EXIT 2 ExpressionStatement_8 [[-Infinity,Infinity], [-Infinity,Infinity], [18.0,18.0], [-Infinity,Infinity], [-Infinity,Infinity], [-Infinity,Infinity], [0.0,0.0], [0.0,0.0], [0.0,0.0], [0.0,0.0], [0.0,0.0], [0.0,0.0], [0.0,0.0], [0.0,0.0], [-Infinity,Infinity], [0.0,0.0], [0.0,0.0], [0.0,0.0], [0.0,0.0], [0.0,0.0]]
ENTRY 2 ExpressionStatement_9 [[-Infinity,Infinity], [-Infinity,Infinity], [18.0,18.0], [-Infinity,Infinity], [-Infinity,Infinity], [-Infinity,Infinity], [0.0,0.0], [0.0,0.0], [0.0,0.0], [0.0,0.0], [0.0,0.0], [0.0,0.0], [0.0,0.0], [0.0,0.0], [-Infinity,Infinity], [0.0,0.0], [0.0,0.0], [0.0,0.0], [0.0,0.0], [0.0,0.0]]
EXIT 2 ExpressionStatement_9 [[-Infinity,Infinity], [-Infinity,Infinity], [18.0,18.0], [-Infinity,Infinity], [-Infinity,Infinity], [-Infinity,Infinity], [0.0,0.0], [0.0,0.0], [0.0,0.0], [0.0,0.0], [0.0,0.0], [0.0,0.0], [0.0,0.0], [0.0,0.0], [-Infinity,Infinity], [0.0,0.0], [0.0,0.0], [0.0,0.0], [0.0,0.0], [0.0,0.0]]
ENTRY 2 ExpressionStatement_10 [[-Infinity,Infinity], [-Infinity,Infinity], [18.0,18.0], [-Infinity,Infinity], [-Infinity,Infinity], [-Infinity,Infinity], [0.0,0.0], [0.0,0.0], [0.0,0.0], [0.0,0.0], [0.0,0.0], [0.0,0.0], [0.0,0.0], [0.0,0.0], [-Infinity,Infinity], [0.0,0.0], [0.0,0.0], [0.0,0.0], [0.0,0.0], [0.0,0.0]]
EXIT 2 ExpressionStatement_10 [[-Infinity,Infinity], [-Infinity,Infinity], [18.0,18.0], [-Infinity,Infinity], [-Infinity,Infinity], [-Infinity,Infinity], [0.0,0.0], [0.0,0.0], [0.0,0.0], [-Infinity,Infinity], [0.0,0.0], [0.0,0.0], [0.0,0.0], [0.0,0.0], [-Infinity,Infinity], [0.0,0.0], [0.0,0.0], [0.0,0.0], [0.0,0.0], [0.0,0.0]]
ENTRY 2 EmitStatement_3 [[-Infinity,Infinity], [-Infinity,Infinity], [18.0,18.0], [-Infinity,Infinity], [-Infinity,Infinity], [-Infinity,Infinity], [0.0,0.0], [0.0,0.0], [0.0,0.0], [-Infinity,Infinity], [0.0,0.0], [0.0,0.0], [0.0,0.0], [0.0,0.0], [-Infinity,Infinity], [0.0,0.0], [0.0,0.0], [0.0,0.0], [0.0,0.0], [0.0,0.0]]
EXIT 2 EmitStatement_3 [[-Infinity,Infinity], [-Infinity,Infinity], [18.0,18.0], [-Infinity,Infinity], [-Infinity,Infinity], [-Infinity,Infinity], [0.0,0.0], [0.0,0.0], [0.0,0.0], [-Infinity,Infinity], [0.0,0.0], [0.0,0.0], [0.0,0.0], [0.0,0.0], [-Infinity,Infinity], [0.0,0.0], [0.0,0.0], [0.0,0.0], [0.0,0.0], [0.0,0.0]]
ENTRY 2 Return_4 [[-Infinity,Infinity], [-Infinity,Infinity], [18.0,18.0], [-Infinity,Infinity], [-Infinity,Infinity], [-Infinity,Infinity], [0.0,0.0], [0.0,0.0], [0.0,0.0], [-Infinity,Infinity], [0.0,0.0], [0.0,0.0], [0.0,0.0], [0.0,0.0], [-Infinity,Infinity], [0.0,0.0], [0.0,0.0], [0.0,0.0], [0.0,0.0], [0.0,0.0]]
EXIT 2 Return_4 [[-Infinity,Infinity], [-Infinity,Infinity], [18.0,18.0], [-Infinity,Infinity], [-Infinity,Infinity], [-Infinity,Infinity], [0.0,0.0], [0.0,0.0], [0.0,0.0], [-Infinity,Infinity], [0.0,0.0], [0.0,0.0], [0.0,0.0], [0.0,0.0], [-Infinity,Infinity], [0.0,0.0], [0.0,0.0], [0.0,0.0], [0.0,0.0], [0.0,0.0]]
ENTRY 2 FunctionExit_11 [[-Infinity,Infinity], [-Infinity,Infinity], [18.0,18.0], [-Infinity,Infinity], [-Infinity,Infinity], [-Infinity,Infinity], [0.0,0.0], [0.0,0.0], [0.0,0.0], [-Infinity,Infinity], [0.0,0.0], [0.0,0.0], [0.0,0.0], [0.0,0.0], [-Infinity,Infinity], [0.0,0.0], [0.0,0.0], [0.0,0.0], [0.0,0.0], [0.0,0.0]]
EXIT 2 FunctionExit_11 [[-Infinity,Infinity], [-Infinity,Infinity], [18.0,18.0], [-Infinity,Infinity], [-Infinity,Infinity], [-Infinity,Infinity], [0.0,0.0], [0.0,0.0], [0.0,0.0], [-Infinity,Infinity], [0.0,0.0], [0.0,0.0], [0.0,0.0], [0.0,0.0], [-Infinity,Infinity], [0.0,0.0], [0.0,0.0], [0.0,0.0], [0.0,0.0], [0.0,0.0]]
ENTRY 2 FunctionDefinition_12 [[-Infinity,Infinity], [-Infinity,Infinity], [18.0,18.0], [-Infinity,Infinity], [-Infinity,Infinity], [-Infinity,Infinity], [0.0,0.0], [0.0,0.0], [0.0,0.0], [0.0,0.0], [0.0,0.0], [0.0,0.0], [0.0,0.0], [0.0,0.0], [0.0,0.0], [0.0,0.0], [0.0,0.0], [0.0,0.0], [0.0,0.0], [0.0,0.0]]
EXIT 2 FunctionDefinition_12 [[-Infinity,Infinity], [-Infinity,Infinity], [18.0,18.0], [-Infinity,Infinity], [-Infinity,Infinity], [-Infinity,Infinity], [0.0,0.0], [0.0,0.0], [0.0,0.0], [0.0,0.0], [0.0,0.0], [0.0,0.0], [0.0,0.0], [0.0,0.0], [0.0,0.0], [0.0,0.0], [0.0,0.0], [0.0,0.0], [0.0,0.0], [0.0,0.0]]
ENTRY 2 FunctionEntry_12 [[-Infinity,Infinity], [-Infinity,Infinity], [18.0,18.0], [-Infinity,Infinity], [-Infinity,Infinity], [-Infinity,Infinity], [0.0,0.0], [0.0,0.0], [0.0,0.0], [0.0,0.0], [0.0,0.0], [0.0,0.0], [0.0,0.0], [0.0,0.0], [0.0,0.0], [0.0,0.0], [0.0,0.0], [0.0,0.0], [0.0,0.0], [0.0,0.0]]
EXIT 2 FunctionEntry_12 [[-Infinity,Infinity], [-Infinity,Infinity], [18.0,18.0], [-Infinity,Infinity], [-Infinity,Infinity], [-Infinity,Infinity], [0.0,0.0], [0.0,0.0], [0.0,0.0], [0.0,0.0], [0.0,0.0], [0.0,0.0], [0.0,0.0], [0.0,0.0], [0.0,0.0], [0.0,0.0], [0.0,0.0], [0.0,0.0], [0.0,0.0], [0.0,0.0]]
ENTRY 2 ExpressionStatement_11 [[-Infinity,Infinity], [-Infinity,Infinity], [18.0,18.0], [-Infinity,Infinity], [-Infinity,Infinity], [-Infinity,Infinity], [0.0,0.0], [0.0,0.0], [0.0,0.0], [0.0,0.0], [0.0,0.0], [0.0,0.0], [0.0,0.0], [0.0,0.0], [0.0,0.0], [0.0,0.0], [0.0,0.0], [0.0,0.0], [0.0,0.0], [0.0,0.0]]
EXIT 2 ExpressionStatement_11 [[-Infinity,Infinity], [-Infinity,Infinity], [18.0,18.0], [-Infinity,Infinity], [-Infinity,Infinity], [-Infinity,Infinity], [0.0,0.0], [0.0,0.0], [0.0,0.0], [0.0,0.0], [0.0,0.0], [0.0,0.0], [0.0,0.0], [0.0,0.0], [0.0,0.0], [0.0,0.0], [0.0,0.0], [0.0,0.0], [0.0,0.0], [0.0,0.0]]
ENTRY 2 Return_5 [[-Infinity,Infinity], [-Infinity,Infinity], [18.0,18.0], [-Infinity,Infinity], [-Infinity,Infinity], [-Infinity,Infinity], [0.0,0.0], [0.0,0.0], [0.0,0.0], [0.0,0.0], [0.0,0.0], [0.0,0.0], [0.0,0.0], [0.0,0.0], [0.0,0.0], [0.0,0.0], [0.0,0.0], [0.0,0.0], [0.0,0.0], [0.0,0.0]]
EXIT 2 Return_5 [[-Infinity,Infinity], [-Infinity,Infinity], [18.0,18.0], [-Infinity,Infinity], [-Infinity,Infinity], [-Infinity,Infinity], [0.0,0.0], [0.0,0.0], [0.0,0.0], [0.0,0.0], [0.0,0.0], [0.0,0.0], [0.0,0.0], [0.0,0.0], [0.0,0.0], [0.0,0.0], [0.0,0.0], [0.0,0.0], [0.0,0.0], [0.0,0.0]]
ENTRY 2 FunctionExit_12 [[-Infinity,Infinity], [-Infinity,Infinity], [18.0,18.0], [-Infinity,Infinity], [-Infinity,Infinity], [-Infinity,Infinity], [0.0,0.0], [0.0,0.0], [0.0,0.0], [0.0,0.0], [0.0,0.0], [0.0,0.0], [0.0,0.0], [0.0,0.0], [0.0,0.0], [0.0,0.0], [0.0,0.0], [0.0,0.0], [0.0,0.0], [0.0,0.0]]
EXIT 2 FunctionExit_12 [[-Infinity,Infinity], [-Infinity,Infinity], [18.0,18.0], [-Infinity,Infinity], [-Infinity,Infinity], [-Infinity,Infinity], [0.0,0.0], [0.0,0.0], [0.0,0.0], [0.0,0.0], [0.0,0.0], [0.0,0.0], [0.0,0.0], [0.0,0.0], [0.0,0.0], [0.0,0.0], [0.0,0.0], [0.0,0.0], [0.0,0.0], [0.0,0.0]]
ENTRY 2 FunctionDefinition_13 [[-Infinity,Infinity], [-Infinity,Infinity], [18.0,18.0], [-Infinity,Infinity], [-Infinity,Infinity], [-Infinity,Infinity], [0.0,0.0], [0.0,0.0], [0.0,0.0], [0.0,0.0], [0.0,0.0], [0.0,0.0], [0.0,0.0], [0.0,0.0], [0.0,0.0], [0.0,0.0], [0.0,0.0], [0.0,0.0], [0.0,0.0], [0.0,0.0]]
EXIT 2 FunctionDefinition_13 [[-Infinity,Infinity], [-Infinity,Infinity], [18.0,18.0], [-Infinity,Infinity], [-Infinity,Infinity], [-Infinity,Infinity], [0.0,0.0], [0.0,0.0], [0.0,0.0], [0.0,0.0], [0.0,0.0], [0.0,0.0], [0.0,0.0], [0.0,0.0], [0.0,0.0], [0.0,0.0], [0.0,0.0], [0.0,0.0], [0.0,0.0], [0.0,0.0]]
ENTRY 2 FunctionEntry_13 [[-Infinity,Infinity], [-Infinity,Infinity], [18.0,18.0], [-Infinity,Infinity], [-Infinity,Infinity], [-Infinity,Infinity], [0.0,0.0], [0.0,0.0], [0.0,0.0], [0.0,0.0], [0.0,0.0], [0.0,0.0], [0.0,0.0], [0.0,0.0], [0.0,0.0], [0.0,0.0], [0.0,0.0], [0.0,0.0], [0.0,0.0], [0.0,0.0]]
EXIT 2 FunctionEntry_13 [[-Infinity,Infinity], [-Infinity,Infinity], [18.0,18.0], [-Infinity,Infinity], [-Infinity,Infinity], [-Infinity,Infinity], [0.0,0.0], [0.0,0.0], [0.0,0.0], [0.0,0.0], [0.0,0.0], [0.0,0.0], [0.0,0.0], [0.0,0.0], [0.0,0.0], [0.0,0.0], [0.0,0.0], [0.0,0.0], [0.0,0.0], [0.0,0.0]]
ENTRY 2 VariableDeclarationStatement_0 [[-Infinity,Infinity], [-Infinity,Infinity], [18.0,18.0], [-Infinity,Infinity], [-Infinity,Infinity], [-Infinity,Infinity], [0.0,0.0], [0.0,0.0], [0.0,0.0], [0.0,0.0], [0.0,0.0], [0.0,0.0], [0.0,0.0], [0.0,0.0], [0.0,0.0], [0.0,0.0], [0.0,0.0], [0.0,0.0], [0.0,0.0], [0.0,0.0]]
EXIT 2 VariableDeclarationStatement_0 [[-Infinity,Infinity], [-Infinity,Infinity], [18.0,18.0], [-Infinity,Infinity], [-Infinity,Infinity], [-Infinity,Infinity], [0.0,0.0], [0.0,0.0], [0.0,0.0], [0.0,0.0], [0.0,0.0], [0.0,0.0], [0.0,0.0], [0.0,0.0], [0.0,0.0], [0.0,0.0], [0.0,0.0], [0.0,0.0], [-Infinity,Infinity], [0.0,0.0]]
ENTRY 2 ExpressionStatement_12 [[-Infinity,Infinity], [-Infinity,Infinity], [18.0,18.0], [-Infinity,Infinity], [-Infinity,Infinity], [-Infinity,Infinity], [0.0,0.0], [0.0,0.0], [0.0,0.0], [0.0,0.0], [0.0,0.0], [0.0,0.0], [0.0,0.0], [0.0,0.0], [0.0,0.0], [0.0,0.0], [0.0,0.0], [0.0,0.0], [-Infinity,Infinity], [0.0,0.0]]
EXIT 2 ExpressionStatement_12 [[-Infinity,Infinity], [-Infinity,Infinity], [18.0,18.0], [-Infinity,Infinity], [-Infinity,Infinity], [-Infinity,Infinity], [0.0,0.0], [0.0,0.0], [0.0,0.0], [0.0,0.0], [0.0,0.0], [0.0,0.0], [0.0,0.0], [0.0,0.0], [0.0,0.0], [0.0,0.0], [0.0,0.0], [0.0,0.0], [-Infinity,Infinity], [0.0,0.0]]
ENTRY 2 VariableDeclarationStatement_1 [[-Infinity,Infinity], [-Infinity,Infinity], [18.0,18.0], [-Infinity,Infinity], [-Infinity,Infinity], [-Infinity,Infinity], [0.0,0.0], [0.0,0.0], [0.0,0.0], [0.0,0.0], [0.0,0.0], [0.0,0.0], [0.0,0.0], [0.0,0.0], [0.0,0.0], [0.0,0.0], [0.0,0.0], [0.0,0.0], [-Infinity,Infinity], [0.0,0.0]]
EXIT 2 VariableDeclarationStatement_1 [[-Infinity,Infinity], [-Infinity,Infinity], [18.0,18.0], [-Infinity,Infinity], [-Infinity,Infinity], [-Infinity,Infinity], [0.0,0.0], [0.0,0.0], [0.0,0.0], [0.0,0.0], [0.0,0.0], [0.0,0.0], [0.0,0.0], [0.0,0.0], [0.0,0.0], [0.0,0.0], [0.0,0.0], [0.0,0.0], [-Infinity,Infinity], [0.0,0.0]]
ENTRY 2 ForLoopContinue_0 [[-Infinity,Infinity], [-Infinity,Infinity], [18.0,18.0], [-Infinity,Infinity], [-Infinity,Infinity], [-Infinity,Infinity], [0.0,0.0], [0.0,0.0], [0.0,0.0], [0.0,0.0], [0.0,0.0], [0.0,0.0], [0.0,0.0], [0.0,0.0], [0.0,0.0], [0.0,0.0], [0.0,0.0], [0.0,0.0], [-Infinity,Infinity], [0.0,Infinity]]
EXIT 2 ForLoopContinue_0 [[-Infinity,Infinity], [-Infinity,Infinity], [18.0,18.0], [-Infinity,Infinity], [-Infinity,Infinity], [-Infinity,Infinity], [0.0,0.0], [0.0,0.0], [0.0,0.0], [0.0,0.0], [0.0,0.0], [0.0,0.0], [0.0,0.0], [0.0,0.0], [0.0,0.0], [0.0,0.0], [0.0,0.0], [0.0,0.0], [-Infinity,Infinity], [0.0,Infinity]]
ENTRY 2 ForStatement_0 [[-Infinity,Infinity], [-Infinity,Infinity], [18.0,18.0], [-Infinity,Infinity], [-Infinity,Infinity], [-Infinity,Infinity], [0.0,0.0], [0.0,0.0], [0.0,0.0], [0.0,0.0], [0.0,0.0], [0.0,0.0], [0.0,0.0], [0.0,0.0], [0.0,0.0], [0.0,0.0], [0.0,0.0], [0.0,0.0], [-Infinity,Infinity], [0.0,Infinity]]
EXIT 2 ForStatement_0 [[1.0,-1.0], [1.0,-1.0], [1.0,-1.0], [1.0,-1.0], [1.0,-1.0], [1.0,-1.0], [1.0,-1.0], [1.0,-1.0], [1.0,-1.0], [1.0,-1.0], [1.0,-1.0], [1.0,-1.0], [1.0,-1.0], [1.0,-1.0], [1.0,-1.0], [1.0,-1.0], [1.0,-1.0], [1.0,-1.0], [1.0,-1.0], [1.0,-1.0]]
ENTRY 2 ForLoopJoin_0 [[-Infinity,Infinity], [-Infinity,Infinity], [18.0,18.0], [-Infinity,Infinity], [-Infinity,Infinity], [-Infinity,Infinity], [0.0,0.0], [0.0,0.0], [0.0,0.0], [0.0,0.0], [0.0,0.0], [0.0,0.0], [0.0,0.0], [0.0,0.0], [0.0,0.0], [0.0,0.0], [0.0,0.0], [0.0,0.0], [-Infinity,Infinity], [0.0,Infinity]]
EXIT 2 ForLoopJoin_0 [[-Infinity,Infinity], [-Infinity,Infinity], [18.0,18.0], [-Infinity,Infinity], [-Infinity,Infinity], [-Infinity,Infinity], [0.0,0.0], [0.0,0.0], [0.0,0.0], [0.0,0.0], [0.0,0.0], [0.0,0.0], [0.0,0.0], [0.0,0.0], [0.0,0.0], [0.0,0.0], [0.0,0.0], [0.0,0.0], [-Infinity,Infinity], [0.0,Infinity]]
ENTRY 2 Return_6 [[-Infinity,Infinity], [-Infinity,Infinity], [18.0,18.0], [-Infinity,Infinity], [-Infinity,Infinity], [-Infinity,Infinity], [0.0,0.0], [0.0,0.0], [0.0,0.0], [0.0,0.0], [0.0,0.0], [0.0,0.0], [0.0,0.0], [0.0,0.0], [0.0,0.0], [0.0,0.0], [0.0,0.0], [0.0,0.0], [-Infinity,Infinity], [0.0,Infinity]]
EXIT 2 Return_6 [[-Infinity,Infinity], [-Infinity,Infinity], [18.0,18.0], [-Infinity,Infinity], [-Infinity,Infinity], [-Infinity,Infinity], [0.0,0.0], [0.0,0.0], [0.0,0.0], [0.0,0.0], [0.0,0.0], [0.0,0.0], [0.0,0.0], [0.0,0.0], [0.0,0.0], [0.0,0.0], [0.0,0.0], [0.0,0.0], [-Infinity,Infinity], [0.0,Infinity]]
ENTRY 2 FunctionExit_13 [[-Infinity,Infinity], [-Infinity,Infinity], [18.0,18.0], [-Infinity,Infinity], [-Infinity,Infinity], [-Infinity,Infinity], [0.0,0.0], [0.0,0.0], [0.0,0.0], [0.0,0.0], [0.0,0.0], [0.0,0.0], [0.0,0.0], [0.0,0.0], [0.0,0.0], [0.0,0.0], [0.0,0.0], [0.0,0.0], [-Infinity,Infinity], [0.0,Infinity]]
EXIT 2 FunctionExit_13 [[-Infinity,Infinity], [-Infinity,Infinity], [18.0,18.0], [-Infinity,Infinity], [-Infinity,Infinity], [-Infinity,Infinity], [0.0,0.0], [0.0,0.0], [0.0,0.0], [0.0,0.0], [0.0,0.0], [0.0,0.0], [0.0,0.0], [0.0,0.0], [0.0,0.0], [0.0,0.0], [0.0,0.0], [0.0,0.0], [-Infinity,Infinity], [0.0,Infinity]]
ENTRY 2 ExpressionStatement_13 [[-Infinity,Infinity], [-Infinity,Infinity], [18.0,18.0], [-Infinity,Infinity], [-Infinity,Infinity], [-Infinity,Infinity], [0.0,0.0], [0.0,0.0], [0.0,0.0], [0.0,0.0], [0.0,0.0], [0.0,0.0], [0.0,0.0], [0.0,0.0], [0.0,0.0], [0.0,0.0], [0.0,0.0], [0.0,0.0], [-Infinity,Infinity], [0.0,Infinity]]
EXIT 2 ExpressionStatement_13 [[-Infinity,Infinity], [-Infinity,Infinity], [18.0,18.0], [-Infinity,Infinity], [-Infinity,Infinity], [-Infinity,Infinity], [0.0,0.0], [0.0,0.0], [0.0,0.0], [0.0,0.0], [0.0,0.0], [0.0,0.0], [0.0,0.0], [0.0,0.0], [0.0,0.0], [0.0,0.0], [0.0,0.0], [0.0,0.0], [-Infinity,Infinity], [0.0,Infinity]]
ENTRY 2 ExpressionStatement_14 [[-Infinity,Infinity], [-Infinity,Infinity], [18.0,18.0], [-Infinity,Infinity], [-Infinity,Infinity], [-Infinity,Infinity], [0.0,0.0], [0.0,0.0], [0.0,0.0], [0.0,0.0], [0.0,0.0], [0.0,0.0], [0.0,0.0], [0.0,0.0], [0.0,0.0], [0.0,0.0], [0.0,0.0], [0.0,0.0], [-Infinity,Infinity], [0.0,Infinity]]
EXIT 2 ExpressionStatement_14 [[-Infinity,Infinity], [-Infinity,Infinity], [18.0,18.0], [-Infinity,Infinity], [-Infinity,Infinity], [-Infinity,Infinity], [0.0,0.0], [0.0,0.0], [0.0,0.0], [0.0,0.0], [0.0,0.0], [0.0,0.0], [0.0,0.0], [0.0,0.0], [0.0,0.0], [0.0,0.0], [0.0,0.0], [0.0,0.0], [-Infinity,Infinity], [1.0,Infinity]]
ENTRY 2 FunctionDefinition_14 [[-Infinity,Infinity], [-Infinity,Infinity], [18.0,18.0], [-Infinity,Infinity], [-Infinity,Infinity], [-Infinity,Infinity], [0.0,0.0], [0.0,0.0], [0.0,0.0], [0.0,0.0], [0.0,0.0], [0.0,0.0], [0.0,0.0], [0.0,0.0], [0.0,0.0], [0.0,0.0], [0.0,0.0], [0.0,0.0], [0.0,0.0], [0.0,0.0]]
EXIT 2 FunctionDefinition_14 [[-Infinity,Infinity], [-Infinity,Infinity], [18.0,18.0], [-Infinity,Infinity], [-Infinity,Infinity], [-Infinity,Infinity], [0.0,0.0], [0.0,0.0], [0.0,0.0], [0.0,0.0], [0.0,0.0], [0.0,0.0], [0.0,0.0], [0.0,0.0], [0.0,0.0], [0.0,0.0], [0.0,0.0], [0.0,0.0], [0.0,0.0], [0.0,0.0]]
ENTRY 2 FunctionEntry_14 [[-Infinity,Infinity], [-Infinity,Infinity], [18.0,18.0], [-Infinity,Infinity], [-Infinity,Infinity], [-Infinity,Infinity], [0.0,0.0], [0.0,0.0], [0.0,0.0], [0.0,0.0], [0.0,0.0], [0.0,0.0], [0.0,0.0], [0.0,0.0], [0.0,0.0], [0.0,0.0], [0.0,0.0], [0.0,0.0], [0.0,0.0], [0.0,0.0]]
EXIT 2 FunctionEntry_14 [[-Infinity,Infinity], [-Infinity,Infinity], [18.0,18.0], [-Infinity,Infinity], [-Infinity,Infinity], [-Infinity,Infinity], [0.0,0.0], [0.0,0.0], [0.0,0.0], [0.0,0.0], [0.0,0.0], [0.0,0.0], [0.0,0.0], [0.0,0.0], [0.0,0.0], [0.0,0.0], [0.0,0.0], [0.0,0.0], [0.0,0.0], [0.0,0.0]]
ENTRY 2 Return_7 [[-Infinity,Infinity], [-Infinity,Infinity], [18.0,18.0], [-Infinity,Infinity], [-Infinity,Infinity], [-Infinity,Infinity], [0.0,0.0], [0.0,0.0], [0.0,0.0], [0.0,0.0], [0.0,0.0], [0.0,0.0], [0.0,0.0], [0.0,0.0], [0.0,0.0], [0.0,0.0], [0.0,0.0], [0.0,0.0], [0.0,0.0], [0.0,0.0]]
EXIT 2 Return_7 [[-Infinity,Infinity], [-Infinity,Infinity], [18.0,18.0], [-Infinity,Infinity], [-Infinity,Infinity], [-Infinity,Infinity], [0.0,0.0], [0.0,0.0], [0.0,0.0], [0.0,0.0], [0.0,0.0], [0.0,0.0], [0.0,0.0], [0.0,0.0], [0.0,0.0], [0.0,0.0], [0.0,0.0], [0.0,0.0], [0.0,0.0], [0.0,0.0]]
ENTRY 2 FunctionExit_14 [[-Infinity,Infinity], [-Infinity,Infinity], [18.0,18.0], [-Infinity,Infinity], [-Infinity,Infinity], [-Infinity,Infinity], [0.0,0.0], [0.0,0.0], [0.0,0.0], [0.0,0.0], [0.0,0.0], [0.0,0.0], [0.0,0.0], [0.0,0.0], [0.0,0.0], [0.0,0.0], [0.0,0.0], [0.0,0.0], [0.0,0.0], [0.0,0.0]]
EXIT 2 FunctionExit_14 [[-Infinity,Infinity], [-Infinity,Infinity], [18.0,18.0], [-Infinity,Infinity], [-Infinity,Infinity], [-Infinity,Infinity], [0.0,0.0], [0.0,0.0], [0.0,0.0], [0.0,0.0], [0.0,0.0], [0.0,0.0], [0.0,0.0], [0.0,0.0], [0.0,0.0], [0.0,0.0], [0.0,0.0], [0.0,0.0], [0.0,0.0], [0.0,0.0]]
ENTRY 3 SourceEntry_0 [[0.0,0.0], [0.0,0.0], [0.0,0.0], [0.0,0.0], [0.0,0.0], [0.0,0.0], [0.0,0.0], [0.0,0.0], [0.0,0.0], [0.0,0.0], [0.0,0.0], [0.0,0.0], [0.0,0.0], [0.0,0.0], [0.0,0.0], [0.0,0.0], [0.0,0.0], [0.0,0.0], [0.0,0.0], [0.0,0.0]]
EXIT 3 SourceEntry_0 [[-Infinity,Infinity], [-Infinity,Infinity], [18.0,18.0], [-Infinity,Infinity], [-Infinity,Infinity], [-Infinity,Infinity], [0.0,0.0], [0.0,0.0], [0.0,0.0], [0.0,0.0], [0.0,0.0], [0.0,0.0], [0.0,0.0], [0.0,0.0], [0.0,0.0], [0.0,0.0], [0.0,0.0], [0.0,0.0], [0.0,0.0], [0.0,0.0]]
ENTRY 3 SourceUnit_0 [[-Infinity,Infinity], [-Infinity,Infinity], [18.0,18.0], [-Infinity,Infinity], [-Infinity,Infinity], [-Infinity,Infinity], [0.0,0.0], [0.0,0.0], [0.0,0.0], [0.0,0.0], [0.0,0.0], [0.0,0.0], [0.0,0.0], [0.0,0.0], [0.0,0.0], [0.0,0.0], [0.0,0.0], [0.0,0.0], [0.0,0.0], [0.0,0.0]]
EXIT 3 SourceUnit_0 [[-Infinity,Infinity], [-Infinity,Infinity], [18.0,18.0], [-Infinity,Infinity], [-Infinity,Infinity], [-Infinity,Infinity], [0.0,0.0], [0.0,0.0], [0.0,0.0], [0.0,0.0], [0.0,0.0], [0.0,0.0], [0.0,0.0], [0.0,0.0], [0.0,0.0], [0.0,0.0], [0.0,0.0], [0.0,0.0], [0.0,0.0], [0.0,0.0]]
ENTRY 3 PragmaDirective_0 [[-Infinity,Infinity], [-Infinity,Infinity], [18.0,18.0], [-Infinity,Infinity], [-Infinity,Infinity], [-Infinity,Infinity], [0.0,0.0], [0.0,0.0], [0.0,0.0], [0.0,0.0], [0.0,0.0], [0.0,0.0], [0.0,0.0], [0.0,0.0], [0.0,0.0], [0.0,0.0], [0.0,0.0], [0.0,0.0], [0.0,0.0], [0.0,0.0]]
EXIT 3 PragmaDirective_0 [[-Infinity,Infinity], [-Infinity,Infinity], [18.0,18.0], [-Infinity,Infinity], [-Infinity,Infinity], [-Infinity,Infinity], [0.0,0.0], [0.0,0.0], [0.0,0.0], [0.0,0.0], [0.0,0.0], [0.0,0.0], [0.0,0.0], [0.0,0.0], [0.0,0.0], [0.0,0.0], [0.0,0.0], [0.0,0.0], [0.0,0.0], [0.0,0.0]]
ENTRY 3 SourceExit_0 [[-Infinity,Infinity], [-Infinity,Infinity], [18.0,18.0], [-Infinity,Infinity], [-Infinity,Infinity], [-Infinity,Infinity], [-Infinity,Infinity], [0.0,0.0], [0.0,0.0], [-Infinity,Infinity], [0.0,0.0], [-Infinity,Infinity], [0.0,0.0], [0.0,0.0], [-Infinity,Infinity], [0.0,0.0], [0.0,0.0], [0.0,0.0], [-Infinity,Infinity], [0.0,Infinity]]
EXIT 3 SourceExit_0 [[-Infinity,Infinity], [-Infinity,Infinity], [18.0,18.0], [-Infinity,Infinity], [-Infinity,Infinity], [-Infinity,Infinity], [-Infinity,Infinity], [0.0,0.0], [0.0,0.0], [-Infinity,Infinity], [0.0,0.0], [-Infinity,Infinity], [0.0,0.0], [0.0,0.0], [-Infinity,Infinity], [0.0,0.0], [0.0,0.0], [0.0,0.0], [-Infinity,Infinity], [0.0,Infinity]]
ENTRY 3 ContractDefinition_0 [[-Infinity,Infinity], [-Infinity,Infinity], [18.0,18.0], [-Infinity,Infinity], [-Infinity,Infinity], [-Infinity,Infinity], [0.0,0.0], [0.0,0.0], [0.0,0.0], [0.0,0.0], [0.0,0.0], [0.0,0.0], [0.0,0.0], [0.0,0.0], [0.0,0.0], [0.0,0.0], [0.0,0.0], [0.0,0.0], [0.0,0.0], [0.0,0.0]]
EXIT 3 ContractDefinition_0 [[-Infinity,Infinity], [-Infinity,Infinity], [18.0,18.0], [-Infinity,Infinity], [-Infinity,Infinity], [-Infinity,Infinity], [0.0,0.0], [0.0,0.0], [0.0,0.0], [0.0,0.0], [0.0,0.0], [0.0,0.0], [0.0,0.0], [0.0,0.0], [0.0,0.0], [0.0,0.0], [0.0,0.0], [0.0,0.0], [0.0,0.0], [0.0,0.0]]
ENTRY 3 FunctionDefinition_0 [[-Infinity,Infinity], [-Infinity,Infinity], [18.0,18.0], [-Infinity,Infinity], [-Infinity,Infinity], [-Infinity,Infinity], [0.0,0.0], [0.0,0.0], [0.0,0.0], [0.0,0.0], [0.0,0.0], [0.0,0.0], [0.0,0.0], [0.0,0.0], [0.0,0.0], [0.0,0.0], [0.0,0.0], [0.0,0.0], [0.0,0.0], [0.0,0.0]]
EXIT 3 FunctionDefinition_0 [[-Infinity,Infinity], [-Infinity,Infinity], [18.0,18.0], [-Infinity,Infinity], [-Infinity,Infinity], [-Infinity,Infinity], [0.0,0.0], [0.0,0.0], [0.0,0.0], [0.0,0.0], [0.0,0.0], [0.0,0.0], [0.0,0.0], [0.0,0.0], [0.0,0.0], [0.0,0.0], [0.0,0.0], [0.0,0.0], [0.0,0.0], [0.0,0.0]]
ENTRY 3 FunctionEntry_0 [[-Infinity,Infinity], [-Infinity,Infinity], [18.0,18.0], [-Infinity,Infinity], [-Infinity,Infinity], [-Infinity,Infinity], [0.0,0.0], [0.0,0.0], [0.0,0.0], [0.0,0.0], [0.0,0.0], [0.0,0.0], [0.0,0.0], [0.0,0.0], [0.0,0.0], [0.0,0.0], [0.0,0.0], [0.0,0.0], [0.0,0.0], [0.0,0.0]]
EXIT 3 FunctionEntry_0 [[-Infinity,Infinity], [-Infinity,Infinity], [18.0,18.0], [-Infinity,Infinity], [-Infinity,Infinity], [-Infinity,Infinity], [0.0,0.0], [0.0,0.0], [0.0,0.0], [0.0,0.0], [0.0,0.0], [0.0,0.0], [0.0,0.0], [0.0,0.0], [0.0,0.0], [0.0,0.0], [0.0,0.0], [0.0,0.0], [0.0,0.0], [0.0,0.0]]
ENTRY 3 FunctionDefinition_1 [[-Infinity,Infinity], [-Infinity,Infinity], [18.0,18.0], [-Infinity,Infinity], [-Infinity,Infinity], [-Infinity,Infinity], [0.0,0.0], [0.0,0.0], [0.0,0.0], [0.0,0.0], [0.0,0.0], [0.0,0.0], [0.0,0.0], [0.0,0.0], [0.0,0.0], [0.0,0.0], [0.0,0.0], [0.0,0.0], [0.0,0.0], [0.0,0.0]]
EXIT 3 FunctionDefinition_1 [[-Infinity,Infinity], [-Infinity,Infinity], [18.0,18.0], [-Infinity,Infinity], [-Infinity,Infinity], [-Infinity,Infinity], [0.0,0.0], [0.0,0.0], [0.0,0.0], [0.0,0.0], [0.0,0.0], [0.0,0.0], [0.0,0.0], [0.0,0.0], [0.0,0.0], [0.0,0.0], [0.0,0.0], [0.0,0.0], [0.0,0.0], [0.0,0.0]]
ENTRY 3 FunctionEntry_1 [[-Infinity,Infinity], [-Infinity,Infinity], [18.0,18.0], [-Infinity,Infinity], [-Infinity,Infinity], [-Infinity,Infinity], [0.0,0.0], [0.0,0.0], [0.0,0.0], [0.0,0.0], [0.0,0.0], [0.0,0.0], [0.0,0.0], [0.0,0.0], [0.0,0.0], [0.0,0.0], [0.0,0.0], [0.0,0.0], [0.0,0.0], [0.0,0.0]]
EXIT 3 FunctionEntry_1 [[-Infinity,Infinity], [-Infinity,Infinity], [18.0,18.0], [-Infinity,Infinity], [-Infinity,Infinity], [-Infinity,Infinity], [0.0,0.0], [0.0,0.0], [0.0,0.0], [0.0,0.0], [0.0,0.0], [0.0,0.0], [0.0,0.0], [0.0,0.0], [0.0,0.0], [0.0,0.0], [0.0,0.0], [0.0,0.0], [0.0,0.0], [0.0,0.0]]
ENTRY 3 FunctionDefinition_2 [[-Infinity,Infinity], [-Infinity,Infinity], [18.0,18.0], [-Infinity,Infinity], [-Infinity,Infinity], [-Infinity,Infinity], [0.0,0.0], [0.0,0.0], [0.0,0.0], [0.0,0.0], [0.0,0.0], [0.0,0.0], [0.0,0.0], [0.0,0.0], [0.0,0.0], [0.0,0.0], [0.0,0.0], [0.0,0.0], [0.0,0.0], [0.0,0.0]]
EXIT 3 FunctionDefinition_2 [[-Infinity,Infinity], [-Infinity,Infinity], [18.0,18.0], [-Infinity,Infinity], [-Infinity,Infinity], [-Infinity,Infinity], [0.0,0.0], [0.0,0.0], [0.0,0.0], [0.0,0.0], [0.0,0.0], [0.0,0.0], [0.0,0.0], [0.0,0.0], [0.0,0.0], [0.0,0.0], [0.0,0.0], [0.0,0.0], [0.0,0.0], [0.0,0.0]]
ENTRY 3 FunctionEntry_2 [[-Infinity,Infinity], [-Infinity,Infinity], [18.0,18.0], [-Infinity,Infinity], [-Infinity,Infinity], [-Infinity,Infinity], [0.0,0.0], [0.0,0.0], [0.0,0.0], [0.0,0.0], [0.0,0.0], [0.0,0.0], [0.0,0.0], [0.0,0.0], [0.0,0.0], [0.0,0.0], [0.0,0.0], [0.0,0.0], [0.0,0.0], [0.0,0.0]]
EXIT 3 FunctionEntry_2 [[-Infinity,Infinity], [-Infinity,Infinity], [18.0,18.0], [-Infinity,Infinity], [-Infinity,Infinity], [-Infinity,Infinity], [0.0,0.0], [0.0,0.0], [0.0,0.0], [0.0,0.0], [0.0,0.0], [0.0,0.0], [0.0,0.0], [0.0,0.0], [0.0,0.0], [0.0,0.0], [0.0,0.0], [0.0,0.0], [0.0,0.0], [0.0,0.0]]
ENTRY 3 FunctionDefinition_3 [[-Infinity,Infinity], [-Infinity,Infinity], [18.0,18.0], [-Infinity,Infinity], [-Infinity,Infinity], [-Infinity,Infinity], [0.0,0.0], [0.0,0.0], [0.0,0.0], [0.0,0.0], [0.0,0.0], [0.0,0.0], [0.0,0.0], [0.0,0.0], [0.0,0.0], [0.0,0.0], [0.0,0.0], [0.0,0.0], [0.0,0.0], [0.0,0.0]]
EXIT 3 FunctionDefinition_3 [[-Infinity,Infinity], [-Infinity,Infinity], [18.0,18.0], [-Infinity,Infinity], [-Infinity,Infinity], [-Infinity,Infinity], [0.0,0.0], [0.0,0.0], [0.0,0.0], [0.0,0.0], [0.0,0.0], [0.0,0.0], [0.0,0.0], [0.0,0.0], [0.0,0.0], [0.0,0.0], [0.0,0.0], [0.0,0.0], [0.0,0.0], [0.0,0.0]]
ENTRY 3 FunctionEntry_3 [[-Infinity,Infinity], [-Infinity,Infinity], [18.0,18.0], [-Infinity,Infinity], [-Infinity,Infinity], [-Infinity,Infinity], [0.0,0.0], [0.0,0.0], [0.0,0.0], [0.0,0.0], [0.0,0.0], [0.0,0.0], [0.0,0.0], [0.0,0.0], [0.0,0.0], [0.0,0.0], [0.0,0.0], [0.0,0.0], [0.0,0.0], [0.0,0.0]]
EXIT 3 FunctionEntry_3 [[-Infinity,Infinity], [-Infinity,Infinity], [18.0,18.0], [-Infinity,Infinity], [-Infinity,Infinity], [-Infinity,Infinity], [0.0,0.0], [0.0,0.0], [0.0,0.0], [0.0,0.0], [0.0,0.0], [0.0,0.0], [0.0,0.0], [0.0,0.0], [0.0,0.0], [0.0,0.0], [0.0,0.0], [0.0,0.0], [0.0,0.0], [0.0,0.0]]
ENTRY 3 FunctionDefinition_4 [[-Infinity,Infinity], [-Infinity,Infinity], [18.0,18.0], [-Infinity,Infinity], [-Infinity,Infinity], [-Infinity,Infinity], [0.0,0.0], [0.0,0.0], [0.0,0.0], [0.0,0.0], [0.0,0.0], [0.0,0.0], [0.0,0.0], [0.0,0.0], [0.0,0.0], [0.0,0.0], [0.0,0.0], [0.0,0.0], [0.0,0.0], [0.0,0.0]]
EXIT 3 FunctionDefinition_4 [[-Infinity,Infinity], [-Infinity,Infinity], [18.0,18.0], [-Infinity,Infinity], [-Infinity,Infinity], [-Infinity,Infinity], [0.0,0.0], [0.0,0.0], [0.0,0.0], [0.0,0.0], [0.0,0.0], [0.0,0.0], [0.0,0.0], [0.0,0.0], [0.0,0.0], [0.0,0.0], [0.0,0.0], [0.0,0.0], [0.0,0.0], [0.0,0.0]]
ENTRY 3 FunctionEntry_4 [[-Infinity,Infinity], [-Infinity,Infinity], [18.0,18.0], [-Infinity,Infinity], [-Infinity,Infinity], [-Infinity,Infinity], [0.0,0.0], [0.0,0.0], [0.0,0.0], [0.0,0.0], [0.0,0.0], [0.0,0.0], [0.0,0.0], [0.0,0.0], [0.0,0.0], [0.0,0.0], [0.0,0.0], [0.0,0.0], [0.0,0.0], [0.0,0.0]]
EXIT 3 FunctionEntry_4 [[-Infinity,Infinity], [-Infinity,Infinity], [18.0,18.0], [-Infinity,Infinity], [-Infinity,Infinity], [-Infinity,Infinity], [0.0,0.0], [0.0,0.0], [0.0,0.0], [0.0,0.0], [0.0,0.0], [0.0,0.0], [0.0,0.0], [0.0,0.0], [0.0,0.0], [0.0,0.0], [0.0,0.0], [0.0,0.0], [0.0,0.0], [0.0,0.0]]
ENTRY 3 FunctionDefinition_5 [[-Infinity,Infinity], [-Infinity,Infinity], [18.0,18.0], [-Infinity,Infinity], [-Infinity,Infinity], [-Infinity,Infinity], [0.0,0.0], [0.0,0.0], [0.0,0.0], [0.0,0.0], [0.0,0.0], [0.0,0.0], [0.0,0.0], [0.0,0.0], [0.0,0.0], [0.0,0.0], [0.0,0.0], [0.0,0.0], [0.0,0.0], [0.0,0.0]]
EXIT 3 FunctionDefinition_5 [[-Infinity,Infinity], [-Infinity,Infinity], [18.0,18.0], [-Infinity,Infinity], [-Infinity,Infinity], [-Infinity,Infinity], [0.0,0.0], [0.0,0.0], [0.0,0.0], [0.0,0.0], [0.0,0.0], [0.0,0.0], [0.0,0.0], [0.0,0.0], [0.0,0.0], [0.0,0.0], [0.0,0.0], [0.0,0.0], [0.0,0.0], [0.0,0.0]]
ENTRY 3 FunctionEntry_5 [[-Infinity,Infinity], [-Infinity,Infinity], [18.0,18.0], [-Infinity,Infinity], [-Infinity,Infinity], [-Infinity,Infinity], [0.0,0.0], [0.0,0.0], [0.0,0.0], [0.0,0.0], [0.0,0.0], [0.0,0.0], [0.0,0.0], [0.0,0.0], [0.0,0.0], [0.0,0.0], [0.0,0.0], [0.0,0.0], [0.0,0.0], [0.0,0.0]]
EXIT 3 FunctionEntry_5 [[-Infinity,Infinity], [-Infinity,Infinity], [18.0,18.0], [-Infinity,Infinity], [-Infinity,Infinity], [-Infinity,Infinity], [0.0,0.0], [0.0,0.0], [0.0,0.0], [0.0,0.0], [0.0,0.0], [0.0,0.0], [0.0,0.0], [0.0,0.0], [0.0,0.0], [0.0,0.0], [0.0,0.0], [0.0,0.0], [0.0,0.0], [0.0,0.0]]
ENTRY 3 EventDefinition_0 [[-Infinity,Infinity], [-Infinity,Infinity], [18.0,18.0], [-Infinity,Infinity], [-Infinity,Infinity], [-Infinity,Infinity], [0.0,0.0], [0.0,0.0], [0.0,0.0], [0.0,0.0], [0.0,0.0], [0.0,0.0], [0.0,0.0], [0.0,0.0], [0.0,0.0], [0.0,0.0], [0.0,0.0], [0.0,0.0], [0.0,0.0], [0.0,0.0]]
EXIT 3 EventDefinition_0 [[-Infinity,Infinity], [-Infinity,Infinity], [18.0,18.0], [-Infinity,Infinity], [-Infinity,Infinity], [-Infinity,Infinity], [0.0,0.0], [0.0,0.0], [0.0,0.0], [0.0,0.0], [0.0,0.0], [0.0,0.0], [0.0,0.0], [0.0,0.0], [0.0,0.0], [0.0,0.0], [0.0,0.0], [0.0,0.0], [0.0,0.0], [0.0,0.0]]
ENTRY 3 EventDefinition_1 [[-Infinity,Infinity], [-Infinity,Infinity], [18.0,18.0], [-Infinity,Infinity], [-Infinity,Infinity], [-Infinity,Infinity], [0.0,0.0], [0.0,0.0], [0.0,0.0], [0.0,0.0], [0.0,0.0], [0.0,0.0], [0.0,0.0], [0.0,0.0], [0.0,0.0], [0.0,0.0], [0.0,0.0], [0.0,0.0], [0.0,0.0], [0.0,0.0]]
EXIT 3 EventDefinition_1 [[-Infinity,Infinity], [-Infinity,Infinity], [18.0,18.0], [-Infinity,Infinity], [-Infinity,Infinity], [-Infinity,Infinity], [0.0,0.0], [0.0,0.0], [0.0,0.0], [0.0,0.0], [0.0,0.0], [0.0,0.0], [0.0,0.0], [0.0,0.0], [0.0,0.0], [0.0,0.0], [0.0,0.0], [0.0,0.0], [0.0,0.0], [0.0,0.0]]
ENTRY 3 ContractDefinition_1 [[-Infinity,Infinity], [-Infinity,Infinity], [18.0,18.0], [-Infinity,Infinity], [-Infinity,Infinity], [-Infinity,Infinity], [0.0,0.0], [0.0,0.0], [0.0,0.0], [0.0,0.0], [0.0,0.0], [0.0,0.0], [0.0,0.0], [0.0,0.0], [0.0,0.0], [0.0,0.0], [0.0,0.0], [0.0,0.0], [0.0,0.0], [0.0,0.0]]
EXIT 3 ContractDefinition_1 [[-Infinity,Infinity], [-Infinity,Infinity], [18.0,18.0], [-Infinity,Infinity], [-Infinity,Infinity], [-Infinity,Infinity], [0.0,0.0], [0.0,0.0], [0.0,0.0], [0.0,0.0], [0.0,0.0], [0.0,0.0], [0.0,0.0], [0.0,0.0], [0.0,0.0], [0.0,0.0], [0.0,0.0], [0.0,0.0], [0.0,0.0], [0.0,0.0]]
ENTRY 3 VariableDeclaration_0 [[-Infinity,Infinity], [-Infinity,Infinity], [18.0,18.0], [-Infinity,Infinity], [-Infinity,Infinity], [-Infinity,Infinity], [0.0,0.0], [0.0,0.0], [0.0,0.0], [0.0,0.0], [0.0,0.0], [0.0,0.0], [0.0,0.0], [0.0,0.0], [0.0,0.0], [0.0,0.0], [0.0,0.0], [0.0,0.0], [0.0,0.0], [0.0,0.0]]
EXIT 3 VariableDeclaration_0 [[-Infinity,Infinity], [-Infinity,Infinity], [18.0,18.0], [-Infinity,Infinity], [-Infinity,Infinity], [-Infinity,Infinity], [0.0,0.0], [0.0,0.0], [0.0,0.0], [0.0,0.0], [0.0,0.0], [0.0,0.0], [0.0,0.0], [0.0,0.0], [0.0,0.0], [0.0,0.0], [0.0,0.0], [0.0,0.0], [0.0,0.0], [0.0,0.0]]
ENTRY 3 VariableDeclaration_1 [[-Infinity,Infinity], [-Infinity,Infinity], [18.0,18.0], [-Infinity,Infinity], [-Infinity,Infinity], [-Infinity,Infinity], [0.0,0.0], [0.0,0.0], [0.0,0.0], [0.0,0.0], [0.0,0.0], [0.0,0.0], [0.0,0.0], [0.0,0.0], [0.0,0.0], [0.0,0.0], [0.0,0.0], [0.0,0.0], [0.0,0.0], [0.0,0.0]]
EXIT 3 VariableDeclaration_1 [[-Infinity,Infinity], [-Infinity,Infinity], [18.0,18.0], [-Infinity,Infinity], [-Infinity,Infinity], [-Infinity,Infinity], [0.0,0.0], [0.0,0.0], [0.0,0.0], [0.0,0.0], [0.0,0.0], [0.0,0.0], [0.0,0.0], [0.0,0.0], [0.0,0.0], [0.0,0.0], [0.0,0.0], [0.0,0.0], [0.0,0.0], [0.0,0.0]]
ENTRY 3 VariableDeclaration_2 [[-Infinity,Infinity], [-Infinity,Infinity], [18.0,18.0], [-Infinity,Infinity], [-Infinity,Infinity], [-Infinity,Infinity], [0.0,0.0], [0.0,0.0], [0.0,0.0], [0.0,0.0], [0.0,0.0], [0.0,0.0], [0.0,0.0], [0.0,0.0], [0.0,0.0], [0.0,0.0], [0.0,0.0], [0.0,0.0], [0.0,0.0], [0.0,0.0]]
EXIT 3 VariableDeclaration_2 [[-Infinity,Infinity], [-Infinity,Infinity], [18.0,18.0], [-Infinity,Infinity], [-Infinity,Infinity], [-Infinity,Infinity], [0.0,0.0], [0.0,0.0], [0.0,0.0], [0.0,0.0], [0.0,0.0], [0.0,0.0], [0.0,0.0], [0.0,0.0], [0.0,0.0], [0.0,0.0], [0.0,0.0], [0.0,0.0], [0.0,0.0], [0.0,0.0]]
ENTRY 3 VariableDeclaration_3 [[-Infinity,Infinity], [-Infinity,Infinity], [18.0,18.0], [-Infinity,Infinity], [-Infinity,Infinity], [-Infinity,Infinity], [0.0,0.0], [0.0,0.0], [0.0,0.0], [0.0,0.0], [0.0,0.0], [0.0,0.0], [0.0,0.0], [0.0,0.0], [0.0,0.0], [0.0,0.0], [0.0,0.0], [0.0,0.0], [0.0,0.0], [0.0,0.0]]
EXIT 3 VariableDeclaration_3 [[-Infinity,Infinity], [-Infinity,Infinity], [18.0,18.0], [-Infinity,Infinity], [-Infinity,Infinity], [-Infinity,Infinity], [0.0,0.0], [0.0,0.0], [0.0,0.0], [0.0,0.0], [0.0,0.0], [0.0,0.0], [0.0,0.0], [0.0,0.0], [0.0,0.0], [0.0,0.0], [0.0,0.0], [0.0,0.0], [0.0,0.0], [0.0,0.0]]
ENTRY 3 VariableDeclaration_4 [[-Infinity,Infinity], [-Infinity,Infinity], [18.0,18.0], [-Infinity,Infinity], [-Infinity,Infinity], [-Infinity,Infinity], [0.0,0.0], [0.0,0.0], [0.0,0.0], [0.0,0.0], [0.0,0.0], [0.0,0.0], [0.0,0.0], [0.0,0.0], [0.0,0.0], [0.0,0.0], [0.0,0.0], [0.0,0.0], [0.0,0.0], [0.0,0.0]]
EXIT 3 VariableDeclaration_4 [[-Infinity,Infinity], [-Infinity,Infinity], [18.0,18.0], [-Infinity,Infinity], [-Infinity,Infinity], [-Infinity,Infinity], [0.0,0.0], [0.0,0.0], [0.0,0.0], [0.0,0.0], [0.0,0.0], [0.0,0.0], [0.0,0.0], [0.0,0.0], [0.0,0.0], [0.0,0.0], [0.0,0.0], [0.0,0.0], [0.0,0.0], [0.0,0.0]]
ENTRY 3 VariableDeclaration_5 [[-Infinity,Infinity], [-Infinity,Infinity], [18.0,18.0], [-Infinity,Infinity], [-Infinity,Infinity], [-Infinity,Infinity], [0.0,0.0], [0.0,0.0], [0.0,0.0], [0.0,0.0], [0.0,0.0], [0.0,0.0], [0.0,0.0], [0.0,0.0], [0.0,0.0], [0.0,0.0], [0.0,0.0], [0.0,0.0], [0.0,0.0], [0.0,0.0]]
EXIT 3 VariableDeclaration_5 [[-Infinity,Infinity], [-Infinity,Infinity], [18.0,18.0], [-Infinity,Infinity], [-Infinity,Infinity], [-Infinity,Infinity], [0.0,0.0], [0.0,0.0], [0.0,0.0], [0.0,0.0], [0.0,0.0], [0.0,0.0], [0.0,0.0], [0.0,0.0], [0.0,0.0], [0.0,0.0], [0.0,0.0], [0.0,0.0], [0.0,0.0], [0.0,0.0]]
ENTRY 3 FunctionDefinition_6 [[-Infinity,Infinity], [-Infinity,Infinity], [18.0,18.0], [-Infinity,Infinity], [-Infinity,Infinity], [-Infinity,Infinity], [0.0,0.0], [0.0,0.0], [0.0,0.0], [0.0,0.0], [0.0,0.0], [0.0,0.0], [0.0,0.0], [0.0,0.0], [0.0,0.0], [0.0,0.0], [0.0,0.0], [0.0,0.0], [0.0,0.0], [0.0,0.0]]
EXIT 3 FunctionDefinition_6 [[-Infinity,Infinity], [-Infinity,Infinity], [18.0,18.0], [-Infinity,Infinity], [-Infinity,Infinity], [-Infinity,Infinity], [0.0,0.0], [0.0,0.0], [0.0,0.0], [0.0,0.0], [0.0,0.0], [0.0,0.0], [0.0,0.0], [0.0,0.0], [0.0,0.0], [0.0,0.0], [0.0,0.0], [0.0,0.0], [0.0,0.0], [0.0,0.0]]
ENTRY 3 FunctionEntry_6 [[-Infinity,Infinity], [-Infinity,Infinity], [18.0,18.0], [-Infinity,Infinity], [-Infinity,Infinity], [-Infinity,Infinity], [0.0,0.0], [0.0,0.0], [0.0,0.0], [0.0,0.0], [0.0,0.0], [0.0,0.0], [0.0,0.0], [0.0,0.0], [0.0,0.0], [0.0,0.0], [0.0,0.0], [0.0,0.0], [0.0,0.0], [0.0,0.0]]
EXIT 3 FunctionEntry_6 [[-Infinity,Infinity], [-Infinity,Infinity], [18.0,18.0], [-Infinity,Infinity], [-Infinity,Infinity], [-Infinity,Infinity], [0.0,0.0], [0.0,0.0], [0.0,0.0], [0.0,0.0], [0.0,0.0], [0.0,0.0], [0.0,0.0], [0.0,0.0], [0.0,0.0], [0.0,0.0], [0.0,0.0], [0.0,0.0], [0.0,0.0], [0.0,0.0]]
ENTRY 3 ExpressionStatement_0 [[-Infinity,Infinity], [-Infinity,Infinity], [18.0,18.0], [-Infinity,Infinity], [-Infinity,Infinity], [-Infinity,Infinity], [0.0,0.0], [0.0,0.0], [0.0,0.0], [0.0,0.0], [0.0,0.0], [0.0,0.0], [0.0,0.0], [0.0,0.0], [0.0,0.0], [0.0,0.0], [0.0,0.0], [0.0,0.0], [0.0,0.0], [0.0,0.0]]
EXIT 3 ExpressionStatement_0 [[-Infinity,Infinity], [-Infinity,Infinity], [18.0,18.0], [-Infinity,Infinity], [-Infinity,Infinity], [-Infinity,Infinity], [0.0,0.0], [0.0,0.0], [0.0,0.0], [0.0,0.0], [0.0,0.0], [0.0,0.0], [0.0,0.0], [0.0,0.0], [0.0,0.0], [0.0,0.0], [0.0,0.0], [0.0,0.0], [0.0,0.0], [0.0,0.0]]
ENTRY 3 ExpressionStatement_1 [[-Infinity,Infinity], [-Infinity,Infinity], [18.0,18.0], [-Infinity,Infinity], [-Infinity,Infinity], [-Infinity,Infinity], [0.0,0.0], [0.0,0.0], [0.0,0.0], [0.0,0.0], [0.0,0.0], [0.0,0.0], [0.0,0.0], [0.0,0.0], [0.0,0.0], [0.0,0.0], [0.0,0.0], [0.0,0.0], [0.0,0.0], [0.0,0.0]]
EXIT 3 ExpressionStatement_1 [[-Infinity,Infinity], [-Infinity,Infinity], [18.0,18.0], [-Infinity,Infinity], [-Infinity,Infinity], [-Infinity,Infinity], [-Infinity,Infinity], [0.0,0.0], [0.0,0.0], [0.0,0.0], [0.0,0.0], [0.0,0.0], [0.0,0.0], [0.0,0.0], [0.0,0.0], [0.0,0.0], [0.0,0.0], [0.0,0.0], [0.0,0.0], [0.0,0.0]]
ENTRY 3 EmitStatement_0 [[-Infinity,Infinity], [-Infinity,Infinity], [18.0,18.0], [-Infinity,Infinity], [-Infinity,Infinity], [-Infinity,Infinity], [-Infinity,Infinity], [0.0,0.0], [0.0,0.0], [0.0,0.0], [0.0,0.0], [0.0,0.0], [0.0,0.0], [0.0,0.0], [0.0,0.0], [0.0,0.0], [0.0,0.0], [0.0,0.0], [0.0,0.0], [0.0,0.0]]
EXIT 3 EmitStatement_0 [[-Infinity,Infinity], [-Infinity,Infinity], [18.0,18.0], [-Infinity,Infinity], [-Infinity,Infinity], [-Infinity,Infinity], [-Infinity,Infinity], [0.0,0.0], [0.0,0.0], [0.0,0.0], [0.0,0.0], [0.0,0.0], [0.0,0.0], [0.0,0.0], [0.0,0.0], [0.0,0.0], [0.0,0.0], [0.0,0.0], [0.0,0.0], [0.0,0.0]]
ENTRY 3 FunctionExit_6 [[-Infinity,Infinity], [-Infinity,Infinity], [18.0,18.0], [-Infinity,Infinity], [-Infinity,Infinity], [-Infinity,Infinity], [-Infinity,Infinity], [0.0,0.0], [0.0,0.0], [0.0,0.0], [0.0,0.0], [0.0,0.0], [0.0,0.0], [0.0,0.0], [0.0,0.0], [0.0,0.0], [0.0,0.0], [0.0,0.0], [0.0,0.0], [0.0,0.0]]
EXIT 3 FunctionExit_6 [[-Infinity,Infinity], [-Infinity,Infinity], [18.0,18.0], [-Infinity,Infinity], [-Infinity,Infinity], [-Infinity,Infinity], [-Infinity,Infinity], [0.0,0.0], [0.0,0.0], [0.0,0.0], [0.0,0.0], [0.0,0.0], [0.0,0.0], [0.0,0.0], [0.0,0.0], [0.0,0.0], [0.0,0.0], [0.0,0.0], [0.0,0.0], [0.0,0.0]]
ENTRY 3 FunctionDefinition_7 [[-Infinity,Infinity], [-Infinity,Infinity], [18.0,18.0], [-Infinity,Infinity], [-Infinity,Infinity], [-Infinity,Infinity], [0.0,0.0], [0.0,0.0], [0.0,0.0], [0.0,0.0], [0.0,0.0], [0.0,0.0], [0.0,0.0], [0.0,0.0], [0.0,0.0], [0.0,0.0], [0.0,0.0], [0.0,0.0], [0.0,0.0], [0.0,0.0]]
EXIT 3 FunctionDefinition_7 [[-Infinity,Infinity], [-Infinity,Infinity], [18.0,18.0], [-Infinity,Infinity], [-Infinity,Infinity], [-Infinity,Infinity], [0.0,0.0], [0.0,0.0], [0.0,0.0], [0.0,0.0], [0.0,0.0], [0.0,0.0], [0.0,0.0], [0.0,0.0], [0.0,0.0], [0.0,0.0], [0.0,0.0], [0.0,0.0], [0.0,0.0], [0.0,0.0]]
ENTRY 3 FunctionEntry_7 [[-Infinity,Infinity], [-Infinity,Infinity], [18.0,18.0], [-Infinity,Infinity], [-Infinity,Infinity], [-Infinity,Infinity], [0.0,0.0], [0.0,0.0], [0.0,0.0], [0.0,0.0], [0.0,0.0], [0.0,0.0], [0.0,0.0], [0.0,0.0], [0.0,0.0], [0.0,0.0], [0.0,0.0], [0.0,0.0], [0.0,0.0], [0.0,0.0]]
EXIT 3 FunctionEntry_7 [[-Infinity,Infinity], [-Infinity,Infinity], [18.0,18.0], [-Infinity,Infinity], [-Infinity,Infinity], [-Infinity,Infinity], [0.0,0.0], [0.0,0.0], [0.0,0.0], [0.0,0.0], [0.0,0.0], [0.0,0.0], [0.0,0.0], [0.0,0.0], [0.0,0.0], [0.0,0.0], [0.0,0.0], [0.0,0.0], [0.0,0.0], [0.0,0.0]]
ENTRY 3 Return_0 [[-Infinity,Infinity], [-Infinity,Infinity], [18.0,18.0], [-Infinity,Infinity], [-Infinity,Infinity], [-Infinity,Infinity], [0.0,0.0], [0.0,0.0], [0.0,0.0], [0.0,0.0], [0.0,0.0], [0.0,0.0], [0.0,0.0], [0.0,0.0], [0.0,0.0], [0.0,0.0], [0.0,0.0], [0.0,0.0], [0.0,0.0], [0.0,0.0]]
EXIT 3 Return_0 [[-Infinity,Infinity], [-Infinity,Infinity], [18.0,18.0], [-Infinity,Infinity], [-Infinity,Infinity], [-Infinity,Infinity], [0.0,0.0], [0.0,0.0], [0.0,0.0], [0.0,0.0], [0.0,0.0], [0.0,0.0], [0.0,0.0], [0.0,0.0], [0.0,0.0], [0.0,0.0], [0.0,0.0], [0.0,0.0], [0.0,0.0], [0.0,0.0]]
ENTRY 3 FunctionExit_7 [[-Infinity,Infinity], [-Infinity,Infinity], [18.0,18.0], [-Infinity,Infinity], [-Infinity,Infinity], [-Infinity,Infinity], [0.0,0.0], [0.0,0.0], [0.0,0.0], [0.0,0.0], [0.0,0.0], [0.0,0.0], [0.0,0.0], [0.0,0.0], [0.0,0.0], [0.0,0.0], [0.0,0.0], [0.0,0.0], [0.0,0.0], [0.0,0.0]]
EXIT 3 FunctionExit_7 [[-Infinity,Infinity], [-Infinity,Infinity], [18.0,18.0], [-Infinity,Infinity], [-Infinity,Infinity], [-Infinity,Infinity], [0.0,0.0], [0.0,0.0], [0.0,0.0], [0.0,0.0], [0.0,0.0], [0.0,0.0], [0.0,0.0], [0.0,0.0], [0.0,0.0], [0.0,0.0], [0.0,0.0], [0.0,0.0], [0.0,0.0], [0.0,0.0]]
ENTRY 3 FunctionDefinition_8 [[-Infinity,Infinity], [-Infinity,Infinity], [18.0,18.0], [-Infinity,Infinity], [-Infinity,Infinity], [-Infinity,Infinity], [0.0,0.0], [0.0,0.0], [0.0,0.0], [0.0,0.0], [0.0,0.0], [0.0,0.0], [0.0,0.0], [0.0,0.0], [0.0,0.0], [0.0,0.0], [0.0,0.0], [0.0,0.0], [0.0,0.0], [0.0,0.0]]
EXIT 3 FunctionDefinition_8 [[-Infinity,Infinity], [-Infinity,Infinity], [18.0,18.0], [-Infinity,Infinity], [-Infinity,Infinity], [-Infinity,Infinity], [0.0,0.0], [0.0,0.0], [0.0,0.0], [0.0,0.0], [0.0,0.0], [0.0,0.0], [0.0,0.0], [0.0,0.0], [0.0,0.0], [0.0,0.0], [0.0,0.0], [0.0,0.0], [0.0,0.0], [0.0,0.0]]
ENTRY 3 FunctionEntry_8 [[-Infinity,Infinity], [-Infinity,Infinity], [18.0,18.0], [-Infinity,Infinity], [-Infinity,Infinity], [-Infinity,Infinity], [0.0,0.0], [0.0,0.0], [0.0,0.0], [0.0,0.0], [0.0,0.0], [0.0,0.0], [0.0,0.0], [0.0,0.0], [0.0,0.0], [0.0,0.0], [0.0,0.0], [0.0,0.0], [0.0,0.0], [0.0,0.0]]
EXIT 3 FunctionEntry_8 [[-Infinity,Infinity], [-Infinity,Infinity], [18.0,18.0], [-Infinity,Infinity], [-Infinity,Infinity], [-Infinity,Infinity], [0.0,0.0], [0.0,0.0], [0.0,0.0], [0.0,0.0], [0.0,0.0], [0.0,0.0], [0.0,0.0], [0.0,0.0], [0.0,0.0], [0.0,0.0], [0.0,0.0], [0.0,0.0], [0.0,0.0], [0.0,0.0]]
ENTRY 3 ExpressionStatement_2 [[-Infinity,Infinity], [-Infinity,Infinity], [18.0,18.0], [-Infinity,Infinity], [-Infinity,Infinity], [-Infinity,Infinity], [0.0,0.0], [0.0,0.0], [0.0,0.0], [0.0,0.0], [0.0,0.0], [0.0,0.0], [0.0,0.0], [0.0,0.0], [0.0,0.0], [0.0,0.0], [0.0,0.0], [0.0,0.0], [0.0,0.0], [0.0,0.0]]
EXIT 3 ExpressionStatement_2 [[-Infinity,Infinity], [-Infinity,Infinity], [18.0,18.0], [-Infinity,Infinity], [-Infinity,Infinity], [-Infinity,Infinity], [0.0,0.0], [0.0,0.0], [0.0,0.0], [0.0,0.0], [0.0,0.0], [0.0,0.0], [0.0,0.0], [0.0,0.0], [0.0,0.0], [0.0,0.0], [0.0,0.0], [0.0,0.0], [0.0,0.0], [0.0,0.0]]
ENTRY 3 ExpressionStatement_3 [[-Infinity,Infinity], [-Infinity,Infinity], [18.0,18.0], [-Infinity,Infinity], [-Infinity,Infinity], [-Infinity,Infinity], [0.0,0.0], [0.0,0.0], [0.0,0.0], [0.0,0.0], [0.0,0.0], [0.0,0.0], [0.0,0.0], [0.0,0.0], [0.0,0.0], [0.0,0.0], [0.0,0.0], [0.0,0.0], [0.0,0.0], [0.0,0.0]]
EXIT 3 ExpressionStatement_3 [[-Infinity,Infinity], [-Infinity,Infinity], [18.0,18.0], [-Infinity,Infinity], [-Infinity,Infinity], [-Infinity,Infinity], [-Infinity,Infinity], [0.0,0.0], [0.0,0.0], [0.0,0.0], [0.0,0.0], [0.0,0.0], [0.0,0.0], [0.0,0.0], [0.0,0.0], [0.0,0.0], [0.0,0.0], [0.0,0.0], [0.0,0.0], [0.0,0.0]]
ENTRY 3 ExpressionStatement_4 [[-Infinity,Infinity], [-Infinity,Infinity], [18.0,18.0], [-Infinity,Infinity], [-Infinity,Infinity], [-Infinity,Infinity], [-Infinity,Infinity], [0.0,0.0], [0.0,0.0], [0.0,0.0], [0.0,0.0], [0.0,0.0], [0.0,0.0], [0.0,0.0], [0.0,0.0], [0.0,0.0], [0.0,0.0], [0.0,0.0], [0.0,0.0], [0.0,0.0]]
EXIT 3 ExpressionStatement_4 [[-Infinity,Infinity], [-Infinity,Infinity], [18.0,18.0], [-Infinity,Infinity], [-Infinity,Infinity], [-Infinity,Infinity], [-Infinity,Infinity], [0.0,0.0], [0.0,0.0], [-Infinity,Infinity], [0.0,0.0], [0.0,0.0], [0.0,0.0], [0.0,0.0], [0.0,0.0], [0.0,0.0], [0.0,0.0], [0.0,0.0], [0.0,0.0], [0.0,0.0]]
ENTRY 3 EmitStatement_1 [[-Infinity,Infinity], [-Infinity,Infinity], [18.0,18.0], [-Infinity,Infinity], [-Infinity,Infinity], [-Infinity,Infinity], [-Infinity,Infinity], [0.0,0.0], [0.0,0.0], [-Infinity,Infinity], [0.0,0.0], [0.0,0.0], [0.0,0.0], [0.0,0.0], [0.0,0.0], [0.0,0.0], [0.0,0.0], [0.0,0.0], [0.0,0.0], [0.0,0.0]]
EXIT 3 EmitStatement_1 [[-Infinity,Infinity], [-Infinity,Infinity], [18.0,18.0], [-Infinity,Infinity], [-Infinity,Infinity], [-Infinity,Infinity], [-Infinity,Infinity], [0.0,0.0], [0.0,0.0], [-Infinity,Infinity], [0.0,0.0], [0.0,0.0], [0.0,0.0], [0.0,0.0], [0.0,0.0], [0.0,0.0], [0.0,0.0], [0.0,0.0], [0.0,0.0], [0.0,0.0]]
ENTRY 3 Return_1 [[-Infinity,Infinity], [-Infinity,Infinity], [18.0,18.0], [-Infinity,Infinity], [-Infinity,Infinity], [-Infinity,Infinity], [-Infinity,Infinity], [0.0,0.0], [0.0,0.0], [-Infinity,Infinity], [0.0,0.0], [0.0,0.0], [0.0,0.0], [0.0,0.0], [0.0,0.0], [0.0,0.0], [0.0,0.0], [0.0,0.0], [0.0,0.0], [0.0,0.0]]
EXIT 3 Return_1 [[-Infinity,Infinity], [-Infinity,Infinity], [18.0,18.0], [-Infinity,Infinity], [-Infinity,Infinity], [-Infinity,Infinity], [-Infinity,Infinity], [0.0,0.0], [0.0,0.0], [-Infinity,Infinity], [0.0,0.0], [0.0,0.0], [0.0,0.0], [0.0,0.0], [0.0,0.0], [0.0,0.0], [0.0,0.0], [0.0,0.0], [0.0,0.0], [0.0,0.0]]
ENTRY 3 FunctionExit_8 [[-Infinity,Infinity], [-Infinity,Infinity], [18.0,18.0], [-Infinity,Infinity], [-Infinity,Infinity], [-Infinity,Infinity], [-Infinity,Infinity], [0.0,0.0], [0.0,0.0], [-Infinity,Infinity], [0.0,0.0], [0.0,0.0], [0.0,0.0], [0.0,0.0], [0.0,0.0], [0.0,0.0], [0.0,0.0], [0.0,0.0], [0.0,0.0], [0.0,0.0]]
EXIT 3 FunctionExit_8 [[-Infinity,Infinity], [-Infinity,Infinity], [18.0,18.0], [-Infinity,Infinity], [-Infinity,Infinity], [-Infinity,Infinity], [-Infinity,Infinity], [0.0,0.0], [0.0,0.0], [-Infinity,Infinity], [0.0,0.0], [0.0,0.0], [0.0,0.0], [0.0,0.0], [0.0,0.0], [0.0,0.0], [0.0,0.0], [0.0,0.0], [0.0,0.0], [0.0,0.0]]
ENTRY 3 FunctionDefinition_9 [[-Infinity,Infinity], [-Infinity,Infinity], [18.0,18.0], [-Infinity,Infinity], [-Infinity,Infinity], [-Infinity,Infinity], [0.0,0.0], [0.0,0.0], [0.0,0.0], [0.0,0.0], [0.0,0.0], [0.0,0.0], [0.0,0.0], [0.0,0.0], [0.0,0.0], [0.0,0.0], [0.0,0.0], [0.0,0.0], [0.0,0.0], [0.0,0.0]]
EXIT 3 FunctionDefinition_9 [[-Infinity,Infinity], [-Infinity,Infinity], [18.0,18.0], [-Infinity,Infinity], [-Infinity,Infinity], [-Infinity,Infinity], [0.0,0.0], [0.0,0.0], [0.0,0.0], [0.0,0.0], [0.0,0.0], [0.0,0.0], [0.0,0.0], [0.0,0.0], [0.0,0.0], [0.0,0.0], [0.0,0.0], [0.0,0.0], [0.0,0.0], [0.0,0.0]]
ENTRY 3 FunctionEntry_9 [[-Infinity,Infinity], [-Infinity,Infinity], [18.0,18.0], [-Infinity,Infinity], [-Infinity,Infinity], [-Infinity,Infinity], [0.0,0.0], [0.0,0.0], [0.0,0.0], [0.0,0.0], [0.0,0.0], [0.0,0.0], [0.0,0.0], [0.0,0.0], [0.0,0.0], [0.0,0.0], [0.0,0.0], [0.0,0.0], [0.0,0.0], [0.0,0.0]]
EXIT 3 FunctionEntry_9 [[-Infinity,Infinity], [-Infinity,Infinity], [18.0,18.0], [-Infinity,Infinity], [-Infinity,Infinity], [-Infinity,Infinity], [0.0,0.0], [0.0,0.0], [0.0,0.0], [0.0,0.0], [0.0,0.0], [0.0,0.0], [0.0,0.0], [0.0,0.0], [0.0,0.0], [0.0,0.0], [0.0,0.0], [0.0,0.0], [0.0,0.0], [0.0,0.0]]
ENTRY 3 ExpressionStatement_5 [[-Infinity,Infinity], [-Infinity,Infinity], [18.0,18.0], [-Infinity,Infinity], [-Infinity,Infinity], [-Infinity,Infinity], [0.0,0.0], [0.0,0.0], [0.0,0.0], [0.0,0.0], [0.0,0.0], [0.0,0.0], [0.0,0.0], [0.0,0.0], [0.0,0.0], [0.0,0.0], [0.0,0.0], [0.0,0.0], [0.0,0.0], [0.0,0.0]]
EXIT 3 ExpressionStatement_5 [[-Infinity,Infinity], [-Infinity,Infinity], [18.0,18.0], [-Infinity,Infinity], [-Infinity,Infinity], [-Infinity,Infinity], [0.0,0.0], [0.0,0.0], [0.0,0.0], [0.0,0.0], [0.0,0.0], [-Infinity,Infinity], [0.0,0.0], [0.0,0.0], [0.0,0.0], [0.0,0.0], [0.0,0.0], [0.0,0.0], [0.0,0.0], [0.0,0.0]]
ENTRY 3 EmitStatement_2 [[-Infinity,Infinity], [-Infinity,Infinity], [18.0,18.0], [-Infinity,Infinity], [-Infinity,Infinity], [-Infinity,Infinity], [0.0,0.0], [0.0,0.0], [0.0,0.0], [0.0,0.0], [0.0,0.0], [-Infinity,Infinity], [0.0,0.0], [0.0,0.0], [0.0,0.0], [0.0,0.0], [0.0,0.0], [0.0,0.0], [0.0,0.0], [0.0,0.0]]
EXIT 3 EmitStatement_2 [[-Infinity,Infinity], [-Infinity,Infinity], [18.0,18.0], [-Infinity,Infinity], [-Infinity,Infinity], [-Infinity,Infinity], [0.0,0.0], [0.0,0.0], [0.0,0.0], [0.0,0.0], [0.0,0.0], [-Infinity,Infinity], [0.0,0.0], [0.0,0.0], [0.0,0.0], [0.0,0.0], [0.0,0.0], [0.0,0.0], [0.0,0.0], [0.0,0.0]]
ENTRY 3 Return_2 [[-Infinity,Infinity], [-Infinity,Infinity], [18.0,18.0], [-Infinity,Infinity], [-Infinity,Infinity], [-Infinity,Infinity], [0.0,0.0], [0.0,0.0], [0.0,0.0], [0.0,0.0], [0.0,0.0], [-Infinity,Infinity], [0.0,0.0], [0.0,0.0], [0.0,0.0], [0.0,0.0], [0.0,0.0], [0.0,0.0], [0.0,0.0], [0.0,0.0]]
EXIT 3 Return_2 [[-Infinity,Infinity], [-Infinity,Infinity], [18.0,18.0], [-Infinity,Infinity], [-Infinity,Infinity], [-Infinity,Infinity], [0.0,0.0], [0.0,0.0], [0.0,0.0], [0.0,0.0], [0.0,0.0], [-Infinity,Infinity], [0.0,0.0], [0.0,0.0], [0.0,0.0], [0.0,0.0], [0.0,0.0], [0.0,0.0], [0.0,0.0], [0.0,0.0]]
ENTRY 3 FunctionExit_9 [[-Infinity,Infinity], [-Infinity,Infinity], [18.0,18.0], [-Infinity,Infinity], [-Infinity,Infinity], [-Infinity,Infinity], [0.0,0.0], [0.0,0.0], [0.0,0.0], [0.0,0.0], [0.0,0.0], [-Infinity,Infinity], [0.0,0.0], [0.0,0.0], [0.0,0.0], [0.0,0.0], [0.0,0.0], [0.0,0.0], [0.0,0.0], [0.0,0.0]]
EXIT 3 FunctionExit_9 [[-Infinity,Infinity], [-Infinity,Infinity], [18.0,18.0], [-Infinity,Infinity], [-Infinity,Infinity], [-Infinity,Infinity], [0.0,0.0], [0.0,0.0], [0.0,0.0], [0.0,0.0], [0.0,0.0], [-Infinity,Infinity], [0.0,0.0], [0.0,0.0], [0.0,0.0], [0.0,0.0], [0.0,0.0], [0.0,0.0], [0.0,0.0], [0.0,0.0]]
ENTRY 3 FunctionDefinition_10 [[-Infinity,Infinity], [-Infinity,Infinity], [18.0,18.0], [-Infinity,Infinity], [-Infinity,Infinity], [-Infinity,Infinity], [0.0,0.0], [0.0,0.0], [0.0,0.0], [0.0,0.0], [0.0,0.0], [0.0,0.0], [0.0,0.0], [0.0,0.0], [0.0,0.0], [0.0,0.0], [0.0,0.0], [0.0,0.0], [0.0,0.0], [0.0,0.0]]
EXIT 3 FunctionDefinition_10 [[-Infinity,Infinity], [-Infinity,Infinity], [18.0,18.0], [-Infinity,Infinity], [-Infinity,Infinity], [-Infinity,Infinity], [0.0,0.0], [0.0,0.0], [0.0,0.0], [0.0,0.0], [0.0,0.0], [0.0,0.0], [0.0,0.0], [0.0,0.0], [0.0,0.0], [0.0,0.0], [0.0,0.0], [0.0,0.0], [0.0,0.0], [0.0,0.0]]
ENTRY 3 FunctionEntry_10 [[-Infinity,Infinity], [-Infinity,Infinity], [18.0,18.0], [-Infinity,Infinity], [-Infinity,Infinity], [-Infinity,Infinity], [0.0,0.0], [0.0,0.0], [0.0,0.0], [0.0,0.0], [0.0,0.0], [0.0,0.0], [0.0,0.0], [0.0,0.0], [0.0,0.0], [0.0,0.0], [0.0,0.0], [0.0,0.0], [0.0,0.0], [0.0,0.0]]
EXIT 3 FunctionEntry_10 [[-Infinity,Infinity], [-Infinity,Infinity], [18.0,18.0], [-Infinity,Infinity], [-Infinity,Infinity], [-Infinity,Infinity], [0.0,0.0], [0.0,0.0], [0.0,0.0], [0.0,0.0], [0.0,0.0], [0.0,0.0], [0.0,0.0], [0.0,0.0], [0.0,0.0], [0.0,0.0], [0.0,0.0], [0.0,0.0], [0.0,0.0], [0.0,0.0]]
ENTRY 3 Return_3 [[-Infinity,Infinity], [-Infinity,Infinity], [18.0,18.0], [-Infinity,Infinity], [-Infinity,Infinity], [-Infinity,Infinity], [0.0,0.0], [0.0,0.0], [0.0,0.0], [0.0,0.0], [0.0,0.0], [0.0,0.0], [0.0,0.0], [0.0,0.0], [0.0,0.0], [0.0,0.0], [0.0,0.0], [0.0,0.0], [0.0,0.0], [0.0,0.0]]
EXIT 3 Return_3 [[-Infinity,Infinity], [-Infinity,Infinity], [18.0,18.0], [-Infinity,Infinity], [-Infinity,Infinity], [-Infinity,Infinity], [0.0,0.0], [0.0,0.0], [0.0,0.0], [0.0,0.0], [0.0,0.0], [0.0,0.0], [0.0,0.0], [0.0,0.0], [0.0,0.0], [0.0,0.0], [0.0,0.0], [0.0,0.0], [0.0,0.0], [0.0,0.0]]
ENTRY 3 FunctionExit_10 [[-Infinity,Infinity], [-Infinity,Infinity], [18.0,18.0], [-Infinity,Infinity], [-Infinity,Infinity], [-Infinity,Infinity], [0.0,0.0], [0.0,0.0], [0.0,0.0], [0.0,0.0], [0.0,0.0], [0.0,0.0], [0.0,0.0], [0.0,0.0], [0.0,0.0], [0.0,0.0], [0.0,0.0], [0.0,0.0], [0.0,0.0], [0.0,0.0]]
EXIT 3 FunctionExit_10 [[-Infinity,Infinity], [-Infinity,Infinity], [18.0,18.0], [-Infinity,Infinity], [-Infinity,Infinity], [-Infinity,Infinity], [0.0,0.0], [0.0,0.0], [0.0,0.0], [0.0,0.0], [0.0,0.0], [0.0,0.0], [0.0,0.0], [0.0,0.0], [0.0,0.0], [0.0,0.0], [0.0,0.0], [0.0,0.0], [0.0,0.0], [0.0,0.0]]
ENTRY 3 FunctionDefinition_11 [[-Infinity,Infinity], [-Infinity,Infinity], [18.0,18.0], [-Infinity,Infinity], [-Infinity,Infinity], [-Infinity,Infinity], [0.0,0.0], [0.0,0.0], [0.0,0.0], [0.0,0.0], [0.0,0.0], [0.0,0.0], [0.0,0.0], [0.0,0.0], [0.0,0.0], [0.0,0.0], [0.0,0.0], [0.0,0.0], [0.0,0.0], [0.0,0.0]]
EXIT 3 FunctionDefinition_11 [[-Infinity,Infinity], [-Infinity,Infinity], [18.0,18.0], [-Infinity,Infinity], [-Infinity,Infinity], [-Infinity,Infinity], [0.0,0.0], [0.0,0.0], [0.0,0.0], [0.0,0.0], [0.0,0.0], [0.0,0.0], [0.0,0.0], [0.0,0.0], [0.0,0.0], [0.0,0.0], [0.0,0.0], [0.0,0.0], [0.0,0.0], [0.0,0.0]]
ENTRY 3 FunctionEntry_11 [[-Infinity,Infinity], [-Infinity,Infinity], [18.0,18.0], [-Infinity,Infinity], [-Infinity,Infinity], [-Infinity,Infinity], [0.0,0.0], [0.0,0.0], [0.0,0.0], [0.0,0.0], [0.0,0.0], [0.0,0.0], [0.0,0.0], [0.0,0.0], [0.0,0.0], [0.0,0.0], [0.0,0.0], [0.0,0.0], [0.0,0.0], [0.0,0.0]]
EXIT 3 FunctionEntry_11 [[-Infinity,Infinity], [-Infinity,Infinity], [18.0,18.0], [-Infinity,Infinity], [-Infinity,Infinity], [-Infinity,Infinity], [0.0,0.0], [0.0,0.0], [0.0,0.0], [0.0,0.0], [0.0,0.0], [0.0,0.0], [0.0,0.0], [0.0,0.0], [0.0,0.0], [0.0,0.0], [0.0,0.0], [0.0,0.0], [0.0,0.0], [0.0,0.0]]
ENTRY 3 ExpressionStatement_6 [[-Infinity,Infinity], [-Infinity,Infinity], [18.0,18.0], [-Infinity,Infinity], [-Infinity,Infinity], [-Infinity,Infinity], [0.0,0.0], [0.0,0.0], [0.0,0.0], [0.0,0.0], [0.0,0.0], [0.0,0.0], [0.0,0.0], [0.0,0.0], [0.0,0.0], [0.0,0.0], [0.0,0.0], [0.0,0.0], [0.0,0.0], [0.0,0.0]]
EXIT 3 ExpressionStatement_6 [[-Infinity,Infinity], [-Infinity,Infinity], [18.0,18.0], [-Infinity,Infinity], [-Infinity,Infinity], [-Infinity,Infinity], [0.0,0.0], [0.0,0.0], [0.0,0.0], [0.0,0.0], [0.0,0.0], [0.0,0.0], [0.0,0.0], [0.0,0.0], [0.0,0.0], [0.0,0.0], [0.0,0.0], [0.0,0.0], [0.0,0.0], [0.0,0.0]]
ENTRY 3 ExpressionStatement_7 [[-Infinity,Infinity], [-Infinity,Infinity], [18.0,18.0], [-Infinity,Infinity], [-Infinity,Infinity], [-Infinity,Infinity], [0.0,0.0], [0.0,0.0], [0.0,0.0], [0.0,0.0], [0.0,0.0], [0.0,0.0], [0.0,0.0], [0.0,0.0], [0.0,0.0], [0.0,0.0], [0.0,0.0], [0.0,0.0], [0.0,0.0], [0.0,0.0]]
EXIT 3 ExpressionStatement_7 [[-Infinity,Infinity], [-Infinity,Infinity], [18.0,18.0], [-Infinity,Infinity], [-Infinity,Infinity], [-Infinity,Infinity], [0.0,0.0], [0.0,0.0], [0.0,0.0], [0.0,0.0], [0.0,0.0], [0.0,0.0], [0.0,0.0], [0.0,0.0], [0.0,0.0], [0.0,0.0], [0.0,0.0], [0.0,0.0], [0.0,0.0], [0.0,0.0]]
ENTRY 3 ExpressionStatement_8 [[-Infinity,Infinity], [-Infinity,Infinity], [18.0,18.0], [-Infinity,Infinity], [-Infinity,Infinity], [-Infinity,Infinity], [0.0,0.0], [0.0,0.0], [0.0,0.0], [0.0,0.0], [0.0,0.0], [0.0,0.0], [0.0,0.0], [0.0,0.0], [0.0,0.0], [0.0,0.0], [0.0,0.0], [0.0,0.0], [0.0,0.0], [0.0,0.0]]
EXIT 3 ExpressionStatement_8 [[-Infinity,Infinity], [-Infinity,Infinity], [18.0,18.0], [-Infinity,Infinity], [-Infinity,Infinity], [-Infinity,Infinity], [0.0,0.0], [0.0,0.0], [0.0,0.0], [0.0,0.0], [0.0,0.0], [0.0,0.0], [0.0,0.0], [0.0,0.0], [-Infinity,Infinity], [0.0,0.0], [0.0,0.0], [0.0,0.0], [0.0,0.0], [0.0,0.0]]
ENTRY 3 ExpressionStatement_9 [[-Infinity,Infinity], [-Infinity,Infinity], [18.0,18.0], [-Infinity,Infinity], [-Infinity,Infinity], [-Infinity,Infinity], [0.0,0.0], [0.0,0.0], [0.0,0.0], [0.0,0.0], [0.0,0.0], [0.0,0.0], [0.0,0.0], [0.0,0.0], [-Infinity,Infinity], [0.0,0.0], [0.0,0.0], [0.0,0.0], [0.0,0.0], [0.0,0.0]]
EXIT 3 ExpressionStatement_9 [[-Infinity,Infinity], [-Infinity,Infinity], [18.0,18.0], [-Infinity,Infinity], [-Infinity,Infinity], [-Infinity,Infinity], [0.0,0.0], [0.0,0.0], [0.0,0.0], [0.0,0.0], [0.0,0.0], [0.0,0.0], [0.0,0.0], [0.0,0.0], [-Infinity,Infinity], [0.0,0.0], [0.0,0.0], [0.0,0.0], [0.0,0.0], [0.0,0.0]]
ENTRY 3 ExpressionStatement_10 [[-Infinity,Infinity], [-Infinity,Infinity], [18.0,18.0], [-Infinity,Infinity], [-Infinity,Infinity], [-Infinity,Infinity], [0.0,0.0], [0.0,0.0], [0.0,0.0], [0.0,0.0], [0.0,0.0], [0.0,0.0], [0.0,0.0], [0.0,0.0], [-Infinity,Infinity], [0.0,0.0], [0.0,0.0], [0.0,0.0], [0.0,0.0], [0.0,0.0]]
EXIT 3 ExpressionStatement_10 [[-Infinity,Infinity], [-Infinity,Infinity], [18.0,18.0], [-Infinity,Infinity], [-Infinity,Infinity], [-Infinity,Infinity], [0.0,0.0], [0.0,0.0], [0.0,0.0], [-Infinity,Infinity], [0.0,0.0], [0.0,0.0], [0.0,0.0], [0.0,0.0], [-Infinity,Infinity], [0.0,0.0], [0.0,0.0], [0.0,0.0], [0.0,0.0], [0.0,0.0]]
ENTRY 3 EmitStatement_3 [[-Infinity,Infinity], [-Infinity,Infinity], [18.0,18.0], [-Infinity,Infinity], [-Infinity,Infinity], [-Infinity,Infinity], [0.0,0.0], [0.0,0.0], [0.0,0.0], [-Infinity,Infinity], [0.0,0.0], [0.0,0.0], [0.0,0.0], [0.0,0.0], [-Infinity,Infinity], [0.0,0.0], [0.0,0.0], [0.0,0.0], [0.0,0.0], [0.0,0.0]]
EXIT 3 EmitStatement_3 [[-Infinity,Infinity], [-Infinity,Infinity], [18.0,18.0], [-Infinity,Infinity], [-Infinity,Infinity], [-Infinity,Infinity], [0.0,0.0], [0.0,0.0], [0.0,0.0], [-Infinity,Infinity], [0.0,0.0], [0.0,0.0], [0.0,0.0], [0.0,0.0], [-Infinity,Infinity], [0.0,0.0], [0.0,0.0], [0.0,0.0], [0.0,0.0], [0.0,0.0]]
ENTRY 3 Return_4 [[-Infinity,Infinity], [-Infinity,Infinity], [18.0,18.0], [-Infinity,Infinity], [-Infinity,Infinity], [-Infinity,Infinity], [0.0,0.0], [0.0,0.0], [0.0,0.0], [-Infinity,Infinity], [0.0,0.0], [0.0,0.0], [0.0,0.0], [0.0,0.0], [-Infinity,Infinity], [0.0,0.0], [0.0,0.0], [0.0,0.0], [0.0,0.0], [0.0,0.0]]
EXIT 3 Return_4 [[-Infinity,Infinity], [-Infinity,Infinity], [18.0,18.0], [-Infinity,Infinity], [-Infinity,Infinity], [-Infinity,Infinity], [0.0,0.0], [0.0,0.0], [0.0,0.0], [-Infinity,Infinity], [0.0,0.0], [0.0,0.0], [0.0,0.0], [0.0,0.0], [-Infinity,Infinity], [0.0,0.0], [0.0,0.0], [0.0,0.0], [0.0,0.0], [0.0,0.0]]
ENTRY 3 FunctionExit_11 [[-Infinity,Infinity], [-Infinity,Infinity], [18.0,18.0], [-Infinity,Infinity], [-Infinity,Infinity], [-Infinity,Infinity], [0.0,0.0], [0.0,0.0], [0.0,0.0], [-Infinity,Infinity], [0.0,0.0], [0.0,0.0], [0.0,0.0], [0.0,0.0], [-Infinity,Infinity], [0.0,0.0], [0.0,0.0], [0.0,0.0], [0.0,0.0], [0.0,0.0]]
EXIT 3 FunctionExit_11 [[-Infinity,Infinity], [-Infinity,Infinity], [18.0,18.0], [-Infinity,Infinity], [-Infinity,Infinity], [-Infinity,Infinity], [0.0,0.0], [0.0,0.0], [0.0,0.0], [-Infinity,Infinity], [0.0,0.0], [0.0,0.0], [0.0,0.0], [0.0,0.0], [-Infinity,Infinity], [0.0,0.0], [0.0,0.0], [0.0,0.0], [0.0,0.0], [0.0,0.0]]
ENTRY 3 FunctionDefinition_12 [[-Infinity,Infinity], [-Infinity,Infinity], [18.0,18.0], [-Infinity,Infinity], [-Infinity,Infinity], [-Infinity,Infinity], [0.0,0.0], [0.0,0.0], [0.0,0.0], [0.0,0.0], [0.0,0.0], [0.0,0.0], [0.0,0.0], [0.0,0.0], [0.0,0.0], [0.0,0.0], [0.0,0.0], [0.0,0.0], [0.0,0.0], [0.0,0.0]]
EXIT 3 FunctionDefinition_12 [[-Infinity,Infinity], [-Infinity,Infinity], [18.0,18.0], [-Infinity,Infinity], [-Infinity,Infinity], [-Infinity,Infinity], [0.0,0.0], [0.0,0.0], [0.0,0.0], [0.0,0.0], [0.0,0.0], [0.0,0.0], [0.0,0.0], [0.0,0.0], [0.0,0.0], [0.0,0.0], [0.0,0.0], [0.0,0.0], [0.0,0.0], [0.0,0.0]]
ENTRY 3 FunctionEntry_12 [[-Infinity,Infinity], [-Infinity,Infinity], [18.0,18.0], [-Infinity,Infinity], [-Infinity,Infinity], [-Infinity,Infinity], [0.0,0.0], [0.0,0.0], [0.0,0.0], [0.0,0.0], [0.0,0.0], [0.0,0.0], [0.0,0.0], [0.0,0.0], [0.0,0.0], [0.0,0.0], [0.0,0.0], [0.0,0.0], [0.0,0.0], [0.0,0.0]]
EXIT 3 FunctionEntry_12 [[-Infinity,Infinity], [-Infinity,Infinity], [18.0,18.0], [-Infinity,Infinity], [-Infinity,Infinity], [-Infinity,Infinity], [0.0,0.0], [0.0,0.0], [0.0,0.0], [0.0,0.0], [0.0,0.0], [0.0,0.0], [0.0,0.0], [0.0,0.0], [0.0,0.0], [0.0,0.0], [0.0,0.0], [0.0,0.0], [0.0,0.0], [0.0,0.0]]
ENTRY 3 ExpressionStatement_11 [[-Infinity,Infinity], [-Infinity,Infinity], [18.0,18.0], [-Infinity,Infinity], [-Infinity,Infinity], [-Infinity,Infinity], [0.0,0.0], [0.0,0.0], [0.0,0.0], [0.0,0.0], [0.0,0.0], [0.0,0.0], [0.0,0.0], [0.0,0.0], [0.0,0.0], [0.0,0.0], [0.0,0.0], [0.0,0.0], [0.0,0.0], [0.0,0.0]]
EXIT 3 ExpressionStatement_11 [[-Infinity,Infinity], [-Infinity,Infinity], [18.0,18.0], [-Infinity,Infinity], [-Infinity,Infinity], [-Infinity,Infinity], [0.0,0.0], [0.0,0.0], [0.0,0.0], [0.0,0.0], [0.0,0.0], [0.0,0.0], [0.0,0.0], [0.0,0.0], [0.0,0.0], [0.0,0.0], [0.0,0.0], [0.0,0.0], [0.0,0.0], [0.0,0.0]]
ENTRY 3 Return_5 [[-Infinity,Infinity], [-Infinity,Infinity], [18.0,18.0], [-Infinity,Infinity], [-Infinity,Infinity], [-Infinity,Infinity], [0.0,0.0], [0.0,0.0], [0.0,0.0], [0.0,0.0], [0.0,0.0], [0.0,0.0], [0.0,0.0], [0.0,0.0], [0.0,0.0], [0.0,0.0], [0.0,0.0], [0.0,0.0], [0.0,0.0], [0.0,0.0]]
EXIT 3 Return_5 [[-Infinity,Infinity], [-Infinity,Infinity], [18.0,18.0], [-Infinity,Infinity], [-Infinity,Infinity], [-Infinity,Infinity], [0.0,0.0], [0.0,0.0], [0.0,0.0], [0.0,0.0], [0.0,0.0], [0.0,0.0], [0.0,0.0], [0.0,0.0], [0.0,0.0], [0.0,0.0], [0.0,0.0], [0.0,0.0], [0.0,0.0], [0.0,0.0]]
ENTRY 3 FunctionExit_12 [[-Infinity,Infinity], [-Infinity,Infinity], [18.0,18.0], [-Infinity,Infinity], [-Infinity,Infinity], [-Infinity,Infinity], [0.0,0.0], [0.0,0.0], [0.0,0.0], [0.0,0.0], [0.0,0.0], [0.0,0.0], [0.0,0.0], [0.0,0.0], [0.0,0.0], [0.0,0.0], [0.0,0.0], [0.0,0.0], [0.0,0.0], [0.0,0.0]]
EXIT 3 FunctionExit_12 [[-Infinity,Infinity], [-Infinity,Infinity], [18.0,18.0], [-Infinity,Infinity], [-Infinity,Infinity], [-Infinity,Infinity], [0.0,0.0], [0.0,0.0], [0.0,0.0], [0.0,0.0], [0.0,0.0], [0.0,0.0], [0.0,0.0], [0.0,0.0], [0.0,0.0], [0.0,0.0], [0.0,0.0], [0.0,0.0], [0.0,0.0], [0.0,0.0]]
ENTRY 3 FunctionDefinition_13 [[-Infinity,Infinity], [-Infinity,Infinity], [18.0,18.0], [-Infinity,Infinity], [-Infinity,Infinity], [-Infinity,Infinity], [0.0,0.0], [0.0,0.0], [0.0,0.0], [0.0,0.0], [0.0,0.0], [0.0,0.0], [0.0,0.0], [0.0,0.0], [0.0,0.0], [0.0,0.0], [0.0,0.0], [0.0,0.0], [0.0,0.0], [0.0,0.0]]
EXIT 3 FunctionDefinition_13 [[-Infinity,Infinity], [-Infinity,Infinity], [18.0,18.0], [-Infinity,Infinity], [-Infinity,Infinity], [-Infinity,Infinity], [0.0,0.0], [0.0,0.0], [0.0,0.0], [0.0,0.0], [0.0,0.0], [0.0,0.0], [0.0,0.0], [0.0,0.0], [0.0,0.0], [0.0,0.0], [0.0,0.0], [0.0,0.0], [0.0,0.0], [0.0,0.0]]
ENTRY 3 FunctionEntry_13 [[-Infinity,Infinity], [-Infinity,Infinity], [18.0,18.0], [-Infinity,Infinity], [-Infinity,Infinity], [-Infinity,Infinity], [0.0,0.0], [0.0,0.0], [0.0,0.0], [0.0,0.0], [0.0,0.0], [0.0,0.0], [0.0,0.0], [0.0,0.0], [0.0,0.0], [0.0,0.0], [0.0,0.0], [0.0,0.0], [0.0,0.0], [0.0,0.0]]
EXIT 3 FunctionEntry_13 [[-Infinity,Infinity], [-Infinity,Infinity], [18.0,18.0], [-Infinity,Infinity], [-Infinity,Infinity], [-Infinity,Infinity], [0.0,0.0], [0.0,0.0], [0.0,0.0], [0.0,0.0], [0.0,0.0], [0.0,0.0], [0.0,0.0], [0.0,0.0], [0.0,0.0], [0.0,0.0], [0.0,0.0], [0.0,0.0], [0.0,0.0], [0.0,0.0]]
ENTRY 3 VariableDeclarationStatement_0 [[-Infinity,Infinity], [-Infinity,Infinity], [18.0,18.0], [-Infinity,Infinity], [-Infinity,Infinity], [-Infinity,Infinity], [0.0,0.0], [0.0,0.0], [0.0,0.0], [0.0,0.0], [0.0,0.0], [0.0,0.0], [0.0,0.0], [0.0,0.0], [0.0,0.0], [0.0,0.0], [0.0,0.0], [0.0,0.0], [0.0,0.0], [0.0,0.0]]
EXIT 3 VariableDeclarationStatement_0 [[-Infinity,Infinity], [-Infinity,Infinity], [18.0,18.0], [-Infinity,Infinity], [-Infinity,Infinity], [-Infinity,Infinity], [0.0,0.0], [0.0,0.0], [0.0,0.0], [0.0,0.0], [0.0,0.0], [0.0,0.0], [0.0,0.0], [0.0,0.0], [0.0,0.0], [0.0,0.0], [0.0,0.0], [0.0,0.0], [-Infinity,Infinity], [0.0,0.0]]
ENTRY 3 ExpressionStatement_12 [[-Infinity,Infinity], [-Infinity,Infinity], [18.0,18.0], [-Infinity,Infinity], [-Infinity,Infinity], [-Infinity,Infinity], [0.0,0.0], [0.0,0.0], [0.0,0.0], [0.0,0.0], [0.0,0.0], [0.0,0.0], [0.0,0.0], [0.0,0.0], [0.0,0.0], [0.0,0.0], [0.0,0.0], [0.0,0.0], [-Infinity,Infinity], [0.0,0.0]]
EXIT 3 ExpressionStatement_12 [[-Infinity,Infinity], [-Infinity,Infinity], [18.0,18.0], [-Infinity,Infinity], [-Infinity,Infinity], [-Infinity,Infinity], [0.0,0.0], [0.0,0.0], [0.0,0.0], [0.0,0.0], [0.0,0.0], [0.0,0.0], [0.0,0.0], [0.0,0.0], [0.0,0.0], [0.0,0.0], [0.0,0.0], [0.0,0.0], [-Infinity,Infinity], [0.0,0.0]]
ENTRY 3 VariableDeclarationStatement_1 [[-Infinity,Infinity], [-Infinity,Infinity], [18.0,18.0], [-Infinity,Infinity], [-Infinity,Infinity], [-Infinity,Infinity], [0.0,0.0], [0.0,0.0], [0.0,0.0], [0.0,0.0], [0.0,0.0], [0.0,0.0], [0.0,0.0], [0.0,0.0], [0.0,0.0], [0.0,0.0], [0.0,0.0], [0.0,0.0], [-Infinity,Infinity], [0.0,0.0]]
EXIT 3 VariableDeclarationStatement_1 [[-Infinity,Infinity], [-Infinity,Infinity], [18.0,18.0], [-Infinity,Infinity], [-Infinity,Infinity], [-Infinity,Infinity], [0.0,0.0], [0.0,0.0], [0.0,0.0], [0.0,0.0], [0.0,0.0], [0.0,0.0], [0.0,0.0], [0.0,0.0], [0.0,0.0], [0.0,0.0], [0.0,0.0], [0.0,0.0], [-Infinity,Infinity], [0.0,0.0]]
ENTRY 3 ForLoopContinue_0 [[-Infinity,Infinity], [-Infinity,Infinity], [18.0,18.0], [-Infinity,Infinity], [-Infinity,Infinity], [-Infinity,Infinity], [0.0,0.0], [0.0,0.0], [0.0,0.0], [0.0,0.0], [0.0,0.0], [0.0,0.0], [0.0,0.0], [0.0,0.0], [0.0,0.0], [0.0,0.0], [0.0,0.0], [0.0,0.0], [-Infinity,Infinity], [0.0,Infinity]]
EXIT 3 ForLoopContinue_0 [[-Infinity,Infinity], [-Infinity,Infinity], [18.0,18.0], [-Infinity,Infinity], [-Infinity,Infinity], [-Infinity,Infinity], [0.0,0.0], [0.0,0.0], [0.0,0.0], [0.0,0.0], [0.0,0.0], [0.0,0.0], [0.0,0.0], [0.0,0.0], [0.0,0.0], [0.0,0.0], [0.0,0.0], [0.0,0.0], [-Infinity,Infinity], [0.0,Infinity]]
ENTRY 3 ForStatement_0 [[-Infinity,Infinity], [-Infinity,Infinity], [18.0,18.0], [-Infinity,Infinity], [-Infinity,Infinity], [-Infinity,Infinity], [0.0,0.0], [0.0,0.0], [0.0,0.0], [0.0,0.0], [0.0,0.0], [0.0,0.0], [0.0,0.0], [0.0,0.0], [0.0,0.0], [0.0,0.0], [0.0,0.0], [0.0,0.0], [-Infinity,Infinity], [0.0,Infinity]]
EXIT 3 ForStatement_0 [[1.0,-1.0], [1.0,-1.0], [1.0,-1.0], [1.0,-1.0], [1.0,-1.0], [1.0,-1.0], [1.0,-1.0], [1.0,-1.0], [1.0,-1.0], [1.0,-1.0], [1.0,-1.0], [1.0,-1.0], [1.0,-1.0], [1.0,-1.0], [1.0,-1.0], [1.0,-1.0], [1.0,-1.0], [1.0,-1.0], [1.0,-1.0], [1.0,-1.0]]
ENTRY 3 ForLoopJoin_0 [[-Infinity,Infinity], [-Infinity,Infinity], [18.0,18.0], [-Infinity,Infinity], [-Infinity,Infinity], [-Infinity,Infinity], [0.0,0.0], [0.0,0.0], [0.0,0.0], [0.0,0.0], [0.0,0.0], [0.0,0.0], [0.0,0.0], [0.0,0.0], [0.0,0.0], [0.0,0.0], [0.0,0.0], [0.0,0.0], [-Infinity,Infinity], [0.0,Infinity]]
EXIT 3 ForLoopJoin_0 [[-Infinity,Infinity], [-Infinity,Infinity], [18.0,18.0], [-Infinity,Infinity], [-Infinity,Infinity], [-Infinity,Infinity], [0.0,0.0], [0.0,0.0], [0.0,0.0], [0.0,0.0], [0.0,0.0], [0.0,0.0], [0.0,0.0], [0.0,0.0], [0.0,0.0], [0.0,0.0], [0.0,0.0], [0.0,0.0], [-Infinity,Infinity], [0.0,Infinity]]
ENTRY 3 Return_6 [[-Infinity,Infinity], [-Infinity,Infinity], [18.0,18.0], [-Infinity,Infinity], [-Infinity,Infinity], [-Infinity,Infinity], [0.0,0.0], [0.0,0.0], [0.0,0.0], [0.0,0.0], [0.0,0.0], [0.0,0.0], [0.0,0.0], [0.0,0.0], [0.0,0.0], [0.0,0.0], [0.0,0.0], [0.0,0.0], [-Infinity,Infinity], [0.0,Infinity]]
EXIT 3 Return_6 [[-Infinity,Infinity], [-Infinity,Infinity], [18.0,18.0], [-Infinity,Infinity], [-Infinity,Infinity], [-Infinity,Infinity], [0.0,0.0], [0.0,0.0], [0.0,0.0], [0.0,0.0], [0.0,0.0], [0.0,0.0], [0.0,0.0], [0.0,0.0], [0.0,0.0], [0.0,0.0], [0.0,0.0], [0.0,0.0], [-Infinity,Infinity], [0.0,Infinity]]
ENTRY 3 FunctionExit_13 [[-Infinity,Infinity], [-Infinity,Infinity], [18.0,18.0], [-Infinity,Infinity], [-Infinity,Infinity], [-Infinity,Infinity], [0.0,0.0], [0.0,0.0], [0.0,0.0], [0.0,0.0], [0.0,0.0], [0.0,0.0], [0.0,0.0], [0.0,0.0], [0.0,0.0], [0.0,0.0], [0.0,0.0], [0.0,0.0], [-Infinity,Infinity], [0.0,Infinity]]
EXIT 3 FunctionExit_13 [[-Infinity,Infinity], [-Infinity,Infinity], [18.0,18.0], [-Infinity,Infinity], [-Infinity,Infinity], [-Infinity,Infinity], [0.0,0.0], [0.0,0.0], [0.0,0.0], [0.0,0.0], [0.0,0.0], [0.0,0.0], [0.0,0.0], [0.0,0.0], [0.0,0.0], [0.0,0.0], [0.0,0.0], [0.0,0.0], [-Infinity,Infinity], [0.0,Infinity]]
ENTRY 3 ExpressionStatement_13 [[-Infinity,Infinity], [-Infinity,Infinity], [18.0,18.0], [-Infinity,Infinity], [-Infinity,Infinity], [-Infinity,Infinity], [0.0,0.0], [0.0,0.0], [0.0,0.0], [0.0,0.0], [0.0,0.0], [0.0,0.0], [0.0,0.0], [0.0,0.0], [0.0,0.0], [0.0,0.0], [0.0,0.0], [0.0,0.0], [-Infinity,Infinity], [0.0,Infinity]]
EXIT 3 ExpressionStatement_13 [[-Infinity,Infinity], [-Infinity,Infinity], [18.0,18.0], [-Infinity,Infinity], [-Infinity,Infinity], [-Infinity,Infinity], [0.0,0.0], [0.0,0.0], [0.0,0.0], [0.0,0.0], [0.0,0.0], [0.0,0.0], [0.0,0.0], [0.0,0.0], [0.0,0.0], [0.0,0.0], [0.0,0.0], [0.0,0.0], [-Infinity,Infinity], [0.0,Infinity]]
ENTRY 3 ExpressionStatement_14 [[-Infinity,Infinity], [-Infinity,Infinity], [18.0,18.0], [-Infinity,Infinity], [-Infinity,Infinity], [-Infinity,Infinity], [0.0,0.0], [0.0,0.0], [0.0,0.0], [0.0,0.0], [0.0,0.0], [0.0,0.0], [0.0,0.0], [0.0,0.0], [0.0,0.0], [0.0,0.0], [0.0,0.0], [0.0,0.0], [-Infinity,Infinity], [0.0,Infinity]]
EXIT 3 ExpressionStatement_14 [[-Infinity,Infinity], [-Infinity,Infinity], [18.0,18.0], [-Infinity,Infinity], [-Infinity,Infinity], [-Infinity,Infinity], [0.0,0.0], [0.0,0.0], [0.0,0.0], [0.0,0.0], [0.0,0.0], [0.0,0.0], [0.0,0.0], [0.0,0.0], [0.0,0.0], [0.0,0.0], [0.0,0.0], [0.0,0.0], [-Infinity,Infinity], [1.0,Infinity]]
ENTRY 3 FunctionDefinition_14 [[-Infinity,Infinity], [-Infinity,Infinity], [18.0,18.0], [-Infinity,Infinity], [-Infinity,Infinity], [-Infinity,Infinity], [0.0,0.0], [0.0,0.0], [0.0,0.0], [0.0,0.0], [0.0,0.0], [0.0,0.0], [0.0,0.0], [0.0,0.0], [0.0,0.0], [0.0,0.0], [0.0,0.0], [0.0,0.0], [0.0,0.0], [0.0,0.0]]
EXIT 3 FunctionDefinition_14 [[-Infinity,Infinity], [-Infinity,Infinity], [18.0,18.0], [-Infinity,Infinity], [-Infinity,Infinity], [-Infinity,Infinity], [0.0,0.0], [0.0,0.0], [0.0,0.0], [0.0,0.0], [0.0,0.0], [0.0,0.0], [0.0,0.0], [0.0,0.0], [0.0,0.0], [0.0,0.0], [0.0,0.0], [0.0,0.0], [0.0,0.0], [0.0,0.0]]
ENTRY 3 FunctionEntry_14 [[-Infinity,Infinity], [-Infinity,Infinity], [18.0,18.0], [-Infinity,Infinity], [-Infinity,Infinity], [-Infinity,Infinity], [0.0,0.0], [0.0,0.0], [0.0,0.0], [0.0,0.0], [0.0,0.0], [0.0,0.0], [0.0,0.0], [0.0,0.0], [0.0,0.0], [0.0,0.0], [0.0,0.0], [0.0,0.0], [0.0,0.0], [0.0,0.0]]
EXIT 3 FunctionEntry_14 [[-Infinity,Infinity], [-Infinity,Infinity], [18.0,18.0], [-Infinity,Infinity], [-Infinity,Infinity], [-Infinity,Infinity], [0.0,0.0], [0.0,0.0], [0.0,0.0], [0.0,0.0], [0.0,0.0], [0.0,0.0], [0.0,0.0], [0.0,0.0], [0.0,0.0], [0.0,0.0], [0.0,0.0], [0.0,0.0], [0.0,0.0], [0.0,0.0]]
ENTRY 3 Return_7 [[-Infinity,Infinity], [-Infinity,Infinity], [18.0,18.0], [-Infinity,Infinity], [-Infinity,Infinity], [-Infinity,Infinity], [0.0,0.0], [0.0,0.0], [0.0,0.0], [0.0,0.0], [0.0,0.0], [0.0,0.0], [0.0,0.0], [0.0,0.0], [0.0,0.0], [0.0,0.0], [0.0,0.0], [0.0,0.0], [0.0,0.0], [0.0,0.0]]
EXIT 3 Return_7 [[-Infinity,Infinity], [-Infinity,Infinity], [18.0,18.0], [-Infinity,Infinity], [-Infinity,Infinity], [-Infinity,Infinity], [0.0,0.0], [0.0,0.0], [0.0,0.0], [0.0,0.0], [0.0,0.0], [0.0,0.0], [0.0,0.0], [0.0,0.0], [0.0,0.0], [0.0,0.0], [0.0,0.0], [0.0,0.0], [0.0,0.0], [0.0,0.0]]
ENTRY 3 FunctionExit_14 [[-Infinity,Infinity], [-Infinity,Infinity], [18.0,18.0], [-Infinity,Infinity], [-Infinity,Infinity], [-Infinity,Infinity], [0.0,0.0], [0.0,0.0], [0.0,0.0], [0.0,0.0], [0.0,0.0], [0.0,0.0], [0.0,0.0], [0.0,0.0], [0.0,0.0], [0.0,0.0], [0.0,0.0], [0.0,0.0], [0.0,0.0], [0.0,0.0]]
EXIT 3 FunctionExit_14 [[-Infinity,Infinity], [-Infinity,Infinity], [18.0,18.0], [-Infinity,Infinity], [-Infinity,Infinity], [-Infinity,Infinity], [0.0,0.0], [0.0,0.0], [0.0,0.0], [0.0,0.0], [0.0,0.0], [0.0,0.0], [0.0,0.0], [0.0,0.0], [0.0,0.0], [0.0,0.0], [0.0,0.0], [0.0,0.0], [0.0,0.0], [0.0,0.0]]
ENTRY 4 SourceEntry_0 [[0.0,0.0], [0.0,0.0], [0.0,0.0], [0.0,0.0], [0.0,0.0], [0.0,0.0], [0.0,0.0], [0.0,0.0], [0.0,0.0], [0.0,0.0], [0.0,0.0], [0.0,0.0], [0.0,0.0], [0.0,0.0], [0.0,0.0], [0.0,0.0], [0.0,0.0], [0.0,0.0], [0.0,0.0], [0.0,0.0]]
EXIT 4 SourceEntry_0 [[-Infinity,Infinity], [-Infinity,Infinity], [18.0,18.0], [-Infinity,Infinity], [-Infinity,Infinity], [-Infinity,Infinity], [0.0,0.0], [0.0,0.0], [0.0,0.0], [0.0,0.0], [0.0,0.0], [0.0,0.0], [0.0,0.0], [0.0,0.0], [0.0,0.0], [0.0,0.0], [0.0,0.0], [0.0,0.0], [0.0,0.0], [0.0,0.0]]
ENTRY 4 SourceUnit_0 [[-Infinity,Infinity], [-Infinity,Infinity], [18.0,18.0], [-Infinity,Infinity], [-Infinity,Infinity], [-Infinity,Infinity], [0.0,0.0], [0.0,0.0], [0.0,0.0], [0.0,0.0], [0.0,0.0], [0.0,0.0], [0.0,0.0], [0.0,0.0], [0.0,0.0], [0.0,0.0], [0.0,0.0], [0.0,0.0], [0.0,0.0], [0.0,0.0]]
EXIT 4 SourceUnit_0 [[-Infinity,Infinity], [-Infinity,Infinity], [18.0,18.0], [-Infinity,Infinity], [-Infinity,Infinity], [-Infinity,Infinity], [0.0,0.0], [0.0,0.0], [0.0,0.0], [0.0,0.0], [0.0,0.0], [0.0,0.0], [0.0,0.0], [0.0,0.0], [0.0,0.0], [0.0,0.0], [0.0,0.0], [0.0,0.0], [0.0,0.0], [0.0,0.0]]
ENTRY 4 PragmaDirective_0 [[-Infinity,Infinity], [-Infinity,Infinity], [18.0,18.0], [-Infinity,Infinity], [-Infinity,Infinity], [-Infinity,Infinity], [0.0,0.0], [0.0,0.0], [0.0,0.0], [0.0,0.0], [0.0,0.0], [0.0,0.0], [0.0,0.0], [0.0,0.0], [0.0,0.0], [0.0,0.0], [0.0,0.0], [0.0,0.0], [0.0,0.0], [0.0,0.0]]
EXIT 4 PragmaDirective_0 [[-Infinity,Infinity], [-Infinity,Infinity], [18.0,18.0], [-Infinity,Infinity], [-Infinity,Infinity], [-Infinity,Infinity], [0.0,0.0], [0.0,0.0], [0.0,0.0], [0.0,0.0], [0.0,0.0], [0.0,0.0], [0.0,0.0], [0.0,0.0], [0.0,0.0], [0.0,0.0], [0.0,0.0], [0.0,0.0], [0.0,0.0], [0.0,0.0]]
ENTRY 4 SourceExit_0 [[-Infinity,Infinity], [-Infinity,Infinity], [18.0,18.0], [-Infinity,Infinity], [-Infinity,Infinity], [-Infinity,Infinity], [-Infinity,Infinity], [0.0,0.0], [0.0,0.0], [-Infinity,Infinity], [0.0,0.0], [-Infinity,Infinity], [0.0,0.0], [0.0,0.0], [-Infinity,Infinity], [0.0,0.0], [0.0,0.0], [0.0,0.0], [-Infinity,Infinity], [0.0,Infinity]]
EXIT 4 SourceExit_0 [[-Infinity,Infinity], [-Infinity,Infinity], [18.0,18.0], [-Infinity,Infinity], [-Infinity,Infinity], [-Infinity,Infinity], [-Infinity,Infinity], [0.0,0.0], [0.0,0.0], [-Infinity,Infinity], [0.0,0.0], [-Infinity,Infinity], [0.0,0.0], [0.0,0.0], [-Infinity,Infinity], [0.0,0.0], [0.0,0.0], [0.0,0.0], [-Infinity,Infinity], [0.0,Infinity]]
ENTRY 4 ContractDefinition_0 [[-Infinity,Infinity], [-Infinity,Infinity], [18.0,18.0], [-Infinity,Infinity], [-Infinity,Infinity], [-Infinity,Infinity], [0.0,0.0], [0.0,0.0], [0.0,0.0], [0.0,0.0], [0.0,0.0], [0.0,0.0], [0.0,0.0], [0.0,0.0], [0.0,0.0], [0.0,0.0], [0.0,0.0], [0.0,0.0], [0.0,0.0], [0.0,0.0]]
EXIT 4 ContractDefinition_0 [[-Infinity,Infinity], [-Infinity,Infinity], [18.0,18.0], [-Infinity,Infinity], [-Infinity,Infinity], [-Infinity,Infinity], [0.0,0.0], [0.0,0.0], [0.0,0.0], [0.0,0.0], [0.0,0.0], [0.0,0.0], [0.0,0.0], [0.0,0.0], [0.0,0.0], [0.0,0.0], [0.0,0.0], [0.0,0.0], [0.0,0.0], [0.0,0.0]]
ENTRY 4 FunctionDefinition_0 [[-Infinity,Infinity], [-Infinity,Infinity], [18.0,18.0], [-Infinity,Infinity], [-Infinity,Infinity], [-Infinity,Infinity], [0.0,0.0], [0.0,0.0], [0.0,0.0], [0.0,0.0], [0.0,0.0], [0.0,0.0], [0.0,0.0], [0.0,0.0], [0.0,0.0], [0.0,0.0], [0.0,0.0], [0.0,0.0], [0.0,0.0], [0.0,0.0]]
EXIT 4 FunctionDefinition_0 [[-Infinity,Infinity], [-Infinity,Infinity], [18.0,18.0], [-Infinity,Infinity], [-Infinity,Infinity], [-Infinity,Infinity], [0.0,0.0], [0.0,0.0], [0.0,0.0], [0.0,0.0], [0.0,0.0], [0.0,0.0], [0.0,0.0], [0.0,0.0], [0.0,0.0], [0.0,0.0], [0.0,0.0], [0.0,0.0], [0.0,0.0], [0.0,0.0]]
ENTRY 4 FunctionEntry_0 [[-Infinity,Infinity], [-Infinity,Infinity], [18.0,18.0], [-Infinity,Infinity], [-Infinity,Infinity], [-Infinity,Infinity], [0.0,0.0], [0.0,0.0], [0.0,0.0], [0.0,0.0], [0.0,0.0], [0.0,0.0], [0.0,0.0], [0.0,0.0], [0.0,0.0], [0.0,0.0], [0.0,0.0], [0.0,0.0], [0.0,0.0], [0.0,0.0]]
EXIT 4 FunctionEntry_0 [[-Infinity,Infinity], [-Infinity,Infinity], [18.0,18.0], [-Infinity,Infinity], [-Infinity,Infinity], [-Infinity,Infinity], [0.0,0.0], [0.0,0.0], [0.0,0.0], [0.0,0.0], [0.0,0.0], [0.0,0.0], [0.0,0.0], [0.0,0.0], [0.0,0.0], [0.0,0.0], [0.0,0.0], [0.0,0.0], [0.0,0.0], [0.0,0.0]]
ENTRY 4 FunctionDefinition_1 [[-Infinity,Infinity], [-Infinity,Infinity], [18.0,18.0], [-Infinity,Infinity], [-Infinity,Infinity], [-Infinity,Infinity], [0.0,0.0], [0.0,0.0], [0.0,0.0], [0.0,0.0], [0.0,0.0], [0.0,0.0], [0.0,0.0], [0.0,0.0], [0.0,0.0], [0.0,0.0], [0.0,0.0], [0.0,0.0], [0.0,0.0], [0.0,0.0]]
EXIT 4 FunctionDefinition_1 [[-Infinity,Infinity], [-Infinity,Infinity], [18.0,18.0], [-Infinity,Infinity], [-Infinity,Infinity], [-Infinity,Infinity], [0.0,0.0], [0.0,0.0], [0.0,0.0], [0.0,0.0], [0.0,0.0], [0.0,0.0], [0.0,0.0], [0.0,0.0], [0.0,0.0], [0.0,0.0], [0.0,0.0], [0.0,0.0], [0.0,0.0], [0.0,0.0]]
ENTRY 4 FunctionEntry_1 [[-Infinity,Infinity], [-Infinity,Infinity], [18.0,18.0], [-Infinity,Infinity], [-Infinity,Infinity], [-Infinity,Infinity], [0.0,0.0], [0.0,0.0], [0.0,0.0], [0.0,0.0], [0.0,0.0], [0.0,0.0], [0.0,0.0], [0.0,0.0], [0.0,0.0], [0.0,0.0], [0.0,0.0], [0.0,0.0], [0.0,0.0], [0.0,0.0]]
EXIT 4 FunctionEntry_1 [[-Infinity,Infinity], [-Infinity,Infinity], [18.0,18.0], [-Infinity,Infinity], [-Infinity,Infinity], [-Infinity,Infinity], [0.0,0.0], [0.0,0.0], [0.0,0.0], [0.0,0.0], [0.0,0.0], [0.0,0.0], [0.0,0.0], [0.0,0.0], [0.0,0.0], [0.0,0.0], [0.0,0.0], [0.0,0.0], [0.0,0.0], [0.0,0.0]]
ENTRY 4 FunctionDefinition_2 [[-Infinity,Infinity], [-Infinity,Infinity], [18.0,18.0], [-Infinity,Infinity], [-Infinity,Infinity], [-Infinity,Infinity], [0.0,0.0], [0.0,0.0], [0.0,0.0], [0.0,0.0], [0.0,0.0], [0.0,0.0], [0.0,0.0], [0.0,0.0], [0.0,0.0], [0.0,0.0], [0.0,0.0], [0.0,0.0], [0.0,0.0], [0.0,0.0]]
EXIT 4 FunctionDefinition_2 [[-Infinity,Infinity], [-Infinity,Infinity], [18.0,18.0], [-Infinity,Infinity], [-Infinity,Infinity], [-Infinity,Infinity], [0.0,0.0], [0.0,0.0], [0.0,0.0], [0.0,0.0], [0.0,0.0], [0.0,0.0], [0.0,0.0], [0.0,0.0], [0.0,0.0], [0.0,0.0], [0.0,0.0], [0.0,0.0], [0.0,0.0], [0.0,0.0]]
ENTRY 4 FunctionEntry_2 [[-Infinity,Infinity], [-Infinity,Infinity], [18.0,18.0], [-Infinity,Infinity], [-Infinity,Infinity], [-Infinity,Infinity], [0.0,0.0], [0.0,0.0], [0.0,0.0], [0.0,0.0], [0.0,0.0], [0.0,0.0], [0.0,0.0], [0.0,0.0], [0.0,0.0], [0.0,0.0], [0.0,0.0], [0.0,0.0], [0.0,0.0], [0.0,0.0]]
EXIT 4 FunctionEntry_2 [[-Infinity,Infinity], [-Infinity,Infinity], [18.0,18.0], [-Infinity,Infinity], [-Infinity,Infinity], [-Infinity,Infinity], [0.0,0.0], [0.0,0.0], [0.0,0.0], [0.0,0.0], [0.0,0.0], [0.0,0.0], [0.0,0.0], [0.0,0.0], [0.0,0.0], [0.0,0.0], [0.0,0.0], [0.0,0.0], [0.0,0.0], [0.0,0.0]]
ENTRY 4 FunctionDefinition_3 [[-Infinity,Infinity], [-Infinity,Infinity], [18.0,18.0], [-Infinity,Infinity], [-Infinity,Infinity], [-Infinity,Infinity], [0.0,0.0], [0.0,0.0], [0.0,0.0], [0.0,0.0], [0.0,0.0], [0.0,0.0], [0.0,0.0], [0.0,0.0], [0.0,0.0], [0.0,0.0], [0.0,0.0], [0.0,0.0], [0.0,0.0], [0.0,0.0]]
EXIT 4 FunctionDefinition_3 [[-Infinity,Infinity], [-Infinity,Infinity], [18.0,18.0], [-Infinity,Infinity], [-Infinity,Infinity], [-Infinity,Infinity], [0.0,0.0], [0.0,0.0], [0.0,0.0], [0.0,0.0], [0.0,0.0], [0.0,0.0], [0.0,0.0], [0.0,0.0], [0.0,0.0], [0.0,0.0], [0.0,0.0], [0.0,0.0], [0.0,0.0], [0.0,0.0]]
ENTRY 4 FunctionEntry_3 [[-Infinity,Infinity], [-Infinity,Infinity], [18.0,18.0], [-Infinity,Infinity], [-Infinity,Infinity], [-Infinity,Infinity], [0.0,0.0], [0.0,0.0], [0.0,0.0], [0.0,0.0], [0.0,0.0], [0.0,0.0], [0.0,0.0], [0.0,0.0], [0.0,0.0], [0.0,0.0], [0.0,0.0], [0.0,0.0], [0.0,0.0], [0.0,0.0]]
EXIT 4 FunctionEntry_3 [[-Infinity,Infinity], [-Infinity,Infinity], [18.0,18.0], [-Infinity,Infinity], [-Infinity,Infinity], [-Infinity,Infinity], [0.0,0.0], [0.0,0.0], [0.0,0.0], [0.0,0.0], [0.0,0.0], [0.0,0.0], [0.0,0.0], [0.0,0.0], [0.0,0.0], [0.0,0.0], [0.0,0.0], [0.0,0.0], [0.0,0.0], [0.0,0.0]]
ENTRY 4 FunctionDefinition_4 [[-Infinity,Infinity], [-Infinity,Infinity], [18.0,18.0], [-Infinity,Infinity], [-Infinity,Infinity], [-Infinity,Infinity], [0.0,0.0], [0.0,0.0], [0.0,0.0], [0.0,0.0], [0.0,0.0], [0.0,0.0], [0.0,0.0], [0.0,0.0], [0.0,0.0], [0.0,0.0], [0.0,0.0], [0.0,0.0], [0.0,0.0], [0.0,0.0]]
EXIT 4 FunctionDefinition_4 [[-Infinity,Infinity], [-Infinity,Infinity], [18.0,18.0], [-Infinity,Infinity], [-Infinity,Infinity], [-Infinity,Infinity], [0.0,0.0], [0.0,0.0], [0.0,0.0], [0.0,0.0], [0.0,0.0], [0.0,0.0], [0.0,0.0], [0.0,0.0], [0.0,0.0], [0.0,0.0], [0.0,0.0], [0.0,0.0], [0.0,0.0], [0.0,0.0]]
ENTRY 4 FunctionEntry_4 [[-Infinity,Infinity], [-Infinity,Infinity], [18.0,18.0], [-Infinity,Infinity], [-Infinity,Infinity], [-Infinity,Infinity], [0.0,0.0], [0.0,0.0], [0.0,0.0], [0.0,0.0], [0.0,0.0], [0.0,0.0], [0.0,0.0], [0.0,0.0], [0.0,0.0], [0.0,0.0], [0.0,0.0], [0.0,0.0], [0.0,0.0], [0.0,0.0]]
EXIT 4 FunctionEntry_4 [[-Infinity,Infinity], [-Infinity,Infinity], [18.0,18.0], [-Infinity,Infinity], [-Infinity,Infinity], [-Infinity,Infinity], [0.0,0.0], [0.0,0.0], [0.0,0.0], [0.0,0.0], [0.0,0.0], [0.0,0.0], [0.0,0.0], [0.0,0.0], [0.0,0.0], [0.0,0.0], [0.0,0.0], [0.0,0.0], [0.0,0.0], [0.0,0.0]]
ENTRY 4 FunctionDefinition_5 [[-Infinity,Infinity], [-Infinity,Infinity], [18.0,18.0], [-Infinity,Infinity], [-Infinity,Infinity], [-Infinity,Infinity], [0.0,0.0], [0.0,0.0], [0.0,0.0], [0.0,0.0], [0.0,0.0], [0.0,0.0], [0.0,0.0], [0.0,0.0], [0.0,0.0], [0.0,0.0], [0.0,0.0], [0.0,0.0], [0.0,0.0], [0.0,0.0]]
EXIT 4 FunctionDefinition_5 [[-Infinity,Infinity], [-Infinity,Infinity], [18.0,18.0], [-Infinity,Infinity], [-Infinity,Infinity], [-Infinity,Infinity], [0.0,0.0], [0.0,0.0], [0.0,0.0], [0.0,0.0], [0.0,0.0], [0.0,0.0], [0.0,0.0], [0.0,0.0], [0.0,0.0], [0.0,0.0], [0.0,0.0], [0.0,0.0], [0.0,0.0], [0.0,0.0]]
ENTRY 4 FunctionEntry_5 [[-Infinity,Infinity], [-Infinity,Infinity], [18.0,18.0], [-Infinity,Infinity], [-Infinity,Infinity], [-Infinity,Infinity], [0.0,0.0], [0.0,0.0], [0.0,0.0], [0.0,0.0], [0.0,0.0], [0.0,0.0], [0.0,0.0], [0.0,0.0], [0.0,0.0], [0.0,0.0], [0.0,0.0], [0.0,0.0], [0.0,0.0], [0.0,0.0]]
EXIT 4 FunctionEntry_5 [[-Infinity,Infinity], [-Infinity,Infinity], [18.0,18.0], [-Infinity,Infinity], [-Infinity,Infinity], [-Infinity,Infinity], [0.0,0.0], [0.0,0.0], [0.0,0.0], [0.0,0.0], [0.0,0.0], [0.0,0.0], [0.0,0.0], [0.0,0.0], [0.0,0.0], [0.0,0.0], [0.0,0.0], [0.0,0.0], [0.0,0.0], [0.0,0.0]]
ENTRY 4 EventDefinition_0 [[-Infinity,Infinity], [-Infinity,Infinity], [18.0,18.0], [-Infinity,Infinity], [-Infinity,Infinity], [-Infinity,Infinity], [0.0,0.0], [0.0,0.0], [0.0,0.0], [0.0,0.0], [0.0,0.0], [0.0,0.0], [0.0,0.0], [0.0,0.0], [0.0,0.0], [0.0,0.0], [0.0,0.0], [0.0,0.0], [0.0,0.0], [0.0,0.0]]
EXIT 4 EventDefinition_0 [[-Infinity,Infinity], [-Infinity,Infinity], [18.0,18.0], [-Infinity,Infinity], [-Infinity,Infinity], [-Infinity,Infinity], [0.0,0.0], [0.0,0.0], [0.0,0.0], [0.0,0.0], [0.0,0.0], [0.0,0.0], [0.0,0.0], [0.0,0.0], [0.0,0.0], [0.0,0.0], [0.0,0.0], [0.0,0.0], [0.0,0.0], [0.0,0.0]]
ENTRY 4 EventDefinition_1 [[-Infinity,Infinity], [-Infinity,Infinity], [18.0,18.0], [-Infinity,Infinity], [-Infinity,Infinity], [-Infinity,Infinity], [0.0,0.0], [0.0,0.0], [0.0,0.0], [0.0,0.0], [0.0,0.0], [0.0,0.0], [0.0,0.0], [0.0,0.0], [0.0,0.0], [0.0,0.0], [0.0,0.0], [0.0,0.0], [0.0,0.0], [0.0,0.0]]
EXIT 4 EventDefinition_1 [[-Infinity,Infinity], [-Infinity,Infinity], [18.0,18.0], [-Infinity,Infinity], [-Infinity,Infinity], [-Infinity,Infinity], [0.0,0.0], [0.0,0.0], [0.0,0.0], [0.0,0.0], [0.0,0.0], [0.0,0.0], [0.0,0.0], [0.0,0.0], [0.0,0.0], [0.0,0.0], [0.0,0.0], [0.0,0.0], [0.0,0.0], [0.0,0.0]]
ENTRY 4 ContractDefinition_1 [[-Infinity,Infinity], [-Infinity,Infinity], [18.0,18.0], [-Infinity,Infinity], [-Infinity,Infinity], [-Infinity,Infinity], [0.0,0.0], [0.0,0.0], [0.0,0.0], [0.0,0.0], [0.0,0.0], [0.0,0.0], [0.0,0.0], [0.0,0.0], [0.0,0.0], [0.0,0.0], [0.0,0.0], [0.0,0.0], [0.0,0.0], [0.0,0.0]]
EXIT 4 ContractDefinition_1 [[-Infinity,Infinity], [-Infinity,Infinity], [18.0,18.0], [-Infinity,Infinity], [-Infinity,Infinity], [-Infinity,Infinity], [0.0,0.0], [0.0,0.0], [0.0,0.0], [0.0,0.0], [0.0,0.0], [0.0,0.0], [0.0,0.0], [0.0,0.0], [0.0,0.0], [0.0,0.0], [0.0,0.0], [0.0,0.0], [0.0,0.0], [0.0,0.0]]
ENTRY 4 VariableDeclaration_0 [[-Infinity,Infinity], [-Infinity,Infinity], [18.0,18.0], [-Infinity,Infinity], [-Infinity,Infinity], [-Infinity,Infinity], [0.0,0.0], [0.0,0.0], [0.0,0.0], [0.0,0.0], [0.0,0.0], [0.0,0.0], [0.0,0.0], [0.0,0.0], [0.0,0.0], [0.0,0.0], [0.0,0.0], [0.0,0.0], [0.0,0.0], [0.0,0.0]]
EXIT 4 VariableDeclaration_0 [[-Infinity,Infinity], [-Infinity,Infinity], [18.0,18.0], [-Infinity,Infinity], [-Infinity,Infinity], [-Infinity,Infinity], [0.0,0.0], [0.0,0.0], [0.0,0.0], [0.0,0.0], [0.0,0.0], [0.0,0.0], [0.0,0.0], [0.0,0.0], [0.0,0.0], [0.0,0.0], [0.0,0.0], [0.0,0.0], [0.0,0.0], [0.0,0.0]]
ENTRY 4 VariableDeclaration_1 [[-Infinity,Infinity], [-Infinity,Infinity], [18.0,18.0], [-Infinity,Infinity], [-Infinity,Infinity], [-Infinity,Infinity], [0.0,0.0], [0.0,0.0], [0.0,0.0], [0.0,0.0], [0.0,0.0], [0.0,0.0], [0.0,0.0], [0.0,0.0], [0.0,0.0], [0.0,0.0], [0.0,0.0], [0.0,0.0], [0.0,0.0], [0.0,0.0]]
EXIT 4 VariableDeclaration_1 [[-Infinity,Infinity], [-Infinity,Infinity], [18.0,18.0], [-Infinity,Infinity], [-Infinity,Infinity], [-Infinity,Infinity], [0.0,0.0], [0.0,0.0], [0.0,0.0], [0.0,0.0], [0.0,0.0], [0.0,0.0], [0.0,0.0], [0.0,0.0], [0.0,0.0], [0.0,0.0], [0.0,0.0], [0.0,0.0], [0.0,0.0], [0.0,0.0]]
ENTRY 4 VariableDeclaration_2 [[-Infinity,Infinity], [-Infinity,Infinity], [18.0,18.0], [-Infinity,Infinity], [-Infinity,Infinity], [-Infinity,Infinity], [0.0,0.0], [0.0,0.0], [0.0,0.0], [0.0,0.0], [0.0,0.0], [0.0,0.0], [0.0,0.0], [0.0,0.0], [0.0,0.0], [0.0,0.0], [0.0,0.0], [0.0,0.0], [0.0,0.0], [0.0,0.0]]
EXIT 4 VariableDeclaration_2 [[-Infinity,Infinity], [-Infinity,Infinity], [18.0,18.0], [-Infinity,Infinity], [-Infinity,Infinity], [-Infinity,Infinity], [0.0,0.0], [0.0,0.0], [0.0,0.0], [0.0,0.0], [0.0,0.0], [0.0,0.0], [0.0,0.0], [0.0,0.0], [0.0,0.0], [0.0,0.0], [0.0,0.0], [0.0,0.0], [0.0,0.0], [0.0,0.0]]
ENTRY 4 VariableDeclaration_3 [[-Infinity,Infinity], [-Infinity,Infinity], [18.0,18.0], [-Infinity,Infinity], [-Infinity,Infinity], [-Infinity,Infinity], [0.0,0.0], [0.0,0.0], [0.0,0.0], [0.0,0.0], [0.0,0.0], [0.0,0.0], [0.0,0.0], [0.0,0.0], [0.0,0.0], [0.0,0.0], [0.0,0.0], [0.0,0.0], [0.0,0.0], [0.0,0.0]]
EXIT 4 VariableDeclaration_3 [[-Infinity,Infinity], [-Infinity,Infinity], [18.0,18.0], [-Infinity,Infinity], [-Infinity,Infinity], [-Infinity,Infinity], [0.0,0.0], [0.0,0.0], [0.0,0.0], [0.0,0.0], [0.0,0.0], [0.0,0.0], [0.0,0.0], [0.0,0.0], [0.0,0.0], [0.0,0.0], [0.0,0.0], [0.0,0.0], [0.0,0.0], [0.0,0.0]]
ENTRY 4 VariableDeclaration_4 [[-Infinity,Infinity], [-Infinity,Infinity], [18.0,18.0], [-Infinity,Infinity], [-Infinity,Infinity], [-Infinity,Infinity], [0.0,0.0], [0.0,0.0], [0.0,0.0], [0.0,0.0], [0.0,0.0], [0.0,0.0], [0.0,0.0], [0.0,0.0], [0.0,0.0], [0.0,0.0], [0.0,0.0], [0.0,0.0], [0.0,0.0], [0.0,0.0]]
EXIT 4 VariableDeclaration_4 [[-Infinity,Infinity], [-Infinity,Infinity], [18.0,18.0], [-Infinity,Infinity], [-Infinity,Infinity], [-Infinity,Infinity], [0.0,0.0], [0.0,0.0], [0.0,0.0], [0.0,0.0], [0.0,0.0], [0.0,0.0], [0.0,0.0], [0.0,0.0], [0.0,0.0], [0.0,0.0], [0.0,0.0], [0.0,0.0], [0.0,0.0], [0.0,0.0]]
ENTRY 4 VariableDeclaration_5 [[-Infinity,Infinity], [-Infinity,Infinity], [18.0,18.0], [-Infinity,Infinity], [-Infinity,Infinity], [-Infinity,Infinity], [0.0,0.0], [0.0,0.0], [0.0,0.0], [0.0,0.0], [0.0,0.0], [0.0,0.0], [0.0,0.0], [0.0,0.0], [0.0,0.0], [0.0,0.0], [0.0,0.0], [0.0,0.0], [0.0,0.0], [0.0,0.0]]
EXIT 4 VariableDeclaration_5 [[-Infinity,Infinity], [-Infinity,Infinity], [18.0,18.0], [-Infinity,Infinity], [-Infinity,Infinity], [-Infinity,Infinity], [0.0,0.0], [0.0,0.0], [0.0,0.0], [0.0,0.0], [0.0,0.0], [0.0,0.0], [0.0,0.0], [0.0,0.0], [0.0,0.0], [0.0,0.0], [0.0,0.0], [0.0,0.0], [0.0,0.0], [0.0,0.0]]
ENTRY 4 FunctionDefinition_6 [[-Infinity,Infinity], [-Infinity,Infinity], [18.0,18.0], [-Infinity,Infinity], [-Infinity,Infinity], [-Infinity,Infinity], [0.0,0.0], [0.0,0.0], [0.0,0.0], [0.0,0.0], [0.0,0.0], [0.0,0.0], [0.0,0.0], [0.0,0.0], [0.0,0.0], [0.0,0.0], [0.0,0.0], [0.0,0.0], [0.0,0.0], [0.0,0.0]]
EXIT 4 FunctionDefinition_6 [[-Infinity,Infinity], [-Infinity,Infinity], [18.0,18.0], [-Infinity,Infinity], [-Infinity,Infinity], [-Infinity,Infinity], [0.0,0.0], [0.0,0.0], [0.0,0.0], [0.0,0.0], [0.0,0.0], [0.0,0.0], [0.0,0.0], [0.0,0.0], [0.0,0.0], [0.0,0.0], [0.0,0.0], [0.0,0.0], [0.0,0.0], [0.0,0.0]]
ENTRY 4 FunctionEntry_6 [[-Infinity,Infinity], [-Infinity,Infinity], [18.0,18.0], [-Infinity,Infinity], [-Infinity,Infinity], [-Infinity,Infinity], [0.0,0.0], [0.0,0.0], [0.0,0.0], [0.0,0.0], [0.0,0.0], [0.0,0.0], [0.0,0.0], [0.0,0.0], [0.0,0.0], [0.0,0.0], [0.0,0.0], [0.0,0.0], [0.0,0.0], [0.0,0.0]]
EXIT 4 FunctionEntry_6 [[-Infinity,Infinity], [-Infinity,Infinity], [18.0,18.0], [-Infinity,Infinity], [-Infinity,Infinity], [-Infinity,Infinity], [0.0,0.0], [0.0,0.0], [0.0,0.0], [0.0,0.0], [0.0,0.0], [0.0,0.0], [0.0,0.0], [0.0,0.0], [0.0,0.0], [0.0,0.0], [0.0,0.0], [0.0,0.0], [0.0,0.0], [0.0,0.0]]
ENTRY 4 ExpressionStatement_0 [[-Infinity,Infinity], [-Infinity,Infinity], [18.0,18.0], [-Infinity,Infinity], [-Infinity,Infinity], [-Infinity,Infinity], [0.0,0.0], [0.0,0.0], [0.0,0.0], [0.0,0.0], [0.0,0.0], [0.0,0.0], [0.0,0.0], [0.0,0.0], [0.0,0.0], [0.0,0.0], [0.0,0.0], [0.0,0.0], [0.0,0.0], [0.0,0.0]]
EXIT 4 ExpressionStatement_0 [[-Infinity,Infinity], [-Infinity,Infinity], [18.0,18.0], [-Infinity,Infinity], [-Infinity,Infinity], [-Infinity,Infinity], [0.0,0.0], [0.0,0.0], [0.0,0.0], [0.0,0.0], [0.0,0.0], [0.0,0.0], [0.0,0.0], [0.0,0.0], [0.0,0.0], [0.0,0.0], [0.0,0.0], [0.0,0.0], [0.0,0.0], [0.0,0.0]]
ENTRY 4 ExpressionStatement_1 [[-Infinity,Infinity], [-Infinity,Infinity], [18.0,18.0], [-Infinity,Infinity], [-Infinity,Infinity], [-Infinity,Infinity], [0.0,0.0], [0.0,0.0], [0.0,0.0], [0.0,0.0], [0.0,0.0], [0.0,0.0], [0.0,0.0], [0.0,0.0], [0.0,0.0], [0.0,0.0], [0.0,0.0], [0.0,0.0], [0.0,0.0], [0.0,0.0]]
EXIT 4 ExpressionStatement_1 [[-Infinity,Infinity], [-Infinity,Infinity], [18.0,18.0], [-Infinity,Infinity], [-Infinity,Infinity], [-Infinity,Infinity], [-Infinity,Infinity], [0.0,0.0], [0.0,0.0], [0.0,0.0], [0.0,0.0], [0.0,0.0], [0.0,0.0], [0.0,0.0], [0.0,0.0], [0.0,0.0], [0.0,0.0], [0.0,0.0], [0.0,0.0], [0.0,0.0]]
ENTRY 4 EmitStatement_0 [[-Infinity,Infinity], [-Infinity,Infinity], [18.0,18.0], [-Infinity,Infinity], [-Infinity,Infinity], [-Infinity,Infinity], [-Infinity,Infinity], [0.0,0.0], [0.0,0.0], [0.0,0.0], [0.0,0.0], [0.0,0.0], [0.0,0.0], [0.0,0.0], [0.0,0.0], [0.0,0.0], [0.0,0.0], [0.0,0.0], [0.0,0.0], [0.0,0.0]]
EXIT 4 EmitStatement_0 [[-Infinity,Infinity], [-Infinity,Infinity], [18.0,18.0], [-Infinity,Infinity], [-Infinity,Infinity], [-Infinity,Infinity], [-Infinity,Infinity], [0.0,0.0], [0.0,0.0], [0.0,0.0], [0.0,0.0], [0.0,0.0], [0.0,0.0], [0.0,0.0], [0.0,0.0], [0.0,0.0], [0.0,0.0], [0.0,0.0], [0.0,0.0], [0.0,0.0]]
ENTRY 4 FunctionExit_6 [[-Infinity,Infinity], [-Infinity,Infinity], [18.0,18.0], [-Infinity,Infinity], [-Infinity,Infinity], [-Infinity,Infinity], [-Infinity,Infinity], [0.0,0.0], [0.0,0.0], [0.0,0.0], [0.0,0.0], [0.0,0.0], [0.0,0.0], [0.0,0.0], [0.0,0.0], [0.0,0.0], [0.0,0.0], [0.0,0.0], [0.0,0.0], [0.0,0.0]]
EXIT 4 FunctionExit_6 [[-Infinity,Infinity], [-Infinity,Infinity], [18.0,18.0], [-Infinity,Infinity], [-Infinity,Infinity], [-Infinity,Infinity], [-Infinity,Infinity], [0.0,0.0], [0.0,0.0], [0.0,0.0], [0.0,0.0], [0.0,0.0], [0.0,0.0], [0.0,0.0], [0.0,0.0], [0.0,0.0], [0.0,0.0], [0.0,0.0], [0.0,0.0], [0.0,0.0]]
ENTRY 4 FunctionDefinition_7 [[-Infinity,Infinity], [-Infinity,Infinity], [18.0,18.0], [-Infinity,Infinity], [-Infinity,Infinity], [-Infinity,Infinity], [0.0,0.0], [0.0,0.0], [0.0,0.0], [0.0,0.0], [0.0,0.0], [0.0,0.0], [0.0,0.0], [0.0,0.0], [0.0,0.0], [0.0,0.0], [0.0,0.0], [0.0,0.0], [0.0,0.0], [0.0,0.0]]
EXIT 4 FunctionDefinition_7 [[-Infinity,Infinity], [-Infinity,Infinity], [18.0,18.0], [-Infinity,Infinity], [-Infinity,Infinity], [-Infinity,Infinity], [0.0,0.0], [0.0,0.0], [0.0,0.0], [0.0,0.0], [0.0,0.0], [0.0,0.0], [0.0,0.0], [0.0,0.0], [0.0,0.0], [0.0,0.0], [0.0,0.0], [0.0,0.0], [0.0,0.0], [0.0,0.0]]
ENTRY 4 FunctionEntry_7 [[-Infinity,Infinity], [-Infinity,Infinity], [18.0,18.0], [-Infinity,Infinity], [-Infinity,Infinity], [-Infinity,Infinity], [0.0,0.0], [0.0,0.0], [0.0,0.0], [0.0,0.0], [0.0,0.0], [0.0,0.0], [0.0,0.0], [0.0,0.0], [0.0,0.0], [0.0,0.0], [0.0,0.0], [0.0,0.0], [0.0,0.0], [0.0,0.0]]
EXIT 4 FunctionEntry_7 [[-Infinity,Infinity], [-Infinity,Infinity], [18.0,18.0], [-Infinity,Infinity], [-Infinity,Infinity], [-Infinity,Infinity], [0.0,0.0], [0.0,0.0], [0.0,0.0], [0.0,0.0], [0.0,0.0], [0.0,0.0], [0.0,0.0], [0.0,0.0], [0.0,0.0], [0.0,0.0], [0.0,0.0], [0.0,0.0], [0.0,0.0], [0.0,0.0]]
ENTRY 4 Return_0 [[-Infinity,Infinity], [-Infinity,Infinity], [18.0,18.0], [-Infinity,Infinity], [-Infinity,Infinity], [-Infinity,Infinity], [0.0,0.0], [0.0,0.0], [0.0,0.0], [0.0,0.0], [0.0,0.0], [0.0,0.0], [0.0,0.0], [0.0,0.0], [0.0,0.0], [0.0,0.0], [0.0,0.0], [0.0,0.0], [0.0,0.0], [0.0,0.0]]
EXIT 4 Return_0 [[-Infinity,Infinity], [-Infinity,Infinity], [18.0,18.0], [-Infinity,Infinity], [-Infinity,Infinity], [-Infinity,Infinity], [0.0,0.0], [0.0,0.0], [0.0,0.0], [0.0,0.0], [0.0,0.0], [0.0,0.0], [0.0,0.0], [0.0,0.0], [0.0,0.0], [0.0,0.0], [0.0,0.0], [0.0,0.0], [0.0,0.0], [0.0,0.0]]
ENTRY 4 FunctionExit_7 [[-Infinity,Infinity], [-Infinity,Infinity], [18.0,18.0], [-Infinity,Infinity], [-Infinity,Infinity], [-Infinity,Infinity], [0.0,0.0], [0.0,0.0], [0.0,0.0], [0.0,0.0], [0.0,0.0], [0.0,0.0], [0.0,0.0], [0.0,0.0], [0.0,0.0], [0.0,0.0], [0.0,0.0], [0.0,0.0], [0.0,0.0], [0.0,0.0]]
EXIT 4 FunctionExit_7 [[-Infinity,Infinity], [-Infinity,Infinity], [18.0,18.0], [-Infinity,Infinity], [-Infinity,Infinity], [-Infinity,Infinity], [0.0,0.0], [0.0,0.0], [0.0,0.0], [0.0,0.0], [0.0,0.0], [0.0,0.0], [0.0,0.0], [0.0,0.0], [0.0,0.0], [0.0,0.0], [0.0,0.0], [0.0,0.0], [0.0,0.0], [0.0,0.0]]
ENTRY 4 FunctionDefinition_8 [[-Infinity,Infinity], [-Infinity,Infinity], [18.0,18.0], [-Infinity,Infinity], [-Infinity,Infinity], [-Infinity,Infinity], [0.0,0.0], [0.0,0.0], [0.0,0.0], [0.0,0.0], [0.0,0.0], [0.0,0.0], [0.0,0.0], [0.0,0.0], [0.0,0.0], [0.0,0.0], [0.0,0.0], [0.0,0.0], [0.0,0.0], [0.0,0.0]]
EXIT 4 FunctionDefinition_8 [[-Infinity,Infinity], [-Infinity,Infinity], [18.0,18.0], [-Infinity,Infinity], [-Infinity,Infinity], [-Infinity,Infinity], [0.0,0.0], [0.0,0.0], [0.0,0.0], [0.0,0.0], [0.0,0.0], [0.0,0.0], [0.0,0.0], [0.0,0.0], [0.0,0.0], [0.0,0.0], [0.0,0.0], [0.0,0.0], [0.0,0.0], [0.0,0.0]]
ENTRY 4 FunctionEntry_8 [[-Infinity,Infinity], [-Infinity,Infinity], [18.0,18.0], [-Infinity,Infinity], [-Infinity,Infinity], [-Infinity,Infinity], [0.0,0.0], [0.0,0.0], [0.0,0.0], [0.0,0.0], [0.0,0.0], [0.0,0.0], [0.0,0.0], [0.0,0.0], [0.0,0.0], [0.0,0.0], [0.0,0.0], [0.0,0.0], [0.0,0.0], [0.0,0.0]]
EXIT 4 FunctionEntry_8 [[-Infinity,Infinity], [-Infinity,Infinity], [18.0,18.0], [-Infinity,Infinity], [-Infinity,Infinity], [-Infinity,Infinity], [0.0,0.0], [0.0,0.0], [0.0,0.0], [0.0,0.0], [0.0,0.0], [0.0,0.0], [0.0,0.0], [0.0,0.0], [0.0,0.0], [0.0,0.0], [0.0,0.0], [0.0,0.0], [0.0,0.0], [0.0,0.0]]
ENTRY 4 ExpressionStatement_2 [[-Infinity,Infinity], [-Infinity,Infinity], [18.0,18.0], [-Infinity,Infinity], [-Infinity,Infinity], [-Infinity,Infinity], [0.0,0.0], [0.0,0.0], [0.0,0.0], [0.0,0.0], [0.0,0.0], [0.0,0.0], [0.0,0.0], [0.0,0.0], [0.0,0.0], [0.0,0.0], [0.0,0.0], [0.0,0.0], [0.0,0.0], [0.0,0.0]]
EXIT 4 ExpressionStatement_2 [[-Infinity,Infinity], [-Infinity,Infinity], [18.0,18.0], [-Infinity,Infinity], [-Infinity,Infinity], [-Infinity,Infinity], [0.0,0.0], [0.0,0.0], [0.0,0.0], [0.0,0.0], [0.0,0.0], [0.0,0.0], [0.0,0.0], [0.0,0.0], [0.0,0.0], [0.0,0.0], [0.0,0.0], [0.0,0.0], [0.0,0.0], [0.0,0.0]]
ENTRY 4 ExpressionStatement_3 [[-Infinity,Infinity], [-Infinity,Infinity], [18.0,18.0], [-Infinity,Infinity], [-Infinity,Infinity], [-Infinity,Infinity], [0.0,0.0], [0.0,0.0], [0.0,0.0], [0.0,0.0], [0.0,0.0], [0.0,0.0], [0.0,0.0], [0.0,0.0], [0.0,0.0], [0.0,0.0], [0.0,0.0], [0.0,0.0], [0.0,0.0], [0.0,0.0]]
EXIT 4 ExpressionStatement_3 [[-Infinity,Infinity], [-Infinity,Infinity], [18.0,18.0], [-Infinity,Infinity], [-Infinity,Infinity], [-Infinity,Infinity], [-Infinity,Infinity], [0.0,0.0], [0.0,0.0], [0.0,0.0], [0.0,0.0], [0.0,0.0], [0.0,0.0], [0.0,0.0], [0.0,0.0], [0.0,0.0], [0.0,0.0], [0.0,0.0], [0.0,0.0], [0.0,0.0]]
ENTRY 4 ExpressionStatement_4 [[-Infinity,Infinity], [-Infinity,Infinity], [18.0,18.0], [-Infinity,Infinity], [-Infinity,Infinity], [-Infinity,Infinity], [-Infinity,Infinity], [0.0,0.0], [0.0,0.0], [0.0,0.0], [0.0,0.0], [0.0,0.0], [0.0,0.0], [0.0,0.0], [0.0,0.0], [0.0,0.0], [0.0,0.0], [0.0,0.0], [0.0,0.0], [0.0,0.0]]
EXIT 4 ExpressionStatement_4 [[-Infinity,Infinity], [-Infinity,Infinity], [18.0,18.0], [-Infinity,Infinity], [-Infinity,Infinity], [-Infinity,Infinity], [-Infinity,Infinity], [0.0,0.0], [0.0,0.0], [-Infinity,Infinity], [0.0,0.0], [0.0,0.0], [0.0,0.0], [0.0,0.0], [0.0,0.0], [0.0,0.0], [0.0,0.0], [0.0,0.0], [0.0,0.0], [0.0,0.0]]
ENTRY 4 EmitStatement_1 [[-Infinity,Infinity], [-Infinity,Infinity], [18.0,18.0], [-Infinity,Infinity], [-Infinity,Infinity], [-Infinity,Infinity], [-Infinity,Infinity], [0.0,0.0], [0.0,0.0], [-Infinity,Infinity], [0.0,0.0], [0.0,0.0], [0.0,0.0], [0.0,0.0], [0.0,0.0], [0.0,0.0], [0.0,0.0], [0.0,0.0], [0.0,0.0], [0.0,0.0]]
EXIT 4 EmitStatement_1 [[-Infinity,Infinity], [-Infinity,Infinity], [18.0,18.0], [-Infinity,Infinity], [-Infinity,Infinity], [-Infinity,Infinity], [-Infinity,Infinity], [0.0,0.0], [0.0,0.0], [-Infinity,Infinity], [0.0,0.0], [0.0,0.0], [0.0,0.0], [0.0,0.0], [0.0,0.0], [0.0,0.0], [0.0,0.0], [0.0,0.0], [0.0,0.0], [0.0,0.0]]
ENTRY 4 Return_1 [[-Infinity,Infinity], [-Infinity,Infinity], [18.0,18.0], [-Infinity,Infinity], [-Infinity,Infinity], [-Infinity,Infinity], [-Infinity,Infinity], [0.0,0.0], [0.0,0.0], [-Infinity,Infinity], [0.0,0.0], [0.0,0.0], [0.0,0.0], [0.0,0.0], [0.0,0.0], [0.0,0.0], [0.0,0.0], [0.0,0.0], [0.0,0.0], [0.0,0.0]]
EXIT 4 Return_1 [[-Infinity,Infinity], [-Infinity,Infinity], [18.0,18.0], [-Infinity,Infinity], [-Infinity,Infinity], [-Infinity,Infinity], [-Infinity,Infinity], [0.0,0.0], [0.0,0.0], [-Infinity,Infinity], [0.0,0.0], [0.0,0.0], [0.0,0.0], [0.0,0.0], [0.0,0.0], [0.0,0.0], [0.0,0.0], [0.0,0.0], [0.0,0.0], [0.0,0.0]]
ENTRY 4 FunctionExit_8 [[-Infinity,Infinity], [-Infinity,Infinity], [18.0,18.0], [-Infinity,Infinity], [-Infinity,Infinity], [-Infinity,Infinity], [-Infinity,Infinity], [0.0,0.0], [0.0,0.0], [-Infinity,Infinity], [0.0,0.0], [0.0,0.0], [0.0,0.0], [0.0,0.0], [0.0,0.0], [0.0,0.0], [0.0,0.0], [0.0,0.0], [0.0,0.0], [0.0,0.0]]
EXIT 4 FunctionExit_8 [[-Infinity,Infinity], [-Infinity,Infinity], [18.0,18.0], [-Infinity,Infinity], [-Infinity,Infinity], [-Infinity,Infinity], [-Infinity,Infinity], [0.0,0.0], [0.0,0.0], [-Infinity,Infinity], [0.0,0.0], [0.0,0.0], [0.0,0.0], [0.0,0.0], [0.0,0.0], [0.0,0.0], [0.0,0.0], [0.0,0.0], [0.0,0.0], [0.0,0.0]]
ENTRY 4 FunctionDefinition_9 [[-Infinity,Infinity], [-Infinity,Infinity], [18.0,18.0], [-Infinity,Infinity], [-Infinity,Infinity], [-Infinity,Infinity], [0.0,0.0], [0.0,0.0], [0.0,0.0], [0.0,0.0], [0.0,0.0], [0.0,0.0], [0.0,0.0], [0.0,0.0], [0.0,0.0], [0.0,0.0], [0.0,0.0], [0.0,0.0], [0.0,0.0], [0.0,0.0]]
EXIT 4 FunctionDefinition_9 [[-Infinity,Infinity], [-Infinity,Infinity], [18.0,18.0], [-Infinity,Infinity], [-Infinity,Infinity], [-Infinity,Infinity], [0.0,0.0], [0.0,0.0], [0.0,0.0], [0.0,0.0], [0.0,0.0], [0.0,0.0], [0.0,0.0], [0.0,0.0], [0.0,0.0], [0.0,0.0], [0.0,0.0], [0.0,0.0], [0.0,0.0], [0.0,0.0]]
ENTRY 4 FunctionEntry_9 [[-Infinity,Infinity], [-Infinity,Infinity], [18.0,18.0], [-Infinity,Infinity], [-Infinity,Infinity], [-Infinity,Infinity], [0.0,0.0], [0.0,0.0], [0.0,0.0], [0.0,0.0], [0.0,0.0], [0.0,0.0], [0.0,0.0], [0.0,0.0], [0.0,0.0], [0.0,0.0], [0.0,0.0], [0.0,0.0], [0.0,0.0], [0.0,0.0]]
EXIT 4 FunctionEntry_9 [[-Infinity,Infinity], [-Infinity,Infinity], [18.0,18.0], [-Infinity,Infinity], [-Infinity,Infinity], [-Infinity,Infinity], [0.0,0.0], [0.0,0.0], [0.0,0.0], [0.0,0.0], [0.0,0.0], [0.0,0.0], [0.0,0.0], [0.0,0.0], [0.0,0.0], [0.0,0.0], [0.0,0.0], [0.0,0.0], [0.0,0.0], [0.0,0.0]]
ENTRY 4 ExpressionStatement_5 [[-Infinity,Infinity], [-Infinity,Infinity], [18.0,18.0], [-Infinity,Infinity], [-Infinity,Infinity], [-Infinity,Infinity], [0.0,0.0], [0.0,0.0], [0.0,0.0], [0.0,0.0], [0.0,0.0], [0.0,0.0], [0.0,0.0], [0.0,0.0], [0.0,0.0], [0.0,0.0], [0.0,0.0], [0.0,0.0], [0.0,0.0], [0.0,0.0]]
EXIT 4 ExpressionStatement_5 [[-Infinity,Infinity], [-Infinity,Infinity], [18.0,18.0], [-Infinity,Infinity], [-Infinity,Infinity], [-Infinity,Infinity], [0.0,0.0], [0.0,0.0], [0.0,0.0], [0.0,0.0], [0.0,0.0], [-Infinity,Infinity], [0.0,0.0], [0.0,0.0], [0.0,0.0], [0.0,0.0], [0.0,0.0], [0.0,0.0], [0.0,0.0], [0.0,0.0]]
ENTRY 4 EmitStatement_2 [[-Infinity,Infinity], [-Infinity,Infinity], [18.0,18.0], [-Infinity,Infinity], [-Infinity,Infinity], [-Infinity,Infinity], [0.0,0.0], [0.0,0.0], [0.0,0.0], [0.0,0.0], [0.0,0.0], [-Infinity,Infinity], [0.0,0.0], [0.0,0.0], [0.0,0.0], [0.0,0.0], [0.0,0.0], [0.0,0.0], [0.0,0.0], [0.0,0.0]]
EXIT 4 EmitStatement_2 [[-Infinity,Infinity], [-Infinity,Infinity], [18.0,18.0], [-Infinity,Infinity], [-Infinity,Infinity], [-Infinity,Infinity], [0.0,0.0], [0.0,0.0], [0.0,0.0], [0.0,0.0], [0.0,0.0], [-Infinity,Infinity], [0.0,0.0], [0.0,0.0], [0.0,0.0], [0.0,0.0], [0.0,0.0], [0.0,0.0], [0.0,0.0], [0.0,0.0]]
ENTRY 4 Return_2 [[-Infinity,Infinity], [-Infinity,Infinity], [18.0,18.0], [-Infinity,Infinity], [-Infinity,Infinity], [-Infinity,Infinity], [0.0,0.0], [0.0,0.0], [0.0,0.0], [0.0,0.0], [0.0,0.0], [-Infinity,Infinity], [0.0,0.0], [0.0,0.0], [0.0,0.0], [0.0,0.0], [0.0,0.0], [0.0,0.0], [0.0,0.0], [0.0,0.0]]
EXIT 4 Return_2 [[-Infinity,Infinity], [-Infinity,Infinity], [18.0,18.0], [-Infinity,Infinity], [-Infinity,Infinity], [-Infinity,Infinity], [0.0,0.0], [0.0,0.0], [0.0,0.0], [0.0,0.0], [0.0,0.0], [-Infinity,Infinity], [0.0,0.0], [0.0,0.0], [0.0,0.0], [0.0,0.0], [0.0,0.0], [0.0,0.0], [0.0,0.0], [0.0,0.0]]
ENTRY 4 FunctionExit_9 [[-Infinity,Infinity], [-Infinity,Infinity], [18.0,18.0], [-Infinity,Infinity], [-Infinity,Infinity], [-Infinity,Infinity], [0.0,0.0], [0.0,0.0], [0.0,0.0], [0.0,0.0], [0.0,0.0], [-Infinity,Infinity], [0.0,0.0], [0.0,0.0], [0.0,0.0], [0.0,0.0], [0.0,0.0], [0.0,0.0], [0.0,0.0], [0.0,0.0]]
EXIT 4 FunctionExit_9 [[-Infinity,Infinity], [-Infinity,Infinity], [18.0,18.0], [-Infinity,Infinity], [-Infinity,Infinity], [-Infinity,Infinity], [0.0,0.0], [0.0,0.0], [0.0,0.0], [0.0,0.0], [0.0,0.0], [-Infinity,Infinity], [0.0,0.0], [0.0,0.0], [0.0,0.0], [0.0,0.0], [0.0,0.0], [0.0,0.0], [0.0,0.0], [0.0,0.0]]
ENTRY 4 FunctionDefinition_10 [[-Infinity,Infinity], [-Infinity,Infinity], [18.0,18.0], [-Infinity,Infinity], [-Infinity,Infinity], [-Infinity,Infinity], [0.0,0.0], [0.0,0.0], [0.0,0.0], [0.0,0.0], [0.0,0.0], [0.0,0.0], [0.0,0.0], [0.0,0.0], [0.0,0.0], [0.0,0.0], [0.0,0.0], [0.0,0.0], [0.0,0.0], [0.0,0.0]]
EXIT 4 FunctionDefinition_10 [[-Infinity,Infinity], [-Infinity,Infinity], [18.0,18.0], [-Infinity,Infinity], [-Infinity,Infinity], [-Infinity,Infinity], [0.0,0.0], [0.0,0.0], [0.0,0.0], [0.0,0.0], [0.0,0.0], [0.0,0.0], [0.0,0.0], [0.0,0.0], [0.0,0.0], [0.0,0.0], [0.0,0.0], [0.0,0.0], [0.0,0.0], [0.0,0.0]]
ENTRY 4 FunctionEntry_10 [[-Infinity,Infinity], [-Infinity,Infinity], [18.0,18.0], [-Infinity,Infinity], [-Infinity,Infinity], [-Infinity,Infinity], [0.0,0.0], [0.0,0.0], [0.0,0.0], [0.0,0.0], [0.0,0.0], [0.0,0.0], [0.0,0.0], [0.0,0.0], [0.0,0.0], [0.0,0.0], [0.0,0.0], [0.0,0.0], [0.0,0.0], [0.0,0.0]]
EXIT 4 FunctionEntry_10 [[-Infinity,Infinity], [-Infinity,Infinity], [18.0,18.0], [-Infinity,Infinity], [-Infinity,Infinity], [-Infinity,Infinity], [0.0,0.0], [0.0,0.0], [0.0,0.0], [0.0,0.0], [0.0,0.0], [0.0,0.0], [0.0,0.0], [0.0,0.0], [0.0,0.0], [0.0,0.0], [0.0,0.0], [0.0,0.0], [0.0,0.0], [0.0,0.0]]
ENTRY 4 Return_3 [[-Infinity,Infinity], [-Infinity,Infinity], [18.0,18.0], [-Infinity,Infinity], [-Infinity,Infinity], [-Infinity,Infinity], [0.0,0.0], [0.0,0.0], [0.0,0.0], [0.0,0.0], [0.0,0.0], [0.0,0.0], [0.0,0.0], [0.0,0.0], [0.0,0.0], [0.0,0.0], [0.0,0.0], [0.0,0.0], [0.0,0.0], [0.0,0.0]]
EXIT 4 Return_3 [[-Infinity,Infinity], [-Infinity,Infinity], [18.0,18.0], [-Infinity,Infinity], [-Infinity,Infinity], [-Infinity,Infinity], [0.0,0.0], [0.0,0.0], [0.0,0.0], [0.0,0.0], [0.0,0.0], [0.0,0.0], [0.0,0.0], [0.0,0.0], [0.0,0.0], [0.0,0.0], [0.0,0.0], [0.0,0.0], [0.0,0.0], [0.0,0.0]]
ENTRY 4 FunctionExit_10 [[-Infinity,Infinity], [-Infinity,Infinity], [18.0,18.0], [-Infinity,Infinity], [-Infinity,Infinity], [-Infinity,Infinity], [0.0,0.0], [0.0,0.0], [0.0,0.0], [0.0,0.0], [0.0,0.0], [0.0,0.0], [0.0,0.0], [0.0,0.0], [0.0,0.0], [0.0,0.0], [0.0,0.0], [0.0,0.0], [0.0,0.0], [0.0,0.0]]
EXIT 4 FunctionExit_10 [[-Infinity,Infinity], [-Infinity,Infinity], [18.0,18.0], [-Infinity,Infinity], [-Infinity,Infinity], [-Infinity,Infinity], [0.0,0.0], [0.0,0.0], [0.0,0.0], [0.0,0.0], [0.0,0.0], [0.0,0.0], [0.0,0.0], [0.0,0.0], [0.0,0.0], [0.0,0.0], [0.0,0.0], [0.0,0.0], [0.0,0.0], [0.0,0.0]]
ENTRY 4 FunctionDefinition_11 [[-Infinity,Infinity], [-Infinity,Infinity], [18.0,18.0], [-Infinity,Infinity], [-Infinity,Infinity], [-Infinity,Infinity], [0.0,0.0], [0.0,0.0], [0.0,0.0], [0.0,0.0], [0.0,0.0], [0.0,0.0], [0.0,0.0], [0.0,0.0], [0.0,0.0], [0.0,0.0], [0.0,0.0], [0.0,0.0], [0.0,0.0], [0.0,0.0]]
EXIT 4 FunctionDefinition_11 [[-Infinity,Infinity], [-Infinity,Infinity], [18.0,18.0], [-Infinity,Infinity], [-Infinity,Infinity], [-Infinity,Infinity], [0.0,0.0], [0.0,0.0], [0.0,0.0], [0.0,0.0], [0.0,0.0], [0.0,0.0], [0.0,0.0], [0.0,0.0], [0.0,0.0], [0.0,0.0], [0.0,0.0], [0.0,0.0], [0.0,0.0], [0.0,0.0]]
ENTRY 4 FunctionEntry_11 [[-Infinity,Infinity], [-Infinity,Infinity], [18.0,18.0], [-Infinity,Infinity], [-Infinity,Infinity], [-Infinity,Infinity], [0.0,0.0], [0.0,0.0], [0.0,0.0], [0.0,0.0], [0.0,0.0], [0.0,0.0], [0.0,0.0], [0.0,0.0], [0.0,0.0], [0.0,0.0], [0.0,0.0], [0.0,0.0], [0.0,0.0], [0.0,0.0]]
EXIT 4 FunctionEntry_11 [[-Infinity,Infinity], [-Infinity,Infinity], [18.0,18.0], [-Infinity,Infinity], [-Infinity,Infinity], [-Infinity,Infinity], [0.0,0.0], [0.0,0.0], [0.0,0.0], [0.0,0.0], [0.0,0.0], [0.0,0.0], [0.0,0.0], [0.0,0.0], [0.0,0.0], [0.0,0.0], [0.0,0.0], [0.0,0.0], [0.0,0.0], [0.0,0.0]]
ENTRY 4 ExpressionStatement_6 [[-Infinity,Infinity], [-Infinity,Infinity], [18.0,18.0], [-Infinity,Infinity], [-Infinity,Infinity], [-Infinity,Infinity], [0.0,0.0], [0.0,0.0], [0.0,0.0], [0.0,0.0], [0.0,0.0], [0.0,0.0], [0.0,0.0], [0.0,0.0], [0.0,0.0], [0.0,0.0], [0.0,0.0], [0.0,0.0], [0.0,0.0], [0.0,0.0]]
EXIT 4 ExpressionStatement_6 [[-Infinity,Infinity], [-Infinity,Infinity], [18.0,18.0], [-Infinity,Infinity], [-Infinity,Infinity], [-Infinity,Infinity], [0.0,0.0], [0.0,0.0], [0.0,0.0], [0.0,0.0], [0.0,0.0], [0.0,0.0], [0.0,0.0], [0.0,0.0], [0.0,0.0], [0.0,0.0], [0.0,0.0], [0.0,0.0], [0.0,0.0], [0.0,0.0]]
ENTRY 4 ExpressionStatement_7 [[-Infinity,Infinity], [-Infinity,Infinity], [18.0,18.0], [-Infinity,Infinity], [-Infinity,Infinity], [-Infinity,Infinity], [0.0,0.0], [0.0,0.0], [0.0,0.0], [0.0,0.0], [0.0,0.0], [0.0,0.0], [0.0,0.0], [0.0,0.0], [0.0,0.0], [0.0,0.0], [0.0,0.0], [0.0,0.0], [0.0,0.0], [0.0,0.0]]
EXIT 4 ExpressionStatement_7 [[-Infinity,Infinity], [-Infinity,Infinity], [18.0,18.0], [-Infinity,Infinity], [-Infinity,Infinity], [-Infinity,Infinity], [0.0,0.0], [0.0,0.0], [0.0,0.0], [0.0,0.0], [0.0,0.0], [0.0,0.0], [0.0,0.0], [0.0,0.0], [0.0,0.0], [0.0,0.0], [0.0,0.0], [0.0,0.0], [0.0,0.0], [0.0,0.0]]
ENTRY 4 ExpressionStatement_8 [[-Infinity,Infinity], [-Infinity,Infinity], [18.0,18.0], [-Infinity,Infinity], [-Infinity,Infinity], [-Infinity,Infinity], [0.0,0.0], [0.0,0.0], [0.0,0.0], [0.0,0.0], [0.0,0.0], [0.0,0.0], [0.0,0.0], [0.0,0.0], [0.0,0.0], [0.0,0.0], [0.0,0.0], [0.0,0.0], [0.0,0.0], [0.0,0.0]]
EXIT 4 ExpressionStatement_8 [[-Infinity,Infinity], [-Infinity,Infinity], [18.0,18.0], [-Infinity,Infinity], [-Infinity,Infinity], [-Infinity,Infinity], [0.0,0.0], [0.0,0.0], [0.0,0.0], [0.0,0.0], [0.0,0.0], [0.0,0.0], [0.0,0.0], [0.0,0.0], [-Infinity,Infinity], [0.0,0.0], [0.0,0.0], [0.0,0.0], [0.0,0.0], [0.0,0.0]]
ENTRY 4 ExpressionStatement_9 [[-Infinity,Infinity], [-Infinity,Infinity], [18.0,18.0], [-Infinity,Infinity], [-Infinity,Infinity], [-Infinity,Infinity], [0.0,0.0], [0.0,0.0], [0.0,0.0], [0.0,0.0], [0.0,0.0], [0.0,0.0], [0.0,0.0], [0.0,0.0], [-Infinity,Infinity], [0.0,0.0], [0.0,0.0], [0.0,0.0], [0.0,0.0], [0.0,0.0]]
EXIT 4 ExpressionStatement_9 [[-Infinity,Infinity], [-Infinity,Infinity], [18.0,18.0], [-Infinity,Infinity], [-Infinity,Infinity], [-Infinity,Infinity], [0.0,0.0], [0.0,0.0], [0.0,0.0], [0.0,0.0], [0.0,0.0], [0.0,0.0], [0.0,0.0], [0.0,0.0], [-Infinity,Infinity], [0.0,0.0], [0.0,0.0], [0.0,0.0], [0.0,0.0], [0.0,0.0]]
ENTRY 4 ExpressionStatement_10 [[-Infinity,Infinity], [-Infinity,Infinity], [18.0,18.0], [-Infinity,Infinity], [-Infinity,Infinity], [-Infinity,Infinity], [0.0,0.0], [0.0,0.0], [0.0,0.0], [0.0,0.0], [0.0,0.0], [0.0,0.0], [0.0,0.0], [0.0,0.0], [-Infinity,Infinity], [0.0,0.0], [0.0,0.0], [0.0,0.0], [0.0,0.0], [0.0,0.0]]
EXIT 4 ExpressionStatement_10 [[-Infinity,Infinity], [-Infinity,Infinity], [18.0,18.0], [-Infinity,Infinity], [-Infinity,Infinity], [-Infinity,Infinity], [0.0,0.0], [0.0,0.0], [0.0,0.0], [-Infinity,Infinity], [0.0,0.0], [0.0,0.0], [0.0,0.0], [0.0,0.0], [-Infinity,Infinity], [0.0,0.0], [0.0,0.0], [0.0,0.0], [0.0,0.0], [0.0,0.0]]
ENTRY 4 EmitStatement_3 [[-Infinity,Infinity], [-Infinity,Infinity], [18.0,18.0], [-Infinity,Infinity], [-Infinity,Infinity], [-Infinity,Infinity], [0.0,0.0], [0.0,0.0], [0.0,0.0], [-Infinity,Infinity], [0.0,0.0], [0.0,0.0], [0.0,0.0], [0.0,0.0], [-Infinity,Infinity], [0.0,0.0], [0.0,0.0], [0.0,0.0], [0.0,0.0], [0.0,0.0]]
EXIT 4 EmitStatement_3 [[-Infinity,Infinity], [-Infinity,Infinity], [18.0,18.0], [-Infinity,Infinity], [-Infinity,Infinity], [-Infinity,Infinity], [0.0,0.0], [0.0,0.0], [0.0,0.0], [-Infinity,Infinity], [0.0,0.0], [0.0,0.0], [0.0,0.0], [0.0,0.0], [-Infinity,Infinity], [0.0,0.0], [0.0,0.0], [0.0,0.0], [0.0,0.0], [0.0,0.0]]
ENTRY 4 Return_4 [[-Infinity,Infinity], [-Infinity,Infinity], [18.0,18.0], [-Infinity,Infinity], [-Infinity,Infinity], [-Infinity,Infinity], [0.0,0.0], [0.0,0.0], [0.0,0.0], [-Infinity,Infinity], [0.0,0.0], [0.0,0.0], [0.0,0.0], [0.0,0.0], [-Infinity,Infinity], [0.0,0.0], [0.0,0.0], [0.0,0.0], [0.0,0.0], [0.0,0.0]]
EXIT 4 Return_4 [[-Infinity,Infinity], [-Infinity,Infinity], [18.0,18.0], [-Infinity,Infinity], [-Infinity,Infinity], [-Infinity,Infinity], [0.0,0.0], [0.0,0.0], [0.0,0.0], [-Infinity,Infinity], [0.0,0.0], [0.0,0.0], [0.0,0.0], [0.0,0.0], [-Infinity,Infinity], [0.0,0.0], [0.0,0.0], [0.0,0.0], [0.0,0.0], [0.0,0.0]]
ENTRY 4 FunctionExit_11 [[-Infinity,Infinity], [-Infinity,Infinity], [18.0,18.0], [-Infinity,Infinity], [-Infinity,Infinity], [-Infinity,Infinity], [0.0,0.0], [0.0,0.0], [0.0,0.0], [-Infinity,Infinity], [0.0,0.0], [0.0,0.0], [0.0,0.0], [0.0,0.0], [-Infinity,Infinity], [0.0,0.0], [0.0,0.0], [0.0,0.0], [0.0,0.0], [0.0,0.0]]
EXIT 4 FunctionExit_11 [[-Infinity,Infinity], [-Infinity,Infinity], [18.0,18.0], [-Infinity,Infinity], [-Infinity,Infinity], [-Infinity,Infinity], [0.0,0.0], [0.0,0.0], [0.0,0.0], [-Infinity,Infinity], [0.0,0.0], [0.0,0.0], [0.0,0.0], [0.0,0.0], [-Infinity,Infinity], [0.0,0.0], [0.0,0.0], [0.0,0.0], [0.0,0.0], [0.0,0.0]]
ENTRY 4 FunctionDefinition_12 [[-Infinity,Infinity], [-Infinity,Infinity], [18.0,18.0], [-Infinity,Infinity], [-Infinity,Infinity], [-Infinity,Infinity], [0.0,0.0], [0.0,0.0], [0.0,0.0], [0.0,0.0], [0.0,0.0], [0.0,0.0], [0.0,0.0], [0.0,0.0], [0.0,0.0], [0.0,0.0], [0.0,0.0], [0.0,0.0], [0.0,0.0], [0.0,0.0]]
EXIT 4 FunctionDefinition_12 [[-Infinity,Infinity], [-Infinity,Infinity], [18.0,18.0], [-Infinity,Infinity], [-Infinity,Infinity], [-Infinity,Infinity], [0.0,0.0], [0.0,0.0], [0.0,0.0], [0.0,0.0], [0.0,0.0], [0.0,0.0], [0.0,0.0], [0.0,0.0], [0.0,0.0], [0.0,0.0], [0.0,0.0], [0.0,0.0], [0.0,0.0], [0.0,0.0]]
ENTRY 4 FunctionEntry_12 [[-Infinity,Infinity], [-Infinity,Infinity], [18.0,18.0], [-Infinity,Infinity], [-Infinity,Infinity], [-Infinity,Infinity], [0.0,0.0], [0.0,0.0], [0.0,0.0], [0.0,0.0], [0.0,0.0], [0.0,0.0], [0.0,0.0], [0.0,0.0], [0.0,0.0], [0.0,0.0], [0.0,0.0], [0.0,0.0], [0.0,0.0], [0.0,0.0]]
EXIT 4 FunctionEntry_12 [[-Infinity,Infinity], [-Infinity,Infinity], [18.0,18.0], [-Infinity,Infinity], [-Infinity,Infinity], [-Infinity,Infinity], [0.0,0.0], [0.0,0.0], [0.0,0.0], [0.0,0.0], [0.0,0.0], [0.0,0.0], [0.0,0.0], [0.0,0.0], [0.0,0.0], [0.0,0.0], [0.0,0.0], [0.0,0.0], [0.0,0.0], [0.0,0.0]]
ENTRY 4 ExpressionStatement_11 [[-Infinity,Infinity], [-Infinity,Infinity], [18.0,18.0], [-Infinity,Infinity], [-Infinity,Infinity], [-Infinity,Infinity], [0.0,0.0], [0.0,0.0], [0.0,0.0], [0.0,0.0], [0.0,0.0], [0.0,0.0], [0.0,0.0], [0.0,0.0], [0.0,0.0], [0.0,0.0], [0.0,0.0], [0.0,0.0], [0.0,0.0], [0.0,0.0]]
EXIT 4 ExpressionStatement_11 [[-Infinity,Infinity], [-Infinity,Infinity], [18.0,18.0], [-Infinity,Infinity], [-Infinity,Infinity], [-Infinity,Infinity], [0.0,0.0], [0.0,0.0], [0.0,0.0], [0.0,0.0], [0.0,0.0], [0.0,0.0], [0.0,0.0], [0.0,0.0], [0.0,0.0], [0.0,0.0], [0.0,0.0], [0.0,0.0], [0.0,0.0], [0.0,0.0]]
ENTRY 4 Return_5 [[-Infinity,Infinity], [-Infinity,Infinity], [18.0,18.0], [-Infinity,Infinity], [-Infinity,Infinity], [-Infinity,Infinity], [0.0,0.0], [0.0,0.0], [0.0,0.0], [0.0,0.0], [0.0,0.0], [0.0,0.0], [0.0,0.0], [0.0,0.0], [0.0,0.0], [0.0,0.0], [0.0,0.0], [0.0,0.0], [0.0,0.0], [0.0,0.0]]
EXIT 4 Return_5 [[-Infinity,Infinity], [-Infinity,Infinity], [18.0,18.0], [-Infinity,Infinity], [-Infinity,Infinity], [-Infinity,Infinity], [0.0,0.0], [0.0,0.0], [0.0,0.0], [0.0,0.0], [0.0,0.0], [0.0,0.0], [0.0,0.0], [0.0,0.0], [0.0,0.0], [0.0,0.0], [0.0,0.0], [0.0,0.0], [0.0,0.0], [0.0,0.0]]
ENTRY 4 FunctionExit_12 [[-Infinity,Infinity], [-Infinity,Infinity], [18.0,18.0], [-Infinity,Infinity], [-Infinity,Infinity], [-Infinity,Infinity], [0.0,0.0], [0.0,0.0], [0.0,0.0], [0.0,0.0], [0.0,0.0], [0.0,0.0], [0.0,0.0], [0.0,0.0], [0.0,0.0], [0.0,0.0], [0.0,0.0], [0.0,0.0], [0.0,0.0], [0.0,0.0]]
EXIT 4 FunctionExit_12 [[-Infinity,Infinity], [-Infinity,Infinity], [18.0,18.0], [-Infinity,Infinity], [-Infinity,Infinity], [-Infinity,Infinity], [0.0,0.0], [0.0,0.0], [0.0,0.0], [0.0,0.0], [0.0,0.0], [0.0,0.0], [0.0,0.0], [0.0,0.0], [0.0,0.0], [0.0,0.0], [0.0,0.0], [0.0,0.0], [0.0,0.0], [0.0,0.0]]
ENTRY 4 FunctionDefinition_13 [[-Infinity,Infinity], [-Infinity,Infinity], [18.0,18.0], [-Infinity,Infinity], [-Infinity,Infinity], [-Infinity,Infinity], [0.0,0.0], [0.0,0.0], [0.0,0.0], [0.0,0.0], [0.0,0.0], [0.0,0.0], [0.0,0.0], [0.0,0.0], [0.0,0.0], [0.0,0.0], [0.0,0.0], [0.0,0.0], [0.0,0.0], [0.0,0.0]]
EXIT 4 FunctionDefinition_13 [[-Infinity,Infinity], [-Infinity,Infinity], [18.0,18.0], [-Infinity,Infinity], [-Infinity,Infinity], [-Infinity,Infinity], [0.0,0.0], [0.0,0.0], [0.0,0.0], [0.0,0.0], [0.0,0.0], [0.0,0.0], [0.0,0.0], [0.0,0.0], [0.0,0.0], [0.0,0.0], [0.0,0.0], [0.0,0.0], [0.0,0.0], [0.0,0.0]]
ENTRY 4 FunctionEntry_13 [[-Infinity,Infinity], [-Infinity,Infinity], [18.0,18.0], [-Infinity,Infinity], [-Infinity,Infinity], [-Infinity,Infinity], [0.0,0.0], [0.0,0.0], [0.0,0.0], [0.0,0.0], [0.0,0.0], [0.0,0.0], [0.0,0.0], [0.0,0.0], [0.0,0.0], [0.0,0.0], [0.0,0.0], [0.0,0.0], [0.0,0.0], [0.0,0.0]]
EXIT 4 FunctionEntry_13 [[-Infinity,Infinity], [-Infinity,Infinity], [18.0,18.0], [-Infinity,Infinity], [-Infinity,Infinity], [-Infinity,Infinity], [0.0,0.0], [0.0,0.0], [0.0,0.0], [0.0,0.0], [0.0,0.0], [0.0,0.0], [0.0,0.0], [0.0,0.0], [0.0,0.0], [0.0,0.0], [0.0,0.0], [0.0,0.0], [0.0,0.0], [0.0,0.0]]
ENTRY 4 VariableDeclarationStatement_0 [[-Infinity,Infinity], [-Infinity,Infinity], [18.0,18.0], [-Infinity,Infinity], [-Infinity,Infinity], [-Infinity,Infinity], [0.0,0.0], [0.0,0.0], [0.0,0.0], [0.0,0.0], [0.0,0.0], [0.0,0.0], [0.0,0.0], [0.0,0.0], [0.0,0.0], [0.0,0.0], [0.0,0.0], [0.0,0.0], [0.0,0.0], [0.0,0.0]]
EXIT 4 VariableDeclarationStatement_0 [[-Infinity,Infinity], [-Infinity,Infinity], [18.0,18.0], [-Infinity,Infinity], [-Infinity,Infinity], [-Infinity,Infinity], [0.0,0.0], [0.0,0.0], [0.0,0.0], [0.0,0.0], [0.0,0.0], [0.0,0.0], [0.0,0.0], [0.0,0.0], [0.0,0.0], [0.0,0.0], [0.0,0.0], [0.0,0.0], [-Infinity,Infinity], [0.0,0.0]]
ENTRY 4 ExpressionStatement_12 [[-Infinity,Infinity], [-Infinity,Infinity], [18.0,18.0], [-Infinity,Infinity], [-Infinity,Infinity], [-Infinity,Infinity], [0.0,0.0], [0.0,0.0], [0.0,0.0], [0.0,0.0], [0.0,0.0], [0.0,0.0], [0.0,0.0], [0.0,0.0], [0.0,0.0], [0.0,0.0], [0.0,0.0], [0.0,0.0], [-Infinity,Infinity], [0.0,0.0]]
EXIT 4 ExpressionStatement_12 [[-Infinity,Infinity], [-Infinity,Infinity], [18.0,18.0], [-Infinity,Infinity], [-Infinity,Infinity], [-Infinity,Infinity], [0.0,0.0], [0.0,0.0], [0.0,0.0], [0.0,0.0], [0.0,0.0], [0.0,0.0], [0.0,0.0], [0.0,0.0], [0.0,0.0], [0.0,0.0], [0.0,0.0], [0.0,0.0], [-Infinity,Infinity], [0.0,0.0]]
ENTRY 4 VariableDeclarationStatement_1 [[-Infinity,Infinity], [-Infinity,Infinity], [18.0,18.0], [-Infinity,Infinity], [-Infinity,Infinity], [-Infinity,Infinity], [0.0,0.0], [0.0,0.0], [0.0,0.0], [0.0,0.0], [0.0,0.0], [0.0,0.0], [0.0,0.0], [0.0,0.0], [0.0,0.0], [0.0,0.0], [0.0,0.0], [0.0,0.0], [-Infinity,Infinity], [0.0,0.0]]
EXIT 4 VariableDeclarationStatement_1 [[-Infinity,Infinity], [-Infinity,Infinity], [18.0,18.0], [-Infinity,Infinity], [-Infinity,Infinity], [-Infinity,Infinity], [0.0,0.0], [0.0,0.0], [0.0,0.0], [0.0,0.0], [0.0,0.0], [0.0,0.0], [0.0,0.0], [0.0,0.0], [0.0,0.0], [0.0,0.0], [0.0,0.0], [0.0,0.0], [-Infinity,Infinity], [0.0,0.0]]
ENTRY 4 ForLoopContinue_0 [[-Infinity,Infinity], [-Infinity,Infinity], [18.0,18.0], [-Infinity,Infinity], [-Infinity,Infinity], [-Infinity,Infinity], [0.0,0.0], [0.0,0.0], [0.0,0.0], [0.0,0.0], [0.0,0.0], [0.0,0.0], [0.0,0.0], [0.0,0.0], [0.0,0.0], [0.0,0.0], [0.0,0.0], [0.0,0.0], [-Infinity,Infinity], [0.0,Infinity]]
EXIT 4 ForLoopContinue_0 [[-Infinity,Infinity], [-Infinity,Infinity], [18.0,18.0], [-Infinity,Infinity], [-Infinity,Infinity], [-Infinity,Infinity], [0.0,0.0], [0.0,0.0], [0.0,0.0], [0.0,0.0], [0.0,0.0], [0.0,0.0], [0.0,0.0], [0.0,0.0], [0.0,0.0], [0.0,0.0], [0.0,0.0], [0.0,0.0], [-Infinity,Infinity], [0.0,Infinity]]
ENTRY 4 ForStatement_0 [[-Infinity,Infinity], [-Infinity,Infinity], [18.0,18.0], [-Infinity,Infinity], [-Infinity,Infinity], [-Infinity,Infinity], [0.0,0.0], [0.0,0.0], [0.0,0.0], [0.0,0.0], [0.0,0.0], [0.0,0.0], [0.0,0.0], [0.0,0.0], [0.0,0.0], [0.0,0.0], [0.0,0.0], [0.0,0.0], [-Infinity,Infinity], [0.0,Infinity]]
EXIT 4 ForStatement_0 [[1.0,-1.0], [1.0,-1.0], [1.0,-1.0], [1.0,-1.0], [1.0,-1.0], [1.0,-1.0], [1.0,-1.0], [1.0,-1.0], [1.0,-1.0], [1.0,-1.0], [1.0,-1.0], [1.0,-1.0], [1.0,-1.0], [1.0,-1.0], [1.0,-1.0], [1.0,-1.0], [1.0,-1.0], [1.0,-1.0], [1.0,-1.0], [1.0,-1.0]]
ENTRY 4 ForLoopJoin_0 [[-Infinity,Infinity], [-Infinity,Infinity], [18.0,18.0], [-Infinity,Infinity], [-Infinity,Infinity], [-Infinity,Infinity], [0.0,0.0], [0.0,0.0], [0.0,0.0], [0.0,0.0], [0.0,0.0], [0.0,0.0], [0.0,0.0], [0.0,0.0], [0.0,0.0], [0.0,0.0], [0.0,0.0], [0.0,0.0], [-Infinity,Infinity], [0.0,Infinity]]
EXIT 4 ForLoopJoin_0 [[-Infinity,Infinity], [-Infinity,Infinity], [18.0,18.0], [-Infinity,Infinity], [-Infinity,Infinity], [-Infinity,Infinity], [0.0,0.0], [0.0,0.0], [0.0,0.0], [0.0,0.0], [0.0,0.0], [0.0,0.0], [0.0,0.0], [0.0,0.0], [0.0,0.0], [0.0,0.0], [0.0,0.0], [0.0,0.0], [-Infinity,Infinity], [0.0,Infinity]]
ENTRY 4 Return_6 [[-Infinity,Infinity], [-Infinity,Infinity], [18.0,18.0], [-Infinity,Infinity], [-Infinity,Infinity], [-Infinity,Infinity], [0.0,0.0], [0.0,0.0], [0.0,0.0], [0.0,0.0], [0.0,0.0], [0.0,0.0], [0.0,0.0], [0.0,0.0], [0.0,0.0], [0.0,0.0], [0.0,0.0], [0.0,0.0], [-Infinity,Infinity], [0.0,Infinity]]
EXIT 4 Return_6 [[-Infinity,Infinity], [-Infinity,Infinity], [18.0,18.0], [-Infinity,Infinity], [-Infinity,Infinity], [-Infinity,Infinity], [0.0,0.0], [0.0,0.0], [0.0,0.0], [0.0,0.0], [0.0,0.0], [0.0,0.0], [0.0,0.0], [0.0,0.0], [0.0,0.0], [0.0,0.0], [0.0,0.0], [0.0,0.0], [-Infinity,Infinity], [0.0,Infinity]]
ENTRY 4 FunctionExit_13 [[-Infinity,Infinity], [-Infinity,Infinity], [18.0,18.0], [-Infinity,Infinity], [-Infinity,Infinity], [-Infinity,Infinity], [0.0,0.0], [0.0,0.0], [0.0,0.0], [0.0,0.0], [0.0,0.0], [0.0,0.0], [0.0,0.0], [0.0,0.0], [0.0,0.0], [0.0,0.0], [0.0,0.0], [0.0,0.0], [-Infinity,Infinity], [0.0,Infinity]]
EXIT 4 FunctionExit_13 [[-Infinity,Infinity], [-Infinity,Infinity], [18.0,18.0], [-Infinity,Infinity], [-Infinity,Infinity], [-Infinity,Infinity], [0.0,0.0], [0.0,0.0], [0.0,0.0], [0.0,0.0], [0.0,0.0], [0.0,0.0], [0.0,0.0], [0.0,0.0], [0.0,0.0], [0.0,0.0], [0.0,0.0], [0.0,0.0], [-Infinity,Infinity], [0.0,Infinity]]
ENTRY 4 ExpressionStatement_13 [[-Infinity,Infinity], [-Infinity,Infinity], [18.0,18.0], [-Infinity,Infinity], [-Infinity,Infinity], [-Infinity,Infinity], [0.0,0.0], [0.0,0.0], [0.0,0.0], [0.0,0.0], [0.0,0.0], [0.0,0.0], [0.0,0.0], [0.0,0.0], [0.0,0.0], [0.0,0.0], [0.0,0.0], [0.0,0.0], [-Infinity,Infinity], [0.0,Infinity]]
EXIT 4 ExpressionStatement_13 [[-Infinity,Infinity], [-Infinity,Infinity], [18.0,18.0], [-Infinity,Infinity], [-Infinity,Infinity], [-Infinity,Infinity], [0.0,0.0], [0.0,0.0], [0.0,0.0], [0.0,0.0], [0.0,0.0], [0.0,0.0], [0.0,0.0], [0.0,0.0], [0.0,0.0], [0.0,0.0], [0.0,0.0], [0.0,0.0], [-Infinity,Infinity], [0.0,Infinity]]
ENTRY 4 ExpressionStatement_14 [[-Infinity,Infinity], [-Infinity,Infinity], [18.0,18.0], [-Infinity,Infinity], [-Infinity,Infinity], [-Infinity,Infinity], [0.0,0.0], [0.0,0.0], [0.0,0.0], [0.0,0.0], [0.0,0.0], [0.0,0.0], [0.0,0.0], [0.0,0.0], [0.0,0.0], [0.0,0.0], [0.0,0.0], [0.0,0.0], [-Infinity,Infinity], [0.0,Infinity]]
EXIT 4 ExpressionStatement_14 [[-Infinity,Infinity], [-Infinity,Infinity], [18.0,18.0], [-Infinity,Infinity], [-Infinity,Infinity], [-Infinity,Infinity], [0.0,0.0], [0.0,0.0], [0.0,0.0], [0.0,0.0], [0.0,0.0], [0.0,0.0], [0.0,0.0], [0.0,0.0], [0.0,0.0], [0.0,0.0], [0.0,0.0], [0.0,0.0], [-Infinity,Infinity], [1.0,Infinity]]
ENTRY 4 FunctionDefinition_14 [[-Infinity,Infinity], [-Infinity,Infinity], [18.0,18.0], [-Infinity,Infinity], [-Infinity,Infinity], [-Infinity,Infinity], [0.0,0.0], [0.0,0.0], [0.0,0.0], [0.0,0.0], [0.0,0.0], [0.0,0.0], [0.0,0.0], [0.0,0.0], [0.0,0.0], [0.0,0.0], [0.0,0.0], [0.0,0.0], [0.0,0.0], [0.0,0.0]]
EXIT 4 FunctionDefinition_14 [[-Infinity,Infinity], [-Infinity,Infinity], [18.0,18.0], [-Infinity,Infinity], [-Infinity,Infinity], [-Infinity,Infinity], [0.0,0.0], [0.0,0.0], [0.0,0.0], [0.0,0.0], [0.0,0.0], [0.0,0.0], [0.0,0.0], [0.0,0.0], [0.0,0.0], [0.0,0.0], [0.0,0.0], [0.0,0.0], [0.0,0.0], [0.0,0.0]]
ENTRY 4 FunctionEntry_14 [[-Infinity,Infinity], [-Infinity,Infinity], [18.0,18.0], [-Infinity,Infinity], [-Infinity,Infinity], [-Infinity,Infinity], [0.0,0.0], [0.0,0.0], [0.0,0.0], [0.0,0.0], [0.0,0.0], [0.0,0.0], [0.0,0.0], [0.0,0.0], [0.0,0.0], [0.0,0.0], [0.0,0.0], [0.0,0.0], [0.0,0.0], [0.0,0.0]]
EXIT 4 FunctionEntry_14 [[-Infinity,Infinity], [-Infinity,Infinity], [18.0,18.0], [-Infinity,Infinity], [-Infinity,Infinity], [-Infinity,Infinity], [0.0,0.0], [0.0,0.0], [0.0,0.0], [0.0,0.0], [0.0,0.0], [0.0,0.0], [0.0,0.0], [0.0,0.0], [0.0,0.0], [0.0,0.0], [0.0,0.0], [0.0,0.0], [0.0,0.0], [0.0,0.0]]
ENTRY 4 Return_7 [[-Infinity,Infinity], [-Infinity,Infinity], [18.0,18.0], [-Infinity,Infinity], [-Infinity,Infinity], [-Infinity,Infinity], [0.0,0.0], [0.0,0.0], [0.0,0.0], [0.0,0.0], [0.0,0.0], [0.0,0.0], [0.0,0.0], [0.0,0.0], [0.0,0.0], [0.0,0.0], [0.0,0.0], [0.0,0.0], [0.0,0.0], [0.0,0.0]]
EXIT 4 Return_7 [[-Infinity,Infinity], [-Infinity,Infinity], [18.0,18.0], [-Infinity,Infinity], [-Infinity,Infinity], [-Infinity,Infinity], [0.0,0.0], [0.0,0.0], [0.0,0.0], [0.0,0.0], [0.0,0.0], [0.0,0.0], [0.0,0.0], [0.0,0.0], [0.0,0.0], [0.0,0.0], [0.0,0.0], [0.0,0.0], [0.0,0.0], [0.0,0.0]]
ENTRY 4 FunctionExit_14 [[-Infinity,Infinity], [-Infinity,Infinity], [18.0,18.0], [-Infinity,Infinity], [-Infinity,Infinity], [-Infinity,Infinity], [0.0,0.0], [0.0,0.0], [0.0,0.0], [0.0,0.0], [0.0,0.0], [0.0,0.0], [0.0,0.0], [0.0,0.0], [0.0,0.0], [0.0,0.0], [0.0,0.0], [0.0,0.0], [0.0,0.0], [0.0,0.0]]
EXIT 4 FunctionExit_14 [[-Infinity,Infinity], [-Infinity,Infinity], [18.0,18.0], [-Infinity,Infinity], [-Infinity,Infinity], [-Infinity,Infinity], [0.0,0.0], [0.0,0.0], [0.0,0.0], [0.0,0.0], [0.0,0.0], [0.0,0.0], [0.0,0.0], [0.0,0.0], [0.0,0.0], [0.0,0.0], [0.0,0.0], [0.0,0.0], [0.0,0.0], [0.0,0.0]]
