
===== REENTRANCY (Box domain, transformed source) =====
ENTRY 1 SourceEntry_0 [[0.0,0.0], [0.0,0.0], [0.0,0.0], [0.0,0.0], [0.0,0.0], [0.0,0.0], [0.0,0.0], [0.0,0.0], [0.0,0.0], [0.0,0.0], [0.0,0.0], [0.0,0.0], [0.0,0.0], [0.0,0.0]]
EXIT 1 SourceEntry_0 [[0.0,0.0], [0.0,0.0], [0.0,0.0], [0.0,0.0], [0.0,0.0], [0.0,0.0], [0.0,0.0], [0.0,0.0], [0.0,0.0], [0.0,0.0], [0.0,0.0], [0.0,0.0], [0.0,0.0], [0.0,0.0]]
ENTRY 1 SourceUnit_0 [[0.0,0.0], [0.0,0.0], [0.0,0.0], [0.0,0.0], [0.0,0.0], [0.0,0.0], [0.0,0.0], [0.0,0.0], [0.0,0.0], [0.0,0.0], [0.0,0.0], [0.0,0.0], [0.0,0.0], [0.0,0.0]]
EXIT 1 SourceUnit_0 [[0.0,0.0], [0.0,0.0], [0.0,0.0], [0.0,0.0], [0.0,0.0], [0.0,0.0], [0.0,0.0], [0.0,0.0], [0.0,0.0], [0.0,0.0], [0.0,0.0], [0.0,0.0], [0.0,0.0], [0.0,0.0]]
ENTRY 1 PragmaDirective_0 [[0.0,0.0], [0.0,0.0], [0.0,0.0], [0.0,0.0], [0.0,0.0], [0.0,0.0], [0.0,0.0], [0.0,0.0], [0.0,0.0], [0.0,0.0], [0.0,0.0], [0.0,0.0], [0.0,0.0], [0.0,0.0]]
EXIT 1 PragmaDirective_0 [[0.0,0.0], [0.0,0.0], [0.0,0.0], [0.0,0.0], [0.0,0.0], [0.0,0.0], [0.0,0.0], [0.0,0.0], [0.0,0.0], [0.0,0.0], [0.0,0.0], [0.0,0.0], [0.0,0.0], [0.0,0.0]]
ENTRY 1 SourceExit_0 [[0.0,0.0], [0.0,0.0], [0.0,0.0], [0.0,0.0], [0.0,0.0], [0.0,0.0], [0.0,0.0], [0.0,0.0], [0.0,0.0], [0.0,0.0], [0.0,0.0], [0.0,0.0], [0.0,0.0], [0.0,0.0]]
EXIT 1 SourceExit_0 [[0.0,0.0], [0.0,0.0], [0.0,0.0], [0.0,0.0], [0.0,0.0], [0.0,0.0], [0.0,0.0], [0.0,0.0], [0.0,0.0], [0.0,0.0], [0.0,0.0], [0.0,0.0], [0.0,0.0], [0.0,0.0]]
ENTRY 1 ContractDefinition_0 [[0.0,0.0], [0.0,0.0], [0.0,0.0], [0.0,0.0], [0.0,0.0], [0.0,0.0], [0.0,0.0], [0.0,0.0], [0.0,0.0], [0.0,0.0], [0.0,0.0], [0.0,0.0], [0.0,0.0], [0.0,0.0]]
EXIT 1 ContractDefinition_0 [[0.0,0.0], [0.0,0.0], [0.0,0.0], [0.0,0.0], [0.0,0.0], [0.0,0.0], [0.0,0.0], [0.0,0.0], [0.0,0.0], [0.0,0.0], [0.0,0.0], [0.0,0.0], [0.0,0.0], [0.0,0.0]]
ENTRY 1 VariableDeclaration_0 [[0.0,0.0], [0.0,0.0], [0.0,0.0], [0.0,0.0], [0.0,0.0], [0.0,0.0], [0.0,0.0], [0.0,0.0], [0.0,0.0], [0.0,0.0], [0.0,0.0], [0.0,0.0], [0.0,0.0], [0.0,0.0]]
EXIT 1 VariableDeclaration_0 [[100.0,100.0], [0.0,0.0], [0.0,0.0], [0.0,0.0], [0.0,0.0], [0.0,0.0], [0.0,0.0], [0.0,0.0], [0.0,0.0], [0.0,0.0], [0.0,0.0], [0.0,0.0], [0.0,0.0], [0.0,0.0]]
ENTRY 1 VariableDeclaration_1 [[0.0,0.0], [0.0,0.0], [0.0,0.0], [0.0,0.0], [0.0,0.0], [0.0,0.0], [0.0,0.0], [0.0,0.0], [0.0,0.0], [0.0,0.0], [0.0,0.0], [0.0,0.0], [0.0,0.0], [0.0,0.0]]
EXIT 1 VariableDeclaration_1 [[0.0,0.0], [10.0,10.0], [0.0,0.0], [0.0,0.0], [0.0,0.0], [0.0,0.0], [0.0,0.0], [0.0,0.0], [0.0,0.0], [0.0,0.0], [0.0,0.0], [0.0,0.0], [0.0,0.0], [0.0,0.0]]
ENTRY 1 ModifierDefinition_0 [[0.0,0.0], [0.0,0.0], [0.0,0.0], [0.0,0.0], [0.0,0.0], [0.0,0.0], [0.0,0.0], [0.0,0.0], [0.0,0.0], [0.0,0.0], [0.0,0.0], [0.0,0.0], [0.0,0.0], [0.0,0.0]]
EXIT 1 ModifierDefinition_0 [[100.0,100.0], [10.0,10.0], [0.0,0.0], [0.0,0.0], [0.0,0.0], [0.0,0.0], [0.0,0.0], [0.0,0.0], [0.0,0.0], [0.0,0.0], [0.0,0.0], [0.0,0.0], [0.0,0.0], [0.0,0.0]]
ENTRY 1 ModifierDefinition_1 [[0.0,0.0], [0.0,0.0], [0.0,0.0], [0.0,0.0], [0.0,0.0], [0.0,0.0], [0.0,0.0], [0.0,0.0], [0.0,0.0], [0.0,0.0], [0.0,0.0], [0.0,0.0], [0.0,0.0], [0.0,0.0]]
EXIT 1 ModifierDefinition_1 [[100.0,100.0], [10.0,10.0], [0.0,0.0], [0.0,0.0], [0.0,0.0], [0.0,0.0], [0.0,0.0], [0.0,0.0], [0.0,0.0], [0.0,0.0], [0.0,0.0], [0.0,0.0], [0.0,0.0], [0.0,0.0]]
ENTRY 1 ModifierDefinition_2 [[0.0,0.0], [0.0,0.0], [0.0,0.0], [0.0,0.0], [0.0,0.0], [0.0,0.0], [0.0,0.0], [0.0,0.0], [0.0,0.0], [0.0,0.0], [0.0,0.0], [0.0,0.0], [0.0,0.0], [0.0,0.0]]
EXIT 1 ModifierDefinition_2 [[100.0,100.0], [10.0,10.0], [0.0,0.0], [0.0,0.0], [0.0,0.0], [0.0,0.0], [0.0,0.0], [0.0,0.0], [0.0,0.0], [0.0,0.0], [0.0,0.0], [0.0,0.0], [0.0,0.0], [0.0,0.0]]
ENTRY 1 ModifierDefinition_3 [[0.0,0.0], [0.0,0.0], [0.0,0.0], [0.0,0.0], [0.0,0.0], [0.0,0.0], [0.0,0.0], [0.0,0.0], [0.0,0.0], [0.0,0.0], [0.0,0.0], [0.0,0.0], [0.0,0.0], [0.0,0.0]]
EXIT 1 ModifierDefinition_3 [[100.0,100.0], [10.0,10.0], [0.0,0.0], [0.0,0.0], [0.0,0.0], [0.0,0.0], [0.0,0.0], [0.0,0.0], [0.0,0.0], [0.0,0.0], [0.0,0.0], [0.0,0.0], [0.0,0.0], [0.0,0.0]]
ENTRY 1 EventDefinition_0 [[0.0,0.0], [0.0,0.0], [0.0,0.0], [0.0,0.0], [0.0,0.0], [0.0,0.0], [0.0,0.0], [0.0,0.0], [0.0,0.0], [0.0,0.0], [0.0,0.0], [0.0,0.0], [0.0,0.0], [0.0,0.0]]
EXIT 1 EventDefinition_0 [[100.0,100.0], [10.0,10.0], [0.0,0.0], [0.0,0.0], [0.0,0.0], [0.0,0.0], [0.0,0.0], [0.0,0.0], [0.0,0.0], [0.0,0.0], [0.0,0.0], [0.0,0.0], [0.0,0.0], [0.0,0.0]]
ENTRY 1 EventDefinition_1 [[0.0,0.0], [0.0,0.0], [0.0,0.0], [0.0,0.0], [0.0,0.0], [0.0,0.0], [0.0,0.0], [0.0,0.0], [0.0,0.0], [0.0,0.0], [0.0,0.0], [0.0,0.0], [0.0,0.0], [0.0,0.0]]
EXIT 1 EventDefinition_1 [[100.0,100.0], [10.0,10.0], [0.0,0.0], [0.0,0.0], [0.0,0.0], [0.0,0.0], [0.0,0.0], [0.0,0.0], [0.0,0.0], [0.0,0.0], [0.0,0.0], [0.0,0.0], [0.0,0.0], [0.0,0.0]]
ENTRY 1 EventDefinition_2 [[0.0,0.0], [0.0,0.0], [0.0,0.0], [0.0,0.0], [0.0,0.0], [0.0,0.0], [0.0,0.0], [0.0,0.0], [0.0,0.0], [0.0,0.0], [0.0,0.0], [0.0,0.0], [0.0,0.0], [0.0,0.0]]
EXIT 1 EventDefinition_2 [[100.0,100.0], [10.0,10.0], [0.0,0.0], [0.0,0.0], [0.0,0.0], [0.0,0.0], [0.0,0.0], [0.0,0.0], [0.0,0.0], [0.0,0.0], [0.0,0.0], [0.0,0.0], [0.0,0.0], [0.0,0.0]]
ENTRY 1 EventDefinition_3 [[0.0,0.0], [0.0,0.0], [0.0,0.0], [0.0,0.0], [0.0,0.0], [0.0,0.0], [0.0,0.0], [0.0,0.0], [0.0,0.0], [0.0,0.0], [0.0,0.0], [0.0,0.0], [0.0,0.0], [0.0,0.0]]
EXIT 1 EventDefinition_3 [[100.0,100.0], [10.0,10.0], [0.0,0.0], [0.0,0.0], [0.0,0.0], [0.0,0.0], [0.0,0.0], [0.0,0.0], [0.0,0.0], [0.0,0.0], [0.0,0.0], [0.0,0.0], [0.0,0.0], [0.0,0.0]]
ENTRY 1 EventDefinition_4 [[0.0,0.0], [0.0,0.0], [0.0,0.0], [0.0,0.0], [0.0,0.0], [0.0,0.0], [0.0,0.0], [0.0,0.0], [0.0,0.0], [0.0,0.0], [0.0,0.0], [0.0,0.0], [0.0,0.0], [0.0,0.0]]
EXIT 1 EventDefinition_4 [[100.0,100.0], [10.0,10.0], [0.0,0.0], [0.0,0.0], [0.0,0.0], [0.0,0.0], [0.0,0.0], [0.0,0.0], [0.0,0.0], [0.0,0.0], [0.0,0.0], [0.0,0.0], [0.0,0.0], [0.0,0.0]]
ENTRY 1 EventDefinition_5 [[0.0,0.0], [0.0,0.0], [0.0,0.0], [0.0,0.0], [0.0,0.0], [0.0,0.0], [0.0,0.0], [0.0,0.0], [0.0,0.0], [0.0,0.0], [0.0,0.0], [0.0,0.0], [0.0,0.0], [0.0,0.0]]
EXIT 1 EventDefinition_5 [[100.0,100.0], [10.0,10.0], [0.0,0.0], [0.0,0.0], [0.0,0.0], [0.0,0.0], [0.0,0.0], [0.0,0.0], [0.0,0.0], [0.0,0.0], [0.0,0.0], [0.0,0.0], [0.0,0.0], [0.0,0.0]]
ENTRY 1 VariableDeclaration_2 [[0.0,0.0], [0.0,0.0], [0.0,0.0], [0.0,0.0], [0.0,0.0], [0.0,0.0], [0.0,0.0], [0.0,0.0], [0.0,0.0], [0.0,0.0], [0.0,0.0], [0.0,0.0], [0.0,0.0], [0.0,0.0]]
EXIT 1 VariableDeclaration_2 [[0.0,0.0], [0.0,0.0], [0.0,0.0], [0.0,0.0], [0.0,0.0], [0.0,0.0], [0.0,0.0], [0.0,0.0], [0.0,0.0], [0.0,0.0], [0.0,0.0], [0.0,0.0], [0.0,0.0], [0.0,0.0]]
ENTRY 1 VariableDeclaration_3 [[0.0,0.0], [0.0,0.0], [0.0,0.0], [0.0,0.0], [0.0,0.0], [0.0,0.0], [0.0,0.0], [0.0,0.0], [0.0,0.0], [0.0,0.0], [0.0,0.0], [0.0,0.0], [0.0,0.0], [0.0,0.0]]
EXIT 1 VariableDeclaration_3 [[0.0,0.0], [0.0,0.0], [0.0,0.0], [0.0,0.0], [0.0,0.0], [0.0,0.0], [0.0,0.0], [0.0,0.0], [0.0,0.0], [0.0,0.0], [0.0,0.0], [0.0,0.0], [0.0,0.0], [0.0,0.0]]
ENTRY 1 VariableDeclaration_4 [[0.0,0.0], [0.0,0.0], [0.0,0.0], [0.0,0.0], [0.0,0.0], [0.0,0.0], [0.0,0.0], [0.0,0.0], [0.0,0.0], [0.0,0.0], [0.0,0.0], [0.0,0.0], [0.0,0.0], [0.0,0.0]]
EXIT 1 VariableDeclaration_4 [[0.0,0.0], [0.0,0.0], [0.0,0.0], [0.0,0.0], [0.0,0.0], [0.0,0.0], [0.0,0.0], [0.0,0.0], [0.0,0.0], [0.0,0.0], [0.0,0.0], [0.0,0.0], [0.0,0.0], [0.0,0.0]]
ENTRY 1 VariableDeclaration_5 [[0.0,0.0], [0.0,0.0], [0.0,0.0], [0.0,0.0], [0.0,0.0], [0.0,0.0], [0.0,0.0], [0.0,0.0], [0.0,0.0], [0.0,0.0], [0.0,0.0], [0.0,0.0], [0.0,0.0], [0.0,0.0]]
EXIT 1 VariableDeclaration_5 [[0.0,0.0], [0.0,0.0], [0.0,0.0], [0.0,0.0], [0.0,0.0], [0.0,0.0], [0.0,0.0], [0.0,0.0], [0.0,0.0], [0.0,0.0], [0.0,0.0], [0.0,0.0], [0.0,0.0], [0.0,0.0]]
ENTRY 1 VariableDeclaration_6 [[0.0,0.0], [0.0,0.0], [0.0,0.0], [0.0,0.0], [0.0,0.0], [0.0,0.0], [0.0,0.0], [0.0,0.0], [0.0,0.0], [0.0,0.0], [0.0,0.0], [0.0,0.0], [0.0,0.0], [0.0,0.0]]
EXIT 1 VariableDeclaration_6 [[0.0,0.0], [0.0,0.0], [0.0,0.0], [0.0,0.0], [0.0,0.0], [0.0,0.0], [0.0,0.0], [0.0,0.0], [0.0,0.0], [0.0,0.0], [0.0,0.0], [0.0,0.0], [0.0,0.0], [0.0,0.0]]
ENTRY 1 VariableDeclaration_7 [[0.0,0.0], [0.0,0.0], [0.0,0.0], [0.0,0.0], [0.0,0.0], [0.0,0.0], [0.0,0.0], [0.0,0.0], [0.0,0.0], [0.0,0.0], [0.0,0.0], [0.0,0.0], [0.0,0.0], [0.0,0.0]]
EXIT 1 VariableDeclaration_7 [[0.0,0.0], [0.0,0.0], [0.0,0.0], [0.0,0.0], [0.0,0.0], [0.0,0.0], [0.0,0.0], [40.0,40.0], [0.0,0.0], [0.0,0.0], [0.0,0.0], [0.0,0.0], [0.0,0.0], [0.0,0.0]]
ENTRY 1 VariableDeclaration_8 [[0.0,0.0], [0.0,0.0], [0.0,0.0], [0.0,0.0], [0.0,0.0], [0.0,0.0], [0.0,0.0], [0.0,0.0], [0.0,0.0], [0.0,0.0], [0.0,0.0], [0.0,0.0], [0.0,0.0], [0.0,0.0]]
EXIT 1 VariableDeclaration_8 [[0.0,0.0], [0.0,0.0], [0.0,0.0], [0.0,0.0], [0.0,0.0], [0.0,0.0], [0.0,0.0], [0.0,0.0], [40.0,40.0], [0.0,0.0], [0.0,0.0], [0.0,0.0], [0.0,0.0], [0.0,0.0]]
ENTRY 1 VariableDeclaration_9 [[0.0,0.0], [0.0,0.0], [0.0,0.0], [0.0,0.0], [0.0,0.0], [0.0,0.0], [0.0,0.0], [0.0,0.0], [0.0,0.0], [0.0,0.0], [0.0,0.0], [0.0,0.0], [0.0,0.0], [0.0,0.0]]
EXIT 1 VariableDeclaration_9 [[0.0,0.0], [0.0,0.0], [0.0,0.0], [0.0,0.0], [0.0,0.0], [0.0,0.0], [0.0,0.0], [0.0,0.0], [0.0,0.0], [0.0,0.0], [0.0,0.0], [0.0,0.0], [0.0,0.0], [0.0,0.0]]
ENTRY 1 VariableDeclaration_10 [[0.0,0.0], [0.0,0.0], [0.0,0.0], [0.0,0.0], [0.0,0.0], [0.0,0.0], [0.0,0.0], [0.0,0.0], [0.0,0.0], [0.0,0.0], [0.0,0.0], [0.0,0.0], [0.0,0.0], [0.0,0.0]]
EXIT 1 VariableDeclaration_10 [[0.0,0.0], [0.0,0.0], [0.0,0.0], [0.0,0.0], [0.0,0.0], [0.0,0.0], [0.0,0.0], [0.0,0.0], [0.0,0.0], [0.0,0.0], [0.0,0.0], [0.0,0.0], [0.0,0.0], [0.0,0.0]]
ENTRY 1 FunctionDefinition_0 [[0.0,0.0], [0.0,0.0], [0.0,0.0], [0.0,0.0], [0.0,0.0], [0.0,0.0], [0.0,0.0], [0.0,0.0], [0.0,0.0], [0.0,0.0], [0.0,0.0], [0.0,0.0], [0.0,0.0], [0.0,0.0]]
EXIT 1 FunctionDefinition_0 [[0.0,0.0], [0.0,0.0], [0.0,0.0], [0.0,0.0], [0.0,0.0], [0.0,0.0], [0.0,0.0], [0.0,0.0], [0.0,0.0], [0.0,0.0], [0.0,0.0], [0.0,0.0], [0.0,0.0], [0.0,0.0]]
ENTRY 1 FunctionEntry_0 [[0.0,0.0], [0.0,0.0], [0.0,0.0], [0.0,0.0], [0.0,0.0], [0.0,0.0], [0.0,0.0], [0.0,0.0], [0.0,0.0], [0.0,0.0], [0.0,0.0], [0.0,0.0], [0.0,0.0], [0.0,0.0]]
EXIT 1 FunctionEntry_0 [[0.0,0.0], [0.0,0.0], [0.0,0.0], [0.0,0.0], [0.0,0.0], [0.0,0.0], [0.0,0.0], [0.0,0.0], [0.0,0.0], [0.0,0.0], [0.0,0.0], [0.0,0.0], [0.0,0.0], [0.0,0.0]]
ENTRY 1 ExpressionStatement_0 [[0.0,0.0], [0.0,0.0], [0.0,0.0], [0.0,0.0], [0.0,0.0], [0.0,0.0], [0.0,0.0], [0.0,0.0], [0.0,0.0], [0.0,0.0], [0.0,0.0], [0.0,0.0], [0.0,0.0], [0.0,0.0]]
EXIT 1 ExpressionStatement_0 [[0.0,0.0], [0.0,0.0], [0.0,0.0], [0.0,0.0], [0.0,0.0], [0.0,0.0], [0.0,0.0], [0.0,0.0], [0.0,0.0], [-Infinity,Infinity], [0.0,0.0], [0.0,0.0], [0.0,0.0], [0.0,0.0]]
ENTRY 1 ExpressionStatement_1 [[0.0,0.0], [0.0,0.0], [0.0,0.0], [0.0,0.0], [0.0,0.0], [0.0,0.0], [0.0,0.0], [0.0,0.0], [0.0,0.0], [-Infinity,Infinity], [0.0,0.0], [0.0,0.0], [0.0,0.0], [0.0,0.0]]
EXIT 1 ExpressionStatement_1 [[0.0,0.0], [0.0,0.0], [0.0,0.0], [0.0,0.0], [0.0,0.0], [0.0,0.0], [-Infinity,Infinity], [0.0,0.0], [0.0,0.0], [-Infinity,Infinity], [0.0,0.0], [0.0,0.0], [0.0,0.0], [0.0,0.0]]
ENTRY 1 ExpressionStatement_2 [[0.0,0.0], [0.0,0.0], [0.0,0.0], [0.0,0.0], [0.0,0.0], [0.0,0.0], [-Infinity,Infinity], [0.0,0.0], [0.0,0.0], [-Infinity,Infinity], [0.0,0.0], [0.0,0.0], [0.0,0.0], [0.0,0.0]]
EXIT 1 ExpressionStatement_2 [[0.0,0.0], [0.0,0.0], [2.0,2.0], [0.0,0.0], [0.0,0.0], [0.0,0.0], [-Infinity,Infinity], [0.0,0.0], [0.0,0.0], [-Infinity,Infinity], [0.0,0.0], [0.0,0.0], [0.0,0.0], [0.0,0.0]]
ENTRY 1 ExpressionStatement_3 [[0.0,0.0], [0.0,0.0], [2.0,2.0], [0.0,0.0], [0.0,0.0], [0.0,0.0], [-Infinity,Infinity], [0.0,0.0], [0.0,0.0], [-Infinity,Infinity], [0.0,0.0], [0.0,0.0], [0.0,0.0], [0.0,0.0]]
EXIT 1 ExpressionStatement_3 [[0.0,0.0], [0.0,0.0], [2.0,2.0], [0.0,0.0], [0.0,0.0], [0.0,0.0], [-Infinity,Infinity], [0.0,0.0], [0.0,0.0], [-Infinity,Infinity], [0.0,0.0], [0.0,0.0], [0.0,0.0], [0.0,0.0]]
ENTRY 1 ExpressionStatement_4 [[0.0,0.0], [0.0,0.0], [2.0,2.0], [0.0,0.0], [0.0,0.0], [0.0,0.0], [-Infinity,Infinity], [0.0,0.0], [0.0,0.0], [-Infinity,Infinity], [0.0,0.0], [0.0,0.0], [0.0,0.0], [0.0,0.0]]
EXIT 1 ExpressionStatement_4 [[0.0,0.0], [0.0,0.0], [2.0,2.0], [10.0,10.0], [0.0,0.0], [0.0,0.0], [-Infinity,Infinity], [0.0,0.0], [0.0,0.0], [-Infinity,Infinity], [0.0,0.0], [0.0,0.0], [0.0,0.0], [0.0,0.0]]
ENTRY 1 FunctionExit_0 [[0.0,0.0], [0.0,0.0], [2.0,2.0], [10.0,10.0], [0.0,0.0], [0.0,0.0], [-Infinity,Infinity], [0.0,0.0], [0.0,0.0], [-Infinity,Infinity], [0.0,0.0], [0.0,0.0], [0.0,0.0], [0.0,0.0]]
EXIT 1 FunctionExit_0 [[0.0,0.0], [0.0,0.0], [2.0,2.0], [10.0,10.0], [0.0,0.0], [0.0,0.0], [-Infinity,Infinity], [0.0,0.0], [0.0,0.0], [-Infinity,Infinity], [0.0,0.0], [0.0,0.0], [0.0,0.0], [0.0,0.0]]
ENTRY 1 FunctionDefinition_1 [[0.0,0.0], [0.0,0.0], [2.0,2.0], [10.0,10.0], [0.0,0.0], [0.0,0.0], [-Infinity,Infinity], [0.0,0.0], [0.0,0.0], [-Infinity,Infinity], [0.0,0.0], [0.0,0.0], [0.0,0.0], [0.0,0.0]]
EXIT 1 FunctionDefinition_1 [[0.0,0.0], [0.0,0.0], [2.0,2.0], [10.0,10.0], [0.0,0.0], [0.0,0.0], [-Infinity,Infinity], [0.0,0.0], [0.0,0.0], [-Infinity,Infinity], [0.0,0.0], [0.0,0.0], [0.0,0.0], [0.0,0.0]]
ENTRY 1 FunctionEntry_1 [[0.0,0.0], [0.0,0.0], [2.0,2.0], [10.0,10.0], [0.0,0.0], [0.0,0.0], [-Infinity,Infinity], [0.0,0.0], [0.0,0.0], [-Infinity,Infinity], [0.0,0.0], [0.0,0.0], [0.0,0.0], [0.0,0.0]]
EXIT 1 FunctionEntry_1 [[0.0,0.0], [0.0,0.0], [2.0,2.0], [10.0,10.0], [0.0,0.0], [0.0,0.0], [-Infinity,Infinity], [0.0,0.0], [0.0,0.0], [-Infinity,Infinity], [0.0,0.0], [0.0,0.0], [0.0,0.0], [0.0,0.0]]
ENTRY 1 ExpressionStatement_5 [[0.0,0.0], [0.0,0.0], [2.0,2.0], [10.0,10.0], [0.0,0.0], [0.0,0.0], [-Infinity,Infinity], [0.0,0.0], [0.0,0.0], [-Infinity,Infinity], [0.0,0.0], [0.0,0.0], [0.0,0.0], [0.0,0.0]]
EXIT 1 ExpressionStatement_5 [[0.0,0.0], [0.0,0.0], [2.0,2.0], [10.0,10.0], [0.0,0.0], [0.0,0.0], [-Infinity,Infinity], [0.0,0.0], [0.0,0.0], [-Infinity,Infinity], [0.0,0.0], [0.0,0.0], [0.0,0.0], [0.0,0.0]]
ENTRY 1 FunctionExit_1 [[0.0,0.0], [0.0,0.0], [2.0,2.0], [10.0,10.0], [0.0,0.0], [0.0,0.0], [-Infinity,Infinity], [0.0,0.0], [0.0,0.0], [-Infinity,Infinity], [0.0,0.0], [0.0,0.0], [0.0,0.0], [0.0,0.0]]
EXIT 1 FunctionExit_1 [[0.0,0.0], [0.0,0.0], [2.0,2.0], [10.0,10.0], [0.0,0.0], [0.0,0.0], [-Infinity,Infinity], [0.0,0.0], [0.0,0.0], [-Infinity,Infinity], [0.0,0.0], [0.0,0.0], [0.0,0.0], [0.0,0.0]]
ENTRY 1 FunctionDefinition_2 [[0.0,0.0], [0.0,0.0], [2.0,2.0], [10.0,10.0], [0.0,0.0], [0.0,0.0], [-Infinity,Infinity], [0.0,0.0], [0.0,0.0], [-Infinity,Infinity], [0.0,0.0], [0.0,0.0], [0.0,0.0], [0.0,0.0]]
EXIT 1 FunctionDefinition_2 [[0.0,0.0], [0.0,0.0], [2.0,2.0], [10.0,10.0], [0.0,0.0], [0.0,0.0], [-Infinity,Infinity], [0.0,0.0], [0.0,0.0], [-Infinity,Infinity], [0.0,0.0], [0.0,0.0], [0.0,0.0], [0.0,0.0]]
ENTRY 1 FunctionEntry_2 [[0.0,0.0], [0.0,0.0], [2.0,2.0], [10.0,10.0], [0.0,0.0], [0.0,0.0], [-Infinity,Infinity], [0.0,0.0], [0.0,0.0], [-Infinity,Infinity], [0.0,0.0], [0.0,0.0], [0.0,0.0], [0.0,0.0]]
EXIT 1 FunctionEntry_2 [[0.0,0.0], [0.0,0.0], [2.0,2.0], [10.0,10.0], [0.0,0.0], [0.0,0.0], [-Infinity,Infinity], [0.0,0.0], [0.0,0.0], [-Infinity,Infinity], [0.0,0.0], [0.0,0.0], [0.0,0.0], [0.0,0.0]]
ENTRY 1 ExpressionStatement_6 [[0.0,0.0], [0.0,0.0], [2.0,2.0], [10.0,10.0], [0.0,0.0], [0.0,0.0], [-Infinity,Infinity], [0.0,0.0], [0.0,0.0], [-Infinity,Infinity], [0.0,0.0], [0.0,0.0], [0.0,0.0], [0.0,0.0]]
EXIT 1 ExpressionStatement_6 [[0.0,0.0], [0.0,0.0], [2.0,2.0], [20.0,20.0], [0.0,0.0], [0.0,0.0], [-Infinity,Infinity], [0.0,0.0], [0.0,0.0], [-Infinity,Infinity], [0.0,0.0], [0.0,0.0], [0.0,0.0], [0.0,0.0]]
ENTRY 1 EmitStatement_0 [[0.0,0.0], [0.0,0.0], [2.0,2.0], [20.0,20.0], [0.0,0.0], [0.0,0.0], [-Infinity,Infinity], [0.0,0.0], [0.0,0.0], [-Infinity,Infinity], [0.0,0.0], [0.0,0.0], [0.0,0.0], [0.0,0.0]]
EXIT 1 EmitStatement_0 [[100.0,100.0], [10.0,10.0], [0.0,0.0], [0.0,0.0], [0.0,0.0], [0.0,0.0], [0.0,0.0], [40.0,40.0], [40.0,40.0], [0.0,0.0], [0.0,0.0], [0.0,0.0], [0.0,0.0], [0.0,0.0]]
ENTRY 1 FunctionExit_2 [[100.0,100.0], [10.0,10.0], [0.0,0.0], [0.0,0.0], [0.0,0.0], [0.0,0.0], [0.0,0.0], [40.0,40.0], [40.0,40.0], [0.0,0.0], [0.0,0.0], [0.0,0.0], [0.0,0.0], [0.0,0.0]]
EXIT 1 FunctionExit_2 [[100.0,100.0], [10.0,10.0], [0.0,0.0], [0.0,0.0], [0.0,0.0], [0.0,0.0], [0.0,0.0], [40.0,40.0], [40.0,40.0], [0.0,0.0], [0.0,0.0], [0.0,0.0], [0.0,0.0], [0.0,0.0]]
ENTRY 1 FunctionDefinition_3 [[100.0,100.0], [10.0,10.0], [0.0,0.0], [0.0,0.0], [0.0,0.0], [0.0,0.0], [0.0,0.0], [40.0,40.0], [40.0,40.0], [0.0,0.0], [0.0,0.0], [0.0,0.0], [0.0,0.0], [0.0,0.0]]
EXIT 1 FunctionDefinition_3 [[100.0,100.0], [10.0,10.0], [0.0,0.0], [0.0,0.0], [0.0,0.0], [0.0,0.0], [0.0,0.0], [40.0,40.0], [40.0,40.0], [0.0,0.0], [0.0,0.0], [0.0,0.0], [0.0,0.0], [0.0,0.0]]
ENTRY 1 FunctionEntry_3 [[100.0,100.0], [10.0,10.0], [0.0,0.0], [0.0,0.0], [0.0,0.0], [0.0,0.0], [0.0,0.0], [40.0,40.0], [40.0,40.0], [0.0,0.0], [0.0,0.0], [0.0,0.0], [0.0,0.0], [0.0,0.0]]
EXIT 1 FunctionEntry_3 [[100.0,100.0], [10.0,10.0], [0.0,0.0], [0.0,0.0], [0.0,0.0], [0.0,0.0], [0.0,0.0], [40.0,40.0], [40.0,40.0], [0.0,0.0], [0.0,0.0], [0.0,0.0], [0.0,0.0], [0.0,0.0]]
ENTRY 1 ExpressionStatement_7 [[100.0,100.0], [10.0,10.0], [0.0,0.0], [0.0,0.0], [0.0,0.0], [0.0,0.0], [0.0,0.0], [40.0,40.0], [40.0,40.0], [0.0,0.0], [0.0,0.0], [0.0,0.0], [0.0,0.0], [0.0,0.0]]
EXIT 1 ExpressionStatement_7 [[100.0,100.0], [10.0,10.0], [0.0,0.0], [0.0,0.0], [20.0,20.0], [0.0,0.0], [0.0,0.0], [40.0,40.0], [40.0,40.0], [0.0,0.0], [0.0,0.0], [0.0,0.0], [0.0,0.0], [0.0,0.0]]
ENTRY 1 EmitStatement_1 [[100.0,100.0], [10.0,10.0], [0.0,0.0], [0.0,0.0], [20.0,20.0], [0.0,0.0], [0.0,0.0], [40.0,40.0], [40.0,40.0], [0.0,0.0], [0.0,0.0], [0.0,0.0], [0.0,0.0], [0.0,0.0]]
EXIT 1 EmitStatement_1 [[100.0,100.0], [10.0,10.0], [0.0,0.0], [0.0,0.0], [0.0,0.0], [0.0,0.0], [0.0,0.0], [40.0,40.0], [40.0,40.0], [0.0,0.0], [0.0,0.0], [0.0,0.0], [0.0,0.0], [0.0,0.0]]
ENTRY 1 FunctionExit_3 [[100.0,100.0], [10.0,10.0], [0.0,0.0], [0.0,0.0], [0.0,0.0], [0.0,0.0], [0.0,0.0], [40.0,40.0], [40.0,40.0], [0.0,0.0], [0.0,0.0], [0.0,0.0], [0.0,0.0], [0.0,0.0]]
EXIT 1 FunctionExit_3 [[100.0,100.0], [10.0,10.0], [0.0,0.0], [0.0,0.0], [0.0,0.0], [0.0,0.0], [0.0,0.0], [40.0,40.0], [40.0,40.0], [0.0,0.0], [0.0,0.0], [0.0,0.0], [0.0,0.0], [0.0,0.0]]
ENTRY 1 FunctionDefinition_4 [[100.0,100.0], [10.0,10.0], [0.0,0.0], [0.0,0.0], [0.0,0.0], [0.0,0.0], [0.0,0.0], [40.0,40.0], [40.0,40.0], [0.0,0.0], [0.0,0.0], [0.0,0.0], [0.0,0.0], [0.0,0.0]]
EXIT 1 FunctionDefinition_4 [[100.0,100.0], [10.0,10.0], [0.0,0.0], [0.0,0.0], [0.0,0.0], [0.0,0.0], [0.0,0.0], [40.0,40.0], [40.0,40.0], [0.0,0.0], [0.0,0.0], [0.0,0.0], [0.0,0.0], [0.0,0.0]]
ENTRY 1 FunctionEntry_4 [[100.0,100.0], [10.0,10.0], [0.0,0.0], [0.0,0.0], [0.0,0.0], [0.0,0.0], [0.0,0.0], [40.0,40.0], [40.0,40.0], [0.0,0.0], [0.0,0.0], [0.0,0.0], [0.0,0.0], [0.0,0.0]]
EXIT 1 FunctionEntry_4 [[100.0,100.0], [10.0,10.0], [0.0,0.0], [0.0,0.0], [0.0,0.0], [0.0,0.0], [0.0,0.0], [40.0,40.0], [40.0,40.0], [0.0,0.0], [0.0,0.0], [0.0,0.0], [0.0,0.0], [0.0,0.0]]
ENTRY 1 FunctionExit_4 [[100.0,100.0], [10.0,10.0], [0.0,0.0], [0.0,0.0], [0.0,0.0], [0.0,0.0], [0.0,0.0], [40.0,40.0], [40.0,40.0], [0.0,0.0], [0.0,0.0], [0.0,0.0], [0.0,0.0], [0.0,0.0]]
EXIT 1 FunctionExit_4 [[100.0,100.0], [10.0,10.0], [0.0,0.0], [0.0,0.0], [0.0,0.0], [0.0,0.0], [0.0,0.0], [40.0,40.0], [40.0,40.0], [0.0,0.0], [0.0,0.0], [0.0,0.0], [0.0,0.0], [0.0,0.0]]
ENTRY 1 FunctionDefinition_5 [[100.0,100.0], [10.0,10.0], [0.0,0.0], [0.0,0.0], [0.0,0.0], [0.0,0.0], [0.0,0.0], [40.0,40.0], [40.0,40.0], [0.0,0.0], [0.0,0.0], [0.0,0.0], [0.0,0.0], [0.0,0.0]]
EXIT 1 FunctionDefinition_5 [[100.0,100.0], [10.0,10.0], [0.0,0.0], [0.0,0.0], [0.0,0.0], [0.0,0.0], [0.0,0.0], [40.0,40.0], [40.0,40.0], [0.0,0.0], [0.0,0.0], [0.0,0.0], [0.0,0.0], [0.0,0.0]]
ENTRY 1 FunctionEntry_5 [[100.0,100.0], [10.0,10.0], [0.0,0.0], [0.0,0.0], [0.0,0.0], [0.0,0.0], [0.0,0.0], [40.0,40.0], [40.0,40.0], [0.0,0.0], [0.0,0.0], [0.0,0.0], [0.0,0.0], [0.0,0.0]]
EXIT 1 FunctionEntry_5 [[100.0,100.0], [10.0,10.0], [0.0,0.0], [0.0,0.0], [0.0,0.0], [0.0,0.0], [0.0,0.0], [40.0,40.0], [40.0,40.0], [0.0,0.0], [0.0,0.0], [0.0,0.0], [0.0,0.0], [0.0,0.0]]
ENTRY 1 ExpressionStatement_8 [[100.0,100.0], [10.0,10.0], [0.0,0.0], [0.0,0.0], [0.0,0.0], [0.0,0.0], [0.0,0.0], [40.0,40.0], [40.0,40.0], [0.0,0.0], [0.0,0.0], [0.0,0.0], [0.0,0.0], [0.0,0.0]]
EXIT 1 ExpressionStatement_8 [[100.0,100.0], [10.0,10.0], [0.0,0.0], [0.0,0.0], [0.0,0.0], [0.0,0.0], [0.0,0.0], [40.0,40.0], [40.0,40.0], [0.0,0.0], [0.0,0.0], [0.0,0.0], [0.0,0.0], [0.0,0.0]]
ENTRY 1 ExpressionStatement_9 [[100.0,100.0], [10.0,10.0], [0.0,0.0], [0.0,0.0], [0.0,0.0], [0.0,0.0], [0.0,0.0], [40.0,40.0], [40.0,40.0], [0.0,0.0], [0.0,0.0], [0.0,0.0], [0.0,0.0], [0.0,0.0]]
EXIT 1 ExpressionStatement_9 [[100.0,100.0], [10.0,10.0], [0.0,0.0], [0.0,0.0], [0.0,0.0], [0.0,0.0], [0.0,0.0], [40.0,40.0], [40.0,40.0], [0.0,0.0], [0.0,0.0], [0.0,0.0], [0.0,0.0], [0.0,0.0]]
ENTRY 1 ExpressionStatement_10 [[100.0,100.0], [10.0,10.0], [0.0,0.0], [0.0,0.0], [0.0,0.0], [0.0,0.0], [0.0,0.0], [40.0,40.0], [40.0,40.0], [0.0,0.0], [0.0,0.0], [0.0,0.0], [0.0,0.0], [0.0,0.0]]
EXIT 1 ExpressionStatement_10 [[100.0,100.0], [10.0,10.0], [0.0,0.0], [0.0,0.0], [0.0,0.0], [0.0,0.0], [0.0,0.0], [-Infinity,Infinity], [40.0,40.0], [0.0,0.0], [0.0,0.0], [0.0,0.0], [0.0,0.0], [0.0,0.0]]
ENTRY 1 ExpressionStatement_11 [[100.0,100.0], [10.0,10.0], [0.0,0.0], [0.0,0.0], [0.0,0.0], [0.0,0.0], [0.0,0.0], [-Infinity,Infinity], [40.0,40.0], [0.0,0.0], [0.0,0.0], [0.0,0.0], [0.0,0.0], [0.0,0.0]]
EXIT 1 ExpressionStatement_11 [[100.0,100.0], [10.0,10.0], [0.0,0.0], [0.0,0.0], [0.0,0.0], [0.0,0.0], [0.0,0.0], [-Infinity,Infinity], [-Infinity,Infinity], [0.0,0.0], [0.0,0.0], [0.0,0.0], [0.0,0.0], [0.0,0.0]]
ENTRY 1 EmitStatement_2 [[100.0,100.0], [10.0,10.0], [0.0,0.0], [0.0,0.0], [0.0,0.0], [0.0,0.0], [0.0,0.0], [-Infinity,Infinity], [-Infinity,Infinity], [0.0,0.0], [0.0,0.0], [0.0,0.0], [0.0,0.0], [0.0,0.0]]
EXIT 1 EmitStatement_2 [[100.0,100.0], [10.0,10.0], [0.0,0.0], [0.0,0.0], [0.0,0.0], [0.0,0.0], [0.0,0.0], [40.0,40.0], [40.0,40.0], [0.0,0.0], [0.0,0.0], [0.0,0.0], [0.0,0.0], [0.0,0.0]]
ENTRY 1 FunctionExit_5 [[100.0,100.0], [10.0,10.0], [0.0,0.0], [0.0,0.0], [0.0,0.0], [0.0,0.0], [0.0,0.0], [40.0,40.0], [40.0,40.0], [0.0,0.0], [0.0,0.0], [0.0,0.0], [0.0,0.0], [0.0,0.0]]
EXIT 1 FunctionExit_5 [[100.0,100.0], [10.0,10.0], [0.0,0.0], [0.0,0.0], [0.0,0.0], [0.0,0.0], [0.0,0.0], [40.0,40.0], [40.0,40.0], [0.0,0.0], [0.0,0.0], [0.0,0.0], [0.0,0.0], [0.0,0.0]]
ENTRY 1 FunctionDefinition_6 [[100.0,100.0], [10.0,10.0], [0.0,0.0], [0.0,0.0], [0.0,0.0], [0.0,0.0], [0.0,0.0], [40.0,40.0], [40.0,40.0], [0.0,0.0], [0.0,0.0], [0.0,0.0], [0.0,0.0], [0.0,0.0]]
EXIT 1 FunctionDefinition_6 [[100.0,100.0], [10.0,10.0], [0.0,0.0], [0.0,0.0], [0.0,0.0], [0.0,0.0], [0.0,0.0], [40.0,40.0], [40.0,40.0], [0.0,0.0], [0.0,0.0], [0.0,0.0], [0.0,0.0], [0.0,0.0]]
ENTRY 1 FunctionEntry_6 [[100.0,100.0], [10.0,10.0], [0.0,0.0], [0.0,0.0], [0.0,0.0], [0.0,0.0], [0.0,0.0], [40.0,40.0], [40.0,40.0], [0.0,0.0], [0.0,0.0], [0.0,0.0], [0.0,0.0], [0.0,0.0]]
EXIT 1 FunctionEntry_6 [[100.0,100.0], [10.0,10.0], [0.0,0.0], [0.0,0.0], [0.0,0.0], [0.0,0.0], [0.0,0.0], [40.0,40.0], [40.0,40.0], [0.0,0.0], [0.0,0.0], [0.0,0.0], [0.0,0.0], [0.0,0.0]]
ENTRY 1 VariableDeclarationStatement_0 [[100.0,100.0], [10.0,10.0], [0.0,0.0], [0.0,0.0], [0.0,0.0], [0.0,0.0], [0.0,0.0], [40.0,40.0], [40.0,40.0], [0.0,0.0], [0.0,0.0], [0.0,0.0], [0.0,0.0], [0.0,0.0]]
EXIT 1 VariableDeclarationStatement_0 [[100.0,100.0], [10.0,10.0], [0.0,0.0], [0.0,0.0], [0.0,0.0], [0.0,0.0], [0.0,0.0], [40.0,40.0], [40.0,40.0], [0.0,0.0], [0.0,0.0], [40.0,40.0], [0.0,0.0], [0.0,0.0]]
ENTRY 1 IfStatement_0 [[100.0,100.0], [10.0,10.0], [0.0,0.0], [0.0,0.0], [0.0,0.0], [0.0,0.0], [0.0,0.0], [40.0,40.0], [40.0,40.0], [0.0,0.0], [0.0,0.0], [40.0,40.0], [0.0,0.0], [0.0,0.0]]
EXIT 1 IfStatement_0 [[1.0,-1.0], [1.0,-1.0], [1.0,-1.0], [1.0,-1.0], [1.0,-1.0], [1.0,-1.0], [1.0,-1.0], [1.0,-1.0], [1.0,-1.0], [1.0,-1.0], [1.0,-1.0], [1.0,-1.0], [1.0,-1.0], [1.0,-1.0]]
ENTRY 1 ExpressionStatement_12 [[100.0,100.0], [10.0,10.0], [0.0,0.0], [0.0,0.0], [0.0,0.0], [0.0,0.0], [0.0,0.0], [40.0,40.0], [40.0,40.0], [0.0,0.0], [0.0,0.0], [40.0,40.0], [0.0,0.0], [0.0,0.0]]
EXIT 1 ExpressionStatement_12 [[100.0,100.0], [10.0,10.0], [0.0,0.0], [0.0,0.0], [0.0,0.0], [0.0,0.0], [0.0,0.0], [0.0,0.0], [40.0,40.0], [0.0,0.0], [0.0,0.0], [40.0,40.0], [0.0,0.0], [0.0,0.0]]
ENTRY 1 ExpressionStatement_13 [[100.0,100.0], [10.0,10.0], [0.0,0.0], [0.0,0.0], [0.0,0.0], [0.0,0.0], [0.0,0.0], [0.0,0.0], [40.0,40.0], [0.0,0.0], [0.0,0.0], [40.0,40.0], [0.0,0.0], [0.0,0.0]]
EXIT 1 ExpressionStatement_13 [[100.0,100.0], [10.0,10.0], [0.0,0.0], [0.0,0.0], [0.0,0.0], [0.0,0.0], [0.0,0.0], [0.0,0.0], [0.0,0.0], [0.0,0.0], [0.0,0.0], [40.0,40.0], [0.0,0.0], [0.0,0.0]]
ENTRY 1 VariableDeclarationStatement_1 [[100.0,100.0], [10.0,10.0], [0.0,0.0], [0.0,0.0], [0.0,0.0], [0.0,0.0], [0.0,0.0], [0.0,0.0], [0.0,0.0], [0.0,0.0], [0.0,0.0], [40.0,40.0], [0.0,0.0], [0.0,0.0]]
EXIT 1 VariableDeclarationStatement_1 [[100.0,100.0], [10.0,10.0], [0.0,0.0], [0.0,0.0], [0.0,0.0], [0.0,0.0], [0.0,0.0], [0.0,0.0], [0.0,0.0], [0.0,0.0], [0.0,0.0], [40.0,40.0], [-Infinity,Infinity], [0.0,0.0]]
ENTRY 1 IfStatement_1 [[100.0,100.0], [10.0,10.0], [0.0,0.0], [0.0,0.0], [0.0,0.0], [0.0,0.0], [0.0,0.0], [0.0,0.0], [0.0,0.0], [0.0,0.0], [0.0,0.0], [40.0,40.0], [-Infinity,Infinity], [0.0,0.0]]
EXIT 1 IfStatement_1 [[1.0,-1.0], [1.0,-1.0], [1.0,-1.0], [1.0,-1.0], [1.0,-1.0], [1.0,-1.0], [1.0,-1.0], [1.0,-1.0], [1.0,-1.0], [1.0,-1.0], [1.0,-1.0], [1.0,-1.0], [1.0,-1.0], [1.0,-1.0]]
ENTRY 1 ExpressionStatement_14 [[100.0,100.0], [10.0,10.0], [0.0,0.0], [0.0,0.0], [0.0,0.0], [0.0,0.0], [0.0,0.0], [0.0,0.0], [0.0,0.0], [0.0,0.0], [0.0,0.0], [40.0,40.0], [-Infinity,Infinity], [0.0,0.0]]
EXIT 1 ExpressionStatement_14 [[100.0,100.0], [10.0,10.0], [0.0,0.0], [0.0,0.0], [0.0,0.0], [0.0,0.0], [0.0,0.0], [0.0,0.0], [0.0,0.0], [0.0,0.0], [0.0,0.0], [40.0,40.0], [-Infinity,Infinity], [0.0,0.0]]
ENTRY 1 IfConditionJoin_1 [[100.0,100.0], [10.0,10.0], [0.0,0.0], [0.0,0.0], [0.0,0.0], [0.0,0.0], [0.0,0.0], [0.0,0.0], [0.0,0.0], [0.0,0.0], [0.0,0.0], [40.0,40.0], [-Infinity,Infinity], [0.0,0.0]]
EXIT 1 IfConditionJoin_1 [[100.0,100.0], [10.0,10.0], [0.0,0.0], [0.0,0.0], [0.0,0.0], [0.0,0.0], [0.0,0.0], [0.0,0.0], [0.0,0.0], [0.0,0.0], [0.0,0.0], [40.0,40.0], [-Infinity,Infinity], [0.0,0.0]]
ENTRY 1 IfConditionJoin_0 [[100.0,100.0], [10.0,10.0], [0.0,0.0], [0.0,0.0], [0.0,0.0], [0.0,0.0], [0.0,0.0], [0.0,0.0], [0.0,0.0], [0.0,0.0], [0.0,0.0], [40.0,40.0], [-Infinity,Infinity], [0.0,0.0]]
EXIT 1 IfConditionJoin_0 [[100.0,100.0], [10.0,10.0], [0.0,0.0], [0.0,0.0], [0.0,0.0], [0.0,0.0], [0.0,0.0], [0.0,0.0], [0.0,0.0], [0.0,0.0], [0.0,0.0], [40.0,40.0], [-Infinity,Infinity], [0.0,0.0]]
ENTRY 1 FunctionExit_6 [[100.0,100.0], [10.0,10.0], [0.0,0.0], [0.0,0.0], [0.0,0.0], [0.0,0.0], [0.0,0.0], [0.0,0.0], [0.0,0.0], [0.0,0.0], [0.0,0.0], [40.0,40.0], [-Infinity,Infinity], [0.0,0.0]]
EXIT 1 FunctionExit_6 [[100.0,100.0], [10.0,10.0], [0.0,0.0], [0.0,0.0], [0.0,0.0], [0.0,0.0], [0.0,0.0], [0.0,0.0], [0.0,0.0], [0.0,0.0], [0.0,0.0], [40.0,40.0], [-Infinity,Infinity], [0.0,0.0]]
ENTRY 1 ExpressionStatement_15 [[100.0,100.0], [10.0,10.0], [0.0,0.0], [0.0,0.0], [0.0,0.0], [0.0,0.0], [0.0,0.0], [0.0,0.0], [0.0,0.0], [0.0,0.0], [0.0,0.0], [40.0,40.0], [-Infinity,Infinity], [0.0,0.0]]
EXIT 1 ExpressionStatement_15 [[100.0,100.0], [10.0,10.0], [0.0,0.0], [0.0,0.0], [0.0,0.0], [0.0,0.0], [0.0,0.0], [0.0,0.0], [0.0,0.0], [0.0,0.0], [0.0,0.0], [40.0,40.0], [-Infinity,Infinity], [0.0,0.0]]
ENTRY 1 ExpressionStatement_16 [[100.0,100.0], [10.0,10.0], [0.0,0.0], [0.0,0.0], [0.0,0.0], [0.0,0.0], [0.0,0.0], [40.0,40.0], [40.0,40.0], [0.0,0.0], [0.0,0.0], [40.0,40.0], [0.0,0.0], [0.0,0.0]]
EXIT 1 ExpressionStatement_16 [[100.0,100.0], [10.0,10.0], [0.0,0.0], [0.0,0.0], [0.0,0.0], [0.0,0.0], [0.0,0.0], [40.0,40.0], [40.0,40.0], [0.0,0.0], [0.0,0.0], [40.0,40.0], [0.0,0.0], [0.0,0.0]]
ENTRY 1 FunctionDefinition_7 [[100.0,100.0], [10.0,10.0], [0.0,0.0], [0.0,0.0], [0.0,0.0], [0.0,0.0], [0.0,0.0], [0.0,0.0], [0.0,0.0], [0.0,0.0], [0.0,0.0], [0.0,0.0], [0.0,0.0], [0.0,0.0]]
EXIT 1 FunctionDefinition_7 [[100.0,100.0], [10.0,10.0], [0.0,0.0], [0.0,0.0], [0.0,0.0], [0.0,0.0], [0.0,0.0], [0.0,0.0], [0.0,0.0], [0.0,0.0], [0.0,0.0], [0.0,0.0], [0.0,0.0], [0.0,0.0]]
ENTRY 1 FunctionEntry_7 [[100.0,100.0], [10.0,10.0], [0.0,0.0], [0.0,0.0], [0.0,0.0], [0.0,0.0], [0.0,0.0], [0.0,0.0], [0.0,0.0], [0.0,0.0], [0.0,0.0], [0.0,0.0], [0.0,0.0], [0.0,0.0]]
EXIT 1 FunctionEntry_7 [[100.0,100.0], [10.0,10.0], [0.0,0.0], [0.0,0.0], [0.0,0.0], [0.0,0.0], [0.0,0.0], [0.0,0.0], [0.0,0.0], [0.0,0.0], [0.0,0.0], [0.0,0.0], [0.0,0.0], [0.0,0.0]]
ENTRY 1 ExpressionStatement_17 [[100.0,100.0], [10.0,10.0], [0.0,0.0], [0.0,0.0], [0.0,0.0], [0.0,0.0], [0.0,0.0], [0.0,0.0], [0.0,0.0], [0.0,0.0], [0.0,0.0], [0.0,0.0], [0.0,0.0], [0.0,0.0]]
EXIT 1 ExpressionStatement_17 [[100.0,100.0], [10.0,10.0], [0.0,0.0], [0.0,0.0], [0.0,0.0], [0.0,0.0], [0.0,0.0], [0.0,0.0], [0.0,0.0], [0.0,0.0], [0.0,0.0], [0.0,0.0], [0.0,0.0], [0.0,0.0]]
ENTRY 1 FunctionExit_7 [[100.0,100.0], [10.0,10.0], [0.0,0.0], [0.0,0.0], [0.0,0.0], [0.0,0.0], [0.0,0.0], [0.0,0.0], [0.0,0.0], [0.0,0.0], [0.0,0.0], [0.0,0.0], [0.0,0.0], [0.0,0.0]]
EXIT 1 FunctionExit_7 [[100.0,100.0], [10.0,10.0], [0.0,0.0], [0.0,0.0], [0.0,0.0], [0.0,0.0], [0.0,0.0], [0.0,0.0], [0.0,0.0], [0.0,0.0], [0.0,0.0], [0.0,0.0], [0.0,0.0], [0.0,0.0]]
ENTRY 1 FunctionDefinition_8 [[100.0,100.0], [10.0,10.0], [0.0,0.0], [0.0,0.0], [0.0,0.0], [0.0,0.0], [0.0,0.0], [0.0,0.0], [0.0,0.0], [0.0,0.0], [0.0,0.0], [0.0,0.0], [0.0,0.0], [0.0,0.0]]
EXIT 1 FunctionDefinition_8 [[100.0,100.0], [10.0,10.0], [0.0,0.0], [0.0,0.0], [0.0,0.0], [0.0,0.0], [0.0,0.0], [0.0,0.0], [0.0,0.0], [0.0,0.0], [0.0,0.0], [0.0,0.0], [0.0,0.0], [0.0,0.0]]
ENTRY 1 FunctionEntry_8 [[100.0,100.0], [10.0,10.0], [0.0,0.0], [0.0,0.0], [0.0,0.0], [0.0,0.0], [0.0,0.0], [0.0,0.0], [0.0,0.0], [0.0,0.0], [0.0,0.0], [0.0,0.0], [0.0,0.0], [0.0,0.0]]
EXIT 1 FunctionEntry_8 [[100.0,100.0], [10.0,10.0], [0.0,0.0], [0.0,0.0], [0.0,0.0], [0.0,0.0], [0.0,0.0], [0.0,0.0], [0.0,0.0], [0.0,0.0], [0.0,0.0], [0.0,0.0], [0.0,0.0], [0.0,0.0]]
ENTRY 1 VariableDeclarationStatement_2 [[100.0,100.0], [10.0,10.0], [0.0,0.0], [0.0,0.0], [0.0,0.0], [0.0,0.0], [0.0,0.0], [0.0,0.0], [0.0,0.0], [0.0,0.0], [0.0,0.0], [0.0,0.0], [0.0,0.0], [0.0,0.0]]
EXIT 1 VariableDeclarationStatement_2 [[100.0,100.0], [10.0,10.0], [0.0,0.0], [0.0,0.0], [0.0,0.0], [0.0,0.0], [0.0,0.0], [0.0,0.0], [0.0,0.0], [0.0,0.0], [0.0,0.0], [0.0,0.0], [0.0,0.0], [-Infinity,Infinity]]
ENTRY 1 IfStatement_2 [[100.0,100.0], [10.0,10.0], [0.0,0.0], [0.0,0.0], [0.0,0.0], [0.0,0.0], [0.0,0.0], [0.0,0.0], [0.0,0.0], [0.0,0.0], [0.0,0.0], [0.0,0.0], [0.0,0.0], [-Infinity,Infinity]]
EXIT 1 IfStatement_2 [[1.0,-1.0], [1.0,-1.0], [1.0,-1.0], [1.0,-1.0], [1.0,-1.0], [1.0,-1.0], [1.0,-1.0], [1.0,-1.0], [1.0,-1.0], [1.0,-1.0], [1.0,-1.0], [1.0,-1.0], [1.0,-1.0], [1.0,-1.0]]
ENTRY 1 ExpressionStatement_18 [[100.0,100.0], [10.0,10.0], [0.0,0.0], [0.0,0.0], [0.0,0.0], [0.0,0.0], [0.0,0.0], [0.0,0.0], [0.0,0.0], [0.0,0.0], [0.0,0.0], [0.0,0.0], [0.0,0.0], [-Infinity,Infinity]]
EXIT 1 ExpressionStatement_18 [[-Infinity,Infinity], [10.0,10.0], [0.0,0.0], [0.0,0.0], [0.0,0.0], [0.0,0.0], [0.0,0.0], [0.0,0.0], [0.0,0.0], [0.0,0.0], [0.0,0.0], [0.0,0.0], [0.0,0.0], [-Infinity,Infinity]]
ENTRY 1 IfConditionJoin_2 [[-Infinity,Infinity], [10.0,10.0], [0.0,0.0], [0.0,0.0], [0.0,0.0], [0.0,0.0], [0.0,0.0], [0.0,0.0], [0.0,0.0], [0.0,0.0], [0.0,0.0], [0.0,0.0], [0.0,0.0], [-Infinity,Infinity]]
EXIT 1 IfConditionJoin_2 [[-Infinity,Infinity], [10.0,10.0], [0.0,0.0], [0.0,0.0], [0.0,0.0], [0.0,0.0], [0.0,0.0], [0.0,0.0], [0.0,0.0], [0.0,0.0], [0.0,0.0], [0.0,0.0], [0.0,0.0], [-Infinity,Infinity]]
ENTRY 1 EmitStatement_3 [[-Infinity,Infinity], [10.0,10.0], [0.0,0.0], [0.0,0.0], [0.0,0.0], [0.0,0.0], [0.0,0.0], [0.0,0.0], [0.0,0.0], [0.0,0.0], [0.0,0.0], [0.0,0.0], [0.0,0.0], [-Infinity,Infinity]]
EXIT 1 EmitStatement_3 [[100.0,100.0], [10.0,10.0], [0.0,0.0], [0.0,0.0], [0.0,0.0], [0.0,0.0], [0.0,0.0], [40.0,40.0], [40.0,40.0], [0.0,0.0], [0.0,0.0], [0.0,0.0], [0.0,0.0], [-Infinity,Infinity]]
ENTRY 1 FunctionExit_8 [[100.0,100.0], [10.0,10.0], [0.0,0.0], [0.0,0.0], [0.0,0.0], [0.0,0.0], [0.0,0.0], [40.0,40.0], [40.0,40.0], [0.0,0.0], [0.0,0.0], [0.0,0.0], [0.0,0.0], [-Infinity,Infinity]]
EXIT 1 FunctionExit_8 [[100.0,100.0], [10.0,10.0], [0.0,0.0], [0.0,0.0], [0.0,0.0], [0.0,0.0], [0.0,0.0], [40.0,40.0], [40.0,40.0], [0.0,0.0], [0.0,0.0], [0.0,0.0], [0.0,0.0], [-Infinity,Infinity]]
ENTRY 1 FunctionDefinition_9 [[100.0,100.0], [10.0,10.0], [0.0,0.0], [0.0,0.0], [0.0,0.0], [0.0,0.0], [0.0,0.0], [40.0,40.0], [40.0,40.0], [0.0,0.0], [0.0,0.0], [0.0,0.0], [0.0,0.0], [0.0,0.0]]
EXIT 1 FunctionDefinition_9 [[100.0,100.0], [10.0,10.0], [0.0,0.0], [0.0,0.0], [0.0,0.0], [0.0,0.0], [0.0,0.0], [40.0,40.0], [40.0,40.0], [0.0,0.0], [0.0,0.0], [0.0,0.0], [0.0,0.0], [0.0,0.0]]
ENTRY 1 FunctionEntry_9 [[100.0,100.0], [10.0,10.0], [0.0,0.0], [0.0,0.0], [0.0,0.0], [0.0,0.0], [0.0,0.0], [40.0,40.0], [40.0,40.0], [0.0,0.0], [0.0,0.0], [0.0,0.0], [0.0,0.0], [0.0,0.0]]
EXIT 1 FunctionEntry_9 [[100.0,100.0], [10.0,10.0], [0.0,0.0], [0.0,0.0], [0.0,0.0], [0.0,0.0], [0.0,0.0], [40.0,40.0], [40.0,40.0], [0.0,0.0], [0.0,0.0], [0.0,0.0], [0.0,0.0], [0.0,0.0]]
ENTRY 1 ExpressionStatement_19 [[100.0,100.0], [10.0,10.0], [0.0,0.0], [0.0,0.0], [0.0,0.0], [0.0,0.0], [0.0,0.0], [40.0,40.0], [40.0,40.0], [0.0,0.0], [0.0,0.0], [0.0,0.0], [0.0,0.0], [0.0,0.0]]
EXIT 1 ExpressionStatement_19 [[100.0,100.0], [10.0,10.0], [0.0,0.0], [0.0,0.0], [0.0,0.0], [0.0,0.0], [0.0,0.0], [40.0,40.0], [40.0,40.0], [0.0,0.0], [0.0,0.0], [0.0,0.0], [0.0,0.0], [0.0,0.0]]
ENTRY 1 ExpressionStatement_20 [[100.0,100.0], [10.0,10.0], [0.0,0.0], [0.0,0.0], [0.0,0.0], [0.0,0.0], [0.0,0.0], [40.0,40.0], [40.0,40.0], [0.0,0.0], [0.0,0.0], [0.0,0.0], [0.0,0.0], [0.0,0.0]]
EXIT 1 ExpressionStatement_20 [[100.0,100.0], [10.0,10.0], [0.0,0.0], [0.0,0.0], [0.0,0.0], [0.0,0.0], [0.0,0.0], [40.0,40.0], [40.0,40.0], [0.0,0.0], [20.0,20.0], [0.0,0.0], [0.0,0.0], [0.0,0.0]]
ENTRY 1 EmitStatement_4 [[100.0,100.0], [10.0,10.0], [0.0,0.0], [0.0,0.0], [0.0,0.0], [0.0,0.0], [0.0,0.0], [40.0,40.0], [40.0,40.0], [0.0,0.0], [20.0,20.0], [0.0,0.0], [0.0,0.0], [0.0,0.0]]
EXIT 1 EmitStatement_4 [[100.0,100.0], [10.0,10.0], [0.0,0.0], [0.0,0.0], [0.0,0.0], [0.0,0.0], [0.0,0.0], [40.0,40.0], [40.0,40.0], [0.0,0.0], [0.0,0.0], [0.0,0.0], [0.0,0.0], [0.0,0.0]]
ENTRY 1 FunctionExit_9 [[100.0,100.0], [10.0,10.0], [0.0,0.0], [0.0,0.0], [0.0,0.0], [0.0,0.0], [0.0,0.0], [40.0,40.0], [40.0,40.0], [0.0,0.0], [0.0,0.0], [0.0,0.0], [0.0,0.0], [0.0,0.0]]
EXIT 1 FunctionExit_9 [[100.0,100.0], [10.0,10.0], [0.0,0.0], [0.0,0.0], [0.0,0.0], [0.0,0.0], [0.0,0.0], [40.0,40.0], [40.0,40.0], [0.0,0.0], [0.0,0.0], [0.0,0.0], [0.0,0.0], [0.0,0.0]]
ENTRY 1 FunctionDefinition_10 [[100.0,100.0], [10.0,10.0], [0.0,0.0], [0.0,0.0], [0.0,0.0], [0.0,0.0], [0.0,0.0], [40.0,40.0], [40.0,40.0], [0.0,0.0], [0.0,0.0], [0.0,0.0], [0.0,0.0], [0.0,0.0]]
EXIT 1 FunctionDefinition_10 [[100.0,100.0], [10.0,10.0], [0.0,0.0], [0.0,0.0], [0.0,0.0], [0.0,0.0], [0.0,0.0], [40.0,40.0], [40.0,40.0], [0.0,0.0], [0.0,0.0], [0.0,0.0], [0.0,0.0], [0.0,0.0]]
ENTRY 1 FunctionEntry_10 [[100.0,100.0], [10.0,10.0], [0.0,0.0], [0.0,0.0], [0.0,0.0], [0.0,0.0], [0.0,0.0], [40.0,40.0], [40.0,40.0], [0.0,0.0], [0.0,0.0], [0.0,0.0], [0.0,0.0], [0.0,0.0]]
EXIT 1 FunctionEntry_10 [[100.0,100.0], [10.0,10.0], [0.0,0.0], [0.0,0.0], [0.0,0.0], [0.0,0.0], [0.0,0.0], [40.0,40.0], [40.0,40.0], [0.0,0.0], [0.0,0.0], [0.0,0.0], [0.0,0.0], [0.0,0.0]]
ENTRY 1 ExpressionStatement_21 [[100.0,100.0], [10.0,10.0], [0.0,0.0], [0.0,0.0], [0.0,0.0], [0.0,0.0], [0.0,0.0], [40.0,40.0], [40.0,40.0], [0.0,0.0], [0.0,0.0], [0.0,0.0], [0.0,0.0], [0.0,0.0]]
EXIT 1 ExpressionStatement_21 [[100.0,100.0], [10.0,10.0], [0.0,0.0], [0.0,0.0], [0.0,0.0], [0.0,0.0], [0.0,0.0], [40.0,40.0], [40.0,40.0], [0.0,0.0], [0.0,0.0], [0.0,0.0], [0.0,0.0], [0.0,0.0]]
ENTRY 1 ExpressionStatement_22 [[100.0,100.0], [10.0,10.0], [0.0,0.0], [0.0,0.0], [0.0,0.0], [0.0,0.0], [0.0,0.0], [40.0,40.0], [40.0,40.0], [0.0,0.0], [0.0,0.0], [0.0,0.0], [0.0,0.0], [0.0,0.0]]
EXIT 1 ExpressionStatement_22 [[100.0,100.0], [10.0,10.0], [0.0,0.0], [0.0,0.0], [0.0,0.0], [0.0,0.0], [0.0,0.0], [40.0,40.0], [40.0,40.0], [0.0,0.0], [20.0,20.0], [0.0,0.0], [0.0,0.0], [0.0,0.0]]
ENTRY 1 EmitStatement_5 [[100.0,100.0], [10.0,10.0], [0.0,0.0], [0.0,0.0], [0.0,0.0], [0.0,0.0], [0.0,0.0], [40.0,40.0], [40.0,40.0], [0.0,0.0], [20.0,20.0], [0.0,0.0], [0.0,0.0], [0.0,0.0]]
EXIT 1 EmitStatement_5 [[100.0,100.0], [10.0,10.0], [0.0,0.0], [0.0,0.0], [0.0,0.0], [0.0,0.0], [0.0,0.0], [40.0,40.0], [40.0,40.0], [0.0,0.0], [0.0,0.0], [0.0,0.0], [0.0,0.0], [0.0,0.0]]
ENTRY 1 FunctionExit_10 [[100.0,100.0], [10.0,10.0], [0.0,0.0], [0.0,0.0], [0.0,0.0], [0.0,0.0], [0.0,0.0], [40.0,40.0], [40.0,40.0], [0.0,0.0], [0.0,0.0], [0.0,0.0], [0.0,0.0], [0.0,0.0]]
EXIT 1 FunctionExit_10 [[100.0,100.0], [10.0,10.0], [0.0,0.0], [0.0,0.0], [0.0,0.0], [0.0,0.0], [0.0,0.0], [40.0,40.0], [40.0,40.0], [0.0,0.0], [0.0,0.0], [0.0,0.0], [0.0,0.0], [0.0,0.0]]
ENTRY 1 FunctionDefinition_11 [[100.0,100.0], [10.0,10.0], [0.0,0.0], [0.0,0.0], [0.0,0.0], [0.0,0.0], [0.0,0.0], [40.0,40.0], [40.0,40.0], [0.0,0.0], [0.0,0.0], [0.0,0.0], [0.0,0.0], [0.0,0.0]]
EXIT 1 FunctionDefinition_11 [[100.0,100.0], [10.0,10.0], [0.0,0.0], [0.0,0.0], [0.0,0.0], [0.0,0.0], [0.0,0.0], [40.0,40.0], [40.0,40.0], [0.0,0.0], [0.0,0.0], [0.0,0.0], [0.0,0.0], [0.0,0.0]]
ENTRY 1 FunctionEntry_11 [[100.0,100.0], [10.0,10.0], [0.0,0.0], [0.0,0.0], [0.0,0.0], [0.0,0.0], [0.0,0.0], [40.0,40.0], [40.0,40.0], [0.0,0.0], [0.0,0.0], [0.0,0.0], [0.0,0.0], [0.0,0.0]]
EXIT 1 FunctionEntry_11 [[100.0,100.0], [10.0,10.0], [0.0,0.0], [0.0,0.0], [0.0,0.0], [0.0,0.0], [0.0,0.0], [40.0,40.0], [40.0,40.0], [0.0,0.0], [0.0,0.0], [0.0,0.0], [0.0,0.0], [0.0,0.0]]
ENTRY 1 Return_0 [[100.0,100.0], [10.0,10.0], [0.0,0.0], [0.0,0.0], [0.0,0.0], [0.0,0.0], [0.0,0.0], [40.0,40.0], [40.0,40.0], [0.0,0.0], [0.0,0.0], [0.0,0.0], [0.0,0.0], [0.0,0.0]]
EXIT 1 Return_0 [[100.0,100.0], [10.0,10.0], [0.0,0.0], [0.0,0.0], [0.0,0.0], [0.0,0.0], [0.0,0.0], [40.0,40.0], [40.0,40.0], [0.0,0.0], [0.0,0.0], [0.0,0.0], [0.0,0.0], [0.0,0.0]]
ENTRY 1 FunctionExit_11 [[100.0,100.0], [10.0,10.0], [0.0,0.0], [0.0,0.0], [0.0,0.0], [0.0,0.0], [0.0,0.0], [40.0,40.0], [40.0,40.0], [0.0,0.0], [0.0,0.0], [0.0,0.0], [0.0,0.0], [0.0,0.0]]
EXIT 1 FunctionExit_11 [[100.0,100.0], [10.0,10.0], [0.0,0.0], [0.0,0.0], [0.0,0.0], [0.0,0.0], [0.0,0.0], [40.0,40.0], [40.0,40.0], [0.0,0.0], [0.0,0.0], [0.0,0.0], [0.0,0.0], [0.0,0.0]]
ENTRY 1 FunctionDefinition_12 [[100.0,100.0], [10.0,10.0], [0.0,0.0], [0.0,0.0], [0.0,0.0], [0.0,0.0], [0.0,0.0], [40.0,40.0], [40.0,40.0], [0.0,0.0], [0.0,0.0], [0.0,0.0], [0.0,0.0], [0.0,0.0]]
EXIT 1 FunctionDefinition_12 [[100.0,100.0], [10.0,10.0], [0.0,0.0], [0.0,0.0], [0.0,0.0], [0.0,0.0], [0.0,0.0], [40.0,40.0], [40.0,40.0], [0.0,0.0], [0.0,0.0], [0.0,0.0], [0.0,0.0], [0.0,0.0]]
ENTRY 1 FunctionEntry_12 [[100.0,100.0], [10.0,10.0], [0.0,0.0], [0.0,0.0], [0.0,0.0], [0.0,0.0], [0.0,0.0], [40.0,40.0], [40.0,40.0], [0.0,0.0], [0.0,0.0], [0.0,0.0], [0.0,0.0], [0.0,0.0]]
EXIT 1 FunctionEntry_12 [[100.0,100.0], [10.0,10.0], [0.0,0.0], [0.0,0.0], [0.0,0.0], [0.0,0.0], [0.0,0.0], [40.0,40.0], [40.0,40.0], [0.0,0.0], [0.0,0.0], [0.0,0.0], [0.0,0.0], [0.0,0.0]]
ENTRY 1 Return_1 [[100.0,100.0], [10.0,10.0], [0.0,0.0], [0.0,0.0], [0.0,0.0], [0.0,0.0], [0.0,0.0], [40.0,40.0], [40.0,40.0], [0.0,0.0], [0.0,0.0], [0.0,0.0], [0.0,0.0], [0.0,0.0]]
EXIT 1 Return_1 [[100.0,100.0], [10.0,10.0], [0.0,0.0], [0.0,0.0], [0.0,0.0], [0.0,0.0], [0.0,0.0], [40.0,40.0], [40.0,40.0], [0.0,0.0], [0.0,0.0], [0.0,0.0], [0.0,0.0], [0.0,0.0]]
ENTRY 1 FunctionExit_12 [[100.0,100.0], [10.0,10.0], [0.0,0.0], [0.0,0.0], [0.0,0.0], [0.0,0.0], [0.0,0.0], [40.0,40.0], [40.0,40.0], [0.0,0.0], [0.0,0.0], [0.0,0.0], [0.0,0.0], [0.0,0.0]]
EXIT 1 FunctionExit_12 [[100.0,100.0], [10.0,10.0], [0.0,0.0], [0.0,0.0], [0.0,0.0], [0.0,0.0], [0.0,0.0], [40.0,40.0], [40.0,40.0], [0.0,0.0], [0.0,0.0], [0.0,0.0], [0.0,0.0], [0.0,0.0]]
ENTRY 1 FunctionDefinition_13 [[100.0,100.0], [10.0,10.0], [0.0,0.0], [0.0,0.0], [0.0,0.0], [0.0,0.0], [0.0,0.0], [40.0,40.0], [40.0,40.0], [0.0,0.0], [0.0,0.0], [0.0,0.0], [0.0,0.0], [0.0,0.0]]
EXIT 1 FunctionDefinition_13 [[100.0,100.0], [10.0,10.0], [0.0,0.0], [0.0,0.0], [0.0,0.0], [0.0,0.0], [0.0,0.0], [40.0,40.0], [40.0,40.0], [0.0,0.0], [0.0,0.0], [0.0,0.0], [0.0,0.0], [0.0,0.0]]
ENTRY 1 FunctionEntry_13 [[100.0,100.0], [10.0,10.0], [0.0,0.0], [0.0,0.0], [0.0,0.0], [0.0,0.0], [0.0,0.0], [40.0,40.0], [40.0,40.0], [0.0,0.0], [0.0,0.0], [0.0,0.0], [0.0,0.0], [0.0,0.0]]
EXIT 1 FunctionEntry_13 [[100.0,100.0], [10.0,10.0], [0.0,0.0], [0.0,0.0], [0.0,0.0], [0.0,0.0], [0.0,0.0], [40.0,40.0], [40.0,40.0], [0.0,0.0], [0.0,0.0], [0.0,0.0], [0.0,0.0], [0.0,0.0]]
ENTRY 1 Return_2 [[100.0,100.0], [10.0,10.0], [0.0,0.0], [0.0,0.0], [0.0,0.0], [0.0,0.0], [0.0,0.0], [40.0,40.0], [40.0,40.0], [0.0,0.0], [0.0,0.0], [0.0,0.0], [0.0,0.0], [0.0,0.0]]
EXIT 1 Return_2 [[100.0,100.0], [10.0,10.0], [0.0,0.0], [0.0,0.0], [0.0,0.0], [0.0,0.0], [0.0,0.0], [40.0,40.0], [40.0,40.0], [0.0,0.0], [0.0,0.0], [0.0,0.0], [0.0,0.0], [0.0,0.0]]
ENTRY 1 FunctionExit_13 [[100.0,100.0], [10.0,10.0], [0.0,0.0], [0.0,0.0], [0.0,0.0], [0.0,0.0], [0.0,0.0], [40.0,40.0], [40.0,40.0], [0.0,0.0], [0.0,0.0], [0.0,0.0], [0.0,0.0], [0.0,0.0]]
EXIT 1 FunctionExit_13 [[100.0,100.0], [10.0,10.0], [0.0,0.0], [0.0,0.0], [0.0,0.0], [0.0,0.0], [0.0,0.0], [40.0,40.0], [40.0,40.0], [0.0,0.0], [0.0,0.0], [0.0,0.0], [0.0,0.0], [0.0,0.0]]
ENTRY 1 FunctionDefinition_14 [[100.0,100.0], [10.0,10.0], [0.0,0.0], [0.0,0.0], [0.0,0.0], [0.0,0.0], [0.0,0.0], [40.0,40.0], [40.0,40.0], [0.0,0.0], [0.0,0.0], [0.0,0.0], [0.0,0.0], [0.0,0.0]]
EXIT 1 FunctionDefinition_14 [[100.0,100.0], [10.0,10.0], [0.0,0.0], [0.0,0.0], [0.0,0.0], [0.0,0.0], [0.0,0.0], [40.0,40.0], [40.0,40.0], [0.0,0.0], [0.0,0.0], [0.0,0.0], [0.0,0.0], [0.0,0.0]]
ENTRY 1 FunctionEntry_14 [[100.0,100.0], [10.0,10.0], [0.0,0.0], [0.0,0.0], [0.0,0.0], [0.0,0.0], [0.0,0.0], [40.0,40.0], [40.0,40.0], [0.0,0.0], [0.0,0.0], [0.0,0.0], [0.0,0.0], [0.0,0.0]]
EXIT 1 FunctionEntry_14 [[100.0,100.0], [10.0,10.0], [0.0,0.0], [0.0,0.0], [0.0,0.0], [0.0,0.0], [0.0,0.0], [40.0,40.0], [40.0,40.0], [0.0,0.0], [0.0,0.0], [0.0,0.0], [0.0,0.0], [0.0,0.0]]
ENTRY 1 IfStatement_3 [[100.0,100.0], [10.0,10.0], [0.0,0.0], [0.0,0.0], [0.0,0.0], [0.0,0.0], [0.0,0.0], [40.0,40.0], [40.0,40.0], [0.0,0.0], [0.0,0.0], [0.0,0.0], [0.0,0.0], [0.0,0.0]]
EXIT 1 IfStatement_3 [[1.0,-1.0], [1.0,-1.0], [1.0,-1.0], [1.0,-1.0], [1.0,-1.0], [1.0,-1.0], [1.0,-1.0], [1.0,-1.0], [1.0,-1.0], [1.0,-1.0], [1.0,-1.0], [1.0,-1.0], [1.0,-1.0], [1.0,-1.0]]
ENTRY 1 Return_3 [[100.0,100.0], [10.0,10.0], [0.0,0.0], [0.0,0.0], [0.0,0.0], [0.0,0.0], [0.0,0.0], [40.0,40.0], [40.0,40.0], [0.0,0.0], [0.0,0.0], [0.0,0.0], [0.0,0.0], [0.0,0.0]]
EXIT 1 Return_3 [[100.0,100.0], [10.0,10.0], [0.0,0.0], [0.0,0.0], [0.0,0.0], [0.0,0.0], [0.0,0.0], [40.0,40.0], [40.0,40.0], [0.0,0.0], [0.0,0.0], [0.0,0.0], [0.0,0.0], [0.0,0.0]]
ENTRY 1 IfConditionJoin_3 [[100.0,100.0], [10.0,10.0], [0.0,0.0], [0.0,0.0], [0.0,0.0], [0.0,0.0], [0.0,0.0], [40.0,40.0], [40.0,40.0], [0.0,0.0], [0.0,0.0], [0.0,0.0], [0.0,0.0], [0.0,0.0]]
EXIT 1 IfConditionJoin_3 [[100.0,100.0], [10.0,10.0], [0.0,0.0], [0.0,0.0], [0.0,0.0], [0.0,0.0], [0.0,0.0], [40.0,40.0], [40.0,40.0], [0.0,0.0], [0.0,0.0], [0.0,0.0], [0.0,0.0], [0.0,0.0]]
ENTRY 1 FunctionExit_14 [[100.0,100.0], [10.0,10.0], [0.0,0.0], [0.0,0.0], [0.0,0.0], [0.0,0.0], [0.0,0.0], [40.0,40.0], [40.0,40.0], [0.0,0.0], [0.0,0.0], [0.0,0.0], [0.0,0.0], [0.0,0.0]]
EXIT 1 FunctionExit_14 [[100.0,100.0], [10.0,10.0], [0.0,0.0], [0.0,0.0], [0.0,0.0], [0.0,0.0], [0.0,0.0], [40.0,40.0], [40.0,40.0], [0.0,0.0], [0.0,0.0], [0.0,0.0], [0.0,0.0], [0.0,0.0]]
ENTRY 1 Return_4 [[100.0,100.0], [10.0,10.0], [0.0,0.0], [0.0,0.0], [0.0,0.0], [0.0,0.0], [0.0,0.0], [40.0,40.0], [40.0,40.0], [0.0,0.0], [0.0,0.0], [0.0,0.0], [0.0,0.0], [0.0,0.0]]
EXIT 1 Return_4 [[100.0,100.0], [10.0,10.0], [0.0,0.0], [0.0,0.0], [0.0,0.0], [0.0,0.0], [0.0,0.0], [40.0,40.0], [40.0,40.0], [0.0,0.0], [0.0,0.0], [0.0,0.0], [0.0,0.0], [0.0,0.0]]
ENTRY 1 FunctionDefinition_15 [[100.0,100.0], [10.0,10.0], [0.0,0.0], [0.0,0.0], [0.0,0.0], [0.0,0.0], [0.0,0.0], [40.0,40.0], [40.0,40.0], [0.0,0.0], [0.0,0.0], [0.0,0.0], [0.0,0.0], [0.0,0.0]]
EXIT 1 FunctionDefinition_15 [[100.0,100.0], [10.0,10.0], [0.0,0.0], [0.0,0.0], [0.0,0.0], [0.0,0.0], [0.0,0.0], [40.0,40.0], [40.0,40.0], [0.0,0.0], [0.0,0.0], [0.0,0.0], [0.0,0.0], [0.0,0.0]]
ENTRY 1 FunctionEntry_15 [[100.0,100.0], [10.0,10.0], [0.0,0.0], [0.0,0.0], [0.0,0.0], [0.0,0.0], [0.0,0.0], [40.0,40.0], [40.0,40.0], [0.0,0.0], [0.0,0.0], [0.0,0.0], [0.0,0.0], [0.0,0.0]]
EXIT 1 FunctionEntry_15 [[100.0,100.0], [10.0,10.0], [0.0,0.0], [0.0,0.0], [0.0,0.0], [0.0,0.0], [0.0,0.0], [40.0,40.0], [40.0,40.0], [0.0,0.0], [0.0,0.0], [0.0,0.0], [0.0,0.0], [0.0,0.0]]
ENTRY 1 Return_5 [[100.0,100.0], [10.0,10.0], [0.0,0.0], [0.0,0.0], [0.0,0.0], [0.0,0.0], [0.0,0.0], [40.0,40.0], [40.0,40.0], [0.0,0.0], [0.0,0.0], [0.0,0.0], [0.0,0.0], [0.0,0.0]]
EXIT 1 Return_5 [[100.0,100.0], [10.0,10.0], [0.0,0.0], [0.0,0.0], [0.0,0.0], [0.0,0.0], [0.0,0.0], [40.0,40.0], [40.0,40.0], [0.0,0.0], [0.0,0.0], [0.0,0.0], [0.0,0.0], [0.0,0.0]]
ENTRY 1 FunctionExit_15 [[100.0,100.0], [10.0,10.0], [0.0,0.0], [0.0,0.0], [0.0,0.0], [0.0,0.0], [0.0,0.0], [40.0,40.0], [40.0,40.0], [0.0,0.0], [0.0,0.0], [0.0,0.0], [0.0,0.0], [0.0,0.0]]
EXIT 1 FunctionExit_15 [[100.0,100.0], [10.0,10.0], [0.0,0.0], [0.0,0.0], [0.0,0.0], [0.0,0.0], [0.0,0.0], [40.0,40.0], [40.0,40.0], [0.0,0.0], [0.0,0.0], [0.0,0.0], [0.0,0.0], [0.0,0.0]]
ENTRY 1 FunctionDefinition_16 [[100.0,100.0], [10.0,10.0], [0.0,0.0], [0.0,0.0], [0.0,0.0], [0.0,0.0], [0.0,0.0], [40.0,40.0], [40.0,40.0], [0.0,0.0], [0.0,0.0], [0.0,0.0], [0.0,0.0], [0.0,0.0]]
EXIT 1 FunctionDefinition_16 [[100.0,100.0], [10.0,10.0], [0.0,0.0], [0.0,0.0], [0.0,0.0], [0.0,0.0], [0.0,0.0], [40.0,40.0], [40.0,40.0], [0.0,0.0], [0.0,0.0], [0.0,0.0], [0.0,0.0], [0.0,0.0]]
ENTRY 1 FunctionEntry_16 [[100.0,100.0], [10.0,10.0], [0.0,0.0], [0.0,0.0], [0.0,0.0], [0.0,0.0], [0.0,0.0], [40.0,40.0], [40.0,40.0], [0.0,0.0], [0.0,0.0], [0.0,0.0], [0.0,0.0], [0.0,0.0]]
EXIT 1 FunctionEntry_16 [[100.0,100.0], [10.0,10.0], [0.0,0.0], [0.0,0.0], [0.0,0.0], [0.0,0.0], [0.0,0.0], [40.0,40.0], [40.0,40.0], [0.0,0.0], [0.0,0.0], [0.0,0.0], [0.0,0.0], [0.0,0.0]]
ENTRY 1 Return_6 [[100.0,100.0], [10.0,10.0], [0.0,0.0], [0.0,0.0], [0.0,0.0], [0.0,0.0], [0.0,0.0], [40.0,40.0], [40.0,40.0], [0.0,0.0], [0.0,0.0], [0.0,0.0], [0.0,0.0], [0.0,0.0]]
EXIT 1 Return_6 [[100.0,100.0], [10.0,10.0], [0.0,0.0], [0.0,0.0], [0.0,0.0], [0.0,0.0], [0.0,0.0], [40.0,40.0], [40.0,40.0], [0.0,0.0], [0.0,0.0], [0.0,0.0], [0.0,0.0], [0.0,0.0]]
ENTRY 1 FunctionExit_16 [[100.0,100.0], [10.0,10.0], [0.0,0.0], [0.0,0.0], [0.0,0.0], [0.0,0.0], [0.0,0.0], [40.0,40.0], [40.0,40.0], [0.0,0.0], [0.0,0.0], [0.0,0.0], [0.0,0.0], [0.0,0.0]]
EXIT 1 FunctionExit_16 [[100.0,100.0], [10.0,10.0], [0.0,0.0], [0.0,0.0], [0.0,0.0], [0.0,0.0], [0.0,0.0], [40.0,40.0], [40.0,40.0], [0.0,0.0], [0.0,0.0], [0.0,0.0], [0.0,0.0], [0.0,0.0]]
ENTRY 1 ContractDefinition_1 [[0.0,0.0], [0.0,0.0], [0.0,0.0], [0.0,0.0], [0.0,0.0], [0.0,0.0], [0.0,0.0], [0.0,0.0], [0.0,0.0], [0.0,0.0], [0.0,0.0], [0.0,0.0], [0.0,0.0], [0.0,0.0]]
EXIT 1 ContractDefinition_1 [[100.0,100.0], [10.0,10.0], [0.0,0.0], [0.0,0.0], [0.0,0.0], [0.0,0.0], [0.0,0.0], [40.0,40.0], [40.0,40.0], [0.0,0.0], [0.0,0.0], [0.0,0.0], [0.0,0.0], [0.0,0.0]]
ENTRY 1 VariableDeclaration_14 [[100.0,100.0], [10.0,10.0], [0.0,0.0], [0.0,0.0], [0.0,0.0], [0.0,0.0], [0.0,0.0], [40.0,40.0], [40.0,40.0], [0.0,0.0], [0.0,0.0], [0.0,0.0], [0.0,0.0], [0.0,0.0]]
EXIT 1 VariableDeclaration_14 [[100.0,100.0], [10.0,10.0], [0.0,0.0], [0.0,0.0], [0.0,0.0], [0.0,0.0], [0.0,0.0], [40.0,40.0], [40.0,40.0], [0.0,0.0], [0.0,0.0], [0.0,0.0], [0.0,0.0], [0.0,0.0]]
ENTRY 1 VariableDeclaration_15 [[100.0,100.0], [10.0,10.0], [0.0,0.0], [0.0,0.0], [0.0,0.0], [0.0,0.0], [0.0,0.0], [40.0,40.0], [40.0,40.0], [0.0,0.0], [0.0,0.0], [0.0,0.0], [0.0,0.0], [0.0,0.0]]
EXIT 1 VariableDeclaration_15 [[100.0,100.0], [10.0,10.0], [0.0,0.0], [0.0,0.0], [0.0,0.0], [0.0,0.0], [0.0,0.0], [40.0,40.0], [40.0,40.0], [0.0,0.0], [0.0,0.0], [0.0,0.0], [0.0,0.0], [0.0,0.0]]
ENTRY 1 FunctionDefinition_17 [[100.0,100.0], [10.0,10.0], [0.0,0.0], [0.0,0.0], [0.0,0.0], [0.0,0.0], [0.0,0.0], [40.0,40.0], [40.0,40.0], [0.0,0.0], [0.0,0.0], [0.0,0.0], [0.0,0.0], [0.0,0.0]]
EXIT 1 FunctionDefinition_17 [[100.0,100.0], [10.0,10.0], [0.0,0.0], [0.0,0.0], [0.0,0.0], [0.0,0.0], [0.0,0.0], [40.0,40.0], [40.0,40.0], [0.0,0.0], [0.0,0.0], [0.0,0.0], [0.0,0.0], [0.0,0.0]]
ENTRY 1 FunctionEntry_17 [[100.0,100.0], [10.0,10.0], [0.0,0.0], [0.0,0.0], [0.0,0.0], [0.0,0.0], [0.0,0.0], [40.0,40.0], [40.0,40.0], [0.0,0.0], [0.0,0.0], [0.0,0.0], [0.0,0.0], [0.0,0.0]]
EXIT 1 FunctionEntry_17 [[100.0,100.0], [10.0,10.0], [0.0,0.0], [0.0,0.0], [0.0,0.0], [0.0,0.0], [0.0,0.0], [40.0,40.0], [40.0,40.0], [0.0,0.0], [0.0,0.0], [0.0,0.0], [0.0,0.0], [0.0,0.0]]
ENTRY 2 SourceEntry_0 [[0.0,0.0], [0.0,0.0], [0.0,0.0], [0.0,0.0], [0.0,0.0], [0.0,0.0], [0.0,0.0], [0.0,0.0], [0.0,0.0], [0.0,0.0], [0.0,0.0], [0.0,0.0], [0.0,0.0], [0.0,0.0]]
EXIT 2 SourceEntry_0 [[100.0,100.0], [10.0,10.0], [0.0,0.0], [0.0,0.0], [0.0,0.0], [0.0,0.0], [0.0,0.0], [40.0,40.0], [40.0,40.0], [0.0,0.0], [0.0,0.0], [0.0,0.0], [0.0,0.0], [0.0,0.0]]
ENTRY 2 SourceUnit_0 [[100.0,100.0], [10.0,10.0], [0.0,0.0], [0.0,0.0], [0.0,0.0], [0.0,0.0], [0.0,0.0], [40.0,40.0], [40.0,40.0], [0.0,0.0], [0.0,0.0], [0.0,0.0], [0.0,0.0], [0.0,0.0]]
EXIT 2 SourceUnit_0 [[100.0,100.0], [10.0,10.0], [0.0,0.0], [0.0,0.0], [0.0,0.0], [0.0,0.0], [0.0,0.0], [40.0,40.0], [40.0,40.0], [0.0,0.0], [0.0,0.0], [0.0,0.0], [0.0,0.0], [0.0,0.0]]
ENTRY 2 PragmaDirective_0 [[100.0,100.0], [10.0,10.0], [0.0,0.0], [0.0,0.0], [0.0,0.0], [0.0,0.0], [0.0,0.0], [40.0,40.0], [40.0,40.0], [0.0,0.0], [0.0,0.0], [0.0,0.0], [0.0,0.0], [0.0,0.0]]
EXIT 2 PragmaDirective_0 [[100.0,100.0], [10.0,10.0], [0.0,0.0], [0.0,0.0], [0.0,0.0], [0.0,0.0], [0.0,0.0], [40.0,40.0], [40.0,40.0], [0.0,0.0], [0.0,0.0], [0.0,0.0], [0.0,0.0], [0.0,0.0]]
ENTRY 2 SourceExit_0 [[0.0,100.0], [0.0,10.0], [0.0,2.0], [0.0,10.0], [0.0,0.0], [0.0,0.0], [-Infinity,Infinity], [0.0,40.0], [0.0,40.0], [-Infinity,Infinity], [0.0,0.0], [0.0,40.0], [-Infinity,Infinity], [-Infinity,Infinity]]
EXIT 2 SourceExit_0 [[100.0,100.0], [10.0,10.0], [0.0,0.0], [0.0,0.0], [0.0,0.0], [0.0,0.0], [0.0,0.0], [40.0,40.0], [40.0,40.0], [0.0,0.0], [0.0,0.0], [0.0,40.0], [-Infinity,Infinity], [-Infinity,Infinity]]
ENTRY 2 ContractDefinition_0 [[100.0,100.0], [10.0,10.0], [0.0,0.0], [0.0,0.0], [0.0,0.0], [0.0,0.0], [0.0,0.0], [40.0,40.0], [40.0,40.0], [0.0,0.0], [0.0,0.0], [0.0,0.0], [0.0,0.0], [0.0,0.0]]
EXIT 2 ContractDefinition_0 [[100.0,100.0], [10.0,10.0], [0.0,0.0], [0.0,0.0], [0.0,0.0], [0.0,0.0], [0.0,0.0], [40.0,40.0], [40.0,40.0], [0.0,0.0], [0.0,0.0], [0.0,0.0], [0.0,0.0], [0.0,0.0]]
ENTRY 2 VariableDeclaration_0 [[100.0,100.0], [10.0,10.0], [0.0,0.0], [0.0,0.0], [0.0,0.0], [0.0,0.0], [0.0,0.0], [40.0,40.0], [40.0,40.0], [0.0,0.0], [0.0,0.0], [0.0,0.0], [0.0,0.0], [0.0,0.0]]
EXIT 2 VariableDeclaration_0 [[100.0,100.0], [10.0,10.0], [0.0,0.0], [0.0,0.0], [0.0,0.0], [0.0,0.0], [0.0,0.0], [40.0,40.0], [40.0,40.0], [0.0,0.0], [0.0,0.0], [0.0,0.0], [0.0,0.0], [0.0,0.0]]
ENTRY 2 VariableDeclaration_1 [[100.0,100.0], [10.0,10.0], [0.0,0.0], [0.0,0.0], [0.0,0.0], [0.0,0.0], [0.0,0.0], [40.0,40.0], [40.0,40.0], [0.0,0.0], [0.0,0.0], [0.0,0.0], [0.0,0.0], [0.0,0.0]]
EXIT 2 VariableDeclaration_1 [[100.0,100.0], [10.0,10.0], [0.0,0.0], [0.0,0.0], [0.0,0.0], [0.0,0.0], [0.0,0.0], [40.0,40.0], [40.0,40.0], [0.0,0.0], [0.0,0.0], [0.0,0.0], [0.0,0.0], [0.0,0.0]]
ENTRY 2 ModifierDefinition_0 [[100.0,100.0], [10.0,10.0], [0.0,0.0], [0.0,0.0], [0.0,0.0], [0.0,0.0], [0.0,0.0], [40.0,40.0], [40.0,40.0], [0.0,0.0], [0.0,0.0], [0.0,0.0], [0.0,0.0], [0.0,0.0]]
EXIT 2 ModifierDefinition_0 [[100.0,100.0], [10.0,10.0], [0.0,0.0], [0.0,0.0], [0.0,0.0], [0.0,0.0], [0.0,0.0], [40.0,40.0], [40.0,40.0], [0.0,0.0], [0.0,0.0], [0.0,0.0], [0.0,0.0], [0.0,0.0]]
ENTRY 2 ModifierDefinition_1 [[100.0,100.0], [10.0,10.0], [0.0,0.0], [0.0,0.0], [0.0,0.0], [0.0,0.0], [0.0,0.0], [40.0,40.0], [40.0,40.0], [0.0,0.0], [0.0,0.0], [0.0,0.0], [0.0,0.0], [0.0,0.0]]
EXIT 2 ModifierDefinition_1 [[100.0,100.0], [10.0,10.0], [0.0,0.0], [0.0,0.0], [0.0,0.0], [0.0,0.0], [0.0,0.0], [40.0,40.0], [40.0,40.0], [0.0,0.0], [0.0,0.0], [0.0,0.0], [0.0,0.0], [0.0,0.0]]
ENTRY 2 ModifierDefinition_2 [[100.0,100.0], [10.0,10.0], [0.0,0.0], [0.0,0.0], [0.0,0.0], [0.0,0.0], [0.0,0.0], [40.0,40.0], [40.0,40.0], [0.0,0.0], [0.0,0.0], [0.0,0.0], [0.0,0.0], [0.0,0.0]]
EXIT 2 ModifierDefinition_2 [[100.0,100.0], [10.0,10.0], [0.0,0.0], [0.0,0.0], [0.0,0.0], [0.0,0.0], [0.0,0.0], [40.0,40.0], [40.0,40.0], [0.0,0.0], [0.0,0.0], [0.0,0.0], [0.0,0.0], [0.0,0.0]]
ENTRY 2 ModifierDefinition_3 [[100.0,100.0], [10.0,10.0], [0.0,0.0], [0.0,0.0], [0.0,0.0], [0.0,0.0], [0.0,0.0], [40.0,40.0], [40.0,40.0], [0.0,0.0], [0.0,0.0], [0.0,0.0], [0.0,0.0], [0.0,0.0]]
EXIT 2 ModifierDefinition_3 [[100.0,100.0], [10.0,10.0], [0.0,0.0], [0.0,0.0], [0.0,0.0], [0.0,0.0], [0.0,0.0], [40.0,40.0], [40.0,40.0], [0.0,0.0], [0.0,0.0], [0.0,0.0], [0.0,0.0], [0.0,0.0]]
ENTRY 2 EventDefinition_0 [[100.0,100.0], [10.0,10.0], [0.0,0.0], [0.0,0.0], [0.0,0.0], [0.0,0.0], [0.0,0.0], [40.0,40.0], [40.0,40.0], [0.0,0.0], [0.0,0.0], [0.0,0.0], [0.0,0.0], [0.0,0.0]]
EXIT 2 EventDefinition_0 [[100.0,100.0], [10.0,10.0], [0.0,0.0], [0.0,0.0], [0.0,0.0], [0.0,0.0], [0.0,0.0], [40.0,40.0], [40.0,40.0], [0.0,0.0], [0.0,0.0], [0.0,0.0], [0.0,0.0], [0.0,0.0]]
ENTRY 2 EventDefinition_1 [[100.0,100.0], [10.0,10.0], [0.0,0.0], [0.0,0.0], [0.0,0.0], [0.0,0.0], [0.0,0.0], [40.0,40.0], [40.0,40.0], [0.0,0.0], [0.0,0.0], [0.0,0.0], [0.0,0.0], [0.0,0.0]]
EXIT 2 EventDefinition_1 [[100.0,100.0], [10.0,10.0], [0.0,0.0], [0.0,0.0], [0.0,0.0], [0.0,0.0], [0.0,0.0], [40.0,40.0], [40.0,40.0], [0.0,0.0], [0.0,0.0], [0.0,0.0], [0.0,0.0], [0.0,0.0]]
ENTRY 2 EventDefinition_2 [[100.0,100.0], [10.0,10.0], [0.0,0.0], [0.0,0.0], [0.0,0.0], [0.0,0.0], [0.0,0.0], [40.0,40.0], [40.0,40.0], [0.0,0.0], [0.0,0.0], [0.0,0.0], [0.0,0.0], [0.0,0.0]]
EXIT 2 EventDefinition_2 [[100.0,100.0], [10.0,10.0], [0.0,0.0], [0.0,0.0], [0.0,0.0], [0.0,0.0], [0.0,0.0], [40.0,40.0], [40.0,40.0], [0.0,0.0], [0.0,0.0], [0.0,0.0], [0.0,0.0], [0.0,0.0]]
ENTRY 2 EventDefinition_3 [[100.0,100.0], [10.0,10.0], [0.0,0.0], [0.0,0.0], [0.0,0.0], [0.0,0.0], [0.0,0.0], [40.0,40.0], [40.0,40.0], [0.0,0.0], [0.0,0.0], [0.0,0.0], [0.0,0.0], [0.0,0.0]]
EXIT 2 EventDefinition_3 [[100.0,100.0], [10.0,10.0], [0.0,0.0], [0.0,0.0], [0.0,0.0], [0.0,0.0], [0.0,0.0], [40.0,40.0], [40.0,40.0], [0.0,0.0], [0.0,0.0], [0.0,0.0], [0.0,0.0], [0.0,0.0]]
ENTRY 2 EventDefinition_4 [[100.0,100.0], [10.0,10.0], [0.0,0.0], [0.0,0.0], [0.0,0.0], [0.0,0.0], [0.0,0.0], [40.0,40.0], [40.0,40.0], [0.0,0.0], [0.0,0.0], [0.0,0.0], [0.0,0.0], [0.0,0.0]]
EXIT 2 EventDefinition_4 [[100.0,100.0], [10.0,10.0], [0.0,0.0], [0.0,0.0], [0.0,0.0], [0.0,0.0], [0.0,0.0], [40.0,40.0], [40.0,40.0], [0.0,0.0], [0.0,0.0], [0.0,0.0], [0.0,0.0], [0.0,0.0]]
ENTRY 2 EventDefinition_5 [[100.0,100.0], [10.0,10.0], [0.0,0.0], [0.0,0.0], [0.0,0.0], [0.0,0.0], [0.0,0.0], [40.0,40.0], [40.0,40.0], [0.0,0.0], [0.0,0.0], [0.0,0.0], [0.0,0.0], [0.0,0.0]]
EXIT 2 EventDefinition_5 [[100.0,100.0], [10.0,10.0], [0.0,0.0], [0.0,0.0], [0.0,0.0], [0.0,0.0], [0.0,0.0], [40.0,40.0], [40.0,40.0], [0.0,0.0], [0.0,0.0], [0.0,0.0], [0.0,0.0], [0.0,0.0]]
ENTRY 2 VariableDeclaration_2 [[100.0,100.0], [10.0,10.0], [0.0,0.0], [0.0,0.0], [0.0,0.0], [0.0,0.0], [0.0,0.0], [40.0,40.0], [40.0,40.0], [0.0,0.0], [0.0,0.0], [0.0,0.0], [0.0,0.0], [0.0,0.0]]
EXIT 2 VariableDeclaration_2 [[100.0,100.0], [10.0,10.0], [0.0,0.0], [0.0,0.0], [0.0,0.0], [0.0,0.0], [0.0,0.0], [40.0,40.0], [40.0,40.0], [0.0,0.0], [0.0,0.0], [0.0,0.0], [0.0,0.0], [0.0,0.0]]
ENTRY 2 VariableDeclaration_3 [[100.0,100.0], [10.0,10.0], [0.0,0.0], [0.0,0.0], [0.0,0.0], [0.0,0.0], [0.0,0.0], [40.0,40.0], [40.0,40.0], [0.0,0.0], [0.0,0.0], [0.0,0.0], [0.0,0.0], [0.0,0.0]]
EXIT 2 VariableDeclaration_3 [[100.0,100.0], [10.0,10.0], [0.0,0.0], [0.0,0.0], [0.0,0.0], [0.0,0.0], [0.0,0.0], [40.0,40.0], [40.0,40.0], [0.0,0.0], [0.0,0.0], [0.0,0.0], [0.0,0.0], [0.0,0.0]]
ENTRY 2 VariableDeclaration_4 [[100.0,100.0], [10.0,10.0], [0.0,0.0], [0.0,0.0], [0.0,0.0], [0.0,0.0], [0.0,0.0], [40.0,40.0], [40.0,40.0], [0.0,0.0], [0.0,0.0], [0.0,0.0], [0.0,0.0], [0.0,0.0]]
EXIT 2 VariableDeclaration_4 [[100.0,100.0], [10.0,10.0], [0.0,0.0], [0.0,0.0], [0.0,0.0], [0.0,0.0], [0.0,0.0], [40.0,40.0], [40.0,40.0], [0.0,0.0], [0.0,0.0], [0.0,0.0], [0.0,0.0], [0.0,0.0]]
ENTRY 2 VariableDeclaration_5 [[100.0,100.0], [10.0,10.0], [0.0,0.0], [0.0,0.0], [0.0,0.0], [0.0,0.0], [0.0,0.0], [40.0,40.0], [40.0,40.0], [0.0,0.0], [0.0,0.0], [0.0,0.0], [0.0,0.0], [0.0,0.0]]
EXIT 2 VariableDeclaration_5 [[100.0,100.0], [10.0,10.0], [0.0,0.0], [0.0,0.0], [0.0,0.0], [0.0,0.0], [0.0,0.0], [40.0,40.0], [40.0,40.0], [0.0,0.0], [0.0,0.0], [0.0,0.0], [0.0,0.0], [0.0,0.0]]
ENTRY 2 VariableDeclaration_6 [[100.0,100.0], [10.0,10.0], [0.0,0.0], [0.0,0.0], [0.0,0.0], [0.0,0.0], [0.0,0.0], [40.0,40.0], [40.0,40.0], [0.0,0.0], [0.0,0.0], [0.0,0.0], [0.0,0.0], [0.0,0.0]]
EXIT 2 VariableDeclaration_6 [[100.0,100.0], [10.0,10.0], [0.0,0.0], [0.0,0.0], [0.0,0.0], [0.0,0.0], [0.0,0.0], [40.0,40.0], [40.0,40.0], [0.0,0.0], [0.0,0.0], [0.0,0.0], [0.0,0.0], [0.0,0.0]]
ENTRY 2 VariableDeclaration_7 [[100.0,100.0], [10.0,10.0], [0.0,0.0], [0.0,0.0], [0.0,0.0], [0.0,0.0], [0.0,0.0], [40.0,40.0], [40.0,40.0], [0.0,0.0], [0.0,0.0], [0.0,0.0], [0.0,0.0], [0.0,0.0]]
EXIT 2 VariableDeclaration_7 [[100.0,100.0], [10.0,10.0], [0.0,0.0], [0.0,0.0], [0.0,0.0], [0.0,0.0], [0.0,0.0], [40.0,40.0], [40.0,40.0], [0.0,0.0], [0.0,0.0], [0.0,0.0], [0.0,0.0], [0.0,0.0]]
ENTRY 2 VariableDeclaration_8 [[100.0,100.0], [10.0,10.0], [0.0,0.0], [0.0,0.0], [0.0,0.0], [0.0,0.0], [0.0,0.0], [40.0,40.0], [40.0,40.0], [0.0,0.0], [0.0,0.0], [0.0,0.0], [0.0,0.0], [0.0,0.0]]
EXIT 2 VariableDeclaration_8 [[100.0,100.0], [10.0,10.0], [0.0,0.0], [0.0,0.0], [0.0,0.0], [0.0,0.0], [0.0,0.0], [40.0,40.0], [40.0,40.0], [0.0,0.0], [0.0,0.0], [0.0,0.0], [0.0,0.0], [0.0,0.0]]
ENTRY 2 VariableDeclaration_9 [[100.0,100.0], [10.0,10.0], [0.0,0.0], [0.0,0.0], [0.0,0.0], [0.0,0.0], [0.0,0.0], [40.0,40.0], [40.0,40.0], [0.0,0.0], [0.0,0.0], [0.0,0.0], [0.0,0.0], [0.0,0.0]]
EXIT 2 VariableDeclaration_9 [[100.0,100.0], [10.0,10.0], [0.0,0.0], [0.0,0.0], [0.0,0.0], [0.0,0.0], [0.0,0.0], [40.0,40.0], [40.0,40.0], [0.0,0.0], [0.0,0.0], [0.0,0.0], [0.0,0.0], [0.0,0.0]]
ENTRY 2 VariableDeclaration_10 [[100.0,100.0], [10.0,10.0], [0.0,0.0], [0.0,0.0], [0.0,0.0], [0.0,0.0], [0.0,0.0], [40.0,40.0], [40.0,40.0], [0.0,0.0], [0.0,0.0], [0.0,0.0], [0.0,0.0], [0.0,0.0]]
EXIT 2 VariableDeclaration_10 [[100.0,100.0], [10.0,10.0], [0.0,0.0], [0.0,0.0], [0.0,0.0], [0.0,0.0], [0.0,0.0], [40.0,40.0], [40.0,40.0], [0.0,0.0], [0.0,0.0], [0.0,0.0], [0.0,0.0], [0.0,0.0]]
ENTRY 2 FunctionDefinition_0 [[100.0,100.0], [10.0,10.0], [0.0,0.0], [0.0,0.0], [0.0,0.0], [0.0,0.0], [0.0,0.0], [40.0,40.0], [40.0,40.0], [0.0,0.0], [0.0,0.0], [0.0,0.0], [0.0,0.0], [0.0,0.0]]
EXIT 2 FunctionDefinition_0 [[100.0,100.0], [10.0,10.0], [0.0,0.0], [0.0,0.0], [0.0,0.0], [0.0,0.0], [0.0,0.0], [40.0,40.0], [40.0,40.0], [0.0,0.0], [0.0,0.0], [0.0,0.0], [0.0,0.0], [0.0,0.0]]
ENTRY 2 FunctionEntry_0 [[100.0,100.0], [10.0,10.0], [0.0,0.0], [0.0,0.0], [0.0,0.0], [0.0,0.0], [0.0,0.0], [40.0,40.0], [40.0,40.0], [0.0,0.0], [0.0,0.0], [0.0,0.0], [0.0,0.0], [0.0,0.0]]
EXIT 2 FunctionEntry_0 [[100.0,100.0], [10.0,10.0], [0.0,0.0], [0.0,0.0], [0.0,0.0], [0.0,0.0], [0.0,0.0], [40.0,40.0], [40.0,40.0], [0.0,0.0], [0.0,0.0], [0.0,0.0], [0.0,0.0], [0.0,0.0]]
ENTRY 2 ExpressionStatement_0 [[100.0,100.0], [10.0,10.0], [0.0,0.0], [0.0,0.0], [0.0,0.0], [0.0,0.0], [0.0,0.0], [40.0,40.0], [40.0,40.0], [0.0,0.0], [0.0,0.0], [0.0,0.0], [0.0,0.0], [0.0,0.0]]
EXIT 2 ExpressionStatement_0 [[100.0,100.0], [10.0,10.0], [0.0,0.0], [0.0,0.0], [0.0,0.0], [0.0,0.0], [0.0,0.0], [40.0,40.0], [40.0,40.0], [-Infinity,Infinity], [0.0,0.0], [0.0,0.0], [0.0,0.0], [0.0,0.0]]
ENTRY 2 ExpressionStatement_1 [[100.0,100.0], [10.0,10.0], [0.0,0.0], [0.0,0.0], [0.0,0.0], [0.0,0.0], [0.0,0.0], [40.0,40.0], [40.0,40.0], [-Infinity,Infinity], [0.0,0.0], [0.0,0.0], [0.0,0.0], [0.0,0.0]]
EXIT 2 ExpressionStatement_1 [[100.0,100.0], [10.0,10.0], [0.0,0.0], [0.0,0.0], [0.0,0.0], [0.0,0.0], [-Infinity,Infinity], [40.0,40.0], [40.0,40.0], [-Infinity,Infinity], [0.0,0.0], [0.0,0.0], [0.0,0.0], [0.0,0.0]]
ENTRY 2 ExpressionStatement_2 [[100.0,100.0], [10.0,10.0], [0.0,0.0], [0.0,0.0], [0.0,0.0], [0.0,0.0], [-Infinity,Infinity], [40.0,40.0], [40.0,40.0], [-Infinity,Infinity], [0.0,0.0], [0.0,0.0], [0.0,0.0], [0.0,0.0]]
EXIT 2 ExpressionStatement_2 [[100.0,100.0], [10.0,10.0], [2.0,2.0], [0.0,0.0], [0.0,0.0], [0.0,0.0], [-Infinity,Infinity], [40.0,40.0], [40.0,40.0], [-Infinity,Infinity], [0.0,0.0], [0.0,0.0], [0.0,0.0], [0.0,0.0]]
ENTRY 2 ExpressionStatement_3 [[100.0,100.0], [10.0,10.0], [2.0,2.0], [0.0,0.0], [0.0,0.0], [0.0,0.0], [-Infinity,Infinity], [40.0,40.0], [40.0,40.0], [-Infinity,Infinity], [0.0,0.0], [0.0,0.0], [0.0,0.0], [0.0,0.0]]
EXIT 2 ExpressionStatement_3 [[100.0,100.0], [10.0,10.0], [2.0,2.0], [0.0,0.0], [0.0,0.0], [0.0,0.0], [-Infinity,Infinity], [40.0,40.0], [40.0,40.0], [-Infinity,Infinity], [0.0,0.0], [0.0,0.0], [0.0,0.0], [0.0,0.0]]
ENTRY 2 ExpressionStatement_4 [[100.0,100.0], [10.0,10.0], [2.0,2.0], [0.0,0.0], [0.0,0.0], [0.0,0.0], [-Infinity,Infinity], [40.0,40.0], [40.0,40.0], [-Infinity,Infinity], [0.0,0.0], [0.0,0.0], [0.0,0.0], [0.0,0.0]]
EXIT 2 ExpressionStatement_4 [[100.0,100.0], [10.0,10.0], [2.0,2.0], [10.0,10.0], [0.0,0.0], [0.0,0.0], [-Infinity,Infinity], [40.0,40.0], [40.0,40.0], [-Infinity,Infinity], [0.0,0.0], [0.0,0.0], [0.0,0.0], [0.0,0.0]]
ENTRY 2 FunctionExit_0 [[100.0,100.0], [10.0,10.0], [2.0,2.0], [10.0,10.0], [0.0,0.0], [0.0,0.0], [-Infinity,Infinity], [40.0,40.0], [40.0,40.0], [-Infinity,Infinity], [0.0,0.0], [0.0,0.0], [0.0,0.0], [0.0,0.0]]
EXIT 2 FunctionExit_0 [[100.0,100.0], [10.0,10.0], [2.0,2.0], [10.0,10.0], [0.0,0.0], [0.0,0.0], [-Infinity,Infinity], [40.0,40.0], [40.0,40.0], [-Infinity,Infinity], [0.0,0.0], [0.0,0.0], [0.0,0.0], [0.0,0.0]]
ENTRY 2 FunctionDefinition_1 [[100.0,100.0], [10.0,10.0], [2.0,2.0], [10.0,10.0], [0.0,0.0], [0.0,0.0], [-Infinity,Infinity], [40.0,40.0], [40.0,40.0], [-Infinity,Infinity], [0.0,0.0], [0.0,0.0], [0.0,0.0], [0.0,0.0]]
EXIT 2 FunctionDefinition_1 [[100.0,100.0], [10.0,10.0], [2.0,2.0], [10.0,10.0], [0.0,0.0], [0.0,0.0], [-Infinity,Infinity], [40.0,40.0], [40.0,40.0], [-Infinity,Infinity], [0.0,0.0], [0.0,0.0], [0.0,0.0], [0.0,0.0]]
ENTRY 2 FunctionEntry_1 [[100.0,100.0], [10.0,10.0], [2.0,2.0], [10.0,10.0], [0.0,0.0], [0.0,0.0], [-Infinity,Infinity], [40.0,40.0], [40.0,40.0], [-Infinity,Infinity], [0.0,0.0], [0.0,0.0], [0.0,0.0], [0.0,0.0]]
EXIT 2 FunctionEntry_1 [[100.0,100.0], [10.0,10.0], [2.0,2.0], [10.0,10.0], [0.0,0.0], [0.0,0.0], [-Infinity,Infinity], [40.0,40.0], [40.0,40.0], [-Infinity,Infinity], [0.0,0.0], [0.0,0.0], [0.0,0.0], [0.0,0.0]]
ENTRY 2 ExpressionStatement_5 [[100.0,100.0], [10.0,10.0], [2.0,2.0], [10.0,10.0], [0.0,0.0], [0.0,0.0], [-Infinity,Infinity], [40.0,40.0], [40.0,40.0], [-Infinity,Infinity], [0.0,0.0], [0.0,0.0], [0.0,0.0], [0.0,0.0]]
EXIT 2 ExpressionStatement_5 [[100.0,100.0], [10.0,10.0], [2.0,2.0], [10.0,10.0], [0.0,0.0], [0.0,0.0], [-Infinity,Infinity], [40.0,40.0], [40.0,40.0], [-Infinity,Infinity], [0.0,0.0], [0.0,0.0], [0.0,0.0], [0.0,0.0]]
ENTRY 2 FunctionExit_1 [[100.0,100.0], [10.0,10.0], [2.0,2.0], [10.0,10.0], [0.0,0.0], [0.0,0.0], [-Infinity,Infinity], [40.0,40.0], [40.0,40.0], [-Infinity,Infinity], [0.0,0.0], [0.0,0.0], [0.0,0.0], [0.0,0.0]]
EXIT 2 FunctionExit_1 [[100.0,100.0], [10.0,10.0], [2.0,2.0], [10.0,10.0], [0.0,0.0], [0.0,0.0], [-Infinity,Infinity], [40.0,40.0], [40.0,40.0], [-Infinity,Infinity], [0.0,0.0], [0.0,0.0], [0.0,0.0], [0.0,0.0]]
ENTRY 2 FunctionDefinition_2 [[100.0,100.0], [10.0,10.0], [2.0,2.0], [10.0,10.0], [0.0,0.0], [0.0,0.0], [-Infinity,Infinity], [40.0,40.0], [40.0,40.0], [-Infinity,Infinity], [0.0,0.0], [0.0,0.0], [0.0,0.0], [0.0,0.0]]
EXIT 2 FunctionDefinition_2 [[100.0,100.0], [10.0,10.0], [2.0,2.0], [10.0,10.0], [0.0,0.0], [0.0,0.0], [-Infinity,Infinity], [40.0,40.0], [40.0,40.0], [-Infinity,Infinity], [0.0,0.0], [0.0,0.0], [0.0,0.0], [0.0,0.0]]
ENTRY 2 FunctionEntry_2 [[100.0,100.0], [10.0,10.0], [2.0,2.0], [10.0,10.0], [0.0,0.0], [0.0,0.0], [-Infinity,Infinity], [40.0,40.0], [40.0,40.0], [-Infinity,Infinity], [0.0,0.0], [0.0,0.0], [0.0,0.0], [0.0,0.0]]
EXIT 2 FunctionEntry_2 [[100.0,100.0], [10.0,10.0], [2.0,2.0], [10.0,10.0], [0.0,0.0], [0.0,0.0], [-Infinity,Infinity], [40.0,40.0], [40.0,40.0], [-Infinity,Infinity], [0.0,0.0], [0.0,0.0], [0.0,0.0], [0.0,0.0]]
ENTRY 2 ExpressionStatement_6 [[100.0,100.0], [10.0,10.0], [2.0,2.0], [10.0,10.0], [0.0,0.0], [0.0,0.0], [-Infinity,Infinity], [40.0,40.0], [40.0,40.0], [-Infinity,Infinity], [0.0,0.0], [0.0,0.0], [0.0,0.0], [0.0,0.0]]
EXIT 2 ExpressionStatement_6 [[100.0,100.0], [10.0,10.0], [2.0,2.0], [20.0,20.0], [0.0,0.0], [0.0,0.0], [-Infinity,Infinity], [40.0,40.0], [40.0,40.0], [-Infinity,Infinity], [0.0,0.0], [0.0,0.0], [0.0,0.0], [0.0,0.0]]
ENTRY 2 EmitStatement_0 [[100.0,100.0], [10.0,10.0], [2.0,2.0], [20.0,20.0], [0.0,0.0], [0.0,0.0], [-Infinity,Infinity], [40.0,40.0], [40.0,40.0], [-Infinity,Infinity], [0.0,0.0], [0.0,0.0], [0.0,0.0], [0.0,0.0]]
EXIT 2 EmitStatement_0 [[100.0,100.0], [10.0,10.0], [0.0,0.0], [0.0,0.0], [0.0,0.0], [0.0,0.0], [0.0,0.0], [40.0,40.0], [40.0,40.0], [0.0,0.0], [0.0,0.0], [0.0,0.0], [0.0,0.0], [0.0,0.0]]
ENTRY 2 FunctionExit_2 [[100.0,100.0], [10.0,10.0], [0.0,0.0], [0.0,0.0], [0.0,0.0], [0.0,0.0], [0.0,0.0], [40.0,40.0], [40.0,40.0], [0.0,0.0], [0.0,0.0], [0.0,0.0], [0.0,0.0], [0.0,0.0]]
EXIT 2 FunctionExit_2 [[100.0,100.0], [10.0,10.0], [0.0,0.0], [0.0,0.0], [0.0,0.0], [0.0,0.0], [0.0,0.0], [40.0,40.0], [40.0,40.0], [0.0,0.0], [0.0,0.0], [0.0,0.0], [0.0,0.0], [0.0,0.0]]
ENTRY 2 FunctionDefinition_3 [[100.0,100.0], [10.0,10.0], [0.0,0.0], [0.0,0.0], [0.0,0.0], [0.0,0.0], [0.0,0.0], [40.0,40.0], [40.0,40.0], [0.0,0.0], [0.0,0.0], [0.0,0.0], [0.0,0.0], [0.0,0.0]]
EXIT 2 FunctionDefinition_3 [[100.0,100.0], [10.0,10.0], [0.0,0.0], [0.0,0.0], [0.0,0.0], [0.0,0.0], [0.0,0.0], [40.0,40.0], [40.0,40.0], [0.0,0.0], [0.0,0.0], [0.0,0.0], [0.0,0.0], [0.0,0.0]]
ENTRY 2 FunctionEntry_3 [[100.0,100.0], [10.0,10.0], [0.0,0.0], [0.0,0.0], [0.0,0.0], [0.0,0.0], [0.0,0.0], [40.0,40.0], [40.0,40.0], [0.0,0.0], [0.0,0.0], [0.0,0.0], [0.0,0.0], [0.0,0.0]]
EXIT 2 FunctionEntry_3 [[100.0,100.0], [10.0,10.0], [0.0,0.0], [0.0,0.0], [0.0,0.0], [0.0,0.0], [0.0,0.0], [40.0,40.0], [40.0,40.0], [0.0,0.0], [0.0,0.0], [0.0,0.0], [0.0,0.0], [0.0,0.0]]
ENTRY 2 ExpressionStatement_7 [[100.0,100.0], [10.0,10.0], [0.0,0.0], [0.0,0.0], [0.0,0.0], [0.0,0.0], [0.0,0.0], [40.0,40.0], [40.0,40.0], [0.0,0.0], [0.0,0.0], [0.0,0.0], [0.0,0.0], [0.0,0.0]]
EXIT 2 ExpressionStatement_7 [[100.0,100.0], [10.0,10.0], [0.0,0.0], [0.0,0.0], [20.0,20.0], [0.0,0.0], [0.0,0.0], [40.0,40.0], [40.0,40.0], [0.0,0.0], [0.0,0.0], [0.0,0.0], [0.0,0.0], [0.0,0.0]]
ENTRY 2 EmitStatement_1 [[100.0,100.0], [10.0,10.0], [0.0,0.0], [0.0,0.0], [20.0,20.0], [0.0,0.0], [0.0,0.0], [40.0,40.0], [40.0,40.0], [0.0,0.0], [0.0,0.0], [0.0,0.0], [0.0,0.0], [0.0,0.0]]
EXIT 2 EmitStatement_1 [[100.0,100.0], [10.0,10.0], [0.0,0.0], [0.0,0.0], [0.0,0.0], [0.0,0.0], [0.0,0.0], [40.0,40.0], [40.0,40.0], [0.0,0.0], [0.0,0.0], [0.0,0.0], [0.0,0.0], [0.0,0.0]]
ENTRY 2 FunctionExit_3 [[100.0,100.0], [10.0,10.0], [0.0,0.0], [0.0,0.0], [0.0,0.0], [0.0,0.0], [0.0,0.0], [40.0,40.0], [40.0,40.0], [0.0,0.0], [0.0,0.0], [0.0,0.0], [0.0,0.0], [0.0,0.0]]
EXIT 2 FunctionExit_3 [[100.0,100.0], [10.0,10.0], [0.0,0.0], [0.0,0.0], [0.0,0.0], [0.0,0.0], [0.0,0.0], [40.0,40.0], [40.0,40.0], [0.0,0.0], [0.0,0.0], [0.0,0.0], [0.0,0.0], [0.0,0.0]]
ENTRY 2 FunctionDefinition_4 [[100.0,100.0], [10.0,10.0], [0.0,0.0], [0.0,0.0], [0.0,0.0], [0.0,0.0], [0.0,0.0], [40.0,40.0], [40.0,40.0], [0.0,0.0], [0.0,0.0], [0.0,0.0], [0.0,0.0], [0.0,0.0]]
EXIT 2 FunctionDefinition_4 [[100.0,100.0], [10.0,10.0], [0.0,0.0], [0.0,0.0], [0.0,0.0], [0.0,0.0], [0.0,0.0], [40.0,40.0], [40.0,40.0], [0.0,0.0], [0.0,0.0], [0.0,0.0], [0.0,0.0], [0.0,0.0]]
ENTRY 2 FunctionEntry_4 [[100.0,100.0], [10.0,10.0], [0.0,0.0], [0.0,0.0], [0.0,0.0], [0.0,0.0], [0.0,0.0], [40.0,40.0], [40.0,40.0], [0.0,0.0], [0.0,0.0], [0.0,0.0], [0.0,0.0], [0.0,0.0]]
EXIT 2 FunctionEntry_4 [[100.0,100.0], [10.0,10.0], [0.0,0.0], [0.0,0.0], [0.0,0.0], [0.0,0.0], [0.0,0.0], [40.0,40.0], [40.0,40.0], [0.0,0.0], [0.0,0.0], [0.0,0.0], [0.0,0.0], [0.0,0.0]]
ENTRY 2 FunctionExit_4 [[100.0,100.0], [10.0,10.0], [0.0,0.0], [0.0,0.0], [0.0,0.0], [0.0,0.0], [0.0,0.0], [40.0,40.0], [40.0,40.0], [0.0,0.0], [0.0,0.0], [0.0,0.0], [0.0,0.0], [0.0,0.0]]
EXIT 2 FunctionExit_4 [[100.0,100.0], [10.0,10.0], [0.0,0.0], [0.0,0.0], [0.0,0.0], [0.0,0.0], [0.0,0.0], [40.0,40.0], [40.0,40.0], [0.0,0.0], [0.0,0.0], [0.0,0.0], [0.0,0.0], [0.0,0.0]]
ENTRY 2 FunctionDefinition_5 [[100.0,100.0], [10.0,10.0], [0.0,0.0], [0.0,0.0], [0.0,0.0], [0.0,0.0], [0.0,0.0], [40.0,40.0], [40.0,40.0], [0.0,0.0], [0.0,0.0], [0.0,0.0], [0.0,0.0], [0.0,0.0]]
EXIT 2 FunctionDefinition_5 [[100.0,100.0], [10.0,10.0], [0.0,0.0], [0.0,0.0], [0.0,0.0], [0.0,0.0], [0.0,0.0], [40.0,40.0], [40.0,40.0], [0.0,0.0], [0.0,0.0], [0.0,0.0], [0.0,0.0], [0.0,0.0]]
ENTRY 2 FunctionEntry_5 [[100.0,100.0], [10.0,10.0], [0.0,0.0], [0.0,0.0], [0.0,0.0], [0.0,0.0], [0.0,0.0], [40.0,40.0], [40.0,40.0], [0.0,0.0], [0.0,0.0], [0.0,0.0], [0.0,0.0], [0.0,0.0]]
EXIT 2 FunctionEntry_5 [[100.0,100.0], [10.0,10.0], [0.0,0.0], [0.0,0.0], [0.0,0.0], [0.0,0.0], [0.0,0.0], [40.0,40.0], [40.0,40.0], [0.0,0.0], [0.0,0.0], [0.0,0.0], [0.0,0.0], [0.0,0.0]]
ENTRY 2 ExpressionStatement_8 [[100.0,100.0], [10.0,10.0], [0.0,0.0], [0.0,0.0], [0.0,0.0], [0.0,0.0], [0.0,0.0], [40.0,40.0], [40.0,40.0], [0.0,0.0], [0.0,0.0], [0.0,0.0], [0.0,0.0], [0.0,0.0]]
EXIT 2 ExpressionStatement_8 [[100.0,100.0], [10.0,10.0], [0.0,0.0], [0.0,0.0], [0.0,0.0], [0.0,0.0], [0.0,0.0], [40.0,40.0], [40.0,40.0], [0.0,0.0], [0.0,0.0], [0.0,0.0], [0.0,0.0], [0.0,0.0]]
ENTRY 2 ExpressionStatement_9 [[100.0,100.0], [10.0,10.0], [0.0,0.0], [0.0,0.0], [0.0,0.0], [0.0,0.0], [0.0,0.0], [40.0,40.0], [40.0,40.0], [0.0,0.0], [0.0,0.0], [0.0,0.0], [0.0,0.0], [0.0,0.0]]
EXIT 2 ExpressionStatement_9 [[100.0,100.0], [10.0,10.0], [0.0,0.0], [0.0,0.0], [0.0,0.0], [0.0,0.0], [0.0,0.0], [40.0,40.0], [40.0,40.0], [0.0,0.0], [0.0,0.0], [0.0,0.0], [0.0,0.0], [0.0,0.0]]
ENTRY 2 ExpressionStatement_10 [[100.0,100.0], [10.0,10.0], [0.0,0.0], [0.0,0.0], [0.0,0.0], [0.0,0.0], [0.0,0.0], [40.0,40.0], [40.0,40.0], [0.0,0.0], [0.0,0.0], [0.0,0.0], [0.0,0.0], [0.0,0.0]]
EXIT 2 ExpressionStatement_10 [[100.0,100.0], [10.0,10.0], [0.0,0.0], [0.0,0.0], [0.0,0.0], [0.0,0.0], [0.0,0.0], [-Infinity,Infinity], [40.0,40.0], [0.0,0.0], [0.0,0.0], [0.0,0.0], [0.0,0.0], [0.0,0.0]]
ENTRY 2 ExpressionStatement_11 [[100.0,100.0], [10.0,10.0], [0.0,0.0], [0.0,0.0], [0.0,0.0], [0.0,0.0], [0.0,0.0], [-Infinity,Infinity], [40.0,40.0], [0.0,0.0], [0.0,0.0], [0.0,0.0], [0.0,0.0], [0.0,0.0]]
EXIT 2 ExpressionStatement_11 [[100.0,100.0], [10.0,10.0], [0.0,0.0], [0.0,0.0], [0.0,0.0], [0.0,0.0], [0.0,0.0], [-Infinity,Infinity], [-Infinity,Infinity], [0.0,0.0], [0.0,0.0], [0.0,0.0], [0.0,0.0], [0.0,0.0]]
ENTRY 2 EmitStatement_2 [[100.0,100.0], [10.0,10.0], [0.0,0.0], [0.0,0.0], [0.0,0.0], [0.0,0.0], [0.0,0.0], [-Infinity,Infinity], [-Infinity,Infinity], [0.0,0.0], [0.0,0.0], [0.0,0.0], [0.0,0.0], [0.0,0.0]]
EXIT 2 EmitStatement_2 [[100.0,100.0], [10.0,10.0], [0.0,0.0], [0.0,0.0], [0.0,0.0], [0.0,0.0], [0.0,0.0], [40.0,40.0], [40.0,40.0], [0.0,0.0], [0.0,0.0], [0.0,0.0], [0.0,0.0], [0.0,0.0]]
ENTRY 2 FunctionExit_5 [[100.0,100.0], [10.0,10.0], [0.0,0.0], [0.0,0.0], [0.0,0.0], [0.0,0.0], [0.0,0.0], [40.0,40.0], [40.0,40.0], [0.0,0.0], [0.0,0.0], [0.0,0.0], [0.0,0.0], [0.0,0.0]]
EXIT 2 FunctionExit_5 [[100.0,100.0], [10.0,10.0], [0.0,0.0], [0.0,0.0], [0.0,0.0], [0.0,0.0], [0.0,0.0], [40.0,40.0], [40.0,40.0], [0.0,0.0], [0.0,0.0], [0.0,0.0], [0.0,0.0], [0.0,0.0]]
ENTRY 2 FunctionDefinition_6 [[100.0,100.0], [10.0,10.0], [0.0,0.0], [0.0,0.0], [0.0,0.0], [0.0,0.0], [0.0,0.0], [40.0,40.0], [40.0,40.0], [0.0,0.0], [0.0,0.0], [0.0,0.0], [0.0,0.0], [0.0,0.0]]
EXIT 2 FunctionDefinition_6 [[100.0,100.0], [10.0,10.0], [0.0,0.0], [0.0,0.0], [0.0,0.0], [0.0,0.0], [0.0,0.0], [40.0,40.0], [40.0,40.0], [0.0,0.0], [0.0,0.0], [0.0,0.0], [0.0,0.0], [0.0,0.0]]
ENTRY 2 FunctionEntry_6 [[100.0,100.0], [10.0,10.0], [0.0,0.0], [0.0,0.0], [0.0,0.0], [0.0,0.0], [0.0,0.0], [40.0,40.0], [40.0,40.0], [0.0,0.0], [0.0,0.0], [0.0,0.0], [0.0,0.0], [0.0,0.0]]
EXIT 2 FunctionEntry_6 [[100.0,100.0], [10.0,10.0], [0.0,0.0], [0.0,0.0], [0.0,0.0], [0.0,0.0], [0.0,0.0], [40.0,40.0], [40.0,40.0], [0.0,0.0], [0.0,0.0], [0.0,0.0], [0.0,0.0], [0.0,0.0]]
ENTRY 2 VariableDeclarationStatement_0 [[100.0,100.0], [10.0,10.0], [0.0,0.0], [0.0,0.0], [0.0,0.0], [0.0,0.0], [0.0,0.0], [40.0,40.0], [40.0,40.0], [0.0,0.0], [0.0,0.0], [0.0,0.0], [0.0,0.0], [0.0,0.0]]
EXIT 2 VariableDeclarationStatement_0 [[100.0,100.0], [10.0,10.0], [0.0,0.0], [0.0,0.0], [0.0,0.0], [0.0,0.0], [0.0,0.0], [40.0,40.0], [40.0,40.0], [0.0,0.0], [0.0,0.0], [40.0,40.0], [0.0,0.0], [0.0,0.0]]
ENTRY 2 IfStatement_0 [[100.0,100.0], [10.0,10.0], [0.0,0.0], [0.0,0.0], [0.0,0.0], [0.0,0.0], [0.0,0.0], [40.0,40.0], [40.0,40.0], [0.0,0.0], [0.0,0.0], [40.0,40.0], [0.0,0.0], [0.0,0.0]]
EXIT 2 IfStatement_0 [[1.0,-1.0], [1.0,-1.0], [1.0,-1.0], [1.0,-1.0], [1.0,-1.0], [1.0,-1.0], [1.0,-1.0], [1.0,-1.0], [1.0,-1.0], [1.0,-1.0], [1.0,-1.0], [1.0,-1.0], [1.0,-1.0], [1.0,-1.0]]
ENTRY 2 ExpressionStatement_12 [[100.0,100.0], [10.0,10.0], [0.0,0.0], [0.0,0.0], [0.0,0.0], [0.0,0.0], [0.0,0.0], [40.0,40.0], [40.0,40.0], [0.0,0.0], [0.0,0.0], [40.0,40.0], [0.0,0.0], [0.0,0.0]]
EXIT 2 ExpressionStatement_12 [[100.0,100.0], [10.0,10.0], [0.0,0.0], [0.0,0.0], [0.0,0.0], [0.0,0.0], [0.0,0.0], [0.0,0.0], [40.0,40.0], [0.0,0.0], [0.0,0.0], [40.0,40.0], [0.0,0.0], [0.0,0.0]]
ENTRY 2 ExpressionStatement_13 [[100.0,100.0], [10.0,10.0], [0.0,0.0], [0.0,0.0], [0.0,0.0], [0.0,0.0], [0.0,0.0], [0.0,0.0], [40.0,40.0], [0.0,0.0], [0.0,0.0], [40.0,40.0], [0.0,0.0], [0.0,0.0]]
EXIT 2 ExpressionStatement_13 [[100.0,100.0], [10.0,10.0], [0.0,0.0], [0.0,0.0], [0.0,0.0], [0.0,0.0], [0.0,0.0], [0.0,0.0], [0.0,0.0], [0.0,0.0], [0.0,0.0], [40.0,40.0], [0.0,0.0], [0.0,0.0]]
ENTRY 2 VariableDeclarationStatement_1 [[100.0,100.0], [10.0,10.0], [0.0,0.0], [0.0,0.0], [0.0,0.0], [0.0,0.0], [0.0,0.0], [0.0,0.0], [0.0,0.0], [0.0,0.0], [0.0,0.0], [40.0,40.0], [0.0,0.0], [0.0,0.0]]
EXIT 2 VariableDeclarationStatement_1 [[100.0,100.0], [10.0,10.0], [0.0,0.0], [0.0,0.0], [0.0,0.0], [0.0,0.0], [0.0,0.0], [0.0,0.0], [0.0,0.0], [0.0,0.0], [0.0,0.0], [40.0,40.0], [-Infinity,Infinity], [0.0,0.0]]
ENTRY 2 IfStatement_1 [[100.0,100.0], [10.0,10.0], [0.0,0.0], [0.0,0.0], [0.0,0.0], [0.0,0.0], [0.0,0.0], [0.0,0.0], [0.0,0.0], [0.0,0.0], [0.0,0.0], [40.0,40.0], [-Infinity,Infinity], [0.0,0.0]]
EXIT 2 IfStatement_1 [[1.0,-1.0], [1.0,-1.0], [1.0,-1.0], [1.0,-1.0], [1.0,-1.0], [1.0,-1.0], [1.0,-1.0], [1.0,-1.0], [1.0,-1.0], [1.0,-1.0], [1.0,-1.0], [1.0,-1.0], [1.0,-1.0], [1.0,-1.0]]
ENTRY 2 ExpressionStatement_14 [[100.0,100.0], [10.0,10.0], [0.0,0.0], [0.0,0.0], [0.0,0.0], [0.0,0.0], [0.0,0.0], [0.0,0.0], [0.0,0.0], [0.0,0.0], [0.0,0.0], [40.0,40.0], [-Infinity,Infinity], [0.0,0.0]]
EXIT 2 ExpressionStatement_14 [[100.0,100.0], [10.0,10.0], [0.0,0.0], [0.0,0.0], [0.0,0.0], [0.0,0.0], [0.0,0.0], [0.0,0.0], [0.0,0.0], [0.0,0.0], [0.0,0.0], [40.0,40.0], [-Infinity,Infinity], [0.0,0.0]]
ENTRY 2 IfConditionJoin_1 [[100.0,100.0], [10.0,10.0], [0.0,0.0], [0.0,0.0], [0.0,0.0], [0.0,0.0], [0.0,0.0], [0.0,0.0], [0.0,0.0], [0.0,0.0], [0.0,0.0], [40.0,40.0], [-Infinity,Infinity], [0.0,0.0]]
EXIT 2 IfConditionJoin_1 [[100.0,100.0], [10.0,10.0], [0.0,0.0], [0.0,0.0], [0.0,0.0], [0.0,0.0], [0.0,0.0], [0.0,0.0], [0.0,0.0], [0.0,0.0], [0.0,0.0], [40.0,40.0], [-Infinity,Infinity], [0.0,0.0]]
ENTRY 2 IfConditionJoin_0 [[100.0,100.0], [10.0,10.0], [0.0,0.0], [0.0,0.0], [0.0,0.0], [0.0,0.0], [0.0,0.0], [0.0,40.0], [0.0,40.0], [0.0,0.0], [0.0,0.0], [40.0,40.0], [-Infinity,Infinity], [0.0,0.0]]
EXIT 2 IfConditionJoin_0 [[100.0,100.0], [10.0,10.0], [0.0,0.0], [0.0,0.0], [0.0,0.0], [0.0,0.0], [0.0,0.0], [0.0,40.0], [0.0,40.0], [0.0,0.0], [0.0,0.0], [40.0,40.0], [-Infinity,Infinity], [0.0,0.0]]
ENTRY 2 FunctionExit_6 [[100.0,100.0], [10.0,10.0], [0.0,0.0], [0.0,0.0], [0.0,0.0], [0.0,0.0], [0.0,0.0], [0.0,40.0], [0.0,40.0], [0.0,0.0], [0.0,0.0], [40.0,40.0], [-Infinity,Infinity], [0.0,0.0]]
EXIT 2 FunctionExit_6 [[100.0,100.0], [10.0,10.0], [0.0,0.0], [0.0,0.0], [0.0,0.0], [0.0,0.0], [0.0,0.0], [0.0,40.0], [0.0,40.0], [0.0,0.0], [0.0,0.0], [40.0,40.0], [-Infinity,Infinity], [0.0,0.0]]
ENTRY 2 ExpressionStatement_15 [[100.0,100.0], [10.0,10.0], [0.0,0.0], [0.0,0.0], [0.0,0.0], [0.0,0.0], [0.0,0.0], [0.0,0.0], [0.0,0.0], [0.0,0.0], [0.0,0.0], [40.0,40.0], [-Infinity,Infinity], [0.0,0.0]]
EXIT 2 ExpressionStatement_15 [[100.0,100.0], [10.0,10.0], [0.0,0.0], [0.0,0.0], [0.0,0.0], [0.0,0.0], [0.0,0.0], [0.0,0.0], [0.0,0.0], [0.0,0.0], [0.0,0.0], [40.0,40.0], [-Infinity,Infinity], [0.0,0.0]]
ENTRY 2 ExpressionStatement_16 [[100.0,100.0], [10.0,10.0], [0.0,0.0], [0.0,0.0], [0.0,0.0], [0.0,0.0], [0.0,0.0], [40.0,40.0], [40.0,40.0], [0.0,0.0], [0.0,0.0], [40.0,40.0], [0.0,0.0], [0.0,0.0]]
EXIT 2 ExpressionStatement_16 [[100.0,100.0], [10.0,10.0], [0.0,0.0], [0.0,0.0], [0.0,0.0], [0.0,0.0], [0.0,0.0], [40.0,40.0], [40.0,40.0], [0.0,0.0], [0.0,0.0], [40.0,40.0], [0.0,0.0], [0.0,0.0]]
ENTRY 2 FunctionDefinition_7 [[100.0,100.0], [10.0,10.0], [0.0,0.0], [0.0,0.0], [0.0,0.0], [0.0,0.0], [0.0,0.0], [0.0,40.0], [0.0,40.0], [0.0,0.0], [0.0,0.0], [0.0,0.0], [0.0,0.0], [0.0,0.0]]
EXIT 2 FunctionDefinition_7 [[100.0,100.0], [10.0,10.0], [0.0,0.0], [0.0,0.0], [0.0,0.0], [0.0,0.0], [0.0,0.0], [0.0,40.0], [0.0,40.0], [0.0,0.0], [0.0,0.0], [0.0,0.0], [0.0,0.0], [0.0,0.0]]
ENTRY 2 FunctionEntry_7 [[100.0,100.0], [10.0,10.0], [0.0,0.0], [0.0,0.0], [0.0,0.0], [0.0,0.0], [0.0,0.0], [0.0,40.0], [0.0,40.0], [0.0,0.0], [0.0,0.0], [0.0,0.0], [0.0,0.0], [0.0,0.0]]
EXIT 2 FunctionEntry_7 [[100.0,100.0], [10.0,10.0], [0.0,0.0], [0.0,0.0], [0.0,0.0], [0.0,0.0], [0.0,0.0], [0.0,40.0], [0.0,40.0], [0.0,0.0], [0.0,0.0], [0.0,0.0], [0.0,0.0], [0.0,0.0]]
ENTRY 2 ExpressionStatement_17 [[100.0,100.0], [10.0,10.0], [0.0,0.0], [0.0,0.0], [0.0,0.0], [0.0,0.0], [0.0,0.0], [0.0,40.0], [0.0,40.0], [0.0,0.0], [0.0,0.0], [0.0,0.0], [0.0,0.0], [0.0,0.0]]
EXIT 2 ExpressionStatement_17 [[100.0,100.0], [10.0,10.0], [0.0,0.0], [0.0,0.0], [0.0,0.0], [0.0,0.0], [0.0,0.0], [0.0,40.0], [0.0,40.0], [0.0,0.0], [0.0,0.0], [0.0,0.0], [0.0,0.0], [0.0,0.0]]
ENTRY 2 FunctionExit_7 [[100.0,100.0], [10.0,10.0], [0.0,0.0], [0.0,0.0], [0.0,0.0], [0.0,0.0], [0.0,0.0], [0.0,40.0], [0.0,40.0], [0.0,0.0], [0.0,0.0], [0.0,0.0], [0.0,0.0], [0.0,0.0]]
EXIT 2 FunctionExit_7 [[100.0,100.0], [10.0,10.0], [0.0,0.0], [0.0,0.0], [0.0,0.0], [0.0,0.0], [0.0,0.0], [0.0,40.0], [0.0,40.0], [0.0,0.0], [0.0,0.0], [0.0,0.0], [0.0,0.0], [0.0,0.0]]
ENTRY 2 FunctionDefinition_8 [[100.0,100.0], [10.0,10.0], [0.0,0.0], [0.0,0.0], [0.0,0.0], [0.0,0.0], [0.0,0.0], [0.0,40.0], [0.0,40.0], [0.0,0.0], [0.0,0.0], [0.0,0.0], [0.0,0.0], [0.0,0.0]]
EXIT 2 FunctionDefinition_8 [[100.0,100.0], [10.0,10.0], [0.0,0.0], [0.0,0.0], [0.0,0.0], [0.0,0.0], [0.0,0.0], [0.0,40.0], [0.0,40.0], [0.0,0.0], [0.0,0.0], [0.0,0.0], [0.0,0.0], [0.0,0.0]]
ENTRY 2 FunctionEntry_8 [[100.0,100.0], [10.0,10.0], [0.0,0.0], [0.0,0.0], [0.0,0.0], [0.0,0.0], [0.0,0.0], [0.0,40.0], [0.0,40.0], [0.0,0.0], [0.0,0.0], [0.0,0.0], [0.0,0.0], [0.0,0.0]]
EXIT 2 FunctionEntry_8 [[100.0,100.0], [10.0,10.0], [0.0,0.0], [0.0,0.0], [0.0,0.0], [0.0,0.0], [0.0,0.0], [0.0,40.0], [0.0,40.0], [0.0,0.0], [0.0,0.0], [0.0,0.0], [0.0,0.0], [0.0,0.0]]
ENTRY 2 VariableDeclarationStatement_2 [[100.0,100.0], [10.0,10.0], [0.0,0.0], [0.0,0.0], [0.0,0.0], [0.0,0.0], [0.0,0.0], [0.0,40.0], [0.0,40.0], [0.0,0.0], [0.0,0.0], [0.0,0.0], [0.0,0.0], [0.0,0.0]]
EXIT 2 VariableDeclarationStatement_2 [[100.0,100.0], [10.0,10.0], [0.0,0.0], [0.0,0.0], [0.0,0.0], [0.0,0.0], [0.0,0.0], [0.0,40.0], [0.0,40.0], [0.0,0.0], [0.0,0.0], [0.0,0.0], [0.0,0.0], [-Infinity,Infinity]]
ENTRY 2 IfStatement_2 [[-Infinity,Infinity], [10.0,10.0], [0.0,0.0], [0.0,0.0], [0.0,0.0], [0.0,0.0], [0.0,0.0], [0.0,40.0], [0.0,40.0], [0.0,0.0], [0.0,0.0], [0.0,0.0], [0.0,0.0], [-Infinity,Infinity]]
EXIT 2 IfStatement_2 [[1.0,-1.0], [1.0,-1.0], [1.0,-1.0], [1.0,-1.0], [1.0,-1.0], [1.0,-1.0], [1.0,-1.0], [1.0,-1.0], [1.0,-1.0], [1.0,-1.0], [1.0,-1.0], [1.0,-1.0], [1.0,-1.0], [1.0,-1.0]]
ENTRY 2 ExpressionStatement_18 [[-Infinity,Infinity], [10.0,10.0], [0.0,0.0], [0.0,0.0], [0.0,0.0], [0.0,0.0], [0.0,0.0], [0.0,40.0], [0.0,40.0], [0.0,0.0], [0.0,0.0], [0.0,0.0], [0.0,0.0], [-Infinity,Infinity]]
EXIT 2 ExpressionStatement_18 [[-Infinity,Infinity], [10.0,10.0], [0.0,0.0], [0.0,0.0], [0.0,0.0], [0.0,0.0], [0.0,0.0], [0.0,40.0], [0.0,40.0], [0.0,0.0], [0.0,0.0], [0.0,0.0], [0.0,0.0], [-Infinity,Infinity]]
ENTRY 2 IfConditionJoin_2 [[-Infinity,Infinity], [10.0,10.0], [0.0,0.0], [0.0,0.0], [0.0,0.0], [0.0,0.0], [0.0,0.0], [0.0,40.0], [0.0,40.0], [0.0,0.0], [0.0,0.0], [0.0,0.0], [0.0,0.0], [-Infinity,Infinity]]
EXIT 2 IfConditionJoin_2 [[-Infinity,Infinity], [10.0,10.0], [0.0,0.0], [0.0,0.0], [0.0,0.0], [0.0,0.0], [0.0,0.0], [0.0,40.0], [0.0,40.0], [0.0,0.0], [0.0,0.0], [0.0,0.0], [0.0,0.0], [-Infinity,Infinity]]
ENTRY 2 EmitStatement_3 [[-Infinity,Infinity], [10.0,10.0], [0.0,0.0], [0.0,0.0], [0.0,0.0], [0.0,0.0], [0.0,0.0], [0.0,40.0], [0.0,40.0], [0.0,0.0], [0.0,0.0], [0.0,0.0], [0.0,0.0], [-Infinity,Infinity]]
EXIT 2 EmitStatement_3 [[100.0,100.0], [10.0,10.0], [0.0,0.0], [0.0,0.0], [0.0,0.0], [0.0,0.0], [0.0,0.0], [40.0,40.0], [40.0,40.0], [0.0,0.0], [0.0,0.0], [0.0,0.0], [0.0,0.0], [-Infinity,Infinity]]
ENTRY 2 FunctionExit_8 [[100.0,100.0], [10.0,10.0], [0.0,0.0], [0.0,0.0], [0.0,0.0], [0.0,0.0], [0.0,0.0], [40.0,40.0], [40.0,40.0], [0.0,0.0], [0.0,0.0], [0.0,0.0], [0.0,0.0], [-Infinity,Infinity]]
EXIT 2 FunctionExit_8 [[100.0,100.0], [10.0,10.0], [0.0,0.0], [0.0,0.0], [0.0,0.0], [0.0,0.0], [0.0,0.0], [40.0,40.0], [40.0,40.0], [0.0,0.0], [0.0,0.0], [0.0,0.0], [0.0,0.0], [-Infinity,Infinity]]
ENTRY 2 FunctionDefinition_9 [[100.0,100.0], [10.0,10.0], [0.0,0.0], [0.0,0.0], [0.0,0.0], [0.0,0.0], [0.0,0.0], [40.0,40.0], [40.0,40.0], [0.0,0.0], [0.0,0.0], [0.0,0.0], [0.0,0.0], [0.0,0.0]]
EXIT 2 FunctionDefinition_9 [[100.0,100.0], [10.0,10.0], [0.0,0.0], [0.0,0.0], [0.0,0.0], [0.0,0.0], [0.0,0.0], [40.0,40.0], [40.0,40.0], [0.0,0.0], [0.0,0.0], [0.0,0.0], [0.0,0.0], [0.0,0.0]]
ENTRY 2 FunctionEntry_9 [[100.0,100.0], [10.0,10.0], [0.0,0.0], [0.0,0.0], [0.0,0.0], [0.0,0.0], [0.0,0.0], [40.0,40.0], [40.0,40.0], [0.0,0.0], [0.0,0.0], [0.0,0.0], [0.0,0.0], [0.0,0.0]]
EXIT 2 FunctionEntry_9 [[100.0,100.0], [10.0,10.0], [0.0,0.0], [0.0,0.0], [0.0,0.0], [0.0,0.0], [0.0,0.0], [40.0,40.0], [40.0,40.0], [0.0,0.0], [0.0,0.0], [0.0,0.0], [0.0,0.0], [0.0,0.0]]
ENTRY 2 ExpressionStatement_19 [[100.0,100.0], [10.0,10.0], [0.0,0.0], [0.0,0.0], [0.0,0.0], [0.0,0.0], [0.0,0.0], [40.0,40.0], [40.0,40.0], [0.0,0.0], [0.0,0.0], [0.0,0.0], [0.0,0.0], [0.0,0.0]]
EXIT 2 ExpressionStatement_19 [[100.0,100.0], [10.0,10.0], [0.0,0.0], [0.0,0.0], [0.0,0.0], [0.0,0.0], [0.0,0.0], [40.0,40.0], [40.0,40.0], [0.0,0.0], [0.0,0.0], [0.0,0.0], [0.0,0.0], [0.0,0.0]]
ENTRY 2 ExpressionStatement_20 [[100.0,100.0], [10.0,10.0], [0.0,0.0], [0.0,0.0], [0.0,0.0], [0.0,0.0], [0.0,0.0], [40.0,40.0], [40.0,40.0], [0.0,0.0], [0.0,0.0], [0.0,0.0], [0.0,0.0], [0.0,0.0]]
EXIT 2 ExpressionStatement_20 [[100.0,100.0], [10.0,10.0], [0.0,0.0], [0.0,0.0], [0.0,0.0], [0.0,0.0], [0.0,0.0], [40.0,40.0], [40.0,40.0], [0.0,0.0], [20.0,20.0], [0.0,0.0], [0.0,0.0], [0.0,0.0]]
ENTRY 2 EmitStatement_4 [[100.0,100.0], [10.0,10.0], [0.0,0.0], [0.0,0.0], [0.0,0.0], [0.0,0.0], [0.0,0.0], [40.0,40.0], [40.0,40.0], [0.0,0.0], [20.0,20.0], [0.0,0.0], [0.0,0.0], [0.0,0.0]]
EXIT 2 EmitStatement_4 [[100.0,100.0], [10.0,10.0], [0.0,0.0], [0.0,0.0], [0.0,0.0], [0.0,0.0], [0.0,0.0], [40.0,40.0], [40.0,40.0], [0.0,0.0], [0.0,0.0], [0.0,0.0], [0.0,0.0], [0.0,0.0]]
ENTRY 2 FunctionExit_9 [[100.0,100.0], [10.0,10.0], [0.0,0.0], [0.0,0.0], [0.0,0.0], [0.0,0.0], [0.0,0.0], [40.0,40.0], [40.0,40.0], [0.0,0.0], [0.0,0.0], [0.0,0.0], [0.0,0.0], [0.0,0.0]]
EXIT 2 FunctionExit_9 [[100.0,100.0], [10.0,10.0], [0.0,0.0], [0.0,0.0], [0.0,0.0], [0.0,0.0], [0.0,0.0], [40.0,40.0], [40.0,40.0], [0.0,0.0], [0.0,0.0], [0.0,0.0], [0.0,0.0], [0.0,0.0]]
ENTRY 2 FunctionDefinition_10 [[100.0,100.0], [10.0,10.0], [0.0,0.0], [0.0,0.0], [0.0,0.0], [0.0,0.0], [0.0,0.0], [40.0,40.0], [40.0,40.0], [0.0,0.0], [0.0,0.0], [0.0,0.0], [0.0,0.0], [0.0,0.0]]
EXIT 2 FunctionDefinition_10 [[100.0,100.0], [10.0,10.0], [0.0,0.0], [0.0,0.0], [0.0,0.0], [0.0,0.0], [0.0,0.0], [40.0,40.0], [40.0,40.0], [0.0,0.0], [0.0,0.0], [0.0,0.0], [0.0,0.0], [0.0,0.0]]
ENTRY 2 FunctionEntry_10 [[100.0,100.0], [10.0,10.0], [0.0,0.0], [0.0,0.0], [0.0,0.0], [0.0,0.0], [0.0,0.0], [40.0,40.0], [40.0,40.0], [0.0,0.0], [0.0,0.0], [0.0,0.0], [0.0,0.0], [0.0,0.0]]
EXIT 2 FunctionEntry_10 [[100.0,100.0], [10.0,10.0], [0.0,0.0], [0.0,0.0], [0.0,0.0], [0.0,0.0], [0.0,0.0], [40.0,40.0], [40.0,40.0], [0.0,0.0], [0.0,0.0], [0.0,0.0], [0.0,0.0], [0.0,0.0]]
ENTRY 2 ExpressionStatement_21 [[100.0,100.0], [10.0,10.0], [0.0,0.0], [0.0,0.0], [0.0,0.0], [0.0,0.0], [0.0,0.0], [40.0,40.0], [40.0,40.0], [0.0,0.0], [0.0,0.0], [0.0,0.0], [0.0,0.0], [0.0,0.0]]
EXIT 2 ExpressionStatement_21 [[100.0,100.0], [10.0,10.0], [0.0,0.0], [0.0,0.0], [0.0,0.0], [0.0,0.0], [0.0,0.0], [40.0,40.0], [40.0,40.0], [0.0,0.0], [0.0,0.0], [0.0,0.0], [0.0,0.0], [0.0,0.0]]
ENTRY 2 ExpressionStatement_22 [[100.0,100.0], [10.0,10.0], [0.0,0.0], [0.0,0.0], [0.0,0.0], [0.0,0.0], [0.0,0.0], [40.0,40.0], [40.0,40.0], [0.0,0.0], [0.0,0.0], [0.0,0.0], [0.0,0.0], [0.0,0.0]]
EXIT 2 ExpressionStatement_22 [[100.0,100.0], [10.0,10.0], [0.0,0.0], [0.0,0.0], [0.0,0.0], [0.0,0.0], [0.0,0.0], [40.0,40.0], [40.0,40.0], [0.0,0.0], [20.0,20.0], [0.0,0.0], [0.0,0.0], [0.0,0.0]]
ENTRY 2 EmitStatement_5 [[100.0,100.0], [10.0,10.0], [0.0,0.0], [0.0,0.0], [0.0,0.0], [0.0,0.0], [0.0,0.0], [40.0,40.0], [40.0,40.0], [0.0,0.0], [20.0,20.0], [0.0,0.0], [0.0,0.0], [0.0,0.0]]
EXIT 2 EmitStatement_5 [[100.0,100.0], [10.0,10.0], [0.0,0.0], [0.0,0.0], [0.0,0.0], [0.0,0.0], [0.0,0.0], [40.0,40.0], [40.0,40.0], [0.0,0.0], [0.0,0.0], [0.0,0.0], [0.0,0.0], [0.0,0.0]]
ENTRY 2 FunctionExit_10 [[100.0,100.0], [10.0,10.0], [0.0,0.0], [0.0,0.0], [0.0,0.0], [0.0,0.0], [0.0,0.0], [40.0,40.0], [40.0,40.0], [0.0,0.0], [0.0,0.0], [0.0,0.0], [0.0,0.0], [0.0,0.0]]
EXIT 2 FunctionExit_10 [[100.0,100.0], [10.0,10.0], [0.0,0.0], [0.0,0.0], [0.0,0.0], [0.0,0.0], [0.0,0.0], [40.0,40.0], [40.0,40.0], [0.0,0.0], [0.0,0.0], [0.0,0.0], [0.0,0.0], [0.0,0.0]]
ENTRY 2 FunctionDefinition_11 [[100.0,100.0], [10.0,10.0], [0.0,0.0], [0.0,0.0], [0.0,0.0], [0.0,0.0], [0.0,0.0], [40.0,40.0], [40.0,40.0], [0.0,0.0], [0.0,0.0], [0.0,0.0], [0.0,0.0], [0.0,0.0]]
EXIT 2 FunctionDefinition_11 [[100.0,100.0], [10.0,10.0], [0.0,0.0], [0.0,0.0], [0.0,0.0], [0.0,0.0], [0.0,0.0], [40.0,40.0], [40.0,40.0], [0.0,0.0], [0.0,0.0], [0.0,0.0], [0.0,0.0], [0.0,0.0]]
ENTRY 2 FunctionEntry_11 [[100.0,100.0], [10.0,10.0], [0.0,0.0], [0.0,0.0], [0.0,0.0], [0.0,0.0], [0.0,0.0], [40.0,40.0], [40.0,40.0], [0.0,0.0], [0.0,0.0], [0.0,0.0], [0.0,0.0], [0.0,0.0]]
EXIT 2 FunctionEntry_11 [[100.0,100.0], [10.0,10.0], [0.0,0.0], [0.0,0.0], [0.0,0.0], [0.0,0.0], [0.0,0.0], [40.0,40.0], [40.0,40.0], [0.0,0.0], [0.0,0.0], [0.0,0.0], [0.0,0.0], [0.0,0.0]]
ENTRY 2 Return_0 [[100.0,100.0], [10.0,10.0], [0.0,0.0], [0.0,0.0], [0.0,0.0], [0.0,0.0], [0.0,0.0], [40.0,40.0], [40.0,40.0], [0.0,0.0], [0.0,0.0], [0.0,0.0], [0.0,0.0], [0.0,0.0]]
EXIT 2 Return_0 [[100.0,100.0], [10.0,10.0], [0.0,0.0], [0.0,0.0], [0.0,0.0], [0.0,0.0], [0.0,0.0], [40.0,40.0], [40.0,40.0], [0.0,0.0], [0.0,0.0], [0.0,0.0], [0.0,0.0], [0.0,0.0]]
ENTRY 2 FunctionExit_11 [[100.0,100.0], [10.0,10.0], [0.0,0.0], [0.0,0.0], [0.0,0.0], [0.0,0.0], [0.0,0.0], [40.0,40.0], [40.0,40.0], [0.0,0.0], [0.0,0.0], [0.0,0.0], [0.0,0.0], [0.0,0.0]]
EXIT 2 FunctionExit_11 [[100.0,100.0], [10.0,10.0], [0.0,0.0], [0.0,0.0], [0.0,0.0], [0.0,0.0], [0.0,0.0], [40.0,40.0], [40.0,40.0], [0.0,0.0], [0.0,0.0], [0.0,0.0], [0.0,0.0], [0.0,0.0]]
ENTRY 2 FunctionDefinition_12 [[100.0,100.0], [10.0,10.0], [0.0,0.0], [0.0,0.0], [0.0,0.0], [0.0,0.0], [0.0,0.0], [40.0,40.0], [40.0,40.0], [0.0,0.0], [0.0,0.0], [0.0,0.0], [0.0,0.0], [0.0,0.0]]
EXIT 2 FunctionDefinition_12 [[100.0,100.0], [10.0,10.0], [0.0,0.0], [0.0,0.0], [0.0,0.0], [0.0,0.0], [0.0,0.0], [40.0,40.0], [40.0,40.0], [0.0,0.0], [0.0,0.0], [0.0,0.0], [0.0,0.0], [0.0,0.0]]
ENTRY 2 FunctionEntry_12 [[100.0,100.0], [10.0,10.0], [0.0,0.0], [0.0,0.0], [0.0,0.0], [0.0,0.0], [0.0,0.0], [40.0,40.0], [40.0,40.0], [0.0,0.0], [0.0,0.0], [0.0,0.0], [0.0,0.0], [0.0,0.0]]
EXIT 2 FunctionEntry_12 [[100.0,100.0], [10.0,10.0], [0.0,0.0], [0.0,0.0], [0.0,0.0], [0.0,0.0], [0.0,0.0], [40.0,40.0], [40.0,40.0], [0.0,0.0], [0.0,0.0], [0.0,0.0], [0.0,0.0], [0.0,0.0]]
ENTRY 2 Return_1 [[100.0,100.0], [10.0,10.0], [0.0,0.0], [0.0,0.0], [0.0,0.0], [0.0,0.0], [0.0,0.0], [40.0,40.0], [40.0,40.0], [0.0,0.0], [0.0,0.0], [0.0,0.0], [0.0,0.0], [0.0,0.0]]
EXIT 2 Return_1 [[100.0,100.0], [10.0,10.0], [0.0,0.0], [0.0,0.0], [0.0,0.0], [0.0,0.0], [0.0,0.0], [40.0,40.0], [40.0,40.0], [0.0,0.0], [0.0,0.0], [0.0,0.0], [0.0,0.0], [0.0,0.0]]
ENTRY 2 FunctionExit_12 [[100.0,100.0], [10.0,10.0], [0.0,0.0], [0.0,0.0], [0.0,0.0], [0.0,0.0], [0.0,0.0], [40.0,40.0], [40.0,40.0], [0.0,0.0], [0.0,0.0], [0.0,0.0], [0.0,0.0], [0.0,0.0]]
EXIT 2 FunctionExit_12 [[100.0,100.0], [10.0,10.0], [0.0,0.0], [0.0,0.0], [0.0,0.0], [0.0,0.0], [0.0,0.0], [40.0,40.0], [40.0,40.0], [0.0,0.0], [0.0,0.0], [0.0,0.0], [0.0,0.0], [0.0,0.0]]
ENTRY 2 FunctionDefinition_13 [[100.0,100.0], [10.0,10.0], [0.0,0.0], [0.0,0.0], [0.0,0.0], [0.0,0.0], [0.0,0.0], [40.0,40.0], [40.0,40.0], [0.0,0.0], [0.0,0.0], [0.0,0.0], [0.0,0.0], [0.0,0.0]]
EXIT 2 FunctionDefinition_13 [[100.0,100.0], [10.0,10.0], [0.0,0.0], [0.0,0.0], [0.0,0.0], [0.0,0.0], [0.0,0.0], [40.0,40.0], [40.0,40.0], [0.0,0.0], [0.0,0.0], [0.0,0.0], [0.0,0.0], [0.0,0.0]]
ENTRY 2 FunctionEntry_13 [[100.0,100.0], [10.0,10.0], [0.0,0.0], [0.0,0.0], [0.0,0.0], [0.0,0.0], [0.0,0.0], [40.0,40.0], [40.0,40.0], [0.0,0.0], [0.0,0.0], [0.0,0.0], [0.0,0.0], [0.0,0.0]]
EXIT 2 FunctionEntry_13 [[100.0,100.0], [10.0,10.0], [0.0,0.0], [0.0,0.0], [0.0,0.0], [0.0,0.0], [0.0,0.0], [40.0,40.0], [40.0,40.0], [0.0,0.0], [0.0,0.0], [0.0,0.0], [0.0,0.0], [0.0,0.0]]
ENTRY 2 Return_2 [[100.0,100.0], [10.0,10.0], [0.0,0.0], [0.0,0.0], [0.0,0.0], [0.0,0.0], [0.0,0.0], [40.0,40.0], [40.0,40.0], [0.0,0.0], [0.0,0.0], [0.0,0.0], [0.0,0.0], [0.0,0.0]]
EXIT 2 Return_2 [[100.0,100.0], [10.0,10.0], [0.0,0.0], [0.0,0.0], [0.0,0.0], [0.0,0.0], [0.0,0.0], [40.0,40.0], [40.0,40.0], [0.0,0.0], [0.0,0.0], [0.0,0.0], [0.0,0.0], [0.0,0.0]]
ENTRY 2 FunctionExit_13 [[100.0,100.0], [10.0,10.0], [0.0,0.0], [0.0,0.0], [0.0,0.0], [0.0,0.0], [0.0,0.0], [40.0,40.0], [40.0,40.0], [0.0,0.0], [0.0,0.0], [0.0,0.0], [0.0,0.0], [0.0,0.0]]
EXIT 2 FunctionExit_13 [[100.0,100.0], [10.0,10.0], [0.0,0.0], [0.0,0.0], [0.0,0.0], [0.0,0.0], [0.0,0.0], [40.0,40.0], [40.0,40.0], [0.0,0.0], [0.0,0.0], [0.0,0.0], [0.0,0.0], [0.0,0.0]]
ENTRY 2 FunctionDefinition_14 [[100.0,100.0], [10.0,10.0], [0.0,0.0], [0.0,0.0], [0.0,0.0], [0.0,0.0], [0.0,0.0], [40.0,40.0], [40.0,40.0], [0.0,0.0], [0.0,0.0], [0.0,0.0], [0.0,0.0], [0.0,0.0]]
EXIT 2 FunctionDefinition_14 [[100.0,100.0], [10.0,10.0], [0.0,0.0], [0.0,0.0], [0.0,0.0], [0.0,0.0], [0.0,0.0], [40.0,40.0], [40.0,40.0], [0.0,0.0], [0.0,0.0], [0.0,0.0], [0.0,0.0], [0.0,0.0]]
ENTRY 2 FunctionEntry_14 [[100.0,100.0], [10.0,10.0], [0.0,0.0], [0.0,0.0], [0.0,0.0], [0.0,0.0], [0.0,0.0], [40.0,40.0], [40.0,40.0], [0.0,0.0], [0.0,0.0], [0.0,0.0], [0.0,0.0], [0.0,0.0]]
EXIT 2 FunctionEntry_14 [[100.0,100.0], [10.0,10.0], [0.0,0.0], [0.0,0.0], [0.0,0.0], [0.0,0.0], [0.0,0.0], [40.0,40.0], [40.0,40.0], [0.0,0.0], [0.0,0.0], [0.0,0.0], [0.0,0.0], [0.0,0.0]]
ENTRY 2 IfStatement_3 [[100.0,100.0], [10.0,10.0], [0.0,0.0], [0.0,0.0], [0.0,0.0], [0.0,0.0], [0.0,0.0], [40.0,40.0], [40.0,40.0], [0.0,0.0], [0.0,0.0], [0.0,0.0], [0.0,0.0], [0.0,0.0]]
EXIT 2 IfStatement_3 [[1.0,-1.0], [1.0,-1.0], [1.0,-1.0], [1.0,-1.0], [1.0,-1.0], [1.0,-1.0], [1.0,-1.0], [1.0,-1.0], [1.0,-1.0], [1.0,-1.0], [1.0,-1.0], [1.0,-1.0], [1.0,-1.0], [1.0,-1.0]]
ENTRY 2 Return_3 [[100.0,100.0], [10.0,10.0], [0.0,0.0], [0.0,0.0], [0.0,0.0], [0.0,0.0], [0.0,0.0], [40.0,40.0], [40.0,40.0], [0.0,0.0], [0.0,0.0], [0.0,0.0], [0.0,0.0], [0.0,0.0]]
EXIT 2 Return_3 [[100.0,100.0], [10.0,10.0], [0.0,0.0], [0.0,0.0], [0.0,0.0], [0.0,0.0], [0.0,0.0], [40.0,40.0], [40.0,40.0], [0.0,0.0], [0.0,0.0], [0.0,0.0], [0.0,0.0], [0.0,0.0]]
ENTRY 2 IfConditionJoin_3 [[100.0,100.0], [10.0,10.0], [0.0,0.0], [0.0,0.0], [0.0,0.0], [0.0,0.0], [0.0,0.0], [40.0,40.0], [40.0,40.0], [0.0,0.0], [0.0,0.0], [0.0,0.0], [0.0,0.0], [0.0,0.0]]
EXIT 2 IfConditionJoin_3 [[100.0,100.0], [10.0,10.0], [0.0,0.0], [0.0,0.0], [0.0,0.0], [0.0,0.0], [0.0,0.0], [40.0,40.0], [40.0,40.0], [0.0,0.0], [0.0,0.0], [0.0,0.0], [0.0,0.0], [0.0,0.0]]
ENTRY 2 FunctionExit_14 [[100.0,100.0], [10.0,10.0], [0.0,0.0], [0.0,0.0], [0.0,0.0], [0.0,0.0], [0.0,0.0], [40.0,40.0], [40.0,40.0], [0.0,0.0], [0.0,0.0], [0.0,0.0], [0.0,0.0], [0.0,0.0]]
EXIT 2 FunctionExit_14 [[100.0,100.0], [10.0,10.0], [0.0,0.0], [0.0,0.0], [0.0,0.0], [0.0,0.0], [0.0,0.0], [40.0,40.0], [40.0,40.0], [0.0,0.0], [0.0,0.0], [0.0,0.0], [0.0,0.0], [0.0,0.0]]
ENTRY 2 Return_4 [[100.0,100.0], [10.0,10.0], [0.0,0.0], [0.0,0.0], [0.0,0.0], [0.0,0.0], [0.0,0.0], [40.0,40.0], [40.0,40.0], [0.0,0.0], [0.0,0.0], [0.0,0.0], [0.0,0.0], [0.0,0.0]]
EXIT 2 Return_4 [[100.0,100.0], [10.0,10.0], [0.0,0.0], [0.0,0.0], [0.0,0.0], [0.0,0.0], [0.0,0.0], [40.0,40.0], [40.0,40.0], [0.0,0.0], [0.0,0.0], [0.0,0.0], [0.0,0.0], [0.0,0.0]]
ENTRY 2 FunctionDefinition_15 [[100.0,100.0], [10.0,10.0], [0.0,0.0], [0.0,0.0], [0.0,0.0], [0.0,0.0], [0.0,0.0], [40.0,40.0], [40.0,40.0], [0.0,0.0], [0.0,0.0], [0.0,0.0], [0.0,0.0], [0.0,0.0]]
EXIT 2 FunctionDefinition_15 [[100.0,100.0], [10.0,10.0], [0.0,0.0], [0.0,0.0], [0.0,0.0], [0.0,0.0], [0.0,0.0], [40.0,40.0], [40.0,40.0], [0.0,0.0], [0.0,0.0], [0.0,0.0], [0.0,0.0], [0.0,0.0]]
ENTRY 2 FunctionEntry_15 [[100.0,100.0], [10.0,10.0], [0.0,0.0], [0.0,0.0], [0.0,0.0], [0.0,0.0], [0.0,0.0], [40.0,40.0], [40.0,40.0], [0.0,0.0], [0.0,0.0], [0.0,0.0], [0.0,0.0], [0.0,0.0]]
EXIT 2 FunctionEntry_15 [[100.0,100.0], [10.0,10.0], [0.0,0.0], [0.0,0.0], [0.0,0.0], [0.0,0.0], [0.0,0.0], [40.0,40.0], [40.0,40.0], [0.0,0.0], [0.0,0.0], [0.0,0.0], [0.0,0.0], [0.0,0.0]]
ENTRY 2 Return_5 [[100.0,100.0], [10.0,10.0], [0.0,0.0], [0.0,0.0], [0.0,0.0], [0.0,0.0], [0.0,0.0], [40.0,40.0], [40.0,40.0], [0.0,0.0], [0.0,0.0], [0.0,0.0], [0.0,0.0], [0.0,0.0]]
EXIT 2 Return_5 [[100.0,100.0], [10.0,10.0], [0.0,0.0], [0.0,0.0], [0.0,0.0], [0.0,0.0], [0.0,0.0], [40.0,40.0], [40.0,40.0], [0.0,0.0], [0.0,0.0], [0.0,0.0], [0.0,0.0], [0.0,0.0]]
ENTRY 2 FunctionExit_15 [[100.0,100.0], [10.0,10.0], [0.0,0.0], [0.0,0.0], [0.0,0.0], [0.0,0.0], [0.0,0.0], [40.0,40.0], [40.0,40.0], [0.0,0.0], [0.0,0.0], [0.0,0.0], [0.0,0.0], [0.0,0.0]]
EXIT 2 FunctionExit_15 [[100.0,100.0], [10.0,10.0], [0.0,0.0], [0.0,0.0], [0.0,0.0], [0.0,0.0], [0.0,0.0], [40.0,40.0], [40.0,40.0], [0.0,0.0], [0.0,0.0], [0.0,0.0], [0.0,0.0], [0.0,0.0]]
ENTRY 2 FunctionDefinition_16 [[100.0,100.0], [10.0,10.0], [0.0,0.0], [0.0,0.0], [0.0,0.0], [0.0,0.0], [0.0,0.0], [40.0,40.0], [40.0,40.0], [0.0,0.0], [0.0,0.0], [0.0,0.0], [0.0,0.0], [0.0,0.0]]
EXIT 2 FunctionDefinition_16 [[100.0,100.0], [10.0,10.0], [0.0,0.0], [0.0,0.0], [0.0,0.0], [0.0,0.0], [0.0,0.0], [40.0,40.0], [40.0,40.0], [0.0,0.0], [0.0,0.0], [0.0,0.0], [0.0,0.0], [0.0,0.0]]
ENTRY 2 FunctionEntry_16 [[100.0,100.0], [10.0,10.0], [0.0,0.0], [0.0,0.0], [0.0,0.0], [0.0,0.0], [0.0,0.0], [40.0,40.0], [40.0,40.0], [0.0,0.0], [0.0,0.0], [0.0,0.0], [0.0,0.0], [0.0,0.0]]
EXIT 2 FunctionEntry_16 [[100.0,100.0], [10.0,10.0], [0.0,0.0], [0.0,0.0], [0.0,0.0], [0.0,0.0], [0.0,0.0], [40.0,40.0], [40.0,40.0], [0.0,0.0], [0.0,0.0], [0.0,0.0], [0.0,0.0], [0.0,0.0]]
ENTRY 2 Return_6 [[100.0,100.0], [10.0,10.0], [0.0,0.0], [0.0,0.0], [0.0,0.0], [0.0,0.0], [0.0,0.0], [40.0,40.0], [40.0,40.0], [0.0,0.0], [0.0,0.0], [0.0,0.0], [0.0,0.0], [0.0,0.0]]
EXIT 2 Return_6 [[100.0,100.0], [10.0,10.0], [0.0,0.0], [0.0,0.0], [0.0,0.0], [0.0,0.0], [0.0,0.0], [40.0,40.0], [40.0,40.0], [0.0,0.0], [0.0,0.0], [0.0,0.0], [0.0,0.0], [0.0,0.0]]
ENTRY 2 FunctionExit_16 [[100.0,100.0], [10.0,10.0], [0.0,0.0], [0.0,0.0], [0.0,0.0], [0.0,0.0], [0.0,0.0], [40.0,40.0], [40.0,40.0], [0.0,0.0], [0.0,0.0], [0.0,0.0], [0.0,0.0], [0.0,0.0]]
EXIT 2 FunctionExit_16 [[100.0,100.0], [10.0,10.0], [0.0,0.0], [0.0,0.0], [0.0,0.0], [0.0,0.0], [0.0,0.0], [40.0,40.0], [40.0,40.0], [0.0,0.0], [0.0,0.0], [0.0,0.0], [0.0,0.0], [0.0,0.0]]
ENTRY 2 ContractDefinition_1 [[100.0,100.0], [10.0,10.0], [0.0,0.0], [0.0,0.0], [0.0,0.0], [0.0,0.0], [0.0,0.0], [40.0,40.0], [40.0,40.0], [0.0,0.0], [0.0,0.0], [0.0,0.0], [0.0,0.0], [0.0,0.0]]
EXIT 2 ContractDefinition_1 [[100.0,100.0], [10.0,10.0], [0.0,0.0], [0.0,0.0], [0.0,0.0], [0.0,0.0], [0.0,0.0], [40.0,40.0], [40.0,40.0], [0.0,0.0], [0.0,0.0], [0.0,0.0], [0.0,0.0], [0.0,0.0]]
ENTRY 2 VariableDeclaration_14 [[100.0,100.0], [10.0,10.0], [0.0,0.0], [0.0,0.0], [0.0,0.0], [0.0,0.0], [0.0,0.0], [40.0,40.0], [40.0,40.0], [0.0,0.0], [0.0,0.0], [0.0,0.0], [0.0,0.0], [0.0,0.0]]
EXIT 2 VariableDeclaration_14 [[100.0,100.0], [10.0,10.0], [0.0,0.0], [0.0,0.0], [0.0,0.0], [0.0,0.0], [0.0,0.0], [40.0,40.0], [40.0,40.0], [0.0,0.0], [0.0,0.0], [0.0,0.0], [0.0,0.0], [0.0,0.0]]
ENTRY 2 VariableDeclaration_15 [[100.0,100.0], [10.0,10.0], [0.0,0.0], [0.0,0.0], [0.0,0.0], [0.0,0.0], [0.0,0.0], [40.0,40.0], [40.0,40.0], [0.0,0.0], [0.0,0.0], [0.0,0.0], [0.0,0.0], [0.0,0.0]]
EXIT 2 VariableDeclaration_15 [[100.0,100.0], [10.0,10.0], [0.0,0.0], [0.0,0.0], [0.0,0.0], [0.0,0.0], [0.0,0.0], [40.0,40.0], [40.0,40.0], [0.0,0.0], [0.0,0.0], [0.0,0.0], [0.0,0.0], [0.0,0.0]]
ENTRY 2 FunctionDefinition_17 [[100.0,100.0], [10.0,10.0], [0.0,0.0], [0.0,0.0], [0.0,0.0], [0.0,0.0], [0.0,0.0], [40.0,40.0], [40.0,40.0], [0.0,0.0], [0.0,0.0], [0.0,0.0], [0.0,0.0], [0.0,0.0]]
EXIT 2 FunctionDefinition_17 [[100.0,100.0], [10.0,10.0], [0.0,0.0], [0.0,0.0], [0.0,0.0], [0.0,0.0], [0.0,0.0], [40.0,40.0], [40.0,40.0], [0.0,0.0], [0.0,0.0], [0.0,0.0], [0.0,0.0], [0.0,0.0]]
ENTRY 2 FunctionEntry_17 [[100.0,100.0], [10.0,10.0], [0.0,0.0], [0.0,0.0], [0.0,0.0], [0.0,0.0], [0.0,0.0], [40.0,40.0], [40.0,40.0], [0.0,0.0], [0.0,0.0], [0.0,0.0], [0.0,0.0], [0.0,0.0]]
EXIT 2 FunctionEntry_17 [[100.0,100.0], [10.0,10.0], [0.0,0.0], [0.0,0.0], [0.0,0.0], [0.0,0.0], [0.0,0.0], [40.0,40.0], [40.0,40.0], [0.0,0.0], [0.0,0.0], [0.0,0.0], [0.0,0.0], [0.0,0.0]]
ENTRY 3 SourceEntry_0 [[0.0,0.0], [0.0,0.0], [0.0,0.0], [0.0,0.0], [0.0,0.0], [0.0,0.0], [0.0,0.0], [0.0,0.0], [0.0,0.0], [0.0,0.0], [0.0,0.0], [0.0,0.0], [0.0,0.0], [0.0,0.0]]
EXIT 3 SourceEntry_0 [[100.0,100.0], [10.0,10.0], [0.0,0.0], [0.0,0.0], [0.0,0.0], [0.0,0.0], [0.0,0.0], [40.0,40.0], [40.0,40.0], [0.0,0.0], [0.0,0.0], [0.0,0.0], [0.0,0.0], [0.0,0.0]]
ENTRY 3 SourceUnit_0 [[100.0,100.0], [10.0,10.0], [0.0,0.0], [0.0,0.0], [0.0,0.0], [0.0,0.0], [0.0,0.0], [40.0,40.0], [40.0,40.0], [0.0,0.0], [0.0,0.0], [0.0,0.0], [0.0,0.0], [0.0,0.0]]
EXIT 3 SourceUnit_0 [[100.0,100.0], [10.0,10.0], [0.0,0.0], [0.0,0.0], [0.0,0.0], [0.0,0.0], [0.0,0.0], [40.0,40.0], [40.0,40.0], [0.0,0.0], [0.0,0.0], [0.0,0.0], [0.0,0.0], [0.0,0.0]]
ENTRY 3 PragmaDirective_0 [[100.0,100.0], [10.0,10.0], [0.0,0.0], [0.0,0.0], [0.0,0.0], [0.0,0.0], [0.0,0.0], [40.0,40.0], [40.0,40.0], [0.0,0.0], [0.0,0.0], [0.0,0.0], [0.0,0.0], [0.0,0.0]]
EXIT 3 PragmaDirective_0 [[100.0,100.0], [10.0,10.0], [0.0,0.0], [0.0,0.0], [0.0,0.0], [0.0,0.0], [0.0,0.0], [40.0,40.0], [40.0,40.0], [0.0,0.0], [0.0,0.0], [0.0,0.0], [0.0,0.0], [0.0,0.0]]
ENTRY 3 SourceExit_0 [[100.0,100.0], [10.0,10.0], [0.0,2.0], [0.0,10.0], [0.0,0.0], [0.0,0.0], [-Infinity,Infinity], [0.0,40.0], [0.0,40.0], [-Infinity,Infinity], [0.0,0.0], [0.0,40.0], [-Infinity,Infinity], [-Infinity,Infinity]]
EXIT 3 SourceExit_0 [[100.0,100.0], [10.0,10.0], [0.0,0.0], [0.0,0.0], [0.0,0.0], [0.0,0.0], [0.0,0.0], [40.0,40.0], [40.0,40.0], [0.0,0.0], [0.0,0.0], [0.0,40.0], [-Infinity,Infinity], [-Infinity,Infinity]]
ENTRY 3 ContractDefinition_0 [[100.0,100.0], [10.0,10.0], [0.0,0.0], [0.0,0.0], [0.0,0.0], [0.0,0.0], [0.0,0.0], [40.0,40.0], [40.0,40.0], [0.0,0.0], [0.0,0.0], [0.0,0.0], [0.0,0.0], [0.0,0.0]]
EXIT 3 ContractDefinition_0 [[100.0,100.0], [10.0,10.0], [0.0,0.0], [0.0,0.0], [0.0,0.0], [0.0,0.0], [0.0,0.0], [40.0,40.0], [40.0,40.0], [0.0,0.0], [0.0,0.0], [0.0,0.0], [0.0,0.0], [0.0,0.0]]
ENTRY 3 VariableDeclaration_0 [[100.0,100.0], [10.0,10.0], [0.0,0.0], [0.0,0.0], [0.0,0.0], [0.0,0.0], [0.0,0.0], [40.0,40.0], [40.0,40.0], [0.0,0.0], [0.0,0.0], [0.0,0.0], [0.0,0.0], [0.0,0.0]]
EXIT 3 VariableDeclaration_0 [[100.0,100.0], [10.0,10.0], [0.0,0.0], [0.0,0.0], [0.0,0.0], [0.0,0.0], [0.0,0.0], [40.0,40.0], [40.0,40.0], [0.0,0.0], [0.0,0.0], [0.0,0.0], [0.0,0.0], [0.0,0.0]]
ENTRY 3 VariableDeclaration_1 [[100.0,100.0], [10.0,10.0], [0.0,0.0], [0.0,0.0], [0.0,0.0], [0.0,0.0], [0.0,0.0], [40.0,40.0], [40.0,40.0], [0.0,0.0], [0.0,0.0], [0.0,0.0], [0.0,0.0], [0.0,0.0]]
EXIT 3 VariableDeclaration_1 [[100.0,100.0], [10.0,10.0], [0.0,0.0], [0.0,0.0], [0.0,0.0], [0.0,0.0], [0.0,0.0], [40.0,40.0], [40.0,40.0], [0.0,0.0], [0.0,0.0], [0.0,0.0], [0.0,0.0], [0.0,0.0]]
ENTRY 3 ModifierDefinition_0 [[100.0,100.0], [10.0,10.0], [0.0,0.0], [0.0,0.0], [0.0,0.0], [0.0,0.0], [0.0,0.0], [40.0,40.0], [40.0,40.0], [0.0,0.0], [0.0,0.0], [0.0,0.0], [0.0,0.0], [0.0,0.0]]
EXIT 3 ModifierDefinition_0 [[100.0,100.0], [10.0,10.0], [0.0,0.0], [0.0,0.0], [0.0,0.0], [0.0,0.0], [0.0,0.0], [40.0,40.0], [40.0,40.0], [0.0,0.0], [0.0,0.0], [0.0,0.0], [0.0,0.0], [0.0,0.0]]
ENTRY 3 ModifierDefinition_1 [[100.0,100.0], [10.0,10.0], [0.0,0.0], [0.0,0.0], [0.0,0.0], [0.0,0.0], [0.0,0.0], [40.0,40.0], [40.0,40.0], [0.0,0.0], [0.0,0.0], [0.0,0.0], [0.0,0.0], [0.0,0.0]]
EXIT 3 ModifierDefinition_1 [[100.0,100.0], [10.0,10.0], [0.0,0.0], [0.0,0.0], [0.0,0.0], [0.0,0.0], [0.0,0.0], [40.0,40.0], [40.0,40.0], [0.0,0.0], [0.0,0.0], [0.0,0.0], [0.0,0.0], [0.0,0.0]]
ENTRY 3 ModifierDefinition_2 [[100.0,100.0], [10.0,10.0], [0.0,0.0], [0.0,0.0], [0.0,0.0], [0.0,0.0], [0.0,0.0], [40.0,40.0], [40.0,40.0], [0.0,0.0], [0.0,0.0], [0.0,0.0], [0.0,0.0], [0.0,0.0]]
EXIT 3 ModifierDefinition_2 [[100.0,100.0], [10.0,10.0], [0.0,0.0], [0.0,0.0], [0.0,0.0], [0.0,0.0], [0.0,0.0], [40.0,40.0], [40.0,40.0], [0.0,0.0], [0.0,0.0], [0.0,0.0], [0.0,0.0], [0.0,0.0]]
ENTRY 3 ModifierDefinition_3 [[100.0,100.0], [10.0,10.0], [0.0,0.0], [0.0,0.0], [0.0,0.0], [0.0,0.0], [0.0,0.0], [40.0,40.0], [40.0,40.0], [0.0,0.0], [0.0,0.0], [0.0,0.0], [0.0,0.0], [0.0,0.0]]
EXIT 3 ModifierDefinition_3 [[100.0,100.0], [10.0,10.0], [0.0,0.0], [0.0,0.0], [0.0,0.0], [0.0,0.0], [0.0,0.0], [40.0,40.0], [40.0,40.0], [0.0,0.0], [0.0,0.0], [0.0,0.0], [0.0,0.0], [0.0,0.0]]
ENTRY 3 EventDefinition_0 [[100.0,100.0], [10.0,10.0], [0.0,0.0], [0.0,0.0], [0.0,0.0], [0.0,0.0], [0.0,0.0], [40.0,40.0], [40.0,40.0], [0.0,0.0], [0.0,0.0], [0.0,0.0], [0.0,0.0], [0.0,0.0]]
EXIT 3 EventDefinition_0 [[100.0,100.0], [10.0,10.0], [0.0,0.0], [0.0,0.0], [0.0,0.0], [0.0,0.0], [0.0,0.0], [40.0,40.0], [40.0,40.0], [0.0,0.0], [0.0,0.0], [0.0,0.0], [0.0,0.0], [0.0,0.0]]
ENTRY 3 EventDefinition_1 [[100.0,100.0], [10.0,10.0], [0.0,0.0], [0.0,0.0], [0.0,0.0], [0.0,0.0], [0.0,0.0], [40.0,40.0], [40.0,40.0], [0.0,0.0], [0.0,0.0], [0.0,0.0], [0.0,0.0], [0.0,0.0]]
EXIT 3 EventDefinition_1 [[100.0,100.0], [10.0,10.0], [0.0,0.0], [0.0,0.0], [0.0,0.0], [0.0,0.0], [0.0,0.0], [40.0,40.0], [40.0,40.0], [0.0,0.0], [0.0,0.0], [0.0,0.0], [0.0,0.0], [0.0,0.0]]
ENTRY 3 EventDefinition_2 [[100.0,100.0], [10.0,10.0], [0.0,0.0], [0.0,0.0], [0.0,0.0], [0.0,0.0], [0.0,0.0], [40.0,40.0], [40.0,40.0], [0.0,0.0], [0.0,0.0], [0.0,0.0], [0.0,0.0], [0.0,0.0]]
EXIT 3 EventDefinition_2 [[100.0,100.0], [10.0,10.0], [0.0,0.0], [0.0,0.0], [0.0,0.0], [0.0,0.0], [0.0,0.0], [40.0,40.0], [40.0,40.0], [0.0,0.0], [0.0,0.0], [0.0,0.0], [0.0,0.0], [0.0,0.0]]
ENTRY 3 EventDefinition_3 [[100.0,100.0], [10.0,10.0], [0.0,0.0], [0.0,0.0], [0.0,0.0], [0.0,0.0], [0.0,0.0], [40.0,40.0], [40.0,40.0], [0.0,0.0], [0.0,0.0], [0.0,0.0], [0.0,0.0], [0.0,0.0]]
EXIT 3 EventDefinition_3 [[100.0,100.0], [10.0,10.0], [0.0,0.0], [0.0,0.0], [0.0,0.0], [0.0,0.0], [0.0,0.0], [40.0,40.0], [40.0,40.0], [0.0,0.0], [0.0,0.0], [0.0,0.0], [0.0,0.0], [0.0,0.0]]
ENTRY 3 EventDefinition_4 [[100.0,100.0], [10.0,10.0], [0.0,0.0], [0.0,0.0], [0.0,0.0], [0.0,0.0], [0.0,0.0], [40.0,40.0], [40.0,40.0], [0.0,0.0], [0.0,0.0], [0.0,0.0], [0.0,0.0], [0.0,0.0]]
EXIT 3 EventDefinition_4 [[100.0,100.0], [10.0,10.0], [0.0,0.0], [0.0,0.0], [0.0,0.0], [0.0,0.0], [0.0,0.0], [40.0,40.0], [40.0,40.0], [0.0,0.0], [0.0,0.0], [0.0,0.0], [0.0,0.0], [0.0,0.0]]
ENTRY 3 EventDefinition_5 [[100.0,100.0], [10.0,10.0], [0.0,0.0], [0.0,0.0], [0.0,0.0], [0.0,0.0], [0.0,0.0], [40.0,40.0], [40.0,40.0], [0.0,0.0], [0.0,0.0], [0.0,0.0], [0.0,0.0], [0.0,0.0]]
EXIT 3 EventDefinition_5 [[100.0,100.0], [10.0,10.0], [0.0,0.0], [0.0,0.0], [0.0,0.0], [0.0,0.0], [0.0,0.0], [40.0,40.0], [40.0,40.0], [0.0,0.0], [0.0,0.0], [0.0,0.0], [0.0,0.0], [0.0,0.0]]
ENTRY 3 VariableDeclaration_2 [[100.0,100.0], [10.0,10.0], [0.0,0.0], [0.0,0.0], [0.0,0.0], [0.0,0.0], [0.0,0.0], [40.0,40.0], [40.0,40.0], [0.0,0.0], [0.0,0.0], [0.0,0.0], [0.0,0.0], [0.0,0.0]]
EXIT 3 VariableDeclaration_2 [[100.0,100.0], [10.0,10.0], [0.0,0.0], [0.0,0.0], [0.0,0.0], [0.0,0.0], [0.0,0.0], [40.0,40.0], [40.0,40.0], [0.0,0.0], [0.0,0.0], [0.0,0.0], [0.0,0.0], [0.0,0.0]]
ENTRY 3 VariableDeclaration_3 [[100.0,100.0], [10.0,10.0], [0.0,0.0], [0.0,0.0], [0.0,0.0], [0.0,0.0], [0.0,0.0], [40.0,40.0], [40.0,40.0], [0.0,0.0], [0.0,0.0], [0.0,0.0], [0.0,0.0], [0.0,0.0]]
EXIT 3 VariableDeclaration_3 [[100.0,100.0], [10.0,10.0], [0.0,0.0], [0.0,0.0], [0.0,0.0], [0.0,0.0], [0.0,0.0], [40.0,40.0], [40.0,40.0], [0.0,0.0], [0.0,0.0], [0.0,0.0], [0.0,0.0], [0.0,0.0]]
ENTRY 3 VariableDeclaration_4 [[100.0,100.0], [10.0,10.0], [0.0,0.0], [0.0,0.0], [0.0,0.0], [0.0,0.0], [0.0,0.0], [40.0,40.0], [40.0,40.0], [0.0,0.0], [0.0,0.0], [0.0,0.0], [0.0,0.0], [0.0,0.0]]
EXIT 3 VariableDeclaration_4 [[100.0,100.0], [10.0,10.0], [0.0,0.0], [0.0,0.0], [0.0,0.0], [0.0,0.0], [0.0,0.0], [40.0,40.0], [40.0,40.0], [0.0,0.0], [0.0,0.0], [0.0,0.0], [0.0,0.0], [0.0,0.0]]
ENTRY 3 VariableDeclaration_5 [[100.0,100.0], [10.0,10.0], [0.0,0.0], [0.0,0.0], [0.0,0.0], [0.0,0.0], [0.0,0.0], [40.0,40.0], [40.0,40.0], [0.0,0.0], [0.0,0.0], [0.0,0.0], [0.0,0.0], [0.0,0.0]]
EXIT 3 VariableDeclaration_5 [[100.0,100.0], [10.0,10.0], [0.0,0.0], [0.0,0.0], [0.0,0.0], [0.0,0.0], [0.0,0.0], [40.0,40.0], [40.0,40.0], [0.0,0.0], [0.0,0.0], [0.0,0.0], [0.0,0.0], [0.0,0.0]]
ENTRY 3 VariableDeclaration_6 [[100.0,100.0], [10.0,10.0], [0.0,0.0], [0.0,0.0], [0.0,0.0], [0.0,0.0], [0.0,0.0], [40.0,40.0], [40.0,40.0], [0.0,0.0], [0.0,0.0], [0.0,0.0], [0.0,0.0], [0.0,0.0]]
EXIT 3 VariableDeclaration_6 [[100.0,100.0], [10.0,10.0], [0.0,0.0], [0.0,0.0], [0.0,0.0], [0.0,0.0], [0.0,0.0], [40.0,40.0], [40.0,40.0], [0.0,0.0], [0.0,0.0], [0.0,0.0], [0.0,0.0], [0.0,0.0]]
ENTRY 3 VariableDeclaration_7 [[100.0,100.0], [10.0,10.0], [0.0,0.0], [0.0,0.0], [0.0,0.0], [0.0,0.0], [0.0,0.0], [40.0,40.0], [40.0,40.0], [0.0,0.0], [0.0,0.0], [0.0,0.0], [0.0,0.0], [0.0,0.0]]
EXIT 3 VariableDeclaration_7 [[100.0,100.0], [10.0,10.0], [0.0,0.0], [0.0,0.0], [0.0,0.0], [0.0,0.0], [0.0,0.0], [40.0,40.0], [40.0,40.0], [0.0,0.0], [0.0,0.0], [0.0,0.0], [0.0,0.0], [0.0,0.0]]
ENTRY 3 VariableDeclaration_8 [[100.0,100.0], [10.0,10.0], [0.0,0.0], [0.0,0.0], [0.0,0.0], [0.0,0.0], [0.0,0.0], [40.0,40.0], [40.0,40.0], [0.0,0.0], [0.0,0.0], [0.0,0.0], [0.0,0.0], [0.0,0.0]]
EXIT 3 VariableDeclaration_8 [[100.0,100.0], [10.0,10.0], [0.0,0.0], [0.0,0.0], [0.0,0.0], [0.0,0.0], [0.0,0.0], [40.0,40.0], [40.0,40.0], [0.0,0.0], [0.0,0.0], [0.0,0.0], [0.0,0.0], [0.0,0.0]]
ENTRY 3 VariableDeclaration_9 [[100.0,100.0], [10.0,10.0], [0.0,0.0], [0.0,0.0], [0.0,0.0], [0.0,0.0], [0.0,0.0], [40.0,40.0], [40.0,40.0], [0.0,0.0], [0.0,0.0], [0.0,0.0], [0.0,0.0], [0.0,0.0]]
EXIT 3 VariableDeclaration_9 [[100.0,100.0], [10.0,10.0], [0.0,0.0], [0.0,0.0], [0.0,0.0], [0.0,0.0], [0.0,0.0], [40.0,40.0], [40.0,40.0], [0.0,0.0], [0.0,0.0], [0.0,0.0], [0.0,0.0], [0.0,0.0]]
ENTRY 3 VariableDeclaration_10 [[100.0,100.0], [10.0,10.0], [0.0,0.0], [0.0,0.0], [0.0,0.0], [0.0,0.0], [0.0,0.0], [40.0,40.0], [40.0,40.0], [0.0,0.0], [0.0,0.0], [0.0,0.0], [0.0,0.0], [0.0,0.0]]
EXIT 3 VariableDeclaration_10 [[100.0,100.0], [10.0,10.0], [0.0,0.0], [0.0,0.0], [0.0,0.0], [0.0,0.0], [0.0,0.0], [40.0,40.0], [40.0,40.0], [0.0,0.0], [0.0,0.0], [0.0,0.0], [0.0,0.0], [0.0,0.0]]
ENTRY 3 FunctionDefinition_0 [[100.0,100.0], [10.0,10.0], [0.0,0.0], [0.0,0.0], [0.0,0.0], [0.0,0.0], [0.0,0.0], [40.0,40.0], [40.0,40.0], [0.0,0.0], [0.0,0.0], [0.0,0.0], [0.0,0.0], [0.0,0.0]]
EXIT 3 FunctionDefinition_0 [[100.0,100.0], [10.0,10.0], [0.0,0.0], [0.0,0.0], [0.0,0.0], [0.0,0.0], [0.0,0.0], [40.0,40.0], [40.0,40.0], [0.0,0.0], [0.0,0.0], [0.0,0.0], [0.0,0.0], [0.0,0.0]]
ENTRY 3 FunctionEntry_0 [[100.0,100.0], [10.0,10.0], [0.0,0.0], [0.0,0.0], [0.0,0.0], [0.0,0.0], [0.0,0.0], [40.0,40.0], [40.0,40.0], [0.0,0.0], [0.0,0.0], [0.0,0.0], [0.0,0.0], [0.0,0.0]]
EXIT 3 FunctionEntry_0 [[100.0,100.0], [10.0,10.0], [0.0,0.0], [0.0,0.0], [0.0,0.0], [0.0,0.0], [0.0,0.0], [40.0,40.0], [40.0,40.0], [0.0,0.0], [0.0,0.0], [0.0,0.0], [0.0,0.0], [0.0,0.0]]
ENTRY 3 ExpressionStatement_0 [[100.0,100.0], [10.0,10.0], [0.0,0.0], [0.0,0.0], [0.0,0.0], [0.0,0.0], [0.0,0.0], [40.0,40.0], [40.0,40.0], [0.0,0.0], [0.0,0.0], [0.0,0.0], [0.0,0.0], [0.0,0.0]]
EXIT 3 ExpressionStatement_0 [[100.0,100.0], [10.0,10.0], [0.0,0.0], [0.0,0.0], [0.0,0.0], [0.0,0.0], [0.0,0.0], [40.0,40.0], [40.0,40.0], [-Infinity,Infinity], [0.0,0.0], [0.0,0.0], [0.0,0.0], [0.0,0.0]]
ENTRY 3 ExpressionStatement_1 [[100.0,100.0], [10.0,10.0], [0.0,0.0], [0.0,0.0], [0.0,0.0], [0.0,0.0], [0.0,0.0], [40.0,40.0], [40.0,40.0], [-Infinity,Infinity], [0.0,0.0], [0.0,0.0], [0.0,0.0], [0.0,0.0]]
EXIT 3 ExpressionStatement_1 [[100.0,100.0], [10.0,10.0], [0.0,0.0], [0.0,0.0], [0.0,0.0], [0.0,0.0], [-Infinity,Infinity], [40.0,40.0], [40.0,40.0], [-Infinity,Infinity], [0.0,0.0], [0.0,0.0], [0.0,0.0], [0.0,0.0]]
ENTRY 3 ExpressionStatement_2 [[100.0,100.0], [10.0,10.0], [0.0,0.0], [0.0,0.0], [0.0,0.0], [0.0,0.0], [-Infinity,Infinity], [40.0,40.0], [40.0,40.0], [-Infinity,Infinity], [0.0,0.0], [0.0,0.0], [0.0,0.0], [0.0,0.0]]
EXIT 3 ExpressionStatement_2 [[100.0,100.0], [10.0,10.0], [2.0,2.0], [0.0,0.0], [0.0,0.0], [0.0,0.0], [-Infinity,Infinity], [40.0,40.0], [40.0,40.0], [-Infinity,Infinity], [0.0,0.0], [0.0,0.0], [0.0,0.0], [0.0,0.0]]
ENTRY 3 ExpressionStatement_3 [[100.0,100.0], [10.0,10.0], [2.0,2.0], [0.0,0.0], [0.0,0.0], [0.0,0.0], [-Infinity,Infinity], [40.0,40.0], [40.0,40.0], [-Infinity,Infinity], [0.0,0.0], [0.0,0.0], [0.0,0.0], [0.0,0.0]]
EXIT 3 ExpressionStatement_3 [[100.0,100.0], [10.0,10.0], [2.0,2.0], [0.0,0.0], [0.0,0.0], [0.0,0.0], [-Infinity,Infinity], [40.0,40.0], [40.0,40.0], [-Infinity,Infinity], [0.0,0.0], [0.0,0.0], [0.0,0.0], [0.0,0.0]]
ENTRY 3 ExpressionStatement_4 [[100.0,100.0], [10.0,10.0], [2.0,2.0], [0.0,0.0], [0.0,0.0], [0.0,0.0], [-Infinity,Infinity], [40.0,40.0], [40.0,40.0], [-Infinity,Infinity], [0.0,0.0], [0.0,0.0], [0.0,0.0], [0.0,0.0]]
EXIT 3 ExpressionStatement_4 [[100.0,100.0], [10.0,10.0], [2.0,2.0], [10.0,10.0], [0.0,0.0], [0.0,0.0], [-Infinity,Infinity], [40.0,40.0], [40.0,40.0], [-Infinity,Infinity], [0.0,0.0], [0.0,0.0], [0.0,0.0], [0.0,0.0]]
ENTRY 3 FunctionExit_0 [[100.0,100.0], [10.0,10.0], [2.0,2.0], [10.0,10.0], [0.0,0.0], [0.0,0.0], [-Infinity,Infinity], [40.0,40.0], [40.0,40.0], [-Infinity,Infinity], [0.0,0.0], [0.0,0.0], [0.0,0.0], [0.0,0.0]]
EXIT 3 FunctionExit_0 [[100.0,100.0], [10.0,10.0], [2.0,2.0], [10.0,10.0], [0.0,0.0], [0.0,0.0], [-Infinity,Infinity], [40.0,40.0], [40.0,40.0], [-Infinity,Infinity], [0.0,0.0], [0.0,0.0], [0.0,0.0], [0.0,0.0]]
ENTRY 3 FunctionDefinition_1 [[100.0,100.0], [10.0,10.0], [2.0,2.0], [10.0,10.0], [0.0,0.0], [0.0,0.0], [-Infinity,Infinity], [40.0,40.0], [40.0,40.0], [-Infinity,Infinity], [0.0,0.0], [0.0,0.0], [0.0,0.0], [0.0,0.0]]
EXIT 3 FunctionDefinition_1 [[100.0,100.0], [10.0,10.0], [2.0,2.0], [10.0,10.0], [0.0,0.0], [0.0,0.0], [-Infinity,Infinity], [40.0,40.0], [40.0,40.0], [-Infinity,Infinity], [0.0,0.0], [0.0,0.0], [0.0,0.0], [0.0,0.0]]
ENTRY 3 FunctionEntry_1 [[100.0,100.0], [10.0,10.0], [2.0,2.0], [10.0,10.0], [0.0,0.0], [0.0,0.0], [-Infinity,Infinity], [40.0,40.0], [40.0,40.0], [-Infinity,Infinity], [0.0,0.0], [0.0,0.0], [0.0,0.0], [0.0,0.0]]
EXIT 3 FunctionEntry_1 [[100.0,100.0], [10.0,10.0], [2.0,2.0], [10.0,10.0], [0.0,0.0], [0.0,0.0], [-Infinity,Infinity], [40.0,40.0], [40.0,40.0], [-Infinity,Infinity], [0.0,0.0], [0.0,0.0], [0.0,0.0], [0.0,0.0]]
ENTRY 3 ExpressionStatement_5 [[100.0,100.0], [10.0,10.0], [2.0,2.0], [10.0,10.0], [0.0,0.0], [0.0,0.0], [-Infinity,Infinity], [40.0,40.0], [40.0,40.0], [-Infinity,Infinity], [0.0,0.0], [0.0,0.0], [0.0,0.0], [0.0,0.0]]
EXIT 3 ExpressionStatement_5 [[100.0,100.0], [10.0,10.0], [2.0,2.0], [10.0,10.0], [0.0,0.0], [0.0,0.0], [-Infinity,Infinity], [40.0,40.0], [40.0,40.0], [-Infinity,Infinity], [0.0,0.0], [0.0,0.0], [0.0,0.0], [0.0,0.0]]
ENTRY 3 FunctionExit_1 [[100.0,100.0], [10.0,10.0], [2.0,2.0], [10.0,10.0], [0.0,0.0], [0.0,0.0], [-Infinity,Infinity], [40.0,40.0], [40.0,40.0], [-Infinity,Infinity], [0.0,0.0], [0.0,0.0], [0.0,0.0], [0.0,0.0]]
EXIT 3 FunctionExit_1 [[100.0,100.0], [10.0,10.0], [2.0,2.0], [10.0,10.0], [0.0,0.0], [0.0,0.0], [-Infinity,Infinity], [40.0,40.0], [40.0,40.0], [-Infinity,Infinity], [0.0,0.0], [0.0,0.0], [0.0,0.0], [0.0,0.0]]
ENTRY 3 FunctionDefinition_2 [[100.0,100.0], [10.0,10.0], [2.0,2.0], [10.0,10.0], [0.0,0.0], [0.0,0.0], [-Infinity,Infinity], [40.0,40.0], [40.0,40.0], [-Infinity,Infinity], [0.0,0.0], [0.0,0.0], [0.0,0.0], [0.0,0.0]]
EXIT 3 FunctionDefinition_2 [[100.0,100.0], [10.0,10.0], [2.0,2.0], [10.0,10.0], [0.0,0.0], [0.0,0.0], [-Infinity,Infinity], [40.0,40.0], [40.0,40.0], [-Infinity,Infinity], [0.0,0.0], [0.0,0.0], [0.0,0.0], [0.0,0.0]]
ENTRY 3 FunctionEntry_2 [[100.0,100.0], [10.0,10.0], [2.0,2.0], [10.0,10.0], [0.0,0.0], [0.0,0.0], [-Infinity,Infinity], [40.0,40.0], [40.0,40.0], [-Infinity,Infinity], [0.0,0.0], [0.0,0.0], [0.0,0.0], [0.0,0.0]]
EXIT 3 FunctionEntry_2 [[100.0,100.0], [10.0,10.0], [2.0,2.0], [10.0,10.0], [0.0,0.0], [0.0,0.0], [-Infinity,Infinity], [40.0,40.0], [40.0,40.0], [-Infinity,Infinity], [0.0,0.0], [0.0,0.0], [0.0,0.0], [0.0,0.0]]
ENTRY 3 ExpressionStatement_6 [[100.0,100.0], [10.0,10.0], [2.0,2.0], [10.0,10.0], [0.0,0.0], [0.0,0.0], [-Infinity,Infinity], [40.0,40.0], [40.0,40.0], [-Infinity,Infinity], [0.0,0.0], [0.0,0.0], [0.0,0.0], [0.0,0.0]]
EXIT 3 ExpressionStatement_6 [[100.0,100.0], [10.0,10.0], [2.0,2.0], [20.0,20.0], [0.0,0.0], [0.0,0.0], [-Infinity,Infinity], [40.0,40.0], [40.0,40.0], [-Infinity,Infinity], [0.0,0.0], [0.0,0.0], [0.0,0.0], [0.0,0.0]]
ENTRY 3 EmitStatement_0 [[100.0,100.0], [10.0,10.0], [2.0,2.0], [20.0,20.0], [0.0,0.0], [0.0,0.0], [-Infinity,Infinity], [40.0,40.0], [40.0,40.0], [-Infinity,Infinity], [0.0,0.0], [0.0,0.0], [0.0,0.0], [0.0,0.0]]
EXIT 3 EmitStatement_0 [[100.0,100.0], [10.0,10.0], [0.0,0.0], [0.0,0.0], [0.0,0.0], [0.0,0.0], [0.0,0.0], [40.0,40.0], [40.0,40.0], [0.0,0.0], [0.0,0.0], [0.0,0.0], [0.0,0.0], [0.0,0.0]]
ENTRY 3 FunctionExit_2 [[100.0,100.0], [10.0,10.0], [0.0,0.0], [0.0,0.0], [0.0,0.0], [0.0,0.0], [0.0,0.0], [40.0,40.0], [40.0,40.0], [0.0,0.0], [0.0,0.0], [0.0,0.0], [0.0,0.0], [0.0,0.0]]
EXIT 3 FunctionExit_2 [[100.0,100.0], [10.0,10.0], [0.0,0.0], [0.0,0.0], [0.0,0.0], [0.0,0.0], [0.0,0.0], [40.0,40.0], [40.0,40.0], [0.0,0.0], [0.0,0.0], [0.0,0.0], [0.0,0.0], [0.0,0.0]]
ENTRY 3 FunctionDefinition_3 [[100.0,100.0], [10.0,10.0], [0.0,0.0], [0.0,0.0], [0.0,0.0], [0.0,0.0], [0.0,0.0], [40.0,40.0], [40.0,40.0], [0.0,0.0], [0.0,0.0], [0.0,0.0], [0.0,0.0], [0.0,0.0]]
EXIT 3 FunctionDefinition_3 [[100.0,100.0], [10.0,10.0], [0.0,0.0], [0.0,0.0], [0.0,0.0], [0.0,0.0], [0.0,0.0], [40.0,40.0], [40.0,40.0], [0.0,0.0], [0.0,0.0], [0.0,0.0], [0.0,0.0], [0.0,0.0]]
ENTRY 3 FunctionEntry_3 [[100.0,100.0], [10.0,10.0], [0.0,0.0], [0.0,0.0], [0.0,0.0], [0.0,0.0], [0.0,0.0], [40.0,40.0], [40.0,40.0], [0.0,0.0], [0.0,0.0], [0.0,0.0], [0.0,0.0], [0.0,0.0]]
EXIT 3 FunctionEntry_3 [[100.0,100.0], [10.0,10.0], [0.0,0.0], [0.0,0.0], [0.0,0.0], [0.0,0.0], [0.0,0.0], [40.0,40.0], [40.0,40.0], [0.0,0.0], [0.0,0.0], [0.0,0.0], [0.0,0.0], [0.0,0.0]]
ENTRY 3 ExpressionStatement_7 [[100.0,100.0], [10.0,10.0], [0.0,0.0], [0.0,0.0], [0.0,0.0], [0.0,0.0], [0.0,0.0], [40.0,40.0], [40.0,40.0], [0.0,0.0], [0.0,0.0], [0.0,0.0], [0.0,0.0], [0.0,0.0]]
EXIT 3 ExpressionStatement_7 [[100.0,100.0], [10.0,10.0], [0.0,0.0], [0.0,0.0], [20.0,20.0], [0.0,0.0], [0.0,0.0], [40.0,40.0], [40.0,40.0], [0.0,0.0], [0.0,0.0], [0.0,0.0], [0.0,0.0], [0.0,0.0]]
ENTRY 3 EmitStatement_1 [[100.0,100.0], [10.0,10.0], [0.0,0.0], [0.0,0.0], [20.0,20.0], [0.0,0.0], [0.0,0.0], [40.0,40.0], [40.0,40.0], [0.0,0.0], [0.0,0.0], [0.0,0.0], [0.0,0.0], [0.0,0.0]]
EXIT 3 EmitStatement_1 [[100.0,100.0], [10.0,10.0], [0.0,0.0], [0.0,0.0], [0.0,0.0], [0.0,0.0], [0.0,0.0], [40.0,40.0], [40.0,40.0], [0.0,0.0], [0.0,0.0], [0.0,0.0], [0.0,0.0], [0.0,0.0]]
ENTRY 3 FunctionExit_3 [[100.0,100.0], [10.0,10.0], [0.0,0.0], [0.0,0.0], [0.0,0.0], [0.0,0.0], [0.0,0.0], [40.0,40.0], [40.0,40.0], [0.0,0.0], [0.0,0.0], [0.0,0.0], [0.0,0.0], [0.0,0.0]]
EXIT 3 FunctionExit_3 [[100.0,100.0], [10.0,10.0], [0.0,0.0], [0.0,0.0], [0.0,0.0], [0.0,0.0], [0.0,0.0], [40.0,40.0], [40.0,40.0], [0.0,0.0], [0.0,0.0], [0.0,0.0], [0.0,0.0], [0.0,0.0]]
ENTRY 3 FunctionDefinition_4 [[100.0,100.0], [10.0,10.0], [0.0,0.0], [0.0,0.0], [0.0,0.0], [0.0,0.0], [0.0,0.0], [40.0,40.0], [40.0,40.0], [0.0,0.0], [0.0,0.0], [0.0,0.0], [0.0,0.0], [0.0,0.0]]
EXIT 3 FunctionDefinition_4 [[100.0,100.0], [10.0,10.0], [0.0,0.0], [0.0,0.0], [0.0,0.0], [0.0,0.0], [0.0,0.0], [40.0,40.0], [40.0,40.0], [0.0,0.0], [0.0,0.0], [0.0,0.0], [0.0,0.0], [0.0,0.0]]
ENTRY 3 FunctionEntry_4 [[100.0,100.0], [10.0,10.0], [0.0,0.0], [0.0,0.0], [0.0,0.0], [0.0,0.0], [0.0,0.0], [40.0,40.0], [40.0,40.0], [0.0,0.0], [0.0,0.0], [0.0,0.0], [0.0,0.0], [0.0,0.0]]
EXIT 3 FunctionEntry_4 [[100.0,100.0], [10.0,10.0], [0.0,0.0], [0.0,0.0], [0.0,0.0], [0.0,0.0], [0.0,0.0], [40.0,40.0], [40.0,40.0], [0.0,0.0], [0.0,0.0], [0.0,0.0], [0.0,0.0], [0.0,0.0]]
ENTRY 3 FunctionExit_4 [[100.0,100.0], [10.0,10.0], [0.0,0.0], [0.0,0.0], [0.0,0.0], [0.0,0.0], [0.0,0.0], [40.0,40.0], [40.0,40.0], [0.0,0.0], [0.0,0.0], [0.0,0.0], [0.0,0.0], [0.0,0.0]]
EXIT 3 FunctionExit_4 [[100.0,100.0], [10.0,10.0], [0.0,0.0], [0.0,0.0], [0.0,0.0], [0.0,0.0], [0.0,0.0], [40.0,40.0], [40.0,40.0], [0.0,0.0], [0.0,0.0], [0.0,0.0], [0.0,0.0], [0.0,0.0]]
ENTRY 3 FunctionDefinition_5 [[100.0,100.0], [10.0,10.0], [0.0,0.0], [0.0,0.0], [0.0,0.0], [0.0,0.0], [0.0,0.0], [40.0,40.0], [40.0,40.0], [0.0,0.0], [0.0,0.0], [0.0,0.0], [0.0,0.0], [0.0,0.0]]
EXIT 3 FunctionDefinition_5 [[100.0,100.0], [10.0,10.0], [0.0,0.0], [0.0,0.0], [0.0,0.0], [0.0,0.0], [0.0,0.0], [40.0,40.0], [40.0,40.0], [0.0,0.0], [0.0,0.0], [0.0,0.0], [0.0,0.0], [0.0,0.0]]
ENTRY 3 FunctionEntry_5 [[100.0,100.0], [10.0,10.0], [0.0,0.0], [0.0,0.0], [0.0,0.0], [0.0,0.0], [0.0,0.0], [40.0,40.0], [40.0,40.0], [0.0,0.0], [0.0,0.0], [0.0,0.0], [0.0,0.0], [0.0,0.0]]
EXIT 3 FunctionEntry_5 [[100.0,100.0], [10.0,10.0], [0.0,0.0], [0.0,0.0], [0.0,0.0], [0.0,0.0], [0.0,0.0], [40.0,40.0], [40.0,40.0], [0.0,0.0], [0.0,0.0], [0.0,0.0], [0.0,0.0], [0.0,0.0]]
ENTRY 3 ExpressionStatement_8 [[100.0,100.0], [10.0,10.0], [0.0,0.0], [0.0,0.0], [0.0,0.0], [0.0,0.0], [0.0,0.0], [40.0,40.0], [40.0,40.0], [0.0,0.0], [0.0,0.0], [0.0,0.0], [0.0,0.0], [0.0,0.0]]
EXIT 3 ExpressionStatement_8 [[100.0,100.0], [10.0,10.0], [0.0,0.0], [0.0,0.0], [0.0,0.0], [0.0,0.0], [0.0,0.0], [40.0,40.0], [40.0,40.0], [0.0,0.0], [0.0,0.0], [0.0,0.0], [0.0,0.0], [0.0,0.0]]
ENTRY 3 ExpressionStatement_9 [[100.0,100.0], [10.0,10.0], [0.0,0.0], [0.0,0.0], [0.0,0.0], [0.0,0.0], [0.0,0.0], [40.0,40.0], [40.0,40.0], [0.0,0.0], [0.0,0.0], [0.0,0.0], [0.0,0.0], [0.0,0.0]]
EXIT 3 ExpressionStatement_9 [[100.0,100.0], [10.0,10.0], [0.0,0.0], [0.0,0.0], [0.0,0.0], [0.0,0.0], [0.0,0.0], [40.0,40.0], [40.0,40.0], [0.0,0.0], [0.0,0.0], [0.0,0.0], [0.0,0.0], [0.0,0.0]]
ENTRY 3 ExpressionStatement_10 [[100.0,100.0], [10.0,10.0], [0.0,0.0], [0.0,0.0], [0.0,0.0], [0.0,0.0], [0.0,0.0], [40.0,40.0], [40.0,40.0], [0.0,0.0], [0.0,0.0], [0.0,0.0], [0.0,0.0], [0.0,0.0]]
EXIT 3 ExpressionStatement_10 [[100.0,100.0], [10.0,10.0], [0.0,0.0], [0.0,0.0], [0.0,0.0], [0.0,0.0], [0.0,0.0], [-Infinity,Infinity], [40.0,40.0], [0.0,0.0], [0.0,0.0], [0.0,0.0], [0.0,0.0], [0.0,0.0]]
ENTRY 3 ExpressionStatement_11 [[100.0,100.0], [10.0,10.0], [0.0,0.0], [0.0,0.0], [0.0,0.0], [0.0,0.0], [0.0,0.0], [-Infinity,Infinity], [40.0,40.0], [0.0,0.0], [0.0,0.0], [0.0,0.0], [0.0,0.0], [0.0,0.0]]
EXIT 3 ExpressionStatement_11 [[100.0,100.0], [10.0,10.0], [0.0,0.0], [0.0,0.0], [0.0,0.0], [0.0,0.0], [0.0,0.0], [-Infinity,Infinity], [-Infinity,Infinity], [0.0,0.0], [0.0,0.0], [0.0,0.0], [0.0,0.0], [0.0,0.0]]
ENTRY 3 EmitStatement_2 [[100.0,100.0], [10.0,10.0], [0.0,0.0], [0.0,0.0], [0.0,0.0], [0.0,0.0], [0.0,0.0], [-Infinity,Infinity], [-Infinity,Infinity], [0.0,0.0], [0.0,0.0], [0.0,0.0], [0.0,0.0], [0.0,0.0]]
EXIT 3 EmitStatement_2 [[100.0,100.0], [10.0,10.0], [0.0,0.0], [0.0,0.0], [0.0,0.0], [0.0,0.0], [0.0,0.0], [40.0,40.0], [40.0,40.0], [0.0,0.0], [0.0,0.0], [0.0,0.0], [0.0,0.0], [0.0,0.0]]
ENTRY 3 FunctionExit_5 [[100.0,100.0], [10.0,10.0], [0.0,0.0], [0.0,0.0], [0.0,0.0], [0.0,0.0], [0.0,0.0], [40.0,40.0], [40.0,40.0], [0.0,0.0], [0.0,0.0], [0.0,0.0], [0.0,0.0], [0.0,0.0]]
EXIT 3 FunctionExit_5 [[100.0,100.0], [10.0,10.0], [0.0,0.0], [0.0,0.0], [0.0,0.0], [0.0,0.0], [0.0,0.0], [40.0,40.0], [40.0,40.0], [0.0,0.0], [0.0,0.0], [0.0,0.0], [0.0,0.0], [0.0,0.0]]
ENTRY 3 FunctionDefinition_6 [[100.0,100.0], [10.0,10.0], [0.0,0.0], [0.0,0.0], [0.0,0.0], [0.0,0.0], [0.0,0.0], [40.0,40.0], [40.0,40.0], [0.0,0.0], [0.0,0.0], [0.0,0.0], [0.0,0.0], [0.0,0.0]]
EXIT 3 FunctionDefinition_6 [[100.0,100.0], [10.0,10.0], [0.0,0.0], [0.0,0.0], [0.0,0.0], [0.0,0.0], [0.0,0.0], [40.0,40.0], [40.0,40.0], [0.0,0.0], [0.0,0.0], [0.0,0.0], [0.0,0.0], [0.0,0.0]]
ENTRY 3 FunctionEntry_6 [[100.0,100.0], [10.0,10.0], [0.0,0.0], [0.0,0.0], [0.0,0.0], [0.0,0.0], [0.0,0.0], [40.0,40.0], [40.0,40.0], [0.0,0.0], [0.0,0.0], [0.0,0.0], [0.0,0.0], [0.0,0.0]]
EXIT 3 FunctionEntry_6 [[100.0,100.0], [10.0,10.0], [0.0,0.0], [0.0,0.0], [0.0,0.0], [0.0,0.0], [0.0,0.0], [40.0,40.0], [40.0,40.0], [0.0,0.0], [0.0,0.0], [0.0,0.0], [0.0,0.0], [0.0,0.0]]
ENTRY 3 VariableDeclarationStatement_0 [[100.0,100.0], [10.0,10.0], [0.0,0.0], [0.0,0.0], [0.0,0.0], [0.0,0.0], [0.0,0.0], [40.0,40.0], [40.0,40.0], [0.0,0.0], [0.0,0.0], [0.0,0.0], [0.0,0.0], [0.0,0.0]]
EXIT 3 VariableDeclarationStatement_0 [[100.0,100.0], [10.0,10.0], [0.0,0.0], [0.0,0.0], [0.0,0.0], [0.0,0.0], [0.0,0.0], [40.0,40.0], [40.0,40.0], [0.0,0.0], [0.0,0.0], [40.0,40.0], [0.0,0.0], [0.0,0.0]]
ENTRY 3 IfStatement_0 [[100.0,100.0], [10.0,10.0], [0.0,0.0], [0.0,0.0], [0.0,0.0], [0.0,0.0], [0.0,0.0], [40.0,40.0], [40.0,40.0], [0.0,0.0], [0.0,0.0], [40.0,40.0], [0.0,0.0], [0.0,0.0]]
EXIT 3 IfStatement_0 [[1.0,-1.0], [1.0,-1.0], [1.0,-1.0], [1.0,-1.0], [1.0,-1.0], [1.0,-1.0], [1.0,-1.0], [1.0,-1.0], [1.0,-1.0], [1.0,-1.0], [1.0,-1.0], [1.0,-1.0], [1.0,-1.0], [1.0,-1.0]]
ENTRY 3 ExpressionStatement_12 [[100.0,100.0], [10.0,10.0], [0.0,0.0], [0.0,0.0], [0.0,0.0], [0.0,0.0], [0.0,0.0], [40.0,40.0], [40.0,40.0], [0.0,0.0], [0.0,0.0], [40.0,40.0], [0.0,0.0], [0.0,0.0]]
EXIT 3 ExpressionStatement_12 [[100.0,100.0], [10.0,10.0], [0.0,0.0], [0.0,0.0], [0.0,0.0], [0.0,0.0], [0.0,0.0], [0.0,0.0], [40.0,40.0], [0.0,0.0], [0.0,0.0], [40.0,40.0], [0.0,0.0], [0.0,0.0]]
ENTRY 3 ExpressionStatement_13 [[100.0,100.0], [10.0,10.0], [0.0,0.0], [0.0,0.0], [0.0,0.0], [0.0,0.0], [0.0,0.0], [0.0,0.0], [40.0,40.0], [0.0,0.0], [0.0,0.0], [40.0,40.0], [0.0,0.0], [0.0,0.0]]
EXIT 3 ExpressionStatement_13 [[100.0,100.0], [10.0,10.0], [0.0,0.0], [0.0,0.0], [0.0,0.0], [0.0,0.0], [0.0,0.0], [0.0,0.0], [0.0,0.0], [0.0,0.0], [0.0,0.0], [40.0,40.0], [0.0,0.0], [0.0,0.0]]
ENTRY 3 VariableDeclarationStatement_1 [[100.0,100.0], [10.0,10.0], [0.0,0.0], [0.0,0.0], [0.0,0.0], [0.0,0.0], [0.0,0.0], [0.0,0.0], [0.0,0.0], [0.0,0.0], [0.0,0.0], [40.0,40.0], [0.0,0.0], [0.0,0.0]]
EXIT 3 VariableDeclarationStatement_1 [[100.0,100.0], [10.0,10.0], [0.0,0.0], [0.0,0.0], [0.0,0.0], [0.0,0.0], [0.0,0.0], [0.0,0.0], [0.0,0.0], [0.0,0.0], [0.0,0.0], [40.0,40.0], [-Infinity,Infinity], [0.0,0.0]]
ENTRY 3 IfStatement_1 [[100.0,100.0], [10.0,10.0], [0.0,0.0], [0.0,0.0], [0.0,0.0], [0.0,0.0], [0.0,0.0], [0.0,0.0], [0.0,0.0], [0.0,0.0], [0.0,0.0], [40.0,40.0], [-Infinity,Infinity], [0.0,0.0]]
EXIT 3 IfStatement_1 [[1.0,-1.0], [1.0,-1.0], [1.0,-1.0], [1.0,-1.0], [1.0,-1.0], [1.0,-1.0], [1.0,-1.0], [1.0,-1.0], [1.0,-1.0], [1.0,-1.0], [1.0,-1.0], [1.0,-1.0], [1.0,-1.0], [1.0,-1.0]]
ENTRY 3 ExpressionStatement_14 [[100.0,100.0], [10.0,10.0], [0.0,0.0], [0.0,0.0], [0.0,0.0], [0.0,0.0], [0.0,0.0], [0.0,0.0], [0.0,0.0], [0.0,0.0], [0.0,0.0], [40.0,40.0], [-Infinity,Infinity], [0.0,0.0]]
EXIT 3 ExpressionStatement_14 [[100.0,100.0], [10.0,10.0], [0.0,0.0], [0.0,0.0], [0.0,0.0], [0.0,0.0], [0.0,0.0], [0.0,0.0], [0.0,0.0], [0.0,0.0], [0.0,0.0], [40.0,40.0], [-Infinity,Infinity], [0.0,0.0]]
ENTRY 3 IfConditionJoin_1 [[100.0,100.0], [10.0,10.0], [0.0,0.0], [0.0,0.0], [0.0,0.0], [0.0,0.0], [0.0,0.0], [0.0,0.0], [0.0,0.0], [0.0,0.0], [0.0,0.0], [40.0,40.0], [-Infinity,Infinity], [0.0,0.0]]
EXIT 3 IfConditionJoin_1 [[100.0,100.0], [10.0,10.0], [0.0,0.0], [0.0,0.0], [0.0,0.0], [0.0,0.0], [0.0,0.0], [0.0,0.0], [0.0,0.0], [0.0,0.0], [0.0,0.0], [40.0,40.0], [-Infinity,Infinity], [0.0,0.0]]
ENTRY 3 IfConditionJoin_0 [[100.0,100.0], [10.0,10.0], [0.0,0.0], [0.0,0.0], [0.0,0.0], [0.0,0.0], [0.0,0.0], [0.0,40.0], [0.0,40.0], [0.0,0.0], [0.0,0.0], [40.0,40.0], [-Infinity,Infinity], [0.0,0.0]]
EXIT 3 IfConditionJoin_0 [[100.0,100.0], [10.0,10.0], [0.0,0.0], [0.0,0.0], [0.0,0.0], [0.0,0.0], [0.0,0.0], [0.0,40.0], [0.0,40.0], [0.0,0.0], [0.0,0.0], [40.0,40.0], [-Infinity,Infinity], [0.0,0.0]]
ENTRY 3 FunctionExit_6 [[100.0,100.0], [10.0,10.0], [0.0,0.0], [0.0,0.0], [0.0,0.0], [0.0,0.0], [0.0,0.0], [0.0,40.0], [0.0,40.0], [0.0,0.0], [0.0,0.0], [40.0,40.0], [-Infinity,Infinity], [0.0,0.0]]
EXIT 3 FunctionExit_6 [[100.0,100.0], [10.0,10.0], [0.0,0.0], [0.0,0.0], [0.0,0.0], [0.0,0.0], [0.0,0.0], [0.0,40.0], [0.0,40.0], [0.0,0.0], [0.0,0.0], [40.0,40.0], [-Infinity,Infinity], [0.0,0.0]]
ENTRY 3 ExpressionStatement_15 [[100.0,100.0], [10.0,10.0], [0.0,0.0], [0.0,0.0], [0.0,0.0], [0.0,0.0], [0.0,0.0], [0.0,0.0], [0.0,0.0], [0.0,0.0], [0.0,0.0], [40.0,40.0], [-Infinity,Infinity], [0.0,0.0]]
EXIT 3 ExpressionStatement_15 [[100.0,100.0], [10.0,10.0], [0.0,0.0], [0.0,0.0], [0.0,0.0], [0.0,0.0], [0.0,0.0], [0.0,0.0], [0.0,0.0], [0.0,0.0], [0.0,0.0], [40.0,40.0], [-Infinity,Infinity], [0.0,0.0]]
ENTRY 3 ExpressionStatement_16 [[100.0,100.0], [10.0,10.0], [0.0,0.0], [0.0,0.0], [0.0,0.0], [0.0,0.0], [0.0,0.0], [40.0,40.0], [40.0,40.0], [0.0,0.0], [0.0,0.0], [40.0,40.0], [0.0,0.0], [0.0,0.0]]
EXIT 3 ExpressionStatement_16 [[100.0,100.0], [10.0,10.0], [0.0,0.0], [0.0,0.0], [0.0,0.0], [0.0,0.0], [0.0,0.0], [40.0,40.0], [40.0,40.0], [0.0,0.0], [0.0,0.0], [40.0,40.0], [0.0,0.0], [0.0,0.0]]
ENTRY 3 FunctionDefinition_7 [[100.0,100.0], [10.0,10.0], [0.0,0.0], [0.0,0.0], [0.0,0.0], [0.0,0.0], [0.0,0.0], [0.0,40.0], [0.0,40.0], [0.0,0.0], [0.0,0.0], [0.0,0.0], [0.0,0.0], [0.0,0.0]]
EXIT 3 FunctionDefinition_7 [[100.0,100.0], [10.0,10.0], [0.0,0.0], [0.0,0.0], [0.0,0.0], [0.0,0.0], [0.0,0.0], [0.0,40.0], [0.0,40.0], [0.0,0.0], [0.0,0.0], [0.0,0.0], [0.0,0.0], [0.0,0.0]]
ENTRY 3 FunctionEntry_7 [[100.0,100.0], [10.0,10.0], [0.0,0.0], [0.0,0.0], [0.0,0.0], [0.0,0.0], [0.0,0.0], [0.0,40.0], [0.0,40.0], [0.0,0.0], [0.0,0.0], [0.0,0.0], [0.0,0.0], [0.0,0.0]]
EXIT 3 FunctionEntry_7 [[100.0,100.0], [10.0,10.0], [0.0,0.0], [0.0,0.0], [0.0,0.0], [0.0,0.0], [0.0,0.0], [0.0,40.0], [0.0,40.0], [0.0,0.0], [0.0,0.0], [0.0,0.0], [0.0,0.0], [0.0,0.0]]
ENTRY 3 ExpressionStatement_17 [[100.0,100.0], [10.0,10.0], [0.0,0.0], [0.0,0.0], [0.0,0.0], [0.0,0.0], [0.0,0.0], [0.0,40.0], [0.0,40.0], [0.0,0.0], [0.0,0.0], [0.0,0.0], [0.0,0.0], [0.0,0.0]]
EXIT 3 ExpressionStatement_17 [[100.0,100.0], [10.0,10.0], [0.0,0.0], [0.0,0.0], [0.0,0.0], [0.0,0.0], [0.0,0.0], [0.0,40.0], [0.0,40.0], [0.0,0.0], [0.0,0.0], [0.0,0.0], [0.0,0.0], [0.0,0.0]]
ENTRY 3 FunctionExit_7 [[100.0,100.0], [10.0,10.0], [0.0,0.0], [0.0,0.0], [0.0,0.0], [0.0,0.0], [0.0,0.0], [0.0,40.0], [0.0,40.0], [0.0,0.0], [0.0,0.0], [0.0,0.0], [0.0,0.0], [0.0,0.0]]
EXIT 3 FunctionExit_7 [[100.0,100.0], [10.0,10.0], [0.0,0.0], [0.0,0.0], [0.0,0.0], [0.0,0.0], [0.0,0.0], [0.0,40.0], [0.0,40.0], [0.0,0.0], [0.0,0.0], [0.0,0.0], [0.0,0.0], [0.0,0.0]]
ENTRY 3 FunctionDefinition_8 [[100.0,100.0], [10.0,10.0], [0.0,0.0], [0.0,0.0], [0.0,0.0], [0.0,0.0], [0.0,0.0], [0.0,40.0], [0.0,40.0], [0.0,0.0], [0.0,0.0], [0.0,0.0], [0.0,0.0], [0.0,0.0]]
EXIT 3 FunctionDefinition_8 [[100.0,100.0], [10.0,10.0], [0.0,0.0], [0.0,0.0], [0.0,0.0], [0.0,0.0], [0.0,0.0], [0.0,40.0], [0.0,40.0], [0.0,0.0], [0.0,0.0], [0.0,0.0], [0.0,0.0], [0.0,0.0]]
ENTRY 3 FunctionEntry_8 [[100.0,100.0], [10.0,10.0], [0.0,0.0], [0.0,0.0], [0.0,0.0], [0.0,0.0], [0.0,0.0], [0.0,40.0], [0.0,40.0], [0.0,0.0], [0.0,0.0], [0.0,0.0], [0.0,0.0], [0.0,0.0]]
EXIT 3 FunctionEntry_8 [[100.0,100.0], [10.0,10.0], [0.0,0.0], [0.0,0.0], [0.0,0.0], [0.0,0.0], [0.0,0.0], [0.0,40.0], [0.0,40.0], [0.0,0.0], [0.0,0.0], [0.0,0.0], [0.0,0.0], [0.0,0.0]]
ENTRY 3 VariableDeclarationStatement_2 [[100.0,100.0], [10.0,10.0], [0.0,0.0], [0.0,0.0], [0.0,0.0], [0.0,0.0], [0.0,0.0], [0.0,40.0], [0.0,40.0], [0.0,0.0], [0.0,0.0], [0.0,0.0], [0.0,0.0], [0.0,0.0]]
EXIT 3 VariableDeclarationStatement_2 [[100.0,100.0], [10.0,10.0], [0.0,0.0], [0.0,0.0], [0.0,0.0], [0.0,0.0], [0.0,0.0], [0.0,40.0], [0.0,40.0], [0.0,0.0], [0.0,0.0], [0.0,0.0], [0.0,0.0], [-Infinity,Infinity]]
ENTRY 3 IfStatement_2 [[-Infinity,Infinity], [10.0,10.0], [0.0,0.0], [0.0,0.0], [0.0,0.0], [0.0,0.0], [0.0,0.0], [0.0,40.0], [0.0,40.0], [0.0,0.0], [0.0,0.0], [0.0,0.0], [0.0,0.0], [-Infinity,Infinity]]
EXIT 3 IfStatement_2 [[1.0,-1.0], [1.0,-1.0], [1.0,-1.0], [1.0,-1.0], [1.0,-1.0], [1.0,-1.0], [1.0,-1.0], [1.0,-1.0], [1.0,-1.0], [1.0,-1.0], [1.0,-1.0], [1.0,-1.0], [1.0,-1.0], [1.0,-1.0]]
ENTRY 3 ExpressionStatement_18 [[-Infinity,Infinity], [10.0,10.0], [0.0,0.0], [0.0,0.0], [0.0,0.0], [0.0,0.0], [0.0,0.0], [0.0,40.0], [0.0,40.0], [0.0,0.0], [0.0,0.0], [0.0,0.0], [0.0,0.0], [-Infinity,Infinity]]
EXIT 3 ExpressionStatement_18 [[-Infinity,Infinity], [10.0,10.0], [0.0,0.0], [0.0,0.0], [0.0,0.0], [0.0,0.0], [0.0,0.0], [0.0,40.0], [0.0,40.0], [0.0,0.0], [0.0,0.0], [0.0,0.0], [0.0,0.0], [-Infinity,Infinity]]
ENTRY 3 IfConditionJoin_2 [[-Infinity,Infinity], [10.0,10.0], [0.0,0.0], [0.0,0.0], [0.0,0.0], [0.0,0.0], [0.0,0.0], [0.0,40.0], [0.0,40.0], [0.0,0.0], [0.0,0.0], [0.0,0.0], [0.0,0.0], [-Infinity,Infinity]]
EXIT 3 IfConditionJoin_2 [[-Infinity,Infinity], [10.0,10.0], [0.0,0.0], [0.0,0.0], [0.0,0.0], [0.0,0.0], [0.0,0.0], [0.0,40.0], [0.0,40.0], [0.0,0.0], [0.0,0.0], [0.0,0.0], [0.0,0.0], [-Infinity,Infinity]]
ENTRY 3 EmitStatement_3 [[-Infinity,Infinity], [10.0,10.0], [0.0,0.0], [0.0,0.0], [0.0,0.0], [0.0,0.0], [0.0,0.0], [0.0,40.0], [0.0,40.0], [0.0,0.0], [0.0,0.0], [0.0,0.0], [0.0,0.0], [-Infinity,Infinity]]
EXIT 3 EmitStatement_3 [[100.0,100.0], [10.0,10.0], [0.0,0.0], [0.0,0.0], [0.0,0.0], [0.0,0.0], [0.0,0.0], [40.0,40.0], [40.0,40.0], [0.0,0.0], [0.0,0.0], [0.0,0.0], [0.0,0.0], [-Infinity,Infinity]]
ENTRY 3 FunctionExit_8 [[100.0,100.0], [10.0,10.0], [0.0,0.0], [0.0,0.0], [0.0,0.0], [0.0,0.0], [0.0,0.0], [40.0,40.0], [40.0,40.0], [0.0,0.0], [0.0,0.0], [0.0,0.0], [0.0,0.0], [-Infinity,Infinity]]
EXIT 3 FunctionExit_8 [[100.0,100.0], [10.0,10.0], [0.0,0.0], [0.0,0.0], [0.0,0.0], [0.0,0.0], [0.0,0.0], [40.0,40.0], [40.0,40.0], [0.0,0.0], [0.0,0.0], [0.0,0.0], [0.0,0.0], [-Infinity,Infinity]]
ENTRY 3 FunctionDefinition_9 [[100.0,100.0], [10.0,10.0], [0.0,0.0], [0.0,0.0], [0.0,0.0], [0.0,0.0], [0.0,0.0], [40.0,40.0], [40.0,40.0], [0.0,0.0], [0.0,0.0], [0.0,0.0], [0.0,0.0], [0.0,0.0]]
EXIT 3 FunctionDefinition_9 [[100.0,100.0], [10.0,10.0], [0.0,0.0], [0.0,0.0], [0.0,0.0], [0.0,0.0], [0.0,0.0], [40.0,40.0], [40.0,40.0], [0.0,0.0], [0.0,0.0], [0.0,0.0], [0.0,0.0], [0.0,0.0]]
ENTRY 3 FunctionEntry_9 [[100.0,100.0], [10.0,10.0], [0.0,0.0], [0.0,0.0], [0.0,0.0], [0.0,0.0], [0.0,0.0], [40.0,40.0], [40.0,40.0], [0.0,0.0], [0.0,0.0], [0.0,0.0], [0.0,0.0], [0.0,0.0]]
EXIT 3 FunctionEntry_9 [[100.0,100.0], [10.0,10.0], [0.0,0.0], [0.0,0.0], [0.0,0.0], [0.0,0.0], [0.0,0.0], [40.0,40.0], [40.0,40.0], [0.0,0.0], [0.0,0.0], [0.0,0.0], [0.0,0.0], [0.0,0.0]]
ENTRY 3 ExpressionStatement_19 [[100.0,100.0], [10.0,10.0], [0.0,0.0], [0.0,0.0], [0.0,0.0], [0.0,0.0], [0.0,0.0], [40.0,40.0], [40.0,40.0], [0.0,0.0], [0.0,0.0], [0.0,0.0], [0.0,0.0], [0.0,0.0]]
EXIT 3 ExpressionStatement_19 [[100.0,100.0], [10.0,10.0], [0.0,0.0], [0.0,0.0], [0.0,0.0], [0.0,0.0], [0.0,0.0], [40.0,40.0], [40.0,40.0], [0.0,0.0], [0.0,0.0], [0.0,0.0], [0.0,0.0], [0.0,0.0]]
ENTRY 3 ExpressionStatement_20 [[100.0,100.0], [10.0,10.0], [0.0,0.0], [0.0,0.0], [0.0,0.0], [0.0,0.0], [0.0,0.0], [40.0,40.0], [40.0,40.0], [0.0,0.0], [0.0,0.0], [0.0,0.0], [0.0,0.0], [0.0,0.0]]
EXIT 3 ExpressionStatement_20 [[100.0,100.0], [10.0,10.0], [0.0,0.0], [0.0,0.0], [0.0,0.0], [0.0,0.0], [0.0,0.0], [40.0,40.0], [40.0,40.0], [0.0,0.0], [20.0,20.0], [0.0,0.0], [0.0,0.0], [0.0,0.0]]
ENTRY 3 EmitStatement_4 [[100.0,100.0], [10.0,10.0], [0.0,0.0], [0.0,0.0], [0.0,0.0], [0.0,0.0], [0.0,0.0], [40.0,40.0], [40.0,40.0], [0.0,0.0], [20.0,20.0], [0.0,0.0], [0.0,0.0], [0.0,0.0]]
EXIT 3 EmitStatement_4 [[100.0,100.0], [10.0,10.0], [0.0,0.0], [0.0,0.0], [0.0,0.0], [0.0,0.0], [0.0,0.0], [40.0,40.0], [40.0,40.0], [0.0,0.0], [0.0,0.0], [0.0,0.0], [0.0,0.0], [0.0,0.0]]
ENTRY 3 FunctionExit_9 [[100.0,100.0], [10.0,10.0], [0.0,0.0], [0.0,0.0], [0.0,0.0], [0.0,0.0], [0.0,0.0], [40.0,40.0], [40.0,40.0], [0.0,0.0], [0.0,0.0], [0.0,0.0], [0.0,0.0], [0.0,0.0]]
EXIT 3 FunctionExit_9 [[100.0,100.0], [10.0,10.0], [0.0,0.0], [0.0,0.0], [0.0,0.0], [0.0,0.0], [0.0,0.0], [40.0,40.0], [40.0,40.0], [0.0,0.0], [0.0,0.0], [0.0,0.0], [0.0,0.0], [0.0,0.0]]
ENTRY 3 FunctionDefinition_10 [[100.0,100.0], [10.0,10.0], [0.0,0.0], [0.0,0.0], [0.0,0.0], [0.0,0.0], [0.0,0.0], [40.0,40.0], [40.0,40.0], [0.0,0.0], [0.0,0.0], [0.0,0.0], [0.0,0.0], [0.0,0.0]]
EXIT 3 FunctionDefinition_10 [[100.0,100.0], [10.0,10.0], [0.0,0.0], [0.0,0.0], [0.0,0.0], [0.0,0.0], [0.0,0.0], [40.0,40.0], [40.0,40.0], [0.0,0.0], [0.0,0.0], [0.0,0.0], [0.0,0.0], [0.0,0.0]]
ENTRY 3 FunctionEntry_10 [[100.0,100.0], [10.0,10.0], [0.0,0.0], [0.0,0.0], [0.0,0.0], [0.0,0.0], [0.0,0.0], [40.0,40.0], [40.0,40.0], [0.0,0.0], [0.0,0.0], [0.0,0.0], [0.0,0.0], [0.0,0.0]]
EXIT 3 FunctionEntry_10 [[100.0,100.0], [10.0,10.0], [0.0,0.0], [0.0,0.0], [0.0,0.0], [0.0,0.0], [0.0,0.0], [40.0,40.0], [40.0,40.0], [0.0,0.0], [0.0,0.0], [0.0,0.0], [0.0,0.0], [0.0,0.0]]
ENTRY 3 ExpressionStatement_21 [[100.0,100.0], [10.0,10.0], [0.0,0.0], [0.0,0.0], [0.0,0.0], [0.0,0.0], [0.0,0.0], [40.0,40.0], [40.0,40.0], [0.0,0.0], [0.0,0.0], [0.0,0.0], [0.0,0.0], [0.0,0.0]]
EXIT 3 ExpressionStatement_21 [[100.0,100.0], [10.0,10.0], [0.0,0.0], [0.0,0.0], [0.0,0.0], [0.0,0.0], [0.0,0.0], [40.0,40.0], [40.0,40.0], [0.0,0.0], [0.0,0.0], [0.0,0.0], [0.0,0.0], [0.0,0.0]]
ENTRY 3 ExpressionStatement_22 [[100.0,100.0], [10.0,10.0], [0.0,0.0], [0.0,0.0], [0.0,0.0], [0.0,0.0], [0.0,0.0], [40.0,40.0], [40.0,40.0], [0.0,0.0], [0.0,0.0], [0.0,0.0], [0.0,0.0], [0.0,0.0]]
EXIT 3 ExpressionStatement_22 [[100.0,100.0], [10.0,10.0], [0.0,0.0], [0.0,0.0], [0.0,0.0], [0.0,0.0], [0.0,0.0], [40.0,40.0], [40.0,40.0], [0.0,0.0], [20.0,20.0], [0.0,0.0], [0.0,0.0], [0.0,0.0]]
ENTRY 3 EmitStatement_5 [[100.0,100.0], [10.0,10.0], [0.0,0.0], [0.0,0.0], [0.0,0.0], [0.0,0.0], [0.0,0.0], [40.0,40.0], [40.0,40.0], [0.0,0.0], [20.0,20.0], [0.0,0.0], [0.0,0.0], [0.0,0.0]]
EXIT 3 EmitStatement_5 [[100.0,100.0], [10.0,10.0], [0.0,0.0], [0.0,0.0], [0.0,0.0], [0.0,0.0], [0.0,0.0], [40.0,40.0], [40.0,40.0], [0.0,0.0], [0.0,0.0], [0.0,0.0], [0.0,0.0], [0.0,0.0]]
ENTRY 3 FunctionExit_10 [[100.0,100.0], [10.0,10.0], [0.0,0.0], [0.0,0.0], [0.0,0.0], [0.0,0.0], [0.0,0.0], [40.0,40.0], [40.0,40.0], [0.0,0.0], [0.0,0.0], [0.0,0.0], [0.0,0.0], [0.0,0.0]]
EXIT 3 FunctionExit_10 [[100.0,100.0], [10.0,10.0], [0.0,0.0], [0.0,0.0], [0.0,0.0], [0.0,0.0], [0.0,0.0], [40.0,40.0], [40.0,40.0], [0.0,0.0], [0.0,0.0], [0.0,0.0], [0.0,0.0], [0.0,0.0]]
ENTRY 3 FunctionDefinition_11 [[100.0,100.0], [10.0,10.0], [0.0,0.0], [0.0,0.0], [0.0,0.0], [0.0,0.0], [0.0,0.0], [40.0,40.0], [40.0,40.0], [0.0,0.0], [0.0,0.0], [0.0,0.0], [0.0,0.0], [0.0,0.0]]
EXIT 3 FunctionDefinition_11 [[100.0,100.0], [10.0,10.0], [0.0,0.0], [0.0,0.0], [0.0,0.0], [0.0,0.0], [0.0,0.0], [40.0,40.0], [40.0,40.0], [0.0,0.0], [0.0,0.0], [0.0,0.0], [0.0,0.0], [0.0,0.0]]
ENTRY 3 FunctionEntry_11 [[100.0,100.0], [10.0,10.0], [0.0,0.0], [0.0,0.0], [0.0,0.0], [0.0,0.0], [0.0,0.0], [40.0,40.0], [40.0,40.0], [0.0,0.0], [0.0,0.0], [0.0,0.0], [0.0,0.0], [0.0,0.0]]
EXIT 3 FunctionEntry_11 [[100.0,100.0], [10.0,10.0], [0.0,0.0], [0.0,0.0], [0.0,0.0], [0.0,0.0], [0.0,0.0], [40.0,40.0], [40.0,40.0], [0.0,0.0], [0.0,0.0], [0.0,0.0], [0.0,0.0], [0.0,0.0]]
ENTRY 3 Return_0 [[100.0,100.0], [10.0,10.0], [0.0,0.0], [0.0,0.0], [0.0,0.0], [0.0,0.0], [0.0,0.0], [40.0,40.0], [40.0,40.0], [0.0,0.0], [0.0,0.0], [0.0,0.0], [0.0,0.0], [0.0,0.0]]
EXIT 3 Return_0 [[100.0,100.0], [10.0,10.0], [0.0,0.0], [0.0,0.0], [0.0,0.0], [0.0,0.0], [0.0,0.0], [40.0,40.0], [40.0,40.0], [0.0,0.0], [0.0,0.0], [0.0,0.0], [0.0,0.0], [0.0,0.0]]
ENTRY 3 FunctionExit_11 [[100.0,100.0], [10.0,10.0], [0.0,0.0], [0.0,0.0], [0.0,0.0], [0.0,0.0], [0.0,0.0], [40.0,40.0], [40.0,40.0], [0.0,0.0], [0.0,0.0], [0.0,0.0], [0.0,0.0], [0.0,0.0]]
EXIT 3 FunctionExit_11 [[100.0,100.0], [10.0,10.0], [0.0,0.0], [0.0,0.0], [0.0,0.0], [0.0,0.0], [0.0,0.0], [40.0,40.0], [40.0,40.0], [0.0,0.0], [0.0,0.0], [0.0,0.0], [0.0,0.0], [0.0,0.0]]
ENTRY 3 FunctionDefinition_12 [[100.0,100.0], [10.0,10.0], [0.0,0.0], [0.0,0.0], [0.0,0.0], [0.0,0.0], [0.0,0.0], [40.0,40.0], [40.0,40.0], [0.0,0.0], [0.0,0.0], [0.0,0.0], [0.0,0.0], [0.0,0.0]]
EXIT 3 FunctionDefinition_12 [[100.0,100.0], [10.0,10.0], [0.0,0.0], [0.0,0.0], [0.0,0.0], [0.0,0.0], [0.0,0.0], [40.0,40.0], [40.0,40.0], [0.0,0.0], [0.0,0.0], [0.0,0.0], [0.0,0.0], [0.0,0.0]]
ENTRY 3 FunctionEntry_12 [[100.0,100.0], [10.0,10.0], [0.0,0.0], [0.0,0.0], [0.0,0.0], [0.0,0.0], [0.0,0.0], [40.0,40.0], [40.0,40.0], [0.0,0.0], [0.0,0.0], [0.0,0.0], [0.0,0.0], [0.0,0.0]]
EXIT 3 FunctionEntry_12 [[100.0,100.0], [10.0,10.0], [0.0,0.0], [0.0,0.0], [0.0,0.0], [0.0,0.0], [0.0,0.0], [40.0,40.0], [40.0,40.0], [0.0,0.0], [0.0,0.0], [0.0,0.0], [0.0,0.0], [0.0,0.0]]
ENTRY 3 Return_1 [[100.0,100.0], [10.0,10.0], [0.0,0.0], [0.0,0.0], [0.0,0.0], [0.0,0.0], [0.0,0.0], [40.0,40.0], [40.0,40.0], [0.0,0.0], [0.0,0.0], [0.0,0.0], [0.0,0.0], [0.0,0.0]]
EXIT 3 Return_1 [[100.0,100.0], [10.0,10.0], [0.0,0.0], [0.0,0.0], [0.0,0.0], [0.0,0.0], [0.0,0.0], [40.0,40.0], [40.0,40.0], [0.0,0.0], [0.0,0.0], [0.0,0.0], [0.0,0.0], [0.0,0.0]]
ENTRY 3 FunctionExit_12 [[100.0,100.0], [10.0,10.0], [0.0,0.0], [0.0,0.0], [0.0,0.0], [0.0,0.0], [0.0,0.0], [40.0,40.0], [40.0,40.0], [0.0,0.0], [0.0,0.0], [0.0,0.0], [0.0,0.0], [0.0,0.0]]
EXIT 3 FunctionExit_12 [[100.0,100.0], [10.0,10.0], [0.0,0.0], [0.0,0.0], [0.0,0.0], [0.0,0.0], [0.0,0.0], [40.0,40.0], [40.0,40.0], [0.0,0.0], [0.0,0.0], [0.0,0.0], [0.0,0.0], [0.0,0.0]]
ENTRY 3 FunctionDefinition_13 [[100.0,100.0], [10.0,10.0], [0.0,0.0], [0.0,0.0], [0.0,0.0], [0.0,0.0], [0.0,0.0], [40.0,40.0], [40.0,40.0], [0.0,0.0], [0.0,0.0], [0.0,0.0], [0.0,0.0], [0.0,0.0]]
EXIT 3 FunctionDefinition_13 [[100.0,100.0], [10.0,10.0], [0.0,0.0], [0.0,0.0], [0.0,0.0], [0.0,0.0], [0.0,0.0], [40.0,40.0], [40.0,40.0], [0.0,0.0], [0.0,0.0], [0.0,0.0], [0.0,0.0], [0.0,0.0]]
ENTRY 3 FunctionEntry_13 [[100.0,100.0], [10.0,10.0], [0.0,0.0], [0.0,0.0], [0.0,0.0], [0.0,0.0], [0.0,0.0], [40.0,40.0], [40.0,40.0], [0.0,0.0], [0.0,0.0], [0.0,0.0], [0.0,0.0], [0.0,0.0]]
EXIT 3 FunctionEntry_13 [[100.0,100.0], [10.0,10.0], [0.0,0.0], [0.0,0.0], [0.0,0.0], [0.0,0.0], [0.0,0.0], [40.0,40.0], [40.0,40.0], [0.0,0.0], [0.0,0.0], [0.0,0.0], [0.0,0.0], [0.0,0.0]]
ENTRY 3 Return_2 [[100.0,100.0], [10.0,10.0], [0.0,0.0], [0.0,0.0], [0.0,0.0], [0.0,0.0], [0.0,0.0], [40.0,40.0], [40.0,40.0], [0.0,0.0], [0.0,0.0], [0.0,0.0], [0.0,0.0], [0.0,0.0]]
EXIT 3 Return_2 [[100.0,100.0], [10.0,10.0], [0.0,0.0], [0.0,0.0], [0.0,0.0], [0.0,0.0], [0.0,0.0], [40.0,40.0], [40.0,40.0], [0.0,0.0], [0.0,0.0], [0.0,0.0], [0.0,0.0], [0.0,0.0]]
ENTRY 3 FunctionExit_13 [[100.0,100.0], [10.0,10.0], [0.0,0.0], [0.0,0.0], [0.0,0.0], [0.0,0.0], [0.0,0.0], [40.0,40.0], [40.0,40.0], [0.0,0.0], [0.0,0.0], [0.0,0.0], [0.0,0.0], [0.0,0.0]]
EXIT 3 FunctionExit_13 [[100.0,100.0], [10.0,10.0], [0.0,0.0], [0.0,0.0], [0.0,0.0], [0.0,0.0], [0.0,0.0], [40.0,40.0], [40.0,40.0], [0.0,0.0], [0.0,0.0], [0.0,0.0], [0.0,0.0], [0.0,0.0]]
ENTRY 3 FunctionDefinition_14 [[100.0,100.0], [10.0,10.0], [0.0,0.0], [0.0,0.0], [0.0,0.0], [0.0,0.0], [0.0,0.0], [40.0,40.0], [40.0,40.0], [0.0,0.0], [0.0,0.0], [0.0,0.0], [0.0,0.0], [0.0,0.0]]
EXIT 3 FunctionDefinition_14 [[100.0,100.0], [10.0,10.0], [0.0,0.0], [0.0,0.0], [0.0,0.0], [0.0,0.0], [0.0,0.0], [40.0,40.0], [40.0,40.0], [0.0,0.0], [0.0,0.0], [0.0,0.0], [0.0,0.0], [0.0,0.0]]
ENTRY 3 FunctionEntry_14 [[100.0,100.0], [10.0,10.0], [0.0,0.0], [0.0,0.0], [0.0,0.0], [0.0,0.0], [0.0,0.0], [40.0,40.0], [40.0,40.0], [0.0,0.0], [0.0,0.0], [0.0,0.0], [0.0,0.0], [0.0,0.0]]
EXIT 3 FunctionEntry_14 [[100.0,100.0], [10.0,10.0], [0.0,0.0], [0.0,0.0], [0.0,0.0], [0.0,0.0], [0.0,0.0], [40.0,40.0], [40.0,40.0], [0.0,0.0], [0.0,0.0], [0.0,0.0], [0.0,0.0], [0.0,0.0]]
ENTRY 3 IfStatement_3 [[100.0,100.0], [10.0,10.0], [0.0,0.0], [0.0,0.0], [0.0,0.0], [0.0,0.0], [0.0,0.0], [40.0,40.0], [40.0,40.0], [0.0,0.0], [0.0,0.0], [0.0,0.0], [0.0,0.0], [0.0,0.0]]
EXIT 3 IfStatement_3 [[1.0,-1.0], [1.0,-1.0], [1.0,-1.0], [1.0,-1.0], [1.0,-1.0], [1.0,-1.0], [1.0,-1.0], [1.0,-1.0], [1.0,-1.0], [1.0,-1.0], [1.0,-1.0], [1.0,-1.0], [1.0,-1.0], [1.0,-1.0]]
ENTRY 3 Return_3 [[100.0,100.0], [10.0,10.0], [0.0,0.0], [0.0,0.0], [0.0,0.0], [0.0,0.0], [0.0,0.0], [40.0,40.0], [40.0,40.0], [0.0,0.0], [0.0,0.0], [0.0,0.0], [0.0,0.0], [0.0,0.0]]
EXIT 3 Return_3 [[100.0,100.0], [10.0,10.0], [0.0,0.0], [0.0,0.0], [0.0,0.0], [0.0,0.0], [0.0,0.0], [40.0,40.0], [40.0,40.0], [0.0,0.0], [0.0,0.0], [0.0,0.0], [0.0,0.0], [0.0,0.0]]
ENTRY 3 IfConditionJoin_3 [[100.0,100.0], [10.0,10.0], [0.0,0.0], [0.0,0.0], [0.0,0.0], [0.0,0.0], [0.0,0.0], [40.0,40.0], [40.0,40.0], [0.0,0.0], [0.0,0.0], [0.0,0.0], [0.0,0.0], [0.0,0.0]]
EXIT 3 IfConditionJoin_3 [[100.0,100.0], [10.0,10.0], [0.0,0.0], [0.0,0.0], [0.0,0.0], [0.0,0.0], [0.0,0.0], [40.0,40.0], [40.0,40.0], [0.0,0.0], [0.0,0.0], [0.0,0.0], [0.0,0.0], [0.0,0.0]]
ENTRY 3 FunctionExit_14 [[100.0,100.0], [10.0,10.0], [0.0,0.0], [0.0,0.0], [0.0,0.0], [0.0,0.0], [0.0,0.0], [40.0,40.0], [40.0,40.0], [0.0,0.0], [0.0,0.0], [0.0,0.0], [0.0,0.0], [0.0,0.0]]
EXIT 3 FunctionExit_14 [[100.0,100.0], [10.0,10.0], [0.0,0.0], [0.0,0.0], [0.0,0.0], [0.0,0.0], [0.0,0.0], [40.0,40.0], [40.0,40.0], [0.0,0.0], [0.0,0.0], [0.0,0.0], [0.0,0.0], [0.0,0.0]]
ENTRY 3 Return_4 [[100.0,100.0], [10.0,10.0], [0.0,0.0], [0.0,0.0], [0.0,0.0], [0.0,0.0], [0.0,0.0], [40.0,40.0], [40.0,40.0], [0.0,0.0], [0.0,0.0], [0.0,0.0], [0.0,0.0], [0.0,0.0]]
EXIT 3 Return_4 [[100.0,100.0], [10.0,10.0], [0.0,0.0], [0.0,0.0], [0.0,0.0], [0.0,0.0], [0.0,0.0], [40.0,40.0], [40.0,40.0], [0.0,0.0], [0.0,0.0], [0.0,0.0], [0.0,0.0], [0.0,0.0]]
ENTRY 3 FunctionDefinition_15 [[100.0,100.0], [10.0,10.0], [0.0,0.0], [0.0,0.0], [0.0,0.0], [0.0,0.0], [0.0,0.0], [40.0,40.0], [40.0,40.0], [0.0,0.0], [0.0,0.0], [0.0,0.0], [0.0,0.0], [0.0,0.0]]
EXIT 3 FunctionDefinition_15 [[100.0,100.0], [10.0,10.0], [0.0,0.0], [0.0,0.0], [0.0,0.0], [0.0,0.0], [0.0,0.0], [40.0,40.0], [40.0,40.0], [0.0,0.0], [0.0,0.0], [0.0,0.0], [0.0,0.0], [0.0,0.0]]
ENTRY 3 FunctionEntry_15 [[100.0,100.0], [10.0,10.0], [0.0,0.0], [0.0,0.0], [0.0,0.0], [0.0,0.0], [0.0,0.0], [40.0,40.0], [40.0,40.0], [0.0,0.0], [0.0,0.0], [0.0,0.0], [0.0,0.0], [0.0,0.0]]
EXIT 3 FunctionEntry_15 [[100.0,100.0], [10.0,10.0], [0.0,0.0], [0.0,0.0], [0.0,0.0], [0.0,0.0], [0.0,0.0], [40.0,40.0], [40.0,40.0], [0.0,0.0], [0.0,0.0], [0.0,0.0], [0.0,0.0], [0.0,0.0]]
ENTRY 3 Return_5 [[100.0,100.0], [10.0,10.0], [0.0,0.0], [0.0,0.0], [0.0,0.0], [0.0,0.0], [0.0,0.0], [40.0,40.0], [40.0,40.0], [0.0,0.0], [0.0,0.0], [0.0,0.0], [0.0,0.0], [0.0,0.0]]
EXIT 3 Return_5 [[100.0,100.0], [10.0,10.0], [0.0,0.0], [0.0,0.0], [0.0,0.0], [0.0,0.0], [0.0,0.0], [40.0,40.0], [40.0,40.0], [0.0,0.0], [0.0,0.0], [0.0,0.0], [0.0,0.0], [0.0,0.0]]
ENTRY 3 FunctionExit_15 [[100.0,100.0], [10.0,10.0], [0.0,0.0], [0.0,0.0], [0.0,0.0], [0.0,0.0], [0.0,0.0], [40.0,40.0], [40.0,40.0], [0.0,0.0], [0.0,0.0], [0.0,0.0], [0.0,0.0], [0.0,0.0]]
EXIT 3 FunctionExit_15 [[100.0,100.0], [10.0,10.0], [0.0,0.0], [0.0,0.0], [0.0,0.0], [0.0,0.0], [0.0,0.0], [40.0,40.0], [40.0,40.0], [0.0,0.0], [0.0,0.0], [0.0,0.0], [0.0,0.0], [0.0,0.0]]
ENTRY 3 FunctionDefinition_16 [[100.0,100.0], [10.0,10.0], [0.0,0.0], [0.0,0.0], [0.0,0.0], [0.0,0.0], [0.0,0.0], [40.0,40.0], [40.0,40.0], [0.0,0.0], [0.0,0.0], [0.0,0.0], [0.0,0.0], [0.0,0.0]]
EXIT 3 FunctionDefinition_16 [[100.0,100.0], [10.0,10.0], [0.0,0.0], [0.0,0.0], [0.0,0.0], [0.0,0.0], [0.0,0.0], [40.0,40.0], [40.0,40.0], [0.0,0.0], [0.0,0.0], [0.0,0.0], [0.0,0.0], [0.0,0.0]]
ENTRY 3 FunctionEntry_16 [[100.0,100.0], [10.0,10.0], [0.0,0.0], [0.0,0.0], [0.0,0.0], [0.0,0.0], [0.0,0.0], [40.0,40.0], [40.0,40.0], [0.0,0.0], [0.0,0.0], [0.0,0.0], [0.0,0.0], [0.0,0.0]]
EXIT 3 FunctionEntry_16 [[100.0,100.0], [10.0,10.0], [0.0,0.0], [0.0,0.0], [0.0,0.0], [0.0,0.0], [0.0,0.0], [40.0,40.0], [40.0,40.0], [0.0,0.0], [0.0,0.0], [0.0,0.0], [0.0,0.0], [0.0,0.0]]
ENTRY 3 Return_6 [[100.0,100.0], [10.0,10.0], [0.0,0.0], [0.0,0.0], [0.0,0.0], [0.0,0.0], [0.0,0.0], [40.0,40.0], [40.0,40.0], [0.0,0.0], [0.0,0.0], [0.0,0.0], [0.0,0.0], [0.0,0.0]]
EXIT 3 Return_6 [[100.0,100.0], [10.0,10.0], [0.0,0.0], [0.0,0.0], [0.0,0.0], [0.0,0.0], [0.0,0.0], [40.0,40.0], [40.0,40.0], [0.0,0.0], [0.0,0.0], [0.0,0.0], [0.0,0.0], [0.0,0.0]]
ENTRY 3 FunctionExit_16 [[100.0,100.0], [10.0,10.0], [0.0,0.0], [0.0,0.0], [0.0,0.0], [0.0,0.0], [0.0,0.0], [40.0,40.0], [40.0,40.0], [0.0,0.0], [0.0,0.0], [0.0,0.0], [0.0,0.0], [0.0,0.0]]
EXIT 3 FunctionExit_16 [[100.0,100.0], [10.0,10.0], [0.0,0.0], [0.0,0.0], [0.0,0.0], [0.0,0.0], [0.0,0.0], [40.0,40.0], [40.0,40.0], [0.0,0.0], [0.0,0.0], [0.0,0.0], [0.0,0.0], [0.0,0.0]]
ENTRY 3 ContractDefinition_1 [[100.0,100.0], [10.0,10.0], [0.0,0.0], [0.0,0.0], [0.0,0.0], [0.0,0.0], [0.0,0.0], [40.0,40.0], [40.0,40.0], [0.0,0.0], [0.0,0.0], [0.0,0.0], [0.0,0.0], [0.0,0.0]]
EXIT 3 ContractDefinition_1 [[100.0,100.0], [10.0,10.0], [0.0,0.0], [0.0,0.0], [0.0,0.0], [0.0,0.0], [0.0,0.0], [40.0,40.0], [40.0,40.0], [0.0,0.0], [0.0,0.0], [0.0,0.0], [0.0,0.0], [0.0,0.0]]
ENTRY 3 VariableDeclaration_14 [[100.0,100.0], [10.0,10.0], [0.0,0.0], [0.0,0.0], [0.0,0.0], [0.0,0.0], [0.0,0.0], [40.0,40.0], [40.0,40.0], [0.0,0.0], [0.0,0.0], [0.0,0.0], [0.0,0.0], [0.0,0.0]]
EXIT 3 VariableDeclaration_14 [[100.0,100.0], [10.0,10.0], [0.0,0.0], [0.0,0.0], [0.0,0.0], [0.0,0.0], [0.0,0.0], [40.0,40.0], [40.0,40.0], [0.0,0.0], [0.0,0.0], [0.0,0.0], [0.0,0.0], [0.0,0.0]]
ENTRY 3 VariableDeclaration_15 [[100.0,100.0], [10.0,10.0], [0.0,0.0], [0.0,0.0], [0.0,0.0], [0.0,0.0], [0.0,0.0], [40.0,40.0], [40.0,40.0], [0.0,0.0], [0.0,0.0], [0.0,0.0], [0.0,0.0], [0.0,0.0]]
EXIT 3 VariableDeclaration_15 [[100.0,100.0], [10.0,10.0], [0.0,0.0], [0.0,0.0], [0.0,0.0], [0.0,0.0], [0.0,0.0], [40.0,40.0], [40.0,40.0], [0.0,0.0], [0.0,0.0], [0.0,0.0], [0.0,0.0], [0.0,0.0]]
ENTRY 3 FunctionDefinition_17 [[100.0,100.0], [10.0,10.0], [0.0,0.0], [0.0,0.0], [0.0,0.0], [0.0,0.0], [0.0,0.0], [40.0,40.0], [40.0,40.0], [0.0,0.0], [0.0,0.0], [0.0,0.0], [0.0,0.0], [0.0,0.0]]
EXIT 3 FunctionDefinition_17 [[100.0,100.0], [10.0,10.0], [0.0,0.0], [0.0,0.0], [0.0,0.0], [0.0,0.0], [0.0,0.0], [40.0,40.0], [40.0,40.0], [0.0,0.0], [0.0,0.0], [0.0,0.0], [0.0,0.0], [0.0,0.0]]
ENTRY 3 FunctionEntry_17 [[100.0,100.0], [10.0,10.0], [0.0,0.0], [0.0,0.0], [0.0,0.0], [0.0,0.0], [0.0,0.0], [40.0,40.0], [40.0,40.0], [0.0,0.0], [0.0,0.0], [0.0,0.0], [0.0,0.0], [0.0,0.0]]
EXIT 3 FunctionEntry_17 [[100.0,100.0], [10.0,10.0], [0.0,0.0], [0.0,0.0], [0.0,0.0], [0.0,0.0], [0.0,0.0], [40.0,40.0], [40.0,40.0], [0.0,0.0], [0.0,0.0], [0.0,0.0], [0.0,0.0], [0.0,0.0]]
ENTRY 4 SourceEntry_0 [[0.0,0.0], [0.0,0.0], [0.0,0.0], [0.0,0.0], [0.0,0.0], [0.0,0.0], [0.0,0.0], [0.0,0.0], [0.0,0.0], [0.0,0.0], [0.0,0.0], [0.0,0.0], [0.0,0.0], [0.0,0.0]]
EXIT 4 SourceEntry_0 [[100.0,100.0], [10.0,10.0], [0.0,0.0], [0.0,0.0], [0.0,0.0], [0.0,0.0], [0.0,0.0], [40.0,40.0], [40.0,40.0], [0.0,0.0], [0.0,0.0], [0.0,0.0], [0.0,0.0], [0.0,0.0]]
ENTRY 4 SourceUnit_0 [[100.0,100.0], [10.0,10.0], [0.0,0.0], [0.0,0.0], [0.0,0.0], [0.0,0.0], [0.0,0.0], [40.0,40.0], [40.0,40.0], [0.0,0.0], [0.0,0.0], [0.0,0.0], [0.0,0.0], [0.0,0.0]]
EXIT 4 SourceUnit_0 [[100.0,100.0], [10.0,10.0], [0.0,0.0], [0.0,0.0], [0.0,0.0], [0.0,0.0], [0.0,0.0], [40.0,40.0], [40.0,40.0], [0.0,0.0], [0.0,0.0], [0.0,0.0], [0.0,0.0], [0.0,0.0]]
ENTRY 4 PragmaDirective_0 [[100.0,100.0], [10.0,10.0], [0.0,0.0], [0.0,0.0], [0.0,0.0], [0.0,0.0], [0.0,0.0], [40.0,40.0], [40.0,40.0], [0.0,0.0], [0.0,0.0], [0.0,0.0], [0.0,0.0], [0.0,0.0]]
EXIT 4 PragmaDirective_0 [[100.0,100.0], [10.0,10.0], [0.0,0.0], [0.0,0.0], [0.0,0.0], [0.0,0.0], [0.0,0.0], [40.0,40.0], [40.0,40.0], [0.0,0.0], [0.0,0.0], [0.0,0.0], [0.0,0.0], [0.0,0.0]]
ENTRY 4 SourceExit_0 [[100.0,100.0], [10.0,10.0], [0.0,2.0], [0.0,10.0], [0.0,0.0], [0.0,0.0], [-Infinity,Infinity], [0.0,40.0], [0.0,40.0], [-Infinity,Infinity], [0.0,0.0], [0.0,40.0], [-Infinity,Infinity], [-Infinity,Infinity]]
EXIT 4 SourceExit_0 [[100.0,100.0], [10.0,10.0], [0.0,0.0], [0.0,0.0], [0.0,0.0], [0.0,0.0], [0.0,0.0], [40.0,40.0], [40.0,40.0], [0.0,0.0], [0.0,0.0], [0.0,40.0], [-Infinity,Infinity], [-Infinity,Infinity]]
ENTRY 4 ContractDefinition_0 [[100.0,100.0], [10.0,10.0], [0.0,0.0], [0.0,0.0], [0.0,0.0], [0.0,0.0], [0.0,0.0], [40.0,40.0], [40.0,40.0], [0.0,0.0], [0.0,0.0], [0.0,0.0], [0.0,0.0], [0.0,0.0]]
EXIT 4 ContractDefinition_0 [[100.0,100.0], [10.0,10.0], [0.0,0.0], [0.0,0.0], [0.0,0.0], [0.0,0.0], [0.0,0.0], [40.0,40.0], [40.0,40.0], [0.0,0.0], [0.0,0.0], [0.0,0.0], [0.0,0.0], [0.0,0.0]]
ENTRY 4 VariableDeclaration_0 [[100.0,100.0], [10.0,10.0], [0.0,0.0], [0.0,0.0], [0.0,0.0], [0.0,0.0], [0.0,0.0], [40.0,40.0], [40.0,40.0], [0.0,0.0], [0.0,0.0], [0.0,0.0], [0.0,0.0], [0.0,0.0]]
EXIT 4 VariableDeclaration_0 [[100.0,100.0], [10.0,10.0], [0.0,0.0], [0.0,0.0], [0.0,0.0], [0.0,0.0], [0.0,0.0], [40.0,40.0], [40.0,40.0], [0.0,0.0], [0.0,0.0], [0.0,0.0], [0.0,0.0], [0.0,0.0]]
ENTRY 4 VariableDeclaration_1 [[100.0,100.0], [10.0,10.0], [0.0,0.0], [0.0,0.0], [0.0,0.0], [0.0,0.0], [0.0,0.0], [40.0,40.0], [40.0,40.0], [0.0,0.0], [0.0,0.0], [0.0,0.0], [0.0,0.0], [0.0,0.0]]
EXIT 4 VariableDeclaration_1 [[100.0,100.0], [10.0,10.0], [0.0,0.0], [0.0,0.0], [0.0,0.0], [0.0,0.0], [0.0,0.0], [40.0,40.0], [40.0,40.0], [0.0,0.0], [0.0,0.0], [0.0,0.0], [0.0,0.0], [0.0,0.0]]
ENTRY 4 ModifierDefinition_0 [[100.0,100.0], [10.0,10.0], [0.0,0.0], [0.0,0.0], [0.0,0.0], [0.0,0.0], [0.0,0.0], [40.0,40.0], [40.0,40.0], [0.0,0.0], [0.0,0.0], [0.0,0.0], [0.0,0.0], [0.0,0.0]]
EXIT 4 ModifierDefinition_0 [[100.0,100.0], [10.0,10.0], [0.0,0.0], [0.0,0.0], [0.0,0.0], [0.0,0.0], [0.0,0.0], [40.0,40.0], [40.0,40.0], [0.0,0.0], [0.0,0.0], [0.0,0.0], [0.0,0.0], [0.0,0.0]]
ENTRY 4 ModifierDefinition_1 [[100.0,100.0], [10.0,10.0], [0.0,0.0], [0.0,0.0], [0.0,0.0], [0.0,0.0], [0.0,0.0], [40.0,40.0], [40.0,40.0], [0.0,0.0], [0.0,0.0], [0.0,0.0], [0.0,0.0], [0.0,0.0]]
EXIT 4 ModifierDefinition_1 [[100.0,100.0], [10.0,10.0], [0.0,0.0], [0.0,0.0], [0.0,0.0], [0.0,0.0], [0.0,0.0], [40.0,40.0], [40.0,40.0], [0.0,0.0], [0.0,0.0], [0.0,0.0], [0.0,0.0], [0.0,0.0]]
ENTRY 4 ModifierDefinition_2 [[100.0,100.0], [10.0,10.0], [0.0,0.0], [0.0,0.0], [0.0,0.0], [0.0,0.0], [0.0,0.0], [40.0,40.0], [40.0,40.0], [0.0,0.0], [0.0,0.0], [0.0,0.0], [0.0,0.0], [0.0,0.0]]
EXIT 4 ModifierDefinition_2 [[100.0,100.0], [10.0,10.0], [0.0,0.0], [0.0,0.0], [0.0,0.0], [0.0,0.0], [0.0,0.0], [40.0,40.0], [40.0,40.0], [0.0,0.0], [0.0,0.0], [0.0,0.0], [0.0,0.0], [0.0,0.0]]
ENTRY 4 ModifierDefinition_3 [[100.0,100.0], [10.0,10.0], [0.0,0.0], [0.0,0.0], [0.0,0.0], [0.0,0.0], [0.0,0.0], [40.0,40.0], [40.0,40.0], [0.0,0.0], [0.0,0.0], [0.0,0.0], [0.0,0.0], [0.0,0.0]]
EXIT 4 ModifierDefinition_3 [[100.0,100.0], [10.0,10.0], [0.0,0.0], [0.0,0.0], [0.0,0.0], [0.0,0.0], [0.0,0.0], [40.0,40.0], [40.0,40.0], [0.0,0.0], [0.0,0.0], [0.0,0.0], [0.0,0.0], [0.0,0.0]]
ENTRY 4 EventDefinition_0 [[100.0,100.0], [10.0,10.0], [0.0,0.0], [0.0,0.0], [0.0,0.0], [0.0,0.0], [0.0,0.0], [40.0,40.0], [40.0,40.0], [0.0,0.0], [0.0,0.0], [0.0,0.0], [0.0,0.0], [0.0,0.0]]
EXIT 4 EventDefinition_0 [[100.0,100.0], [10.0,10.0], [0.0,0.0], [0.0,0.0], [0.0,0.0], [0.0,0.0], [0.0,0.0], [40.0,40.0], [40.0,40.0], [0.0,0.0], [0.0,0.0], [0.0,0.0], [0.0,0.0], [0.0,0.0]]
ENTRY 4 EventDefinition_1 [[100.0,100.0], [10.0,10.0], [0.0,0.0], [0.0,0.0], [0.0,0.0], [0.0,0.0], [0.0,0.0], [40.0,40.0], [40.0,40.0], [0.0,0.0], [0.0,0.0], [0.0,0.0], [0.0,0.0], [0.0,0.0]]
EXIT 4 EventDefinition_1 [[100.0,100.0], [10.0,10.0], [0.0,0.0], [0.0,0.0], [0.0,0.0], [0.0,0.0], [0.0,0.0], [40.0,40.0], [40.0,40.0], [0.0,0.0], [0.0,0.0], [0.0,0.0], [0.0,0.0], [0.0,0.0]]
ENTRY 4 EventDefinition_2 [[100.0,100.0], [10.0,10.0], [0.0,0.0], [0.0,0.0], [0.0,0.0], [0.0,0.0], [0.0,0.0], [40.0,40.0], [40.0,40.0], [0.0,0.0], [0.0,0.0], [0.0,0.0], [0.0,0.0], [0.0,0.0]]
EXIT 4 EventDefinition_2 [[100.0,100.0], [10.0,10.0], [0.0,0.0], [0.0,0.0], [0.0,0.0], [0.0,0.0], [0.0,0.0], [40.0,40.0], [40.0,40.0], [0.0,0.0], [0.0,0.0], [0.0,0.0], [0.0,0.0], [0.0,0.0]]
ENTRY 4 EventDefinition_3 [[100.0,100.0], [10.0,10.0], [0.0,0.0], [0.0,0.0], [0.0,0.0], [0.0,0.0], [0.0,0.0], [40.0,40.0], [40.0,40.0], [0.0,0.0], [0.0,0.0], [0.0,0.0], [0.0,0.0], [0.0,0.0]]
EXIT 4 EventDefinition_3 [[100.0,100.0], [10.0,10.0], [0.0,0.0], [0.0,0.0], [0.0,0.0], [0.0,0.0], [0.0,0.0], [40.0,40.0], [40.0,40.0], [0.0,0.0], [0.0,0.0], [0.0,0.0], [0.0,0.0], [0.0,0.0]]
ENTRY 4 EventDefinition_4 [[100.0,100.0], [10.0,10.0], [0.0,0.0], [0.0,0.0], [0.0,0.0], [0.0,0.0], [0.0,0.0], [40.0,40.0], [40.0,40.0], [0.0,0.0], [0.0,0.0], [0.0,0.0], [0.0,0.0], [0.0,0.0]]
EXIT 4 EventDefinition_4 [[100.0,100.0], [10.0,10.0], [0.0,0.0], [0.0,0.0], [0.0,0.0], [0.0,0.0], [0.0,0.0], [40.0,40.0], [40.0,40.0], [0.0,0.0], [0.0,0.0], [0.0,0.0], [0.0,0.0], [0.0,0.0]]
ENTRY 4 EventDefinition_5 [[100.0,100.0], [10.0,10.0], [0.0,0.0], [0.0,0.0], [0.0,0.0], [0.0,0.0], [0.0,0.0], [40.0,40.0], [40.0,40.0], [0.0,0.0], [0.0,0.0], [0.0,0.0], [0.0,0.0], [0.0,0.0]]
EXIT 4 EventDefinition_5 [[100.0,100.0], [10.0,10.0], [0.0,0.0], [0.0,0.0], [0.0,0.0], [0.0,0.0], [0.0,0.0], [40.0,40.0], [40.0,40.0], [0.0,0.0], [0.0,0.0], [0.0,0.0], [0.0,0.0], [0.0,0.0]]
ENTRY 4 VariableDeclaration_2 [[100.0,100.0], [10.0,10.0], [0.0,0.0], [0.0,0.0], [0.0,0.0], [0.0,0.0], [0.0,0.0], [40.0,40.0], [40.0,40.0], [0.0,0.0], [0.0,0.0], [0.0,0.0], [0.0,0.0], [0.0,0.0]]
EXIT 4 VariableDeclaration_2 [[100.0,100.0], [10.0,10.0], [0.0,0.0], [0.0,0.0], [0.0,0.0], [0.0,0.0], [0.0,0.0], [40.0,40.0], [40.0,40.0], [0.0,0.0], [0.0,0.0], [0.0,0.0], [0.0,0.0], [0.0,0.0]]
ENTRY 4 VariableDeclaration_3 [[100.0,100.0], [10.0,10.0], [0.0,0.0], [0.0,0.0], [0.0,0.0], [0.0,0.0], [0.0,0.0], [40.0,40.0], [40.0,40.0], [0.0,0.0], [0.0,0.0], [0.0,0.0], [0.0,0.0], [0.0,0.0]]
EXIT 4 VariableDeclaration_3 [[100.0,100.0], [10.0,10.0], [0.0,0.0], [0.0,0.0], [0.0,0.0], [0.0,0.0], [0.0,0.0], [40.0,40.0], [40.0,40.0], [0.0,0.0], [0.0,0.0], [0.0,0.0], [0.0,0.0], [0.0,0.0]]
ENTRY 4 VariableDeclaration_4 [[100.0,100.0], [10.0,10.0], [0.0,0.0], [0.0,0.0], [0.0,0.0], [0.0,0.0], [0.0,0.0], [40.0,40.0], [40.0,40.0], [0.0,0.0], [0.0,0.0], [0.0,0.0], [0.0,0.0], [0.0,0.0]]
EXIT 4 VariableDeclaration_4 [[100.0,100.0], [10.0,10.0], [0.0,0.0], [0.0,0.0], [0.0,0.0], [0.0,0.0], [0.0,0.0], [40.0,40.0], [40.0,40.0], [0.0,0.0], [0.0,0.0], [0.0,0.0], [0.0,0.0], [0.0,0.0]]
ENTRY 4 VariableDeclaration_5 [[100.0,100.0], [10.0,10.0], [0.0,0.0], [0.0,0.0], [0.0,0.0], [0.0,0.0], [0.0,0.0], [40.0,40.0], [40.0,40.0], [0.0,0.0], [0.0,0.0], [0.0,0.0], [0.0,0.0], [0.0,0.0]]
EXIT 4 VariableDeclaration_5 [[100.0,100.0], [10.0,10.0], [0.0,0.0], [0.0,0.0], [0.0,0.0], [0.0,0.0], [0.0,0.0], [40.0,40.0], [40.0,40.0], [0.0,0.0], [0.0,0.0], [0.0,0.0], [0.0,0.0], [0.0,0.0]]
ENTRY 4 VariableDeclaration_6 [[100.0,100.0], [10.0,10.0], [0.0,0.0], [0.0,0.0], [0.0,0.0], [0.0,0.0], [0.0,0.0], [40.0,40.0], [40.0,40.0], [0.0,0.0], [0.0,0.0], [0.0,0.0], [0.0,0.0], [0.0,0.0]]
EXIT 4 VariableDeclaration_6 [[100.0,100.0], [10.0,10.0], [0.0,0.0], [0.0,0.0], [0.0,0.0], [0.0,0.0], [0.0,0.0], [40.0,40.0], [40.0,40.0], [0.0,0.0], [0.0,0.0], [0.0,0.0], [0.0,0.0], [0.0,0.0]]
ENTRY 4 VariableDeclaration_7 [[100.0,100.0], [10.0,10.0], [0.0,0.0], [0.0,0.0], [0.0,0.0], [0.0,0.0], [0.0,0.0], [40.0,40.0], [40.0,40.0], [0.0,0.0], [0.0,0.0], [0.0,0.0], [0.0,0.0], [0.0,0.0]]
EXIT 4 VariableDeclaration_7 [[100.0,100.0], [10.0,10.0], [0.0,0.0], [0.0,0.0], [0.0,0.0], [0.0,0.0], [0.0,0.0], [40.0,40.0], [40.0,40.0], [0.0,0.0], [0.0,0.0], [0.0,0.0], [0.0,0.0], [0.0,0.0]]
ENTRY 4 VariableDeclaration_8 [[100.0,100.0], [10.0,10.0], [0.0,0.0], [0.0,0.0], [0.0,0.0], [0.0,0.0], [0.0,0.0], [40.0,40.0], [40.0,40.0], [0.0,0.0], [0.0,0.0], [0.0,0.0], [0.0,0.0], [0.0,0.0]]
EXIT 4 VariableDeclaration_8 [[100.0,100.0], [10.0,10.0], [0.0,0.0], [0.0,0.0], [0.0,0.0], [0.0,0.0], [0.0,0.0], [40.0,40.0], [40.0,40.0], [0.0,0.0], [0.0,0.0], [0.0,0.0], [0.0,0.0], [0.0,0.0]]
ENTRY 4 VariableDeclaration_9 [[100.0,100.0], [10.0,10.0], [0.0,0.0], [0.0,0.0], [0.0,0.0], [0.0,0.0], [0.0,0.0], [40.0,40.0], [40.0,40.0], [0.0,0.0], [0.0,0.0], [0.0,0.0], [0.0,0.0], [0.0,0.0]]
EXIT 4 VariableDeclaration_9 [[100.0,100.0], [10.0,10.0], [0.0,0.0], [0.0,0.0], [0.0,0.0], [0.0,0.0], [0.0,0.0], [40.0,40.0], [40.0,40.0], [0.0,0.0], [0.0,0.0], [0.0,0.0], [0.0,0.0], [0.0,0.0]]
ENTRY 4 VariableDeclaration_10 [[100.0,100.0], [10.0,10.0], [0.0,0.0], [0.0,0.0], [0.0,0.0], [0.0,0.0], [0.0,0.0], [40.0,40.0], [40.0,40.0], [0.0,0.0], [0.0,0.0], [0.0,0.0], [0.0,0.0], [0.0,0.0]]
EXIT 4 VariableDeclaration_10 [[100.0,100.0], [10.0,10.0], [0.0,0.0], [0.0,0.0], [0.0,0.0], [0.0,0.0], [0.0,0.0], [40.0,40.0], [40.0,40.0], [0.0,0.0], [0.0,0.0], [0.0,0.0], [0.0,0.0], [0.0,0.0]]
ENTRY 4 FunctionDefinition_0 [[100.0,100.0], [10.0,10.0], [0.0,0.0], [0.0,0.0], [0.0,0.0], [0.0,0.0], [0.0,0.0], [40.0,40.0], [40.0,40.0], [0.0,0.0], [0.0,0.0], [0.0,0.0], [0.0,0.0], [0.0,0.0]]
EXIT 4 FunctionDefinition_0 [[100.0,100.0], [10.0,10.0], [0.0,0.0], [0.0,0.0], [0.0,0.0], [0.0,0.0], [0.0,0.0], [40.0,40.0], [40.0,40.0], [0.0,0.0], [0.0,0.0], [0.0,0.0], [0.0,0.0], [0.0,0.0]]
ENTRY 4 FunctionEntry_0 [[100.0,100.0], [10.0,10.0], [0.0,0.0], [0.0,0.0], [0.0,0.0], [0.0,0.0], [0.0,0.0], [40.0,40.0], [40.0,40.0], [0.0,0.0], [0.0,0.0], [0.0,0.0], [0.0,0.0], [0.0,0.0]]
EXIT 4 FunctionEntry_0 [[100.0,100.0], [10.0,10.0], [0.0,0.0], [0.0,0.0], [0.0,0.0], [0.0,0.0], [0.0,0.0], [40.0,40.0], [40.0,40.0], [0.0,0.0], [0.0,0.0], [0.0,0.0], [0.0,0.0], [0.0,0.0]]
ENTRY 4 ExpressionStatement_0 [[100.0,100.0], [10.0,10.0], [0.0,0.0], [0.0,0.0], [0.0,0.0], [0.0,0.0], [0.0,0.0], [40.0,40.0], [40.0,40.0], [0.0,0.0], [0.0,0.0], [0.0,0.0], [0.0,0.0], [0.0,0.0]]
EXIT 4 ExpressionStatement_0 [[100.0,100.0], [10.0,10.0], [0.0,0.0], [0.0,0.0], [0.0,0.0], [0.0,0.0], [0.0,0.0], [40.0,40.0], [40.0,40.0], [-Infinity,Infinity], [0.0,0.0], [0.0,0.0], [0.0,0.0], [0.0,0.0]]
ENTRY 4 ExpressionStatement_1 [[100.0,100.0], [10.0,10.0], [0.0,0.0], [0.0,0.0], [0.0,0.0], [0.0,0.0], [0.0,0.0], [40.0,40.0], [40.0,40.0], [-Infinity,Infinity], [0.0,0.0], [0.0,0.0], [0.0,0.0], [0.0,0.0]]
EXIT 4 ExpressionStatement_1 [[100.0,100.0], [10.0,10.0], [0.0,0.0], [0.0,0.0], [0.0,0.0], [0.0,0.0], [-Infinity,Infinity], [40.0,40.0], [40.0,40.0], [-Infinity,Infinity], [0.0,0.0], [0.0,0.0], [0.0,0.0], [0.0,0.0]]
ENTRY 4 ExpressionStatement_2 [[100.0,100.0], [10.0,10.0], [0.0,0.0], [0.0,0.0], [0.0,0.0], [0.0,0.0], [-Infinity,Infinity], [40.0,40.0], [40.0,40.0], [-Infinity,Infinity], [0.0,0.0], [0.0,0.0], [0.0,0.0], [0.0,0.0]]
EXIT 4 ExpressionStatement_2 [[100.0,100.0], [10.0,10.0], [2.0,2.0], [0.0,0.0], [0.0,0.0], [0.0,0.0], [-Infinity,Infinity], [40.0,40.0], [40.0,40.0], [-Infinity,Infinity], [0.0,0.0], [0.0,0.0], [0.0,0.0], [0.0,0.0]]
ENTRY 4 ExpressionStatement_3 [[100.0,100.0], [10.0,10.0], [2.0,2.0], [0.0,0.0], [0.0,0.0], [0.0,0.0], [-Infinity,Infinity], [40.0,40.0], [40.0,40.0], [-Infinity,Infinity], [0.0,0.0], [0.0,0.0], [0.0,0.0], [0.0,0.0]]
EXIT 4 ExpressionStatement_3 [[100.0,100.0], [10.0,10.0], [2.0,2.0], [0.0,0.0], [0.0,0.0], [0.0,0.0], [-Infinity,Infinity], [40.0,40.0], [40.0,40.0], [-Infinity,Infinity], [0.0,0.0], [0.0,0.0], [0.0,0.0], [0.0,0.0]]
ENTRY 4 ExpressionStatement_4 [[100.0,100.0], [10.0,10.0], [2.0,2.0], [0.0,0.0], [0.0,0.0], [0.0,0.0], [-Infinity,Infinity], [40.0,40.0], [40.0,40.0], [-Infinity,Infinity], [0.0,0.0], [0.0,0.0], [0.0,0.0], [0.0,0.0]]
EXIT 4 ExpressionStatement_4 [[100.0,100.0], [10.0,10.0], [2.0,2.0], [10.0,10.0], [0.0,0.0], [0.0,0.0], [-Infinity,Infinity], [40.0,40.0], [40.0,40.0], [-Infinity,Infinity], [0.0,0.0], [0.0,0.0], [0.0,0.0], [0.0,0.0]]
ENTRY 4 FunctionExit_0 [[100.0,100.0], [10.0,10.0], [2.0,2.0], [10.0,10.0], [0.0,0.0], [0.0,0.0], [-Infinity,Infinity], [40.0,40.0], [40.0,40.0], [-Infinity,Infinity], [0.0,0.0], [0.0,0.0], [0.0,0.0], [0.0,0.0]]
EXIT 4 FunctionExit_0 [[100.0,100.0], [10.0,10.0], [2.0,2.0], [10.0,10.0], [0.0,0.0], [0.0,0.0], [-Infinity,Infinity], [40.0,40.0], [40.0,40.0], [-Infinity,Infinity], [0.0,0.0], [0.0,0.0], [0.0,0.0], [0.0,0.0]]
ENTRY 4 FunctionDefinition_1 [[100.0,100.0], [10.0,10.0], [2.0,2.0], [10.0,10.0], [0.0,0.0], [0.0,0.0], [-Infinity,Infinity], [40.0,40.0], [40.0,40.0], [-Infinity,Infinity], [0.0,0.0], [0.0,0.0], [0.0,0.0], [0.0,0.0]]
EXIT 4 FunctionDefinition_1 [[100.0,100.0], [10.0,10.0], [2.0,2.0], [10.0,10.0], [0.0,0.0], [0.0,0.0], [-Infinity,Infinity], [40.0,40.0], [40.0,40.0], [-Infinity,Infinity], [0.0,0.0], [0.0,0.0], [0.0,0.0], [0.0,0.0]]
ENTRY 4 FunctionEntry_1 [[100.0,100.0], [10.0,10.0], [2.0,2.0], [10.0,10.0], [0.0,0.0], [0.0,0.0], [-Infinity,Infinity], [40.0,40.0], [40.0,40.0], [-Infinity,Infinity], [0.0,0.0], [0.0,0.0], [0.0,0.0], [0.0,0.0]]
EXIT 4 FunctionEntry_1 [[100.0,100.0], [10.0,10.0], [2.0,2.0], [10.0,10.0], [0.0,0.0], [0.0,0.0], [-Infinity,Infinity], [40.0,40.0], [40.0,40.0], [-Infinity,Infinity], [0.0,0.0], [0.0,0.0], [0.0,0.0], [0.0,0.0]]
ENTRY 4 ExpressionStatement_5 [[100.0,100.0], [10.0,10.0], [2.0,2.0], [10.0,10.0], [0.0,0.0], [0.0,0.0], [-Infinity,Infinity], [40.0,40.0], [40.0,40.0], [-Infinity,Infinity], [0.0,0.0], [0.0,0.0], [0.0,0.0], [0.0,0.0]]
EXIT 4 ExpressionStatement_5 [[100.0,100.0], [10.0,10.0], [2.0,2.0], [10.0,10.0], [0.0,0.0], [0.0,0.0], [-Infinity,Infinity], [40.0,40.0], [40.0,40.0], [-Infinity,Infinity], [0.0,0.0], [0.0,0.0], [0.0,0.0], [0.0,0.0]]
ENTRY 4 FunctionExit_1 [[100.0,100.0], [10.0,10.0], [2.0,2.0], [10.0,10.0], [0.0,0.0], [0.0,0.0], [-Infinity,Infinity], [40.0,40.0], [40.0,40.0], [-Infinity,Infinity], [0.0,0.0], [0.0,0.0], [0.0,0.0], [0.0,0.0]]
EXIT 4 FunctionExit_1 [[100.0,100.0], [10.0,10.0], [2.0,2.0], [10.0,10.0], [0.0,0.0], [0.0,0.0], [-Infinity,Infinity], [40.0,40.0], [40.0,40.0], [-Infinity,Infinity], [0.0,0.0], [0.0,0.0], [0.0,0.0], [0.0,0.0]]
ENTRY 4 FunctionDefinition_2 [[100.0,100.0], [10.0,10.0], [2.0,2.0], [10.0,10.0], [0.0,0.0], [0.0,0.0], [-Infinity,Infinity], [40.0,40.0], [40.0,40.0], [-Infinity,Infinity], [0.0,0.0], [0.0,0.0], [0.0,0.0], [0.0,0.0]]
EXIT 4 FunctionDefinition_2 [[100.0,100.0], [10.0,10.0], [2.0,2.0], [10.0,10.0], [0.0,0.0], [0.0,0.0], [-Infinity,Infinity], [40.0,40.0], [40.0,40.0], [-Infinity,Infinity], [0.0,0.0], [0.0,0.0], [0.0,0.0], [0.0,0.0]]
ENTRY 4 FunctionEntry_2 [[100.0,100.0], [10.0,10.0], [2.0,2.0], [10.0,10.0], [0.0,0.0], [0.0,0.0], [-Infinity,Infinity], [40.0,40.0], [40.0,40.0], [-Infinity,Infinity], [0.0,0.0], [0.0,0.0], [0.0,0.0], [0.0,0.0]]
EXIT 4 FunctionEntry_2 [[100.0,100.0], [10.0,10.0], [2.0,2.0], [10.0,10.0], [0.0,0.0], [0.0,0.0], [-Infinity,Infinity], [40.0,40.0], [40.0,40.0], [-Infinity,Infinity], [0.0,0.0], [0.0,0.0], [0.0,0.0], [0.0,0.0]]
ENTRY 4 ExpressionStatement_6 [[100.0,100.0], [10.0,10.0], [2.0,2.0], [10.0,10.0], [0.0,0.0], [0.0,0.0], [-Infinity,Infinity], [40.0,40.0], [40.0,40.0], [-Infinity,Infinity], [0.0,0.0], [0.0,0.0], [0.0,0.0], [0.0,0.0]]
EXIT 4 ExpressionStatement_6 [[100.0,100.0], [10.0,10.0], [2.0,2.0], [20.0,20.0], [0.0,0.0], [0.0,0.0], [-Infinity,Infinity], [40.0,40.0], [40.0,40.0], [-Infinity,Infinity], [0.0,0.0], [0.0,0.0], [0.0,0.0], [0.0,0.0]]
ENTRY 4 EmitStatement_0 [[100.0,100.0], [10.0,10.0], [2.0,2.0], [20.0,20.0], [0.0,0.0], [0.0,0.0], [-Infinity,Infinity], [40.0,40.0], [40.0,40.0], [-Infinity,Infinity], [0.0,0.0], [0.0,0.0], [0.0,0.0], [0.0,0.0]]
EXIT 4 EmitStatement_0 [[100.0,100.0], [10.0,10.0], [0.0,0.0], [0.0,0.0], [0.0,0.0], [0.0,0.0], [0.0,0.0], [40.0,40.0], [40.0,40.0], [0.0,0.0], [0.0,0.0], [0.0,0.0], [0.0,0.0], [0.0,0.0]]
ENTRY 4 FunctionExit_2 [[100.0,100.0], [10.0,10.0], [0.0,0.0], [0.0,0.0], [0.0,0.0], [0.0,0.0], [0.0,0.0], [40.0,40.0], [40.0,40.0], [0.0,0.0], [0.0,0.0], [0.0,0.0], [0.0,0.0], [0.0,0.0]]
EXIT 4 FunctionExit_2 [[100.0,100.0], [10.0,10.0], [0.0,0.0], [0.0,0.0], [0.0,0.0], [0.0,0.0], [0.0,0.0], [40.0,40.0], [40.0,40.0], [0.0,0.0], [0.0,0.0], [0.0,0.0], [0.0,0.0], [0.0,0.0]]
ENTRY 4 FunctionDefinition_3 [[100.0,100.0], [10.0,10.0], [0.0,0.0], [0.0,0.0], [0.0,0.0], [0.0,0.0], [0.0,0.0], [40.0,40.0], [40.0,40.0], [0.0,0.0], [0.0,0.0], [0.0,0.0], [0.0,0.0], [0.0,0.0]]
EXIT 4 FunctionDefinition_3 [[100.0,100.0], [10.0,10.0], [0.0,0.0], [0.0,0.0], [0.0,0.0], [0.0,0.0], [0.0,0.0], [40.0,40.0], [40.0,40.0], [0.0,0.0], [0.0,0.0], [0.0,0.0], [0.0,0.0], [0.0,0.0]]
ENTRY 4 FunctionEntry_3 [[100.0,100.0], [10.0,10.0], [0.0,0.0], [0.0,0.0], [0.0,0.0], [0.0,0.0], [0.0,0.0], [40.0,40.0], [40.0,40.0], [0.0,0.0], [0.0,0.0], [0.0,0.0], [0.0,0.0], [0.0,0.0]]
EXIT 4 FunctionEntry_3 [[100.0,100.0], [10.0,10.0], [0.0,0.0], [0.0,0.0], [0.0,0.0], [0.0,0.0], [0.0,0.0], [40.0,40.0], [40.0,40.0], [0.0,0.0], [0.0,0.0], [0.0,0.0], [0.0,0.0], [0.0,0.0]]
ENTRY 4 ExpressionStatement_7 [[100.0,100.0], [10.0,10.0], [0.0,0.0], [0.0,0.0], [0.0,0.0], [0.0,0.0], [0.0,0.0], [40.0,40.0], [40.0,40.0], [0.0,0.0], [0.0,0.0], [0.0,0.0], [0.0,0.0], [0.0,0.0]]
EXIT 4 ExpressionStatement_7 [[100.0,100.0], [10.0,10.0], [0.0,0.0], [0.0,0.0], [20.0,20.0], [0.0,0.0], [0.0,0.0], [40.0,40.0], [40.0,40.0], [0.0,0.0], [0.0,0.0], [0.0,0.0], [0.0,0.0], [0.0,0.0]]
ENTRY 4 EmitStatement_1 [[100.0,100.0], [10.0,10.0], [0.0,0.0], [0.0,0.0], [20.0,20.0], [0.0,0.0], [0.0,0.0], [40.0,40.0], [40.0,40.0], [0.0,0.0], [0.0,0.0], [0.0,0.0], [0.0,0.0], [0.0,0.0]]
EXIT 4 EmitStatement_1 [[100.0,100.0], [10.0,10.0], [0.0,0.0], [0.0,0.0], [0.0,0.0], [0.0,0.0], [0.0,0.0], [40.0,40.0], [40.0,40.0], [0.0,0.0], [0.0,0.0], [0.0,0.0], [0.0,0.0], [0.0,0.0]]
ENTRY 4 FunctionExit_3 [[100.0,100.0], [10.0,10.0], [0.0,0.0], [0.0,0.0], [0.0,0.0], [0.0,0.0], [0.0,0.0], [40.0,40.0], [40.0,40.0], [0.0,0.0], [0.0,0.0], [0.0,0.0], [0.0,0.0], [0.0,0.0]]
EXIT 4 FunctionExit_3 [[100.0,100.0], [10.0,10.0], [0.0,0.0], [0.0,0.0], [0.0,0.0], [0.0,0.0], [0.0,0.0], [40.0,40.0], [40.0,40.0], [0.0,0.0], [0.0,0.0], [0.0,0.0], [0.0,0.0], [0.0,0.0]]
ENTRY 4 FunctionDefinition_4 [[100.0,100.0], [10.0,10.0], [0.0,0.0], [0.0,0.0], [0.0,0.0], [0.0,0.0], [0.0,0.0], [40.0,40.0], [40.0,40.0], [0.0,0.0], [0.0,0.0], [0.0,0.0], [0.0,0.0], [0.0,0.0]]
EXIT 4 FunctionDefinition_4 [[100.0,100.0], [10.0,10.0], [0.0,0.0], [0.0,0.0], [0.0,0.0], [0.0,0.0], [0.0,0.0], [40.0,40.0], [40.0,40.0], [0.0,0.0], [0.0,0.0], [0.0,0.0], [0.0,0.0], [0.0,0.0]]
ENTRY 4 FunctionEntry_4 [[100.0,100.0], [10.0,10.0], [0.0,0.0], [0.0,0.0], [0.0,0.0], [0.0,0.0], [0.0,0.0], [40.0,40.0], [40.0,40.0], [0.0,0.0], [0.0,0.0], [0.0,0.0], [0.0,0.0], [0.0,0.0]]
EXIT 4 FunctionEntry_4 [[100.0,100.0], [10.0,10.0], [0.0,0.0], [0.0,0.0], [0.0,0.0], [0.0,0.0], [0.0,0.0], [40.0,40.0], [40.0,40.0], [0.0,0.0], [0.0,0.0], [0.0,0.0], [0.0,0.0], [0.0,0.0]]
ENTRY 4 FunctionExit_4 [[100.0,100.0], [10.0,10.0], [0.0,0.0], [0.0,0.0], [0.0,0.0], [0.0,0.0], [0.0,0.0], [40.0,40.0], [40.0,40.0], [0.0,0.0], [0.0,0.0], [0.0,0.0], [0.0,0.0], [0.0,0.0]]
EXIT 4 FunctionExit_4 [[100.0,100.0], [10.0,10.0], [0.0,0.0], [0.0,0.0], [0.0,0.0], [0.0,0.0], [0.0,0.0], [40.0,40.0], [40.0,40.0], [0.0,0.0], [0.0,0.0], [0.0,0.0], [0.0,0.0], [0.0,0.0]]
ENTRY 4 FunctionDefinition_5 [[100.0,100.0], [10.0,10.0], [0.0,0.0], [0.0,0.0], [0.0,0.0], [0.0,0.0], [0.0,0.0], [40.0,40.0], [40.0,40.0], [0.0,0.0], [0.0,0.0], [0.0,0.0], [0.0,0.0], [0.0,0.0]]
EXIT 4 FunctionDefinition_5 [[100.0,100.0], [10.0,10.0], [0.0,0.0], [0.0,0.0], [0.0,0.0], [0.0,0.0], [0.0,0.0], [40.0,40.0], [40.0,40.0], [0.0,0.0], [0.0,0.0], [0.0,0.0], [0.0,0.0], [0.0,0.0]]
ENTRY 4 FunctionEntry_5 [[100.0,100.0], [10.0,10.0], [0.0,0.0], [0.0,0.0], [0.0,0.0], [0.0,0.0], [0.0,0.0], [40.0,40.0], [40.0,40.0], [0.0,0.0], [0.0,0.0], [0.0,0.0], [0.0,0.0], [0.0,0.0]]
EXIT 4 FunctionEntry_5 [[100.0,100.0], [10.0,10.0], [0.0,0.0], [0.0,0.0], [0.0,0.0], [0.0,0.0], [0.0,0.0], [40.0,40.0], [40.0,40.0], [0.0,0.0], [0.0,0.0], [0.0,0.0], [0.0,0.0], [0.0,0.0]]
ENTRY 4 ExpressionStatement_8 [[100.0,100.0], [10.0,10.0], [0.0,0.0], [0.0,0.0], [0.0,0.0], [0.0,0.0], [0.0,0.0], [40.0,40.0], [40.0,40.0], [0.0,0.0], [0.0,0.0], [0.0,0.0], [0.0,0.0], [0.0,0.0]]
EXIT 4 ExpressionStatement_8 [[100.0,100.0], [10.0,10.0], [0.0,0.0], [0.0,0.0], [0.0,0.0], [0.0,0.0], [0.0,0.0], [40.0,40.0], [40.0,40.0], [0.0,0.0], [0.0,0.0], [0.0,0.0], [0.0,0.0], [0.0,0.0]]
ENTRY 4 ExpressionStatement_9 [[100.0,100.0], [10.0,10.0], [0.0,0.0], [0.0,0.0], [0.0,0.0], [0.0,0.0], [0.0,0.0], [40.0,40.0], [40.0,40.0], [0.0,0.0], [0.0,0.0], [0.0,0.0], [0.0,0.0], [0.0,0.0]]
EXIT 4 ExpressionStatement_9 [[100.0,100.0], [10.0,10.0], [0.0,0.0], [0.0,0.0], [0.0,0.0], [0.0,0.0], [0.0,0.0], [40.0,40.0], [40.0,40.0], [0.0,0.0], [0.0,0.0], [0.0,0.0], [0.0,0.0], [0.0,0.0]]
ENTRY 4 ExpressionStatement_10 [[100.0,100.0], [10.0,10.0], [0.0,0.0], [0.0,0.0], [0.0,0.0], [0.0,0.0], [0.0,0.0], [40.0,40.0], [40.0,40.0], [0.0,0.0], [0.0,0.0], [0.0,0.0], [0.0,0.0], [0.0,0.0]]
EXIT 4 ExpressionStatement_10 [[100.0,100.0], [10.0,10.0], [0.0,0.0], [0.0,0.0], [0.0,0.0], [0.0,0.0], [0.0,0.0], [-Infinity,Infinity], [40.0,40.0], [0.0,0.0], [0.0,0.0], [0.0,0.0], [0.0,0.0], [0.0,0.0]]
ENTRY 4 ExpressionStatement_11 [[100.0,100.0], [10.0,10.0], [0.0,0.0], [0.0,0.0], [0.0,0.0], [0.0,0.0], [0.0,0.0], [-Infinity,Infinity], [40.0,40.0], [0.0,0.0], [0.0,0.0], [0.0,0.0], [0.0,0.0], [0.0,0.0]]
EXIT 4 ExpressionStatement_11 [[100.0,100.0], [10.0,10.0], [0.0,0.0], [0.0,0.0], [0.0,0.0], [0.0,0.0], [0.0,0.0], [-Infinity,Infinity], [-Infinity,Infinity], [0.0,0.0], [0.0,0.0], [0.0,0.0], [0.0,0.0], [0.0,0.0]]
ENTRY 4 EmitStatement_2 [[100.0,100.0], [10.0,10.0], [0.0,0.0], [0.0,0.0], [0.0,0.0], [0.0,0.0], [0.0,0.0], [-Infinity,Infinity], [-Infinity,Infinity], [0.0,0.0], [0.0,0.0], [0.0,0.0], [0.0,0.0], [0.0,0.0]]
EXIT 4 EmitStatement_2 [[100.0,100.0], [10.0,10.0], [0.0,0.0], [0.0,0.0], [0.0,0.0], [0.0,0.0], [0.0,0.0], [40.0,40.0], [40.0,40.0], [0.0,0.0], [0.0,0.0], [0.0,0.0], [0.0,0.0], [0.0,0.0]]
ENTRY 4 FunctionExit_5 [[100.0,100.0], [10.0,10.0], [0.0,0.0], [0.0,0.0], [0.0,0.0], [0.0,0.0], [0.0,0.0], [40.0,40.0], [40.0,40.0], [0.0,0.0], [0.0,0.0], [0.0,0.0], [0.0,0.0], [0.0,0.0]]
EXIT 4 FunctionExit_5 [[100.0,100.0], [10.0,10.0], [0.0,0.0], [0.0,0.0], [0.0,0.0], [0.0,0.0], [0.0,0.0], [40.0,40.0], [40.0,40.0], [0.0,0.0], [0.0,0.0], [0.0,0.0], [0.0,0.0], [0.0,0.0]]
ENTRY 4 FunctionDefinition_6 [[100.0,100.0], [10.0,10.0], [0.0,0.0], [0.0,0.0], [0.0,0.0], [0.0,0.0], [0.0,0.0], [40.0,40.0], [40.0,40.0], [0.0,0.0], [0.0,0.0], [0.0,0.0], [0.0,0.0], [0.0,0.0]]
EXIT 4 FunctionDefinition_6 [[100.0,100.0], [10.0,10.0], [0.0,0.0], [0.0,0.0], [0.0,0.0], [0.0,0.0], [0.0,0.0], [40.0,40.0], [40.0,40.0], [0.0,0.0], [0.0,0.0], [0.0,0.0], [0.0,0.0], [0.0,0.0]]
ENTRY 4 FunctionEntry_6 [[100.0,100.0], [10.0,10.0], [0.0,0.0], [0.0,0.0], [0.0,0.0], [0.0,0.0], [0.0,0.0], [40.0,40.0], [40.0,40.0], [0.0,0.0], [0.0,0.0], [0.0,0.0], [0.0,0.0], [0.0,0.0]]
EXIT 4 FunctionEntry_6 [[100.0,100.0], [10.0,10.0], [0.0,0.0], [0.0,0.0], [0.0,0.0], [0.0,0.0], [0.0,0.0], [40.0,40.0], [40.0,40.0], [0.0,0.0], [0.0,0.0], [0.0,0.0], [0.0,0.0], [0.0,0.0]]
ENTRY 4 VariableDeclarationStatement_0 [[100.0,100.0], [10.0,10.0], [0.0,0.0], [0.0,0.0], [0.0,0.0], [0.0,0.0], [0.0,0.0], [40.0,40.0], [40.0,40.0], [0.0,0.0], [0.0,0.0], [0.0,0.0], [0.0,0.0], [0.0,0.0]]
EXIT 4 VariableDeclarationStatement_0 [[100.0,100.0], [10.0,10.0], [0.0,0.0], [0.0,0.0], [0.0,0.0], [0.0,0.0], [0.0,0.0], [40.0,40.0], [40.0,40.0], [0.0,0.0], [0.0,0.0], [40.0,40.0], [0.0,0.0], [0.0,0.0]]
ENTRY 4 IfStatement_0 [[100.0,100.0], [10.0,10.0], [0.0,0.0], [0.0,0.0], [0.0,0.0], [0.0,0.0], [0.0,0.0], [40.0,40.0], [40.0,40.0], [0.0,0.0], [0.0,0.0], [40.0,40.0], [0.0,0.0], [0.0,0.0]]
EXIT 4 IfStatement_0 [[1.0,-1.0], [1.0,-1.0], [1.0,-1.0], [1.0,-1.0], [1.0,-1.0], [1.0,-1.0], [1.0,-1.0], [1.0,-1.0], [1.0,-1.0], [1.0,-1.0], [1.0,-1.0], [1.0,-1.0], [1.0,-1.0], [1.0,-1.0]]
ENTRY 4 ExpressionStatement_12 [[100.0,100.0], [10.0,10.0], [0.0,0.0], [0.0,0.0], [0.0,0.0], [0.0,0.0], [0.0,0.0], [40.0,40.0], [40.0,40.0], [0.0,0.0], [0.0,0.0], [40.0,40.0], [0.0,0.0], [0.0,0.0]]
EXIT 4 ExpressionStatement_12 [[100.0,100.0], [10.0,10.0], [0.0,0.0], [0.0,0.0], [0.0,0.0], [0.0,0.0], [0.0,0.0], [0.0,0.0], [40.0,40.0], [0.0,0.0], [0.0,0.0], [40.0,40.0], [0.0,0.0], [0.0,0.0]]
ENTRY 4 ExpressionStatement_13 [[100.0,100.0], [10.0,10.0], [0.0,0.0], [0.0,0.0], [0.0,0.0], [0.0,0.0], [0.0,0.0], [0.0,0.0], [40.0,40.0], [0.0,0.0], [0.0,0.0], [40.0,40.0], [0.0,0.0], [0.0,0.0]]
EXIT 4 ExpressionStatement_13 [[100.0,100.0], [10.0,10.0], [0.0,0.0], [0.0,0.0], [0.0,0.0], [0.0,0.0], [0.0,0.0], [0.0,0.0], [0.0,0.0], [0.0,0.0], [0.0,0.0], [40.0,40.0], [0.0,0.0], [0.0,0.0]]
ENTRY 4 VariableDeclarationStatement_1 [[100.0,100.0], [10.0,10.0], [0.0,0.0], [0.0,0.0], [0.0,0.0], [0.0,0.0], [0.0,0.0], [0.0,0.0], [0.0,0.0], [0.0,0.0], [0.0,0.0], [40.0,40.0], [0.0,0.0], [0.0,0.0]]
EXIT 4 VariableDeclarationStatement_1 [[100.0,100.0], [10.0,10.0], [0.0,0.0], [0.0,0.0], [0.0,0.0], [0.0,0.0], [0.0,0.0], [0.0,0.0], [0.0,0.0], [0.0,0.0], [0.0,0.0], [40.0,40.0], [-Infinity,Infinity], [0.0,0.0]]
ENTRY 4 IfStatement_1 [[100.0,100.0], [10.0,10.0], [0.0,0.0], [0.0,0.0], [0.0,0.0], [0.0,0.0], [0.0,0.0], [0.0,0.0], [0.0,0.0], [0.0,0.0], [0.0,0.0], [40.0,40.0], [-Infinity,Infinity], [0.0,0.0]]
EXIT 4 IfStatement_1 [[1.0,-1.0], [1.0,-1.0], [1.0,-1.0], [1.0,-1.0], [1.0,-1.0], [1.0,-1.0], [1.0,-1.0], [1.0,-1.0], [1.0,-1.0], [1.0,-1.0], [1.0,-1.0], [1.0,-1.0], [1.0,-1.0], [1.0,-1.0]]
ENTRY 4 ExpressionStatement_14 [[100.0,100.0], [10.0,10.0], [0.0,0.0], [0.0,0.0], [0.0,0.0], [0.0,0.0], [0.0,0.0], [0.0,0.0], [0.0,0.0], [0.0,0.0], [0.0,0.0], [40.0,40.0], [-Infinity,Infinity], [0.0,0.0]]
EXIT 4 ExpressionStatement_14 [[100.0,100.0], [10.0,10.0], [0.0,0.0], [0.0,0.0], [0.0,0.0], [0.0,0.0], [0.0,0.0], [0.0,0.0], [0.0,0.0], [0.0,0.0], [0.0,0.0], [40.0,40.0], [-Infinity,Infinity], [0.0,0.0]]
ENTRY 4 IfConditionJoin_1 [[100.0,100.0], [10.0,10.0], [0.0,0.0], [0.0,0.0], [0.0,0.0], [0.0,0.0], [0.0,0.0], [0.0,0.0], [0.0,0.0], [0.0,0.0], [0.0,0.0], [40.0,40.0], [-Infinity,Infinity], [0.0,0.0]]
EXIT 4 IfConditionJoin_1 [[100.0,100.0], [10.0,10.0], [0.0,0.0], [0.0,0.0], [0.0,0.0], [0.0,0.0], [0.0,0.0], [0.0,0.0], [0.0,0.0], [0.0,0.0], [0.0,0.0], [40.0,40.0], [-Infinity,Infinity], [0.0,0.0]]
ENTRY 4 IfConditionJoin_0 [[100.0,100.0], [10.0,10.0], [0.0,0.0], [0.0,0.0], [0.0,0.0], [0.0,0.0], [0.0,0.0], [0.0,40.0], [0.0,40.0], [0.0,0.0], [0.0,0.0], [40.0,40.0], [-Infinity,Infinity], [0.0,0.0]]
EXIT 4 IfConditionJoin_0 [[100.0,100.0], [10.0,10.0], [0.0,0.0], [0.0,0.0], [0.0,0.0], [0.0,0.0], [0.0,0.0], [0.0,40.0], [0.0,40.0], [0.0,0.0], [0.0,0.0], [40.0,40.0], [-Infinity,Infinity], [0.0,0.0]]
ENTRY 4 FunctionExit_6 [[100.0,100.0], [10.0,10.0], [0.0,0.0], [0.0,0.0], [0.0,0.0], [0.0,0.0], [0.0,0.0], [0.0,40.0], [0.0,40.0], [0.0,0.0], [0.0,0.0], [40.0,40.0], [-Infinity,Infinity], [0.0,0.0]]
EXIT 4 FunctionExit_6 [[100.0,100.0], [10.0,10.0], [0.0,0.0], [0.0,0.0], [0.0,0.0], [0.0,0.0], [0.0,0.0], [0.0,40.0], [0.0,40.0], [0.0,0.0], [0.0,0.0], [40.0,40.0], [-Infinity,Infinity], [0.0,0.0]]
ENTRY 4 ExpressionStatement_15 [[100.0,100.0], [10.0,10.0], [0.0,0.0], [0.0,0.0], [0.0,0.0], [0.0,0.0], [0.0,0.0], [0.0,0.0], [0.0,0.0], [0.0,0.0], [0.0,0.0], [40.0,40.0], [-Infinity,Infinity], [0.0,0.0]]
EXIT 4 ExpressionStatement_15 [[100.0,100.0], [10.0,10.0], [0.0,0.0], [0.0,0.0], [0.0,0.0], [0.0,0.0], [0.0,0.0], [0.0,0.0], [0.0,0.0], [0.0,0.0], [0.0,0.0], [40.0,40.0], [-Infinity,Infinity], [0.0,0.0]]
ENTRY 4 ExpressionStatement_16 [[100.0,100.0], [10.0,10.0], [0.0,0.0], [0.0,0.0], [0.0,0.0], [0.0,0.0], [0.0,0.0], [40.0,40.0], [40.0,40.0], [0.0,0.0], [0.0,0.0], [40.0,40.0], [0.0,0.0], [0.0,0.0]]
EXIT 4 ExpressionStatement_16 [[100.0,100.0], [10.0,10.0], [0.0,0.0], [0.0,0.0], [0.0,0.0], [0.0,0.0], [0.0,0.0], [40.0,40.0], [40.0,40.0], [0.0,0.0], [0.0,0.0], [40.0,40.0], [0.0,0.0], [0.0,0.0]]
ENTRY 4 FunctionDefinition_7 [[100.0,100.0], [10.0,10.0], [0.0,0.0], [0.0,0.0], [0.0,0.0], [0.0,0.0], [0.0,0.0], [0.0,40.0], [0.0,40.0], [0.0,0.0], [0.0,0.0], [0.0,0.0], [0.0,0.0], [0.0,0.0]]
EXIT 4 FunctionDefinition_7 [[100.0,100.0], [10.0,10.0], [0.0,0.0], [0.0,0.0], [0.0,0.0], [0.0,0.0], [0.0,0.0], [0.0,40.0], [0.0,40.0], [0.0,0.0], [0.0,0.0], [0.0,0.0], [0.0,0.0], [0.0,0.0]]
ENTRY 4 FunctionEntry_7 [[100.0,100.0], [10.0,10.0], [0.0,0.0], [0.0,0.0], [0.0,0.0], [0.0,0.0], [0.0,0.0], [0.0,40.0], [0.0,40.0], [0.0,0.0], [0.0,0.0], [0.0,0.0], [0.0,0.0], [0.0,0.0]]
EXIT 4 FunctionEntry_7 [[100.0,100.0], [10.0,10.0], [0.0,0.0], [0.0,0.0], [0.0,0.0], [0.0,0.0], [0.0,0.0], [0.0,40.0], [0.0,40.0], [0.0,0.0], [0.0,0.0], [0.0,0.0], [0.0,0.0], [0.0,0.0]]
ENTRY 4 ExpressionStatement_17 [[100.0,100.0], [10.0,10.0], [0.0,0.0], [0.0,0.0], [0.0,0.0], [0.0,0.0], [0.0,0.0], [0.0,40.0], [0.0,40.0], [0.0,0.0], [0.0,0.0], [0.0,0.0], [0.0,0.0], [0.0,0.0]]
EXIT 4 ExpressionStatement_17 [[100.0,100.0], [10.0,10.0], [0.0,0.0], [0.0,0.0], [0.0,0.0], [0.0,0.0], [0.0,0.0], [0.0,40.0], [0.0,40.0], [0.0,0.0], [0.0,0.0], [0.0,0.0], [0.0,0.0], [0.0,0.0]]
ENTRY 4 FunctionExit_7 [[100.0,100.0], [10.0,10.0], [0.0,0.0], [0.0,0.0], [0.0,0.0], [0.0,0.0], [0.0,0.0], [0.0,40.0], [0.0,40.0], [0.0,0.0], [0.0,0.0], [0.0,0.0], [0.0,0.0], [0.0,0.0]]
EXIT 4 FunctionExit_7 [[100.0,100.0], [10.0,10.0], [0.0,0.0], [0.0,0.0], [0.0,0.0], [0.0,0.0], [0.0,0.0], [0.0,40.0], [0.0,40.0], [0.0,0.0], [0.0,0.0], [0.0,0.0], [0.0,0.0], [0.0,0.0]]
ENTRY 4 FunctionDefinition_8 [[100.0,100.0], [10.0,10.0], [0.0,0.0], [0.0,0.0], [0.0,0.0], [0.0,0.0], [0.0,0.0], [0.0,40.0], [0.0,40.0], [0.0,0.0], [0.0,0.0], [0.0,0.0], [0.0,0.0], [0.0,0.0]]
EXIT 4 FunctionDefinition_8 [[100.0,100.0], [10.0,10.0], [0.0,0.0], [0.0,0.0], [0.0,0.0], [0.0,0.0], [0.0,0.0], [0.0,40.0], [0.0,40.0], [0.0,0.0], [0.0,0.0], [0.0,0.0], [0.0,0.0], [0.0,0.0]]
ENTRY 4 FunctionEntry_8 [[100.0,100.0], [10.0,10.0], [0.0,0.0], [0.0,0.0], [0.0,0.0], [0.0,0.0], [0.0,0.0], [0.0,40.0], [0.0,40.0], [0.0,0.0], [0.0,0.0], [0.0,0.0], [0.0,0.0], [0.0,0.0]]
EXIT 4 FunctionEntry_8 [[100.0,100.0], [10.0,10.0], [0.0,0.0], [0.0,0.0], [0.0,0.0], [0.0,0.0], [0.0,0.0], [0.0,40.0], [0.0,40.0], [0.0,0.0], [0.0,0.0], [0.0,0.0], [0.0,0.0], [0.0,0.0]]
ENTRY 4 VariableDeclarationStatement_2 [[100.0,100.0], [10.0,10.0], [0.0,0.0], [0.0,0.0], [0.0,0.0], [0.0,0.0], [0.0,0.0], [0.0,40.0], [0.0,40.0], [0.0,0.0], [0.0,0.0], [0.0,0.0], [0.0,0.0], [0.0,0.0]]
EXIT 4 VariableDeclarationStatement_2 [[100.0,100.0], [10.0,10.0], [0.0,0.0], [0.0,0.0], [0.0,0.0], [0.0,0.0], [0.0,0.0], [0.0,40.0], [0.0,40.0], [0.0,0.0], [0.0,0.0], [0.0,0.0], [0.0,0.0], [-Infinity,Infinity]]
ENTRY 4 IfStatement_2 [[-Infinity,Infinity], [10.0,10.0], [0.0,0.0], [0.0,0.0], [0.0,0.0], [0.0,0.0], [0.0,0.0], [0.0,40.0], [0.0,40.0], [0.0,0.0], [0.0,0.0], [0.0,0.0], [0.0,0.0], [-Infinity,Infinity]]
EXIT 4 IfStatement_2 [[1.0,-1.0], [1.0,-1.0], [1.0,-1.0], [1.0,-1.0], [1.0,-1.0], [1.0,-1.0], [1.0,-1.0], [1.0,-1.0], [1.0,-1.0], [1.0,-1.0], [1.0,-1.0], [1.0,-1.0], [1.0,-1.0], [1.0,-1.0]]
ENTRY 4 ExpressionStatement_18 [[-Infinity,Infinity], [10.0,10.0], [0.0,0.0], [0.0,0.0], [0.0,0.0], [0.0,0.0], [0.0,0.0], [0.0,40.0], [0.0,40.0], [0.0,0.0], [0.0,0.0], [0.0,0.0], [0.0,0.0], [-Infinity,Infinity]]
EXIT 4 ExpressionStatement_18 [[-Infinity,Infinity], [10.0,10.0], [0.0,0.0], [0.0,0.0], [0.0,0.0], [0.0,0.0], [0.0,0.0], [0.0,40.0], [0.0,40.0], [0.0,0.0], [0.0,0.0], [0.0,0.0], [0.0,0.0], [-Infinity,Infinity]]
ENTRY 4 IfConditionJoin_2 [[-Infinity,Infinity], [10.0,10.0], [0.0,0.0], [0.0,0.0], [0.0,0.0], [0.0,0.0], [0.0,0.0], [0.0,40.0], [0.0,40.0], [0.0,0.0], [0.0,0.0], [0.0,0.0], [0.0,0.0], [-Infinity,Infinity]]
EXIT 4 IfConditionJoin_2 [[-Infinity,Infinity], [10.0,10.0], [0.0,0.0], [0.0,0.0], [0.0,0.0], [0.0,0.0], [0.0,0.0], [0.0,40.0], [0.0,40.0], [0.0,0.0], [0.0,0.0], [0.0,0.0], [0.0,0.0], [-Infinity,Infinity]]
ENTRY 4 EmitStatement_3 [[-Infinity,Infinity], [10.0,10.0], [0.0,0.0], [0.0,0.0], [0.0,0.0], [0.0,0.0], [0.0,0.0], [0.0,40.0], [0.0,40.0], [0.0,0.0], [0.0,0.0], [0.0,0.0], [0.0,0.0], [-Infinity,Infinity]]
EXIT 4 EmitStatement_3 [[100.0,100.0], [10.0,10.0], [0.0,0.0], [0.0,0.0], [0.0,0.0], [0.0,0.0], [0.0,0.0], [40.0,40.0], [40.0,40.0], [0.0,0.0], [0.0,0.0], [0.0,0.0], [0.0,0.0], [-Infinity,Infinity]]
ENTRY 4 FunctionExit_8 [[100.0,100.0], [10.0,10.0], [0.0,0.0], [0.0,0.0], [0.0,0.0], [0.0,0.0], [0.0,0.0], [40.0,40.0], [40.0,40.0], [0.0,0.0], [0.0,0.0], [0.0,0.0], [0.0,0.0], [-Infinity,Infinity]]
EXIT 4 FunctionExit_8 [[100.0,100.0], [10.0,10.0], [0.0,0.0], [0.0,0.0], [0.0,0.0], [0.0,0.0], [0.0,0.0], [40.0,40.0], [40.0,40.0], [0.0,0.0], [0.0,0.0], [0.0,0.0], [0.0,0.0], [-Infinity,Infinity]]
ENTRY 4 FunctionDefinition_9 [[100.0,100.0], [10.0,10.0], [0.0,0.0], [0.0,0.0], [0.0,0.0], [0.0,0.0], [0.0,0.0], [40.0,40.0], [40.0,40.0], [0.0,0.0], [0.0,0.0], [0.0,0.0], [0.0,0.0], [0.0,0.0]]
EXIT 4 FunctionDefinition_9 [[100.0,100.0], [10.0,10.0], [0.0,0.0], [0.0,0.0], [0.0,0.0], [0.0,0.0], [0.0,0.0], [40.0,40.0], [40.0,40.0], [0.0,0.0], [0.0,0.0], [0.0,0.0], [0.0,0.0], [0.0,0.0]]
ENTRY 4 FunctionEntry_9 [[100.0,100.0], [10.0,10.0], [0.0,0.0], [0.0,0.0], [0.0,0.0], [0.0,0.0], [0.0,0.0], [40.0,40.0], [40.0,40.0], [0.0,0.0], [0.0,0.0], [0.0,0.0], [0.0,0.0], [0.0,0.0]]
EXIT 4 FunctionEntry_9 [[100.0,100.0], [10.0,10.0], [0.0,0.0], [0.0,0.0], [0.0,0.0], [0.0,0.0], [0.0,0.0], [40.0,40.0], [40.0,40.0], [0.0,0.0], [0.0,0.0], [0.0,0.0], [0.0,0.0], [0.0,0.0]]
ENTRY 4 ExpressionStatement_19 [[100.0,100.0], [10.0,10.0], [0.0,0.0], [0.0,0.0], [0.0,0.0], [0.0,0.0], [0.0,0.0], [40.0,40.0], [40.0,40.0], [0.0,0.0], [0.0,0.0], [0.0,0.0], [0.0,0.0], [0.0,0.0]]
EXIT 4 ExpressionStatement_19 [[100.0,100.0], [10.0,10.0], [0.0,0.0], [0.0,0.0], [0.0,0.0], [0.0,0.0], [0.0,0.0], [40.0,40.0], [40.0,40.0], [0.0,0.0], [0.0,0.0], [0.0,0.0], [0.0,0.0], [0.0,0.0]]
ENTRY 4 ExpressionStatement_20 [[100.0,100.0], [10.0,10.0], [0.0,0.0], [0.0,0.0], [0.0,0.0], [0.0,0.0], [0.0,0.0], [40.0,40.0], [40.0,40.0], [0.0,0.0], [0.0,0.0], [0.0,0.0], [0.0,0.0], [0.0,0.0]]
EXIT 4 ExpressionStatement_20 [[100.0,100.0], [10.0,10.0], [0.0,0.0], [0.0,0.0], [0.0,0.0], [0.0,0.0], [0.0,0.0], [40.0,40.0], [40.0,40.0], [0.0,0.0], [20.0,20.0], [0.0,0.0], [0.0,0.0], [0.0,0.0]]
ENTRY 4 EmitStatement_4 [[100.0,100.0], [10.0,10.0], [0.0,0.0], [0.0,0.0], [0.0,0.0], [0.0,0.0], [0.0,0.0], [40.0,40.0], [40.0,40.0], [0.0,0.0], [20.0,20.0], [0.0,0.0], [0.0,0.0], [0.0,0.0]]
EXIT 4 EmitStatement_4 [[100.0,100.0], [10.0,10.0], [0.0,0.0], [0.0,0.0], [0.0,0.0], [0.0,0.0], [0.0,0.0], [40.0,40.0], [40.0,40.0], [0.0,0.0], [0.0,0.0], [0.0,0.0], [0.0,0.0], [0.0,0.0]]
ENTRY 4 FunctionExit_9 [[100.0,100.0], [10.0,10.0], [0.0,0.0], [0.0,0.0], [0.0,0.0], [0.0,0.0], [0.0,0.0], [40.0,40.0], [40.0,40.0], [0.0,0.0], [0.0,0.0], [0.0,0.0], [0.0,0.0], [0.0,0.0]]
EXIT 4 FunctionExit_9 [[100.0,100.0], [10.0,10.0], [0.0,0.0], [0.0,0.0], [0.0,0.0], [0.0,0.0], [0.0,0.0], [40.0,40.0], [40.0,40.0], [0.0,0.0], [0.0,0.0], [0.0,0.0], [0.0,0.0], [0.0,0.0]]
ENTRY 4 FunctionDefinition_10 [[100.0,100.0], [10.0,10.0], [0.0,0.0], [0.0,0.0], [0.0,0.0], [0.0,0.0], [0.0,0.0], [40.0,40.0], [40.0,40.0], [0.0,0.0], [0.0,0.0], [0.0,0.0], [0.0,0.0], [0.0,0.0]]
EXIT 4 FunctionDefinition_10 [[100.0,100.0], [10.0,10.0], [0.0,0.0], [0.0,0.0], [0.0,0.0], [0.0,0.0], [0.0,0.0], [40.0,40.0], [40.0,40.0], [0.0,0.0], [0.0,0.0], [0.0,0.0], [0.0,0.0], [0.0,0.0]]
ENTRY 4 FunctionEntry_10 [[100.0,100.0], [10.0,10.0], [0.0,0.0], [0.0,0.0], [0.0,0.0], [0.0,0.0], [0.0,0.0], [40.0,40.0], [40.0,40.0], [0.0,0.0], [0.0,0.0], [0.0,0.0], [0.0,0.0], [0.0,0.0]]
EXIT 4 FunctionEntry_10 [[100.0,100.0], [10.0,10.0], [0.0,0.0], [0.0,0.0], [0.0,0.0], [0.0,0.0], [0.0,0.0], [40.0,40.0], [40.0,40.0], [0.0,0.0], [0.0,0.0], [0.0,0.0], [0.0,0.0], [0.0,0.0]]
ENTRY 4 ExpressionStatement_21 [[100.0,100.0], [10.0,10.0], [0.0,0.0], [0.0,0.0], [0.0,0.0], [0.0,0.0], [0.0,0.0], [40.0,40.0], [40.0,40.0], [0.0,0.0], [0.0,0.0], [0.0,0.0], [0.0,0.0], [0.0,0.0]]
EXIT 4 ExpressionStatement_21 [[100.0,100.0], [10.0,10.0], [0.0,0.0], [0.0,0.0], [0.0,0.0], [0.0,0.0], [0.0,0.0], [40.0,40.0], [40.0,40.0], [0.0,0.0], [0.0,0.0], [0.0,0.0], [0.0,0.0], [0.0,0.0]]
ENTRY 4 ExpressionStatement_22 [[100.0,100.0], [10.0,10.0], [0.0,0.0], [0.0,0.0], [0.0,0.0], [0.0,0.0], [0.0,0.0], [40.0,40.0], [40.0,40.0], [0.0,0.0], [0.0,0.0], [0.0,0.0], [0.0,0.0], [0.0,0.0]]
EXIT 4 ExpressionStatement_22 [[100.0,100.0], [10.0,10.0], [0.0,0.0], [0.0,0.0], [0.0,0.0], [0.0,0.0], [0.0,0.0], [40.0,40.0], [40.0,40.0], [0.0,0.0], [20.0,20.0], [0.0,0.0], [0.0,0.0], [0.0,0.0]]
ENTRY 4 EmitStatement_5 [[100.0,100.0], [10.0,10.0], [0.0,0.0], [0.0,0.0], [0.0,0.0], [0.0,0.0], [0.0,0.0], [40.0,40.0], [40.0,40.0], [0.0,0.0], [20.0,20.0], [0.0,0.0], [0.0,0.0], [0.0,0.0]]
EXIT 4 EmitStatement_5 [[100.0,100.0], [10.0,10.0], [0.0,0.0], [0.0,0.0], [0.0,0.0], [0.0,0.0], [0.0,0.0], [40.0,40.0], [40.0,40.0], [0.0,0.0], [0.0,0.0], [0.0,0.0], [0.0,0.0], [0.0,0.0]]
ENTRY 4 FunctionExit_10 [[100.0,100.0], [10.0,10.0], [0.0,0.0], [0.0,0.0], [0.0,0.0], [0.0,0.0], [0.0,0.0], [40.0,40.0], [40.0,40.0], [0.0,0.0], [0.0,0.0], [0.0,0.0], [0.0,0.0], [0.0,0.0]]
EXIT 4 FunctionExit_10 [[100.0,100.0], [10.0,10.0], [0.0,0.0], [0.0,0.0], [0.0,0.0], [0.0,0.0], [0.0,0.0], [40.0,40.0], [40.0,40.0], [0.0,0.0], [0.0,0.0], [0.0,0.0], [0.0,0.0], [0.0,0.0]]
ENTRY 4 FunctionDefinition_11 [[100.0,100.0], [10.0,10.0], [0.0,0.0], [0.0,0.0], [0.0,0.0], [0.0,0.0], [0.0,0.0], [40.0,40.0], [40.0,40.0], [0.0,0.0], [0.0,0.0], [0.0,0.0], [0.0,0.0], [0.0,0.0]]
EXIT 4 FunctionDefinition_11 [[100.0,100.0], [10.0,10.0], [0.0,0.0], [0.0,0.0], [0.0,0.0], [0.0,0.0], [0.0,0.0], [40.0,40.0], [40.0,40.0], [0.0,0.0], [0.0,0.0], [0.0,0.0], [0.0,0.0], [0.0,0.0]]
ENTRY 4 FunctionEntry_11 [[100.0,100.0], [10.0,10.0], [0.0,0.0], [0.0,0.0], [0.0,0.0], [0.0,0.0], [0.0,0.0], [40.0,40.0], [40.0,40.0], [0.0,0.0], [0.0,0.0], [0.0,0.0], [0.0,0.0], [0.0,0.0]]
EXIT 4 FunctionEntry_11 [[100.0,100.0], [10.0,10.0], [0.0,0.0], [0.0,0.0], [0.0,0.0], [0.0,0.0], [0.0,0.0], [40.0,40.0], [40.0,40.0], [0.0,0.0], [0.0,0.0], [0.0,0.0], [0.0,0.0], [0.0,0.0]]
ENTRY 4 Return_0 [[100.0,100.0], [10.0,10.0], [0.0,0.0], [0.0,0.0], [0.0,0.0], [0.0,0.0], [0.0,0.0], [40.0,40.0], [40.0,40.0], [0.0,0.0], [0.0,0.0], [0.0,0.0], [0.0,0.0], [0.0,0.0]]
EXIT 4 Return_0 [[100.0,100.0], [10.0,10.0], [0.0,0.0], [0.0,0.0], [0.0,0.0], [0.0,0.0], [0.0,0.0], [40.0,40.0], [40.0,40.0], [0.0,0.0], [0.0,0.0], [0.0,0.0], [0.0,0.0], [0.0,0.0]]
ENTRY 4 FunctionExit_11 [[100.0,100.0], [10.0,10.0], [0.0,0.0], [0.0,0.0], [0.0,0.0], [0.0,0.0], [0.0,0.0], [40.0,40.0], [40.0,40.0], [0.0,0.0], [0.0,0.0], [0.0,0.0], [0.0,0.0], [0.0,0.0]]
EXIT 4 FunctionExit_11 [[100.0,100.0], [10.0,10.0], [0.0,0.0], [0.0,0.0], [0.0,0.0], [0.0,0.0], [0.0,0.0], [40.0,40.0], [40.0,40.0], [0.0,0.0], [0.0,0.0], [0.0,0.0], [0.0,0.0], [0.0,0.0]]
ENTRY 4 FunctionDefinition_12 [[100.0,100.0], [10.0,10.0], [0.0,0.0], [0.0,0.0], [0.0,0.0], [0.0,0.0], [0.0,0.0], [40.0,40.0], [40.0,40.0], [0.0,0.0], [0.0,0.0], [0.0,0.0], [0.0,0.0], [0.0,0.0]]
EXIT 4 FunctionDefinition_12 [[100.0,100.0], [10.0,10.0], [0.0,0.0], [0.0,0.0], [0.0,0.0], [0.0,0.0], [0.0,0.0], [40.0,40.0], [40.0,40.0], [0.0,0.0], [0.0,0.0], [0.0,0.0], [0.0,0.0], [0.0,0.0]]
ENTRY 4 FunctionEntry_12 [[100.0,100.0], [10.0,10.0], [0.0,0.0], [0.0,0.0], [0.0,0.0], [0.0,0.0], [0.0,0.0], [40.0,40.0], [40.0,40.0], [0.0,0.0], [0.0,0.0], [0.0,0.0], [0.0,0.0], [0.0,0.0]]
EXIT 4 FunctionEntry_12 [[100.0,100.0], [10.0,10.0], [0.0,0.0], [0.0,0.0], [0.0,0.0], [0.0,0.0], [0.0,0.0], [40.0,40.0], [40.0,40.0], [0.0,0.0], [0.0,0.0], [0.0,0.0], [0.0,0.0], [0.0,0.0]]
ENTRY 4 Return_1 [[100.0,100.0], [10.0,10.0], [0.0,0.0], [0.0,0.0], [0.0,0.0], [0.0,0.0], [0.0,0.0], [40.0,40.0], [40.0,40.0], [0.0,0.0], [0.0,0.0], [0.0,0.0], [0.0,0.0], [0.0,0.0]]
EXIT 4 Return_1 [[100.0,100.0], [10.0,10.0], [0.0,0.0], [0.0,0.0], [0.0,0.0], [0.0,0.0], [0.0,0.0], [40.0,40.0], [40.0,40.0], [0.0,0.0], [0.0,0.0], [0.0,0.0], [0.0,0.0], [0.0,0.0]]
ENTRY 4 FunctionExit_12 [[100.0,100.0], [10.0,10.0], [0.0,0.0], [0.0,0.0], [0.0,0.0], [0.0,0.0], [0.0,0.0], [40.0,40.0], [40.0,40.0], [0.0,0.0], [0.0,0.0], [0.0,0.0], [0.0,0.0], [0.0,0.0]]
EXIT 4 FunctionExit_12 [[100.0,100.0], [10.0,10.0], [0.0,0.0], [0.0,0.0], [0.0,0.0], [0.0,0.0], [0.0,0.0], [40.0,40.0], [40.0,40.0], [0.0,0.0], [0.0,0.0], [0.0,0.0], [0.0,0.0], [0.0,0.0]]
ENTRY 4 FunctionDefinition_13 [[100.0,100.0], [10.0,10.0], [0.0,0.0], [0.0,0.0], [0.0,0.0], [0.0,0.0], [0.0,0.0], [40.0,40.0], [40.0,40.0], [0.0,0.0], [0.0,0.0], [0.0,0.0], [0.0,0.0], [0.0,0.0]]
EXIT 4 FunctionDefinition_13 [[100.0,100.0], [10.0,10.0], [0.0,0.0], [0.0,0.0], [0.0,0.0], [0.0,0.0], [0.0,0.0], [40.0,40.0], [40.0,40.0], [0.0,0.0], [0.0,0.0], [0.0,0.0], [0.0,0.0], [0.0,0.0]]
ENTRY 4 FunctionEntry_13 [[100.0,100.0], [10.0,10.0], [0.0,0.0], [0.0,0.0], [0.0,0.0], [0.0,0.0], [0.0,0.0], [40.0,40.0], [40.0,40.0], [0.0,0.0], [0.0,0.0], [0.0,0.0], [0.0,0.0], [0.0,0.0]]
EXIT 4 FunctionEntry_13 [[100.0,100.0], [10.0,10.0], [0.0,0.0], [0.0,0.0], [0.0,0.0], [0.0,0.0], [0.0,0.0], [40.0,40.0], [40.0,40.0], [0.0,0.0], [0.0,0.0], [0.0,0.0], [0.0,0.0], [0.0,0.0]]
ENTRY 4 Return_2 [[100.0,100.0], [10.0,10.0], [0.0,0.0], [0.0,0.0], [0.0,0.0], [0.0,0.0], [0.0,0.0], [40.0,40.0], [40.0,40.0], [0.0,0.0], [0.0,0.0], [0.0,0.0], [0.0,0.0], [0.0,0.0]]
EXIT 4 Return_2 [[100.0,100.0], [10.0,10.0], [0.0,0.0], [0.0,0.0], [0.0,0.0], [0.0,0.0], [0.0,0.0], [40.0,40.0], [40.0,40.0], [0.0,0.0], [0.0,0.0], [0.0,0.0], [0.0,0.0], [0.0,0.0]]
ENTRY 4 FunctionExit_13 [[100.0,100.0], [10.0,10.0], [0.0,0.0], [0.0,0.0], [0.0,0.0], [0.0,0.0], [0.0,0.0], [40.0,40.0], [40.0,40.0], [0.0,0.0], [0.0,0.0], [0.0,0.0], [0.0,0.0], [0.0,0.0]]
EXIT 4 FunctionExit_13 [[100.0,100.0], [10.0,10.0], [0.0,0.0], [0.0,0.0], [0.0,0.0], [0.0,0.0], [0.0,0.0], [40.0,40.0], [40.0,40.0], [0.0,0.0], [0.0,0.0], [0.0,0.0], [0.0,0.0], [0.0,0.0]]
ENTRY 4 FunctionDefinition_14 [[100.0,100.0], [10.0,10.0], [0.0,0.0], [0.0,0.0], [0.0,0.0], [0.0,0.0], [0.0,0.0], [40.0,40.0], [40.0,40.0], [0.0,0.0], [0.0,0.0], [0.0,0.0], [0.0,0.0], [0.0,0.0]]
EXIT 4 FunctionDefinition_14 [[100.0,100.0], [10.0,10.0], [0.0,0.0], [0.0,0.0], [0.0,0.0], [0.0,0.0], [0.0,0.0], [40.0,40.0], [40.0,40.0], [0.0,0.0], [0.0,0.0], [0.0,0.0], [0.0,0.0], [0.0,0.0]]
ENTRY 4 FunctionEntry_14 [[100.0,100.0], [10.0,10.0], [0.0,0.0], [0.0,0.0], [0.0,0.0], [0.0,0.0], [0.0,0.0], [40.0,40.0], [40.0,40.0], [0.0,0.0], [0.0,0.0], [0.0,0.0], [0.0,0.0], [0.0,0.0]]
EXIT 4 FunctionEntry_14 [[100.0,100.0], [10.0,10.0], [0.0,0.0], [0.0,0.0], [0.0,0.0], [0.0,0.0], [0.0,0.0], [40.0,40.0], [40.0,40.0], [0.0,0.0], [0.0,0.0], [0.0,0.0], [0.0,0.0], [0.0,0.0]]
ENTRY 4 IfStatement_3 [[100.0,100.0], [10.0,10.0], [0.0,0.0], [0.0,0.0], [0.0,0.0], [0.0,0.0], [0.0,0.0], [40.0,40.0], [40.0,40.0], [0.0,0.0], [0.0,0.0], [0.0,0.0], [0.0,0.0], [0.0,0.0]]
EXIT 4 IfStatement_3 [[1.0,-1.0], [1.0,-1.0], [1.0,-1.0], [1.0,-1.0], [1.0,-1.0], [1.0,-1.0], [1.0,-1.0], [1.0,-1.0], [1.0,-1.0], [1.0,-1.0], [1.0,-1.0], [1.0,-1.0], [1.0,-1.0], [1.0,-1.0]]
ENTRY 4 Return_3 [[100.0,100.0], [10.0,10.0], [0.0,0.0], [0.0,0.0], [0.0,0.0], [0.0,0.0], [0.0,0.0], [40.0,40.0], [40.0,40.0], [0.0,0.0], [0.0,0.0], [0.0,0.0], [0.0,0.0], [0.0,0.0]]
EXIT 4 Return_3 [[100.0,100.0], [10.0,10.0], [0.0,0.0], [0.0,0.0], [0.0,0.0], [0.0,0.0], [0.0,0.0], [40.0,40.0], [40.0,40.0], [0.0,0.0], [0.0,0.0], [0.0,0.0], [0.0,0.0], [0.0,0.0]]
ENTRY 4 IfConditionJoin_3 [[100.0,100.0], [10.0,10.0], [0.0,0.0], [0.0,0.0], [0.0,0.0], [0.0,0.0], [0.0,0.0], [40.0,40.0], [40.0,40.0], [0.0,0.0], [0.0,0.0], [0.0,0.0], [0.0,0.0], [0.0,0.0]]
EXIT 4 IfConditionJoin_3 [[100.0,100.0], [10.0,10.0], [0.0,0.0], [0.0,0.0], [0.0,0.0], [0.0,0.0], [0.0,0.0], [40.0,40.0], [40.0,40.0], [0.0,0.0], [0.0,0.0], [0.0,0.0], [0.0,0.0], [0.0,0.0]]
ENTRY 4 FunctionExit_14 [[100.0,100.0], [10.0,10.0], [0.0,0.0], [0.0,0.0], [0.0,0.0], [0.0,0.0], [0.0,0.0], [40.0,40.0], [40.0,40.0], [0.0,0.0], [0.0,0.0], [0.0,0.0], [0.0,0.0], [0.0,0.0]]
EXIT 4 FunctionExit_14 [[100.0,100.0], [10.0,10.0], [0.0,0.0], [0.0,0.0], [0.0,0.0], [0.0,0.0], [0.0,0.0], [40.0,40.0], [40.0,40.0], [0.0,0.0], [0.0,0.0], [0.0,0.0], [0.0,0.0], [0.0,0.0]]
ENTRY 4 Return_4 [[100.0,100.0], [10.0,10.0], [0.0,0.0], [0.0,0.0], [0.0,0.0], [0.0,0.0], [0.0,0.0], [40.0,40.0], [40.0,40.0], [0.0,0.0], [0.0,0.0], [0.0,0.0], [0.0,0.0], [0.0,0.0]]
EXIT 4 Return_4 [[100.0,100.0], [10.0,10.0], [0.0,0.0], [0.0,0.0], [0.0,0.0], [0.0,0.0], [0.0,0.0], [40.0,40.0], [40.0,40.0], [0.0,0.0], [0.0,0.0], [0.0,0.0], [0.0,0.0], [0.0,0.0]]
ENTRY 4 FunctionDefinition_15 [[100.0,100.0], [10.0,10.0], [0.0,0.0], [0.0,0.0], [0.0,0.0], [0.0,0.0], [0.0,0.0], [40.0,40.0], [40.0,40.0], [0.0,0.0], [0.0,0.0], [0.0,0.0], [0.0,0.0], [0.0,0.0]]
EXIT 4 FunctionDefinition_15 [[100.0,100.0], [10.0,10.0], [0.0,0.0], [0.0,0.0], [0.0,0.0], [0.0,0.0], [0.0,0.0], [40.0,40.0], [40.0,40.0], [0.0,0.0], [0.0,0.0], [0.0,0.0], [0.0,0.0], [0.0,0.0]]
ENTRY 4 FunctionEntry_15 [[100.0,100.0], [10.0,10.0], [0.0,0.0], [0.0,0.0], [0.0,0.0], [0.0,0.0], [0.0,0.0], [40.0,40.0], [40.0,40.0], [0.0,0.0], [0.0,0.0], [0.0,0.0], [0.0,0.0], [0.0,0.0]]
EXIT 4 FunctionEntry_15 [[100.0,100.0], [10.0,10.0], [0.0,0.0], [0.0,0.0], [0.0,0.0], [0.0,0.0], [0.0,0.0], [40.0,40.0], [40.0,40.0], [0.0,0.0], [0.0,0.0], [0.0,0.0], [0.0,0.0], [0.0,0.0]]
ENTRY 4 Return_5 [[100.0,100.0], [10.0,10.0], [0.0,0.0], [0.0,0.0], [0.0,0.0], [0.0,0.0], [0.0,0.0], [40.0,40.0], [40.0,40.0], [0.0,0.0], [0.0,0.0], [0.0,0.0], [0.0,0.0], [0.0,0.0]]
EXIT 4 Return_5 [[100.0,100.0], [10.0,10.0], [0.0,0.0], [0.0,0.0], [0.0,0.0], [0.0,0.0], [0.0,0.0], [40.0,40.0], [40.0,40.0], [0.0,0.0], [0.0,0.0], [0.0,0.0], [0.0,0.0], [0.0,0.0]]
ENTRY 4 FunctionExit_15 [[100.0,100.0], [10.0,10.0], [0.0,0.0], [0.0,0.0], [0.0,0.0], [0.0,0.0], [0.0,0.0], [40.0,40.0], [40.0,40.0], [0.0,0.0], [0.0,0.0], [0.0,0.0], [0.0,0.0], [0.0,0.0]]
EXIT 4 FunctionExit_15 [[100.0,100.0], [10.0,10.0], [0.0,0.0], [0.0,0.0], [0.0,0.0], [0.0,0.0], [0.0,0.0], [40.0,40.0], [40.0,40.0], [0.0,0.0], [0.0,0.0], [0.0,0.0], [0.0,0.0], [0.0,0.0]]
ENTRY 4 FunctionDefinition_16 [[100.0,100.0], [10.0,10.0], [0.0,0.0], [0.0,0.0], [0.0,0.0], [0.0,0.0], [0.0,0.0], [40.0,40.0], [40.0,40.0], [0.0,0.0], [0.0,0.0], [0.0,0.0], [0.0,0.0], [0.0,0.0]]
EXIT 4 FunctionDefinition_16 [[100.0,100.0], [10.0,10.0], [0.0,0.0], [0.0,0.0], [0.0,0.0], [0.0,0.0], [0.0,0.0], [40.0,40.0], [40.0,40.0], [0.0,0.0], [0.0,0.0], [0.0,0.0], [0.0,0.0], [0.0,0.0]]
ENTRY 4 FunctionEntry_16 [[100.0,100.0], [10.0,10.0], [0.0,0.0], [0.0,0.0], [0.0,0.0], [0.0,0.0], [0.0,0.0], [40.0,40.0], [40.0,40.0], [0.0,0.0], [0.0,0.0], [0.0,0.0], [0.0,0.0], [0.0,0.0]]
EXIT 4 FunctionEntry_16 [[100.0,100.0], [10.0,10.0], [0.0,0.0], [0.0,0.0], [0.0,0.0], [0.0,0.0], [0.0,0.0], [40.0,40.0], [40.0,40.0], [0.0,0.0], [0.0,0.0], [0.0,0.0], [0.0,0.0], [0.0,0.0]]
ENTRY 4 Return_6 [[100.0,100.0], [10.0,10.0], [0.0,0.0], [0.0,0.0], [0.0,0.0], [0.0,0.0], [0.0,0.0], [40.0,40.0], [40.0,40.0], [0.0,0.0], [0.0,0.0], [0.0,0.0], [0.0,0.0], [0.0,0.0]]
EXIT 4 Return_6 [[100.0,100.0], [10.0,10.0], [0.0,0.0], [0.0,0.0], [0.0,0.0], [0.0,0.0], [0.0,0.0], [40.0,40.0], [40.0,40.0], [0.0,0.0], [0.0,0.0], [0.0,0.0], [0.0,0.0], [0.0,0.0]]
ENTRY 4 FunctionExit_16 [[100.0,100.0], [10.0,10.0], [0.0,0.0], [0.0,0.0], [0.0,0.0], [0.0,0.0], [0.0,0.0], [40.0,40.0], [40.0,40.0], [0.0,0.0], [0.0,0.0], [0.0,0.0], [0.0,0.0], [0.0,0.0]]
EXIT 4 FunctionExit_16 [[100.0,100.0], [10.0,10.0], [0.0,0.0], [0.0,0.0], [0.0,0.0], [0.0,0.0], [0.0,0.0], [40.0,40.0], [40.0,40.0], [0.0,0.0], [0.0,0.0], [0.0,0.0], [0.0,0.0], [0.0,0.0]]
ENTRY 4 ContractDefinition_1 [[100.0,100.0], [10.0,10.0], [0.0,0.0], [0.0,0.0], [0.0,0.0], [0.0,0.0], [0.0,0.0], [40.0,40.0], [40.0,40.0], [0.0,0.0], [0.0,0.0], [0.0,0.0], [0.0,0.0], [0.0,0.0]]
EXIT 4 ContractDefinition_1 [[100.0,100.0], [10.0,10.0], [0.0,0.0], [0.0,0.0], [0.0,0.0], [0.0,0.0], [0.0,0.0], [40.0,40.0], [40.0,40.0], [0.0,0.0], [0.0,0.0], [0.0,0.0], [0.0,0.0], [0.0,0.0]]
ENTRY 4 VariableDeclaration_14 [[100.0,100.0], [10.0,10.0], [0.0,0.0], [0.0,0.0], [0.0,0.0], [0.0,0.0], [0.0,0.0], [40.0,40.0], [40.0,40.0], [0.0,0.0], [0.0,0.0], [0.0,0.0], [0.0,0.0], [0.0,0.0]]
EXIT 4 VariableDeclaration_14 [[100.0,100.0], [10.0,10.0], [0.0,0.0], [0.0,0.0], [0.0,0.0], [0.0,0.0], [0.0,0.0], [40.0,40.0], [40.0,40.0], [0.0,0.0], [0.0,0.0], [0.0,0.0], [0.0,0.0], [0.0,0.0]]
ENTRY 4 VariableDeclaration_15 [[100.0,100.0], [10.0,10.0], [0.0,0.0], [0.0,0.0], [0.0,0.0], [0.0,0.0], [0.0,0.0], [40.0,40.0], [40.0,40.0], [0.0,0.0], [0.0,0.0], [0.0,0.0], [0.0,0.0], [0.0,0.0]]
EXIT 4 VariableDeclaration_15 [[100.0,100.0], [10.0,10.0], [0.0,0.0], [0.0,0.0], [0.0,0.0], [0.0,0.0], [0.0,0.0], [40.0,40.0], [40.0,40.0], [0.0,0.0], [0.0,0.0], [0.0,0.0], [0.0,0.0], [0.0,0.0]]
ENTRY 4 FunctionDefinition_17 [[100.0,100.0], [10.0,10.0], [0.0,0.0], [0.0,0.0], [0.0,0.0], [0.0,0.0], [0.0,0.0], [40.0,40.0], [40.0,40.0], [0.0,0.0], [0.0,0.0], [0.0,0.0], [0.0,0.0], [0.0,0.0]]
EXIT 4 FunctionDefinition_17 [[100.0,100.0], [10.0,10.0], [0.0,0.0], [0.0,0.0], [0.0,0.0], [0.0,0.0], [0.0,0.0], [40.0,40.0], [40.0,40.0], [0.0,0.0], [0.0,0.0], [0.0,0.0], [0.0,0.0], [0.0,0.0]]
ENTRY 4 FunctionEntry_17 [[100.0,100.0], [10.0,10.0], [0.0,0.0], [0.0,0.0], [0.0,0.0], [0.0,0.0], [0.0,0.0], [40.0,40.0], [40.0,40.0], [0.0,0.0], [0.0,0.0], [0.0,0.0], [0.0,0.0], [0.0,0.0]]
EXIT 4 FunctionEntry_17 [[100.0,100.0], [10.0,10.0], [0.0,0.0], [0.0,0.0], [0.0,0.0], [0.0,0.0], [0.0,0.0], [40.0,40.0], [40.0,40.0], [0.0,0.0], [0.0,0.0], [0.0,0.0], [0.0,0.0], [0.0,0.0]]

===== OVERFLOW / UNDERFLOW (Box domain, original source) =====
ENTRY 1 SourceEntry_0 [[0.0,0.0], [0.0,0.0], [0.0,0.0], [0.0,0.0], [0.0,0.0], [0.0,0.0], [0.0,0.0], [0.0,0.0], [0.0,0.0], [0.0,0.0], [0.0,0.0], [0.0,0.0], [0.0,0.0], [0.0,0.0], [0.0,0.0], [0.0,0.0]]
EXIT 1 SourceEntry_0 [[0.0,0.0], [0.0,0.0], [0.0,0.0], [0.0,0.0], [0.0,0.0], [0.0,0.0], [0.0,0.0], [0.0,0.0], [0.0,0.0], [0.0,0.0], [0.0,0.0], [0.0,0.0], [0.0,0.0], [0.0,0.0], [0.0,0.0], [0.0,0.0]]
ENTRY 1 SourceUnit_0 [[0.0,0.0], [0.0,0.0], [0.0,0.0], [0.0,0.0], [0.0,0.0], [0.0,0.0], [0.0,0.0], [0.0,0.0], [0.0,0.0], [0.0,0.0], [0.0,0.0], [0.0,0.0], [0.0,0.0], [0.0,0.0], [0.0,0.0], [0.0,0.0]]
EXIT 1 SourceUnit_0 [[0.0,0.0], [0.0,0.0], [0.0,0.0], [0.0,0.0], [0.0,0.0], [0.0,0.0], [0.0,0.0], [0.0,0.0], [0.0,0.0], [0.0,0.0], [0.0,0.0], [0.0,0.0], [0.0,0.0], [0.0,0.0], [0.0,0.0], [0.0,0.0]]
ENTRY 1 PragmaDirective_0 [[0.0,0.0], [0.0,0.0], [0.0,0.0], [0.0,0.0], [0.0,0.0], [0.0,0.0], [0.0,0.0], [0.0,0.0], [0.0,0.0], [0.0,0.0], [0.0,0.0], [0.0,0.0], [0.0,0.0], [0.0,0.0], [0.0,0.0], [0.0,0.0]]
EXIT 1 PragmaDirective_0 [[0.0,0.0], [0.0,0.0], [0.0,0.0], [0.0,0.0], [0.0,0.0], [0.0,0.0], [0.0,0.0], [0.0,0.0], [0.0,0.0], [0.0,0.0], [0.0,0.0], [0.0,0.0], [0.0,0.0], [0.0,0.0], [0.0,0.0], [0.0,0.0]]
ENTRY 1 SourceExit_0 [[0.0,0.0], [0.0,0.0], [0.0,0.0], [0.0,0.0], [0.0,0.0], [0.0,0.0], [0.0,0.0], [0.0,0.0], [0.0,0.0], [0.0,0.0], [0.0,0.0], [0.0,0.0], [0.0,0.0], [0.0,0.0], [0.0,0.0], [0.0,0.0]]
EXIT 1 SourceExit_0 [[0.0,0.0], [0.0,0.0], [0.0,0.0], [0.0,0.0], [0.0,0.0], [0.0,0.0], [0.0,0.0], [0.0,0.0], [0.0,0.0], [0.0,0.0], [0.0,0.0], [0.0,0.0], [0.0,0.0], [0.0,0.0], [0.0,0.0], [0.0,0.0]]
ENTRY 1 ContractDefinition_0 [[0.0,0.0], [0.0,0.0], [0.0,0.0], [0.0,0.0], [0.0,0.0], [0.0,0.0], [0.0,0.0], [0.0,0.0], [0.0,0.0], [0.0,0.0], [0.0,0.0], [0.0,0.0], [0.0,0.0], [0.0,0.0], [0.0,0.0], [0.0,0.0]]
EXIT 1 ContractDefinition_0 [[0.0,0.0], [0.0,0.0], [0.0,0.0], [0.0,0.0], [0.0,0.0], [0.0,0.0], [0.0,0.0], [0.0,0.0], [0.0,0.0], [0.0,0.0], [0.0,0.0], [0.0,0.0], [0.0,0.0], [0.0,0.0], [0.0,0.0], [0.0,0.0]]
ENTRY 1 ModifierDefinition_0 [[0.0,0.0], [0.0,0.0], [0.0,0.0], [0.0,0.0], [0.0,0.0], [0.0,0.0], [0.0,0.0], [0.0,0.0], [0.0,0.0], [0.0,0.0], [0.0,0.0], [0.0,0.0], [0.0,0.0], [0.0,0.0], [0.0,0.0], [0.0,0.0]]
EXIT 1 ModifierDefinition_0 [[0.0,0.0], [0.0,0.0], [0.0,0.0], [0.0,0.0], [0.0,0.0], [0.0,0.0], [0.0,0.0], [0.0,0.0], [0.0,0.0], [0.0,0.0], [0.0,0.0], [0.0,0.0], [0.0,0.0], [0.0,0.0], [0.0,0.0], [0.0,0.0]]
ENTRY 1 ModifierDefinition_1 [[0.0,0.0], [0.0,0.0], [0.0,0.0], [0.0,0.0], [0.0,0.0], [0.0,0.0], [0.0,0.0], [0.0,0.0], [0.0,0.0], [0.0,0.0], [0.0,0.0], [0.0,0.0], [0.0,0.0], [0.0,0.0], [0.0,0.0], [0.0,0.0]]
EXIT 1 ModifierDefinition_1 [[0.0,0.0], [0.0,0.0], [0.0,0.0], [0.0,0.0], [0.0,0.0], [0.0,0.0], [0.0,0.0], [0.0,0.0], [0.0,0.0], [0.0,0.0], [0.0,0.0], [0.0,0.0], [0.0,0.0], [0.0,0.0], [0.0,0.0], [0.0,0.0]]
ENTRY 1 ModifierDefinition_2 [[0.0,0.0], [0.0,0.0], [0.0,0.0], [0.0,0.0], [0.0,0.0], [0.0,0.0], [0.0,0.0], [0.0,0.0], [0.0,0.0], [0.0,0.0], [0.0,0.0], [0.0,0.0], [0.0,0.0], [0.0,0.0], [0.0,0.0], [0.0,0.0]]
EXIT 1 ModifierDefinition_2 [[0.0,0.0], [0.0,0.0], [0.0,0.0], [0.0,0.0], [0.0,0.0], [0.0,0.0], [0.0,0.0], [0.0,0.0], [0.0,0.0], [0.0,0.0], [0.0,0.0], [0.0,0.0], [0.0,0.0], [0.0,0.0], [0.0,0.0], [0.0,0.0]]
ENTRY 1 ModifierDefinition_3 [[0.0,0.0], [0.0,0.0], [0.0,0.0], [0.0,0.0], [0.0,0.0], [0.0,0.0], [0.0,0.0], [0.0,0.0], [0.0,0.0], [0.0,0.0], [0.0,0.0], [0.0,0.0], [0.0,0.0], [0.0,0.0], [0.0,0.0], [0.0,0.0]]
EXIT 1 ModifierDefinition_3 [[0.0,0.0], [0.0,0.0], [0.0,0.0], [0.0,0.0], [0.0,0.0], [0.0,0.0], [0.0,0.0], [0.0,0.0], [0.0,0.0], [0.0,0.0], [0.0,0.0], [0.0,0.0], [0.0,0.0], [0.0,0.0], [0.0,0.0], [0.0,0.0]]
ENTRY 1 EventDefinition_0 [[0.0,0.0], [0.0,0.0], [0.0,0.0], [0.0,0.0], [0.0,0.0], [0.0,0.0], [0.0,0.0], [0.0,0.0], [0.0,0.0], [0.0,0.0], [0.0,0.0], [0.0,0.0], [0.0,0.0], [0.0,0.0], [0.0,0.0], [0.0,0.0]]
EXIT 1 EventDefinition_0 [[0.0,0.0], [0.0,0.0], [0.0,0.0], [0.0,0.0], [0.0,0.0], [0.0,0.0], [0.0,0.0], [0.0,0.0], [0.0,0.0], [0.0,0.0], [0.0,0.0], [0.0,0.0], [0.0,0.0], [0.0,0.0], [0.0,0.0], [0.0,0.0]]
ENTRY 1 EventDefinition_1 [[0.0,0.0], [0.0,0.0], [0.0,0.0], [0.0,0.0], [0.0,0.0], [0.0,0.0], [0.0,0.0], [0.0,0.0], [0.0,0.0], [0.0,0.0], [0.0,0.0], [0.0,0.0], [0.0,0.0], [0.0,0.0], [0.0,0.0], [0.0,0.0]]
EXIT 1 EventDefinition_1 [[0.0,0.0], [0.0,0.0], [0.0,0.0], [0.0,0.0], [0.0,0.0], [0.0,0.0], [0.0,0.0], [0.0,0.0], [0.0,0.0], [0.0,0.0], [0.0,0.0], [0.0,0.0], [0.0,0.0], [0.0,0.0], [0.0,0.0], [0.0,0.0]]
ENTRY 1 EventDefinition_2 [[0.0,0.0], [0.0,0.0], [0.0,0.0], [0.0,0.0], [0.0,0.0], [0.0,0.0], [0.0,0.0], [0.0,0.0], [0.0,0.0], [0.0,0.0], [0.0,0.0], [0.0,0.0], [0.0,0.0], [0.0,0.0], [0.0,0.0], [0.0,0.0]]
EXIT 1 EventDefinition_2 [[0.0,0.0], [0.0,0.0], [0.0,0.0], [0.0,0.0], [0.0,0.0], [0.0,0.0], [0.0,0.0], [0.0,0.0], [0.0,0.0], [0.0,0.0], [0.0,0.0], [0.0,0.0], [0.0,0.0], [0.0,0.0], [0.0,0.0], [0.0,0.0]]
ENTRY 1 EventDefinition_3 [[0.0,0.0], [0.0,0.0], [0.0,0.0], [0.0,0.0], [0.0,0.0], [0.0,0.0], [0.0,0.0], [0.0,0.0], [0.0,0.0], [0.0,0.0], [0.0,0.0], [0.0,0.0], [0.0,0.0], [0.0,0.0], [0.0,0.0], [0.0,0.0]]
EXIT 1 EventDefinition_3 [[0.0,0.0], [0.0,0.0], [0.0,0.0], [0.0,0.0], [0.0,0.0], [0.0,0.0], [0.0,0.0], [0.0,0.0], [0.0,0.0], [0.0,0.0], [0.0,0.0], [0.0,0.0], [0.0,0.0], [0.0,0.0], [0.0,0.0], [0.0,0.0]]
ENTRY 1 EventDefinition_4 [[0.0,0.0], [0.0,0.0], [0.0,0.0], [0.0,0.0], [0.0,0.0], [0.0,0.0], [0.0,0.0], [0.0,0.0], [0.0,0.0], [0.0,0.0], [0.0,0.0], [0.0,0.0], [0.0,0.0], [0.0,0.0], [0.0,0.0], [0.0,0.0]]
EXIT 1 EventDefinition_4 [[0.0,0.0], [0.0,0.0], [0.0,0.0], [0.0,0.0], [0.0,0.0], [0.0,0.0], [0.0,0.0], [0.0,0.0], [0.0,0.0], [0.0,0.0], [0.0,0.0], [0.0,0.0], [0.0,0.0], [0.0,0.0], [0.0,0.0], [0.0,0.0]]
ENTRY 1 EventDefinition_5 [[0.0,0.0], [0.0,0.0], [0.0,0.0], [0.0,0.0], [0.0,0.0], [0.0,0.0], [0.0,0.0], [0.0,0.0], [0.0,0.0], [0.0,0.0], [0.0,0.0], [0.0,0.0], [0.0,0.0], [0.0,0.0], [0.0,0.0], [0.0,0.0]]
EXIT 1 EventDefinition_5 [[0.0,0.0], [0.0,0.0], [0.0,0.0], [0.0,0.0], [0.0,0.0], [0.0,0.0], [0.0,0.0], [0.0,0.0], [0.0,0.0], [0.0,0.0], [0.0,0.0], [0.0,0.0], [0.0,0.0], [0.0,0.0], [0.0,0.0], [0.0,0.0]]
ENTRY 1 VariableDeclaration_0 [[0.0,0.0], [0.0,0.0], [0.0,0.0], [0.0,0.0], [0.0,0.0], [0.0,0.0], [0.0,0.0], [0.0,0.0], [0.0,0.0], [0.0,0.0], [0.0,0.0], [0.0,0.0], [0.0,0.0], [0.0,0.0], [0.0,0.0], [0.0,0.0]]
EXIT 1 VariableDeclaration_0 [[0.0,0.0], [0.0,0.0], [0.0,0.0], [0.0,0.0], [0.0,0.0], [0.0,0.0], [0.0,0.0], [0.0,0.0], [0.0,0.0], [0.0,0.0], [0.0,0.0], [0.0,0.0], [0.0,0.0], [0.0,0.0], [0.0,0.0], [0.0,0.0]]
ENTRY 1 VariableDeclaration_1 [[0.0,0.0], [0.0,0.0], [0.0,0.0], [0.0,0.0], [0.0,0.0], [0.0,0.0], [0.0,0.0], [0.0,0.0], [0.0,0.0], [0.0,0.0], [0.0,0.0], [0.0,0.0], [0.0,0.0], [0.0,0.0], [0.0,0.0], [0.0,0.0]]
EXIT 1 VariableDeclaration_1 [[0.0,0.0], [0.0,0.0], [0.0,0.0], [0.0,0.0], [0.0,0.0], [0.0,0.0], [0.0,0.0], [0.0,0.0], [0.0,0.0], [0.0,0.0], [0.0,0.0], [0.0,0.0], [0.0,0.0], [0.0,0.0], [0.0,0.0], [0.0,0.0]]
ENTRY 1 VariableDeclaration_2 [[0.0,0.0], [0.0,0.0], [0.0,0.0], [0.0,0.0], [0.0,0.0], [0.0,0.0], [0.0,0.0], [0.0,0.0], [0.0,0.0], [0.0,0.0], [0.0,0.0], [0.0,0.0], [0.0,0.0], [0.0,0.0], [0.0,0.0], [0.0,0.0]]
EXIT 1 VariableDeclaration_2 [[0.0,0.0], [0.0,0.0], [0.0,0.0], [0.0,0.0], [0.0,0.0], [0.0,0.0], [0.0,0.0], [0.0,0.0], [0.0,0.0], [0.0,0.0], [0.0,0.0], [0.0,0.0], [0.0,0.0], [0.0,0.0], [0.0,0.0], [0.0,0.0]]
ENTRY 1 VariableDeclaration_3 [[0.0,0.0], [0.0,0.0], [0.0,0.0], [0.0,0.0], [0.0,0.0], [0.0,0.0], [0.0,0.0], [0.0,0.0], [0.0,0.0], [0.0,0.0], [0.0,0.0], [0.0,0.0], [0.0,0.0], [0.0,0.0], [0.0,0.0], [0.0,0.0]]
EXIT 1 VariableDeclaration_3 [[0.0,0.0], [0.0,0.0], [0.0,0.0], [0.0,0.0], [0.0,0.0], [0.0,0.0], [0.0,0.0], [0.0,0.0], [0.0,0.0], [0.0,0.0], [0.0,0.0], [0.0,0.0], [0.0,0.0], [0.0,0.0], [0.0,0.0], [0.0,0.0]]
ENTRY 1 VariableDeclaration_4 [[0.0,0.0], [0.0,0.0], [0.0,0.0], [0.0,0.0], [0.0,0.0], [0.0,0.0], [0.0,0.0], [0.0,0.0], [0.0,0.0], [0.0,0.0], [0.0,0.0], [0.0,0.0], [0.0,0.0], [0.0,0.0], [0.0,0.0], [0.0,0.0]]
EXIT 1 VariableDeclaration_4 [[0.0,0.0], [0.0,0.0], [0.0,0.0], [0.0,0.0], [0.0,0.0], [0.0,0.0], [0.0,0.0], [0.0,0.0], [0.0,0.0], [0.0,0.0], [0.0,0.0], [0.0,0.0], [0.0,0.0], [0.0,0.0], [0.0,0.0], [0.0,0.0]]
ENTRY 1 VariableDeclaration_5 [[0.0,0.0], [0.0,0.0], [0.0,0.0], [0.0,0.0], [0.0,0.0], [0.0,0.0], [0.0,0.0], [0.0,0.0], [0.0,0.0], [0.0,0.0], [0.0,0.0], [0.0,0.0], [0.0,0.0], [0.0,0.0], [0.0,0.0], [0.0,0.0]]
EXIT 1 VariableDeclaration_5 [[0.0,0.0], [0.0,0.0], [0.0,0.0], [0.0,0.0], [0.0,0.0], [0.0,0.0], [0.0,0.0], [0.0,0.0], [0.0,0.0], [0.0,0.0], [0.0,0.0], [0.0,0.0], [0.0,0.0], [0.0,0.0], [0.0,0.0], [0.0,0.0]]
ENTRY 1 VariableDeclaration_6 [[0.0,0.0], [0.0,0.0], [0.0,0.0], [0.0,0.0], [0.0,0.0], [0.0,0.0], [0.0,0.0], [0.0,0.0], [0.0,0.0], [0.0,0.0], [0.0,0.0], [0.0,0.0], [0.0,0.0], [0.0,0.0], [0.0,0.0], [0.0,0.0]]
EXIT 1 VariableDeclaration_6 [[0.0,0.0], [0.0,0.0], [0.0,0.0], [0.0,0.0], [0.0,0.0], [0.0,0.0], [0.0,0.0], [0.0,0.0], [0.0,0.0], [0.0,0.0], [0.0,0.0], [0.0,0.0], [0.0,0.0], [0.0,0.0], [0.0,0.0], [0.0,0.0]]
ENTRY 1 VariableDeclaration_7 [[0.0,0.0], [0.0,0.0], [0.0,0.0], [0.0,0.0], [0.0,0.0], [0.0,0.0], [0.0,0.0], [0.0,0.0], [0.0,0.0], [0.0,0.0], [0.0,0.0], [0.0,0.0], [0.0,0.0], [0.0,0.0], [0.0,0.0], [0.0,0.0]]
EXIT 1 VariableDeclaration_7 [[0.0,0.0], [0.0,0.0], [0.0,0.0], [0.0,0.0], [0.0,0.0], [0.0,0.0], [0.0,0.0], [0.0,0.0], [0.0,0.0], [0.0,0.0], [0.0,0.0], [0.0,0.0], [0.0,0.0], [0.0,0.0], [0.0,0.0], [0.0,0.0]]
ENTRY 1 VariableDeclaration_8 [[0.0,0.0], [0.0,0.0], [0.0,0.0], [0.0,0.0], [0.0,0.0], [0.0,0.0], [0.0,0.0], [0.0,0.0], [0.0,0.0], [0.0,0.0], [0.0,0.0], [0.0,0.0], [0.0,0.0], [0.0,0.0], [0.0,0.0], [0.0,0.0]]
EXIT 1 VariableDeclaration_8 [[0.0,0.0], [0.0,0.0], [0.0,0.0], [0.0,0.0], [0.0,0.0], [0.0,0.0], [0.0,0.0], [0.0,0.0], [0.0,0.0], [0.0,0.0], [0.0,0.0], [0.0,0.0], [0.0,0.0], [0.0,0.0], [0.0,0.0], [0.0,0.0]]
ENTRY 1 FunctionDefinition_0 [[0.0,0.0], [0.0,0.0], [0.0,0.0], [0.0,0.0], [0.0,0.0], [0.0,0.0], [0.0,0.0], [0.0,0.0], [0.0,0.0], [0.0,0.0], [0.0,0.0], [0.0,0.0], [0.0,0.0], [0.0,0.0], [0.0,0.0], [0.0,0.0]]
EXIT 1 FunctionDefinition_0 [[0.0,0.0], [0.0,0.0], [0.0,0.0], [0.0,0.0], [0.0,0.0], [0.0,0.0], [0.0,0.0], [0.0,0.0], [0.0,0.0], [0.0,0.0], [0.0,0.0], [0.0,0.0], [0.0,0.0], [0.0,0.0], [0.0,0.0], [0.0,0.0]]
ENTRY 1 FunctionEntry_0 [[0.0,0.0], [0.0,0.0], [0.0,0.0], [0.0,0.0], [0.0,0.0], [0.0,0.0], [0.0,0.0], [0.0,0.0], [0.0,0.0], [0.0,0.0], [0.0,0.0], [0.0,0.0], [0.0,0.0], [0.0,0.0], [0.0,0.0], [0.0,0.0]]
EXIT 1 FunctionEntry_0 [[0.0,0.0], [0.0,0.0], [0.0,0.0], [0.0,0.0], [0.0,0.0], [0.0,0.0], [0.0,0.0], [0.0,0.0], [0.0,0.0], [0.0,0.0], [0.0,0.0], [0.0,0.0], [0.0,0.0], [0.0,0.0], [0.0,0.0], [0.0,0.0]]
ENTRY 1 ExpressionStatement_0 [[0.0,0.0], [0.0,0.0], [0.0,0.0], [0.0,0.0], [0.0,0.0], [0.0,0.0], [0.0,0.0], [0.0,0.0], [0.0,0.0], [0.0,0.0], [0.0,0.0], [0.0,0.0], [0.0,0.0], [0.0,0.0], [0.0,0.0], [0.0,0.0]]
EXIT 1 ExpressionStatement_0 [[0.0,0.0], [0.0,0.0], [0.0,0.0], [0.0,0.0], [0.0,0.0], [0.0,0.0], [0.0,0.0], [-Infinity,Infinity], [0.0,0.0], [0.0,0.0], [0.0,0.0], [0.0,0.0], [0.0,0.0], [0.0,0.0], [0.0,0.0], [0.0,0.0]]
ENTRY 1 ExpressionStatement_1 [[0.0,0.0], [0.0,0.0], [0.0,0.0], [0.0,0.0], [0.0,0.0], [0.0,0.0], [0.0,0.0], [-Infinity,Infinity], [0.0,0.0], [0.0,0.0], [0.0,0.0], [0.0,0.0], [0.0,0.0], [0.0,0.0], [0.0,0.0], [0.0,0.0]]
EXIT 1 ExpressionStatement_1 [[0.0,0.0], [0.0,0.0], [0.0,0.0], [0.0,0.0], [-Infinity,Infinity], [0.0,0.0], [0.0,0.0], [-Infinity,Infinity], [0.0,0.0], [0.0,0.0], [0.0,0.0], [0.0,0.0], [0.0,0.0], [0.0,0.0], [0.0,0.0], [0.0,0.0]]
ENTRY 1 ExpressionStatement_2 [[0.0,0.0], [0.0,0.0], [0.0,0.0], [0.0,0.0], [-Infinity,Infinity], [0.0,0.0], [0.0,0.0], [-Infinity,Infinity], [0.0,0.0], [0.0,0.0], [0.0,0.0], [0.0,0.0], [0.0,0.0], [0.0,0.0], [0.0,0.0], [0.0,0.0]]
EXIT 1 ExpressionStatement_2 [[-Infinity,Infinity], [0.0,0.0], [0.0,0.0], [0.0,0.0], [-Infinity,Infinity], [0.0,0.0], [0.0,0.0], [-Infinity,Infinity], [0.0,0.0], [0.0,0.0], [0.0,0.0], [0.0,0.0], [0.0,0.0], [0.0,0.0], [0.0,0.0], [0.0,0.0]]
ENTRY 1 ExpressionStatement_3 [[-Infinity,Infinity], [0.0,0.0], [0.0,0.0], [0.0,0.0], [-Infinity,Infinity], [0.0,0.0], [0.0,0.0], [-Infinity,Infinity], [0.0,0.0], [0.0,0.0], [0.0,0.0], [0.0,0.0], [0.0,0.0], [0.0,0.0], [0.0,0.0], [0.0,0.0]]
EXIT 1 ExpressionStatement_3 [[-Infinity,Infinity], [0.0,0.0], [0.0,0.0], [0.0,0.0], [-Infinity,Infinity], [0.0,0.0], [0.0,0.0], [-Infinity,Infinity], [0.0,0.0], [0.0,0.0], [0.0,0.0], [0.0,0.0], [0.0,0.0], [0.0,0.0], [0.0,0.0], [0.0,0.0]]
ENTRY 1 ExpressionStatement_4 [[-Infinity,Infinity], [0.0,0.0], [0.0,0.0], [0.0,0.0], [-Infinity,Infinity], [0.0,0.0], [0.0,0.0], [-Infinity,Infinity], [0.0,0.0], [0.0,0.0], [0.0,0.0], [0.0,0.0], [0.0,0.0], [0.0,0.0], [0.0,0.0], [0.0,0.0]]
EXIT 1 ExpressionStatement_4 [[-Infinity,Infinity], [-Infinity,Infinity], [0.0,0.0], [0.0,0.0], [-Infinity,Infinity], [0.0,0.0], [0.0,0.0], [-Infinity,Infinity], [0.0,0.0], [0.0,0.0], [0.0,0.0], [0.0,0.0], [0.0,0.0], [0.0,0.0], [0.0,0.0], [0.0,0.0]]
ENTRY 1 FunctionExit_0 [[-Infinity,Infinity], [-Infinity,Infinity], [0.0,0.0], [0.0,0.0], [-Infinity,Infinity], [0.0,0.0], [0.0,0.0], [-Infinity,Infinity], [0.0,0.0], [0.0,0.0], [0.0,0.0], [0.0,0.0], [0.0,0.0], [0.0,0.0], [0.0,0.0], [0.0,0.0]]
EXIT 1 FunctionExit_0 [[-Infinity,Infinity], [-Infinity,Infinity], [0.0,0.0], [0.0,0.0], [-Infinity,Infinity], [0.0,0.0], [0.0,0.0], [-Infinity,Infinity], [0.0,0.0], [0.0,0.0], [0.0,0.0], [0.0,0.0], [0.0,0.0], [0.0,0.0], [0.0,0.0], [0.0,0.0]]
ENTRY 1 FunctionDefinition_1 [[-Infinity,Infinity], [-Infinity,Infinity], [0.0,0.0], [0.0,0.0], [-Infinity,Infinity], [0.0,0.0], [0.0,0.0], [-Infinity,Infinity], [0.0,0.0], [0.0,0.0], [0.0,0.0], [0.0,0.0], [0.0,0.0], [0.0,0.0], [0.0,0.0], [0.0,0.0]]
EXIT 1 FunctionDefinition_1 [[-Infinity,Infinity], [-Infinity,Infinity], [0.0,0.0], [0.0,0.0], [-Infinity,Infinity], [0.0,0.0], [0.0,0.0], [-Infinity,Infinity], [0.0,0.0], [0.0,0.0], [0.0,0.0], [0.0,0.0], [0.0,0.0], [0.0,0.0], [0.0,0.0], [0.0,0.0]]
ENTRY 1 FunctionEntry_1 [[-Infinity,Infinity], [-Infinity,Infinity], [0.0,0.0], [0.0,0.0], [-Infinity,Infinity], [0.0,0.0], [0.0,0.0], [-Infinity,Infinity], [0.0,0.0], [0.0,0.0], [0.0,0.0], [0.0,0.0], [0.0,0.0], [0.0,0.0], [0.0,0.0], [0.0,0.0]]
EXIT 1 FunctionEntry_1 [[-Infinity,Infinity], [-Infinity,Infinity], [0.0,0.0], [0.0,0.0], [-Infinity,Infinity], [0.0,0.0], [0.0,0.0], [-Infinity,Infinity], [0.0,0.0], [0.0,0.0], [0.0,0.0], [0.0,0.0], [0.0,0.0], [0.0,0.0], [0.0,0.0], [0.0,0.0]]
ENTRY 1 ExpressionStatement_5 [[-Infinity,Infinity], [-Infinity,Infinity], [0.0,0.0], [0.0,0.0], [-Infinity,Infinity], [0.0,0.0], [0.0,0.0], [-Infinity,Infinity], [0.0,0.0], [0.0,0.0], [0.0,0.0], [0.0,0.0], [0.0,0.0], [0.0,0.0], [0.0,0.0], [0.0,0.0]]
EXIT 1 ExpressionStatement_5 [[-Infinity,Infinity], [-Infinity,Infinity], [0.0,0.0], [0.0,0.0], [-Infinity,Infinity], [0.0,0.0], [0.0,0.0], [-Infinity,Infinity], [0.0,0.0], [0.0,0.0], [0.0,0.0], [0.0,0.0], [0.0,0.0], [0.0,0.0], [0.0,0.0], [0.0,0.0]]
ENTRY 1 FunctionExit_1 [[-Infinity,Infinity], [-Infinity,Infinity], [0.0,0.0], [0.0,0.0], [-Infinity,Infinity], [0.0,0.0], [0.0,0.0], [-Infinity,Infinity], [0.0,0.0], [0.0,0.0], [0.0,0.0], [0.0,0.0], [0.0,0.0], [0.0,0.0], [0.0,0.0], [0.0,0.0]]
EXIT 1 FunctionExit_1 [[-Infinity,Infinity], [-Infinity,Infinity], [0.0,0.0], [0.0,0.0], [-Infinity,Infinity], [0.0,0.0], [0.0,0.0], [-Infinity,Infinity], [0.0,0.0], [0.0,0.0], [0.0,0.0], [0.0,0.0], [0.0,0.0], [0.0,0.0], [0.0,0.0], [0.0,0.0]]
ENTRY 1 FunctionDefinition_2 [[-Infinity,Infinity], [-Infinity,Infinity], [0.0,0.0], [0.0,0.0], [-Infinity,Infinity], [0.0,0.0], [0.0,0.0], [-Infinity,Infinity], [0.0,0.0], [0.0,0.0], [0.0,0.0], [0.0,0.0], [0.0,0.0], [0.0,0.0], [0.0,0.0], [0.0,0.0]]
EXIT 1 FunctionDefinition_2 [[-Infinity,Infinity], [-Infinity,Infinity], [0.0,0.0], [0.0,0.0], [-Infinity,Infinity], [0.0,0.0], [0.0,0.0], [-Infinity,Infinity], [0.0,0.0], [0.0,0.0], [0.0,0.0], [0.0,0.0], [0.0,0.0], [0.0,0.0], [0.0,0.0], [0.0,0.0]]
ENTRY 1 FunctionEntry_2 [[-Infinity,Infinity], [-Infinity,Infinity], [0.0,0.0], [0.0,0.0], [-Infinity,Infinity], [0.0,0.0], [0.0,0.0], [-Infinity,Infinity], [0.0,0.0], [0.0,0.0], [0.0,0.0], [0.0,0.0], [0.0,0.0], [0.0,0.0], [0.0,0.0], [0.0,0.0]]
EXIT 1 FunctionEntry_2 [[-Infinity,Infinity], [-Infinity,Infinity], [0.0,0.0], [0.0,0.0], [-Infinity,Infinity], [0.0,0.0], [0.0,0.0], [-Infinity,Infinity], [0.0,0.0], [0.0,0.0], [0.0,0.0], [0.0,0.0], [0.0,0.0], [0.0,0.0], [0.0,0.0], [0.0,0.0]]
ENTRY 1 ExpressionStatement_6 [[-Infinity,Infinity], [-Infinity,Infinity], [0.0,0.0], [0.0,0.0], [-Infinity,Infinity], [0.0,0.0], [0.0,0.0], [-Infinity,Infinity], [0.0,0.0], [0.0,0.0], [0.0,0.0], [0.0,0.0], [0.0,0.0], [0.0,0.0], [0.0,0.0], [0.0,0.0]]
EXIT 1 ExpressionStatement_6 [[-Infinity,Infinity], [-Infinity,Infinity], [0.0,0.0], [0.0,0.0], [-Infinity,Infinity], [0.0,0.0], [0.0,0.0], [-Infinity,Infinity], [0.0,0.0], [0.0,0.0], [0.0,0.0], [0.0,0.0], [0.0,0.0], [0.0,0.0], [0.0,0.0], [0.0,0.0]]
ENTRY 1 EmitStatement_0 [[-Infinity,Infinity], [-Infinity,Infinity], [0.0,0.0], [0.0,0.0], [-Infinity,Infinity], [0.0,0.0], [0.0,0.0], [-Infinity,Infinity], [0.0,0.0], [0.0,0.0], [0.0,0.0], [0.0,0.0], [0.0,0.0], [0.0,0.0], [0.0,0.0], [0.0,0.0]]
EXIT 1 EmitStatement_0 [[0.0,0.0], [0.0,0.0], [0.0,0.0], [0.0,0.0], [0.0,0.0], [0.0,0.0], [0.0,0.0], [0.0,0.0], [0.0,0.0], [0.0,0.0], [0.0,0.0], [0.0,0.0], [0.0,0.0], [0.0,0.0], [0.0,0.0], [0.0,0.0]]
ENTRY 1 FunctionExit_2 [[0.0,0.0], [0.0,0.0], [0.0,0.0], [0.0,0.0], [0.0,0.0], [0.0,0.0], [0.0,0.0], [0.0,0.0], [0.0,0.0], [0.0,0.0], [0.0,0.0], [0.0,0.0], [0.0,0.0], [0.0,0.0], [0.0,0.0], [0.0,0.0]]
EXIT 1 FunctionExit_2 [[0.0,0.0], [0.0,0.0], [0.0,0.0], [0.0,0.0], [0.0,0.0], [0.0,0.0], [0.0,0.0], [0.0,0.0], [0.0,0.0], [0.0,0.0], [0.0,0.0], [0.0,0.0], [0.0,0.0], [0.0,0.0], [0.0,0.0], [0.0,0.0]]
ENTRY 1 FunctionDefinition_3 [[0.0,0.0], [0.0,0.0], [0.0,0.0], [0.0,0.0], [0.0,0.0], [0.0,0.0], [0.0,0.0], [0.0,0.0], [0.0,0.0], [0.0,0.0], [0.0,0.0], [0.0,0.0], [0.0,0.0], [0.0,0.0], [0.0,0.0], [0.0,0.0]]
EXIT 1 FunctionDefinition_3 [[0.0,0.0], [0.0,0.0], [0.0,0.0], [0.0,0.0], [0.0,0.0], [0.0,0.0], [0.0,0.0], [0.0,0.0], [0.0,0.0], [0.0,0.0], [0.0,0.0], [0.0,0.0], [0.0,0.0], [0.0,0.0], [0.0,0.0], [0.0,0.0]]
ENTRY 1 FunctionEntry_3 [[0.0,0.0], [0.0,0.0], [0.0,0.0], [0.0,0.0], [0.0,0.0], [0.0,0.0], [0.0,0.0], [0.0,0.0], [0.0,0.0], [0.0,0.0], [0.0,0.0], [0.0,0.0], [0.0,0.0], [0.0,0.0], [0.0,0.0], [0.0,0.0]]
EXIT 1 FunctionEntry_3 [[0.0,0.0], [0.0,0.0], [0.0,0.0], [0.0,0.0], [0.0,0.0], [0.0,0.0], [0.0,0.0], [0.0,0.0], [0.0,0.0], [0.0,0.0], [0.0,0.0], [0.0,0.0], [0.0,0.0], [0.0,0.0], [0.0,0.0], [0.0,0.0]]
ENTRY 1 ExpressionStatement_7 [[0.0,0.0], [0.0,0.0], [0.0,0.0], [0.0,0.0], [0.0,0.0], [0.0,0.0], [0.0,0.0], [0.0,0.0], [0.0,0.0], [0.0,0.0], [0.0,0.0], [0.0,0.0], [0.0,0.0], [0.0,0.0], [0.0,0.0], [0.0,0.0]]
EXIT 1 ExpressionStatement_7 [[0.0,0.0], [0.0,0.0], [-Infinity,Infinity], [0.0,0.0], [0.0,0.0], [0.0,0.0], [0.0,0.0], [0.0,0.0], [0.0,0.0], [0.0,0.0], [0.0,0.0], [0.0,0.0], [0.0,0.0], [0.0,0.0], [0.0,0.0], [0.0,0.0]]
ENTRY 1 EmitStatement_1 [[0.0,0.0], [0.0,0.0], [-Infinity,Infinity], [0.0,0.0], [0.0,0.0], [0.0,0.0], [0.0,0.0], [0.0,0.0], [0.0,0.0], [0.0,0.0], [0.0,0.0], [0.0,0.0], [0.0,0.0], [0.0,0.0], [0.0,0.0], [0.0,0.0]]
EXIT 1 EmitStatement_1 [[0.0,0.0], [0.0,0.0], [0.0,0.0], [0.0,0.0], [0.0,0.0], [0.0,0.0], [0.0,0.0], [0.0,0.0], [0.0,0.0], [0.0,0.0], [0.0,0.0], [0.0,0.0], [0.0,0.0], [0.0,0.0], [0.0,0.0], [0.0,0.0]]
ENTRY 1 FunctionExit_3 [[0.0,0.0], [0.0,0.0], [0.0,0.0], [0.0,0.0], [0.0,0.0], [0.0,0.0], [0.0,0.0], [0.0,0.0], [0.0,0.0], [0.0,0.0], [0.0,0.0], [0.0,0.0], [0.0,0.0], [0.0,0.0], [0.0,0.0], [0.0,0.0]]
EXIT 1 FunctionExit_3 [[0.0,0.0], [0.0,0.0], [0.0,0.0], [0.0,0.0], [0.0,0.0], [0.0,0.0], [0.0,0.0], [0.0,0.0], [0.0,0.0], [0.0,0.0], [0.0,0.0], [0.0,0.0], [0.0,0.0], [0.0,0.0], [0.0,0.0], [0.0,0.0]]
ENTRY 1 FunctionDefinition_4 [[0.0,0.0], [0.0,0.0], [0.0,0.0], [0.0,0.0], [0.0,0.0], [0.0,0.0], [0.0,0.0], [0.0,0.0], [0.0,0.0], [0.0,0.0], [0.0,0.0], [0.0,0.0], [0.0,0.0], [0.0,0.0], [0.0,0.0], [0.0,0.0]]
EXIT 1 FunctionDefinition_4 [[0.0,0.0], [0.0,0.0], [0.0,0.0], [0.0,0.0], [0.0,0.0], [0.0,0.0], [0.0,0.0], [0.0,0.0], [0.0,0.0], [0.0,0.0], [0.0,0.0], [0.0,0.0], [0.0,0.0], [0.0,0.0], [0.0,0.0], [0.0,0.0]]
ENTRY 1 FunctionEntry_4 [[0.0,0.0], [0.0,0.0], [0.0,0.0], [0.0,0.0], [0.0,0.0], [0.0,0.0], [0.0,0.0], [0.0,0.0], [0.0,0.0], [0.0,0.0], [0.0,0.0], [0.0,0.0], [0.0,0.0], [0.0,0.0], [0.0,0.0], [0.0,0.0]]
EXIT 1 FunctionEntry_4 [[0.0,0.0], [0.0,0.0], [0.0,0.0], [0.0,0.0], [0.0,0.0], [0.0,0.0], [0.0,0.0], [0.0,0.0], [0.0,0.0], [0.0,0.0], [0.0,0.0], [0.0,0.0], [0.0,0.0], [0.0,0.0], [0.0,0.0], [0.0,0.0]]
ENTRY 1 FunctionExit_4 [[0.0,0.0], [0.0,0.0], [0.0,0.0], [0.0,0.0], [0.0,0.0], [0.0,0.0], [0.0,0.0], [0.0,0.0], [0.0,0.0], [0.0,0.0], [0.0,0.0], [0.0,0.0], [0.0,0.0], [0.0,0.0], [0.0,0.0], [0.0,0.0]]
EXIT 1 FunctionExit_4 [[0.0,0.0], [0.0,0.0], [0.0,0.0], [0.0,0.0], [0.0,0.0], [0.0,0.0], [0.0,0.0], [0.0,0.0], [0.0,0.0], [0.0,0.0], [0.0,0.0], [0.0,0.0], [0.0,0.0], [0.0,0.0], [0.0,0.0], [0.0,0.0]]
ENTRY 1 FunctionDefinition_5 [[0.0,0.0], [0.0,0.0], [0.0,0.0], [0.0,0.0], [0.0,0.0], [0.0,0.0], [0.0,0.0], [0.0,0.0], [0.0,0.0], [0.0,0.0], [0.0,0.0], [0.0,0.0], [0.0,0.0], [0.0,0.0], [0.0,0.0], [0.0,0.0]]
EXIT 1 FunctionDefinition_5 [[0.0,0.0], [0.0,0.0], [0.0,0.0], [0.0,0.0], [0.0,0.0], [0.0,0.0], [0.0,0.0], [0.0,0.0], [0.0,0.0], [0.0,0.0], [0.0,0.0], [0.0,0.0], [0.0,0.0], [0.0,0.0], [0.0,0.0], [0.0,0.0]]
ENTRY 1 FunctionEntry_5 [[0.0,0.0], [0.0,0.0], [0.0,0.0], [0.0,0.0], [0.0,0.0], [0.0,0.0], [0.0,0.0], [0.0,0.0], [0.0,0.0], [0.0,0.0], [0.0,0.0], [0.0,0.0], [0.0,0.0], [0.0,0.0], [0.0,0.0], [0.0,0.0]]
EXIT 1 FunctionEntry_5 [[0.0,0.0], [0.0,0.0], [0.0,0.0], [0.0,0.0], [0.0,0.0], [0.0,0.0], [0.0,0.0], [0.0,0.0], [0.0,0.0], [0.0,0.0], [0.0,0.0], [0.0,0.0], [0.0,0.0], [0.0,0.0], [0.0,0.0], [0.0,0.0]]
ENTRY 1 ExpressionStatement_8 [[0.0,0.0], [0.0,0.0], [0.0,0.0], [0.0,0.0], [0.0,0.0], [0.0,0.0], [0.0,0.0], [0.0,0.0], [0.0,0.0], [0.0,0.0], [0.0,0.0], [0.0,0.0], [0.0,0.0], [0.0,0.0], [0.0,0.0], [0.0,0.0]]
EXIT 1 ExpressionStatement_8 [[0.0,0.0], [0.0,0.0], [0.0,0.0], [0.0,0.0], [0.0,0.0], [0.0,0.0], [0.0,0.0], [0.0,0.0], [0.0,0.0], [0.0,0.0], [0.0,0.0], [0.0,0.0], [0.0,0.0], [0.0,0.0], [0.0,0.0], [0.0,0.0]]
ENTRY 1 ExpressionStatement_9 [[0.0,0.0], [0.0,0.0], [0.0,0.0], [0.0,0.0], [0.0,0.0], [0.0,0.0], [0.0,0.0], [0.0,0.0], [0.0,0.0], [0.0,0.0], [0.0,0.0], [0.0,0.0], [0.0,0.0], [0.0,0.0], [0.0,0.0], [0.0,0.0]]
EXIT 1 ExpressionStatement_9 [[0.0,0.0], [0.0,0.0], [0.0,0.0], [0.0,0.0], [0.0,0.0], [0.0,0.0], [0.0,0.0], [0.0,0.0], [0.0,0.0], [0.0,0.0], [0.0,0.0], [0.0,0.0], [0.0,0.0], [0.0,0.0], [0.0,0.0], [0.0,0.0]]
ENTRY 1 ExpressionStatement_10 [[0.0,0.0], [0.0,0.0], [0.0,0.0], [0.0,0.0], [0.0,0.0], [0.0,0.0], [0.0,0.0], [0.0,0.0], [0.0,0.0], [0.0,0.0], [0.0,0.0], [0.0,0.0], [0.0,0.0], [0.0,0.0], [0.0,0.0], [0.0,0.0]]
EXIT 1 ExpressionStatement_10 [[0.0,0.0], [0.0,0.0], [0.0,0.0], [0.0,0.0], [0.0,0.0], [0.0,0.0], [0.0,0.0], [0.0,0.0], [0.0,0.0], [-Infinity,Infinity], [0.0,0.0], [0.0,0.0], [0.0,0.0], [0.0,0.0], [0.0,0.0], [0.0,0.0]]
ENTRY 1 ExpressionStatement_11 [[0.0,0.0], [0.0,0.0], [0.0,0.0], [0.0,0.0], [0.0,0.0], [0.0,0.0], [0.0,0.0], [0.0,0.0], [0.0,0.0], [-Infinity,Infinity], [0.0,0.0], [0.0,0.0], [0.0,0.0], [0.0,0.0], [0.0,0.0], [0.0,0.0]]
EXIT 1 ExpressionStatement_11 [[0.0,0.0], [0.0,0.0], [0.0,0.0], [0.0,0.0], [0.0,0.0], [0.0,0.0], [0.0,0.0], [0.0,0.0], [0.0,0.0], [-Infinity,Infinity], [0.0,0.0], [0.0,0.0], [0.0,0.0], [0.0,0.0], [0.0,0.0], [0.0,0.0]]
ENTRY 1 EmitStatement_2 [[0.0,0.0], [0.0,0.0], [0.0,0.0], [0.0,0.0], [0.0,0.0], [0.0,0.0], [0.0,0.0], [0.0,0.0], [0.0,0.0], [-Infinity,Infinity], [0.0,0.0], [0.0,0.0], [0.0,0.0], [0.0,0.0], [0.0,0.0], [0.0,0.0]]
EXIT 1 EmitStatement_2 [[0.0,0.0], [0.0,0.0], [0.0,0.0], [0.0,0.0], [0.0,0.0], [0.0,0.0], [0.0,0.0], [0.0,0.0], [0.0,0.0], [-Infinity,Infinity], [0.0,0.0], [0.0,0.0], [0.0,0.0], [0.0,0.0], [0.0,0.0], [0.0,0.0]]
ENTRY 1 FunctionExit_5 [[0.0,0.0], [0.0,0.0], [0.0,0.0], [0.0,0.0], [0.0,0.0], [0.0,0.0], [0.0,0.0], [0.0,0.0], [0.0,0.0], [-Infinity,Infinity], [0.0,0.0], [0.0,0.0], [0.0,0.0], [0.0,0.0], [0.0,0.0], [0.0,0.0]]
EXIT 1 FunctionExit_5 [[0.0,0.0], [0.0,0.0], [0.0,0.0], [0.0,0.0], [0.0,0.0], [0.0,0.0], [0.0,0.0], [0.0,0.0], [0.0,0.0], [-Infinity,Infinity], [0.0,0.0], [0.0,0.0], [0.0,0.0], [0.0,0.0], [0.0,0.0], [0.0,0.0]]
ENTRY 1 FunctionDefinition_6 [[0.0,0.0], [0.0,0.0], [0.0,0.0], [0.0,0.0], [0.0,0.0], [0.0,0.0], [0.0,0.0], [0.0,0.0], [0.0,0.0], [0.0,0.0], [0.0,0.0], [0.0,0.0], [0.0,0.0], [0.0,0.0], [0.0,0.0], [0.0,0.0]]
EXIT 1 FunctionDefinition_6 [[0.0,0.0], [0.0,0.0], [0.0,0.0], [0.0,0.0], [0.0,0.0], [0.0,0.0], [0.0,0.0], [0.0,0.0], [0.0,0.0], [0.0,0.0], [0.0,0.0], [0.0,0.0], [0.0,0.0], [0.0,0.0], [0.0,0.0], [0.0,0.0]]
ENTRY 1 FunctionEntry_6 [[0.0,0.0], [0.0,0.0], [0.0,0.0], [0.0,0.0], [0.0,0.0], [0.0,0.0], [0.0,0.0], [0.0,0.0], [0.0,0.0], [0.0,0.0], [0.0,0.0], [0.0,0.0], [0.0,0.0], [0.0,0.0], [0.0,0.0], [0.0,0.0]]
EXIT 1 FunctionEntry_6 [[0.0,0.0], [0.0,0.0], [0.0,0.0], [0.0,0.0], [0.0,0.0], [0.0,0.0], [0.0,0.0], [0.0,0.0], [0.0,0.0], [0.0,0.0], [0.0,0.0], [0.0,0.0], [0.0,0.0], [0.0,0.0], [0.0,0.0], [0.0,0.0]]
ENTRY 1 VariableDeclarationStatement_0 [[0.0,0.0], [0.0,0.0], [0.0,0.0], [0.0,0.0], [0.0,0.0], [0.0,0.0], [0.0,0.0], [0.0,0.0], [0.0,0.0], [0.0,0.0], [0.0,0.0], [0.0,0.0], [0.0,0.0], [0.0,0.0], [0.0,0.0], [0.0,0.0]]
EXIT 1 VariableDeclarationStatement_0 [[0.0,0.0], [0.0,0.0], [0.0,0.0], [0.0,0.0], [0.0,0.0], [0.0,0.0], [0.0,0.0], [0.0,0.0], [0.0,0.0], [0.0,0.0], [0.0,0.0], [0.0,0.0], [0.0,0.0], [-Infinity,Infinity], [0.0,0.0], [0.0,0.0]]
ENTRY 1 IfStatement_0 [[0.0,0.0], [0.0,0.0], [0.0,0.0], [0.0,0.0], [0.0,0.0], [0.0,0.0], [0.0,0.0], [0.0,0.0], [0.0,0.0], [0.0,0.0], [0.0,0.0], [0.0,0.0], [0.0,0.0], [-Infinity,Infinity], [0.0,0.0], [0.0,0.0]]
EXIT 1 IfStatement_0 [[1.0,-1.0], [1.0,-1.0], [1.0,-1.0], [1.0,-1.0], [1.0,-1.0], [1.0,-1.0], [1.0,-1.0], [1.0,-1.0], [1.0,-1.0], [1.0,-1.0], [1.0,-1.0], [1.0,-1.0], [1.0,-1.0], [1.0,-1.0], [1.0,-1.0], [1.0,-1.0]]
ENTRY 1 ExpressionStatement_12 [[0.0,0.0], [0.0,0.0], [0.0,0.0], [0.0,0.0], [0.0,0.0], [0.0,0.0], [0.0,0.0], [0.0,0.0], [0.0,0.0], [0.0,0.0], [0.0,0.0], [0.0,0.0], [0.0,0.0], [-Infinity,Infinity], [0.0,0.0], [0.0,0.0]]
EXIT 1 ExpressionStatement_12 [[0.0,0.0], [0.0,0.0], [0.0,0.0], [0.0,0.0], [0.0,0.0], [0.0,0.0], [0.0,0.0], [0.0,0.0], [0.0,0.0], [0.0,0.0], [0.0,0.0], [0.0,0.0], [0.0,0.0], [-Infinity,Infinity], [0.0,0.0], [0.0,0.0]]
ENTRY 1 ExpressionStatement_13 [[0.0,0.0], [0.0,0.0], [0.0,0.0], [0.0,0.0], [0.0,0.0], [0.0,0.0], [0.0,0.0], [0.0,0.0], [0.0,0.0], [0.0,0.0], [0.0,0.0], [0.0,0.0], [0.0,0.0], [-Infinity,Infinity], [0.0,0.0], [0.0,0.0]]
EXIT 1 ExpressionStatement_13 [[0.0,0.0], [0.0,0.0], [0.0,0.0], [0.0,0.0], [0.0,0.0], [0.0,0.0], [0.0,0.0], [0.0,0.0], [0.0,0.0], [0.0,0.0], [0.0,0.0], [0.0,0.0], [0.0,0.0], [-Infinity,Infinity], [0.0,0.0], [0.0,0.0]]
ENTRY 1 VariableDeclarationStatement_1 [[0.0,0.0], [0.0,0.0], [0.0,0.0], [0.0,0.0], [0.0,0.0], [0.0,0.0], [0.0,0.0], [0.0,0.0], [0.0,0.0], [0.0,0.0], [0.0,0.0], [0.0,0.0], [0.0,0.0], [-Infinity,Infinity], [0.0,0.0], [0.0,0.0]]
EXIT 1 VariableDeclarationStatement_1 [[0.0,0.0], [0.0,0.0], [0.0,0.0], [0.0,0.0], [0.0,0.0], [0.0,0.0], [0.0,0.0], [0.0,0.0], [0.0,0.0], [0.0,0.0], [0.0,0.0], [0.0,0.0], [0.0,0.0], [-Infinity,Infinity], [-Infinity,Infinity], [0.0,0.0]]
ENTRY 1 IfStatement_1 [[0.0,0.0], [0.0,0.0], [0.0,0.0], [0.0,0.0], [0.0,0.0], [0.0,0.0], [0.0,0.0], [0.0,0.0], [0.0,0.0], [0.0,0.0], [0.0,0.0], [0.0,0.0], [0.0,0.0], [-Infinity,Infinity], [-Infinity,Infinity], [0.0,0.0]]
EXIT 1 IfStatement_1 [[1.0,-1.0], [1.0,-1.0], [1.0,-1.0], [1.0,-1.0], [1.0,-1.0], [1.0,-1.0], [1.0,-1.0], [1.0,-1.0], [1.0,-1.0], [1.0,-1.0], [1.0,-1.0], [1.0,-1.0], [1.0,-1.0], [1.0,-1.0], [1.0,-1.0], [1.0,-1.0]]
ENTRY 1 ExpressionStatement_14 [[0.0,0.0], [0.0,0.0], [0.0,0.0], [0.0,0.0], [0.0,0.0], [0.0,0.0], [0.0,0.0], [0.0,0.0], [0.0,0.0], [0.0,0.0], [0.0,0.0], [0.0,0.0], [0.0,0.0], [-Infinity,Infinity], [-Infinity,Infinity], [0.0,0.0]]
EXIT 1 ExpressionStatement_14 [[0.0,0.0], [0.0,0.0], [0.0,0.0], [0.0,0.0], [0.0,0.0], [0.0,0.0], [0.0,0.0], [0.0,0.0], [0.0,0.0], [0.0,0.0], [0.0,0.0], [0.0,0.0], [0.0,0.0], [-Infinity,Infinity], [-Infinity,Infinity], [0.0,0.0]]
ENTRY 1 IfConditionJoin_1 [[0.0,0.0], [0.0,0.0], [0.0,0.0], [0.0,0.0], [0.0,0.0], [0.0,0.0], [0.0,0.0], [0.0,0.0], [0.0,0.0], [0.0,0.0], [0.0,0.0], [0.0,0.0], [0.0,0.0], [-Infinity,Infinity], [-Infinity,Infinity], [0.0,0.0]]
EXIT 1 IfConditionJoin_1 [[0.0,0.0], [0.0,0.0], [0.0,0.0], [0.0,0.0], [0.0,0.0], [0.0,0.0], [0.0,0.0], [0.0,0.0], [0.0,0.0], [0.0,0.0], [0.0,0.0], [0.0,0.0], [0.0,0.0], [-Infinity,Infinity], [-Infinity,Infinity], [0.0,0.0]]
ENTRY 1 IfConditionJoin_0 [[0.0,0.0], [0.0,0.0], [0.0,0.0], [0.0,0.0], [0.0,0.0], [0.0,0.0], [0.0,0.0], [0.0,0.0], [0.0,0.0], [0.0,0.0], [0.0,0.0], [0.0,0.0], [0.0,0.0], [-Infinity,Infinity], [-Infinity,Infinity], [0.0,0.0]]
EXIT 1 IfConditionJoin_0 [[0.0,0.0], [0.0,0.0], [0.0,0.0], [0.0,0.0], [0.0,0.0], [0.0,0.0], [0.0,0.0], [0.0,0.0], [0.0,0.0], [0.0,0.0], [0.0,0.0], [0.0,0.0], [0.0,0.0], [-Infinity,Infinity], [-Infinity,Infinity], [0.0,0.0]]
ENTRY 1 FunctionExit_6 [[0.0,0.0], [0.0,0.0], [0.0,0.0], [0.0,0.0], [0.0,0.0], [0.0,0.0], [0.0,0.0], [0.0,0.0], [0.0,0.0], [0.0,0.0], [0.0,0.0], [0.0,0.0], [0.0,0.0], [-Infinity,Infinity], [-Infinity,Infinity], [0.0,0.0]]
EXIT 1 FunctionExit_6 [[0.0,0.0], [0.0,0.0], [0.0,0.0], [0.0,0.0], [0.0,0.0], [0.0,0.0], [0.0,0.0], [0.0,0.0], [0.0,0.0], [0.0,0.0], [0.0,0.0], [0.0,0.0], [0.0,0.0], [-Infinity,Infinity], [-Infinity,Infinity], [0.0,0.0]]
ENTRY 1 ExpressionStatement_15 [[0.0,0.0], [0.0,0.0], [0.0,0.0], [0.0,0.0], [0.0,0.0], [0.0,0.0], [0.0,0.0], [0.0,0.0], [0.0,0.0], [0.0,0.0], [0.0,0.0], [0.0,0.0], [0.0,0.0], [-Infinity,Infinity], [-Infinity,Infinity], [0.0,0.0]]
EXIT 1 ExpressionStatement_15 [[0.0,0.0], [0.0,0.0], [0.0,0.0], [0.0,0.0], [0.0,0.0], [0.0,0.0], [0.0,0.0], [0.0,0.0], [0.0,0.0], [0.0,0.0], [0.0,0.0], [0.0,0.0], [0.0,0.0], [-Infinity,Infinity], [-Infinity,Infinity], [0.0,0.0]]
ENTRY 1 ExpressionStatement_16 [[0.0,0.0], [0.0,0.0], [0.0,0.0], [0.0,0.0], [0.0,0.0], [0.0,0.0], [0.0,0.0], [0.0,0.0], [0.0,0.0], [0.0,0.0], [0.0,0.0], [0.0,0.0], [0.0,0.0], [-Infinity,Infinity], [0.0,0.0], [0.0,0.0]]
EXIT 1 ExpressionStatement_16 [[0.0,0.0], [0.0,0.0], [0.0,0.0], [0.0,0.0], [0.0,0.0], [0.0,0.0], [0.0,0.0], [0.0,0.0], [0.0,0.0], [0.0,0.0], [0.0,0.0], [0.0,0.0], [0.0,0.0], [-Infinity,Infinity], [0.0,0.0], [0.0,0.0]]
ENTRY 1 FunctionDefinition_7 [[0.0,0.0], [0.0,0.0], [0.0,0.0], [0.0,0.0], [0.0,0.0], [0.0,0.0], [0.0,0.0], [0.0,0.0], [0.0,0.0], [0.0,0.0], [0.0,0.0], [0.0,0.0], [0.0,0.0], [0.0,0.0], [0.0,0.0], [0.0,0.0]]
EXIT 1 FunctionDefinition_7 [[0.0,0.0], [0.0,0.0], [0.0,0.0], [0.0,0.0], [0.0,0.0], [0.0,0.0], [0.0,0.0], [0.0,0.0], [0.0,0.0], [0.0,0.0], [0.0,0.0], [0.0,0.0], [0.0,0.0], [0.0,0.0], [0.0,0.0], [0.0,0.0]]
ENTRY 1 FunctionEntry_7 [[0.0,0.0], [0.0,0.0], [0.0,0.0], [0.0,0.0], [0.0,0.0], [0.0,0.0], [0.0,0.0], [0.0,0.0], [0.0,0.0], [0.0,0.0], [0.0,0.0], [0.0,0.0], [0.0,0.0], [0.0,0.0], [0.0,0.0], [0.0,0.0]]
EXIT 1 FunctionEntry_7 [[0.0,0.0], [0.0,0.0], [0.0,0.0], [0.0,0.0], [0.0,0.0], [0.0,0.0], [0.0,0.0], [0.0,0.0], [0.0,0.0], [0.0,0.0], [0.0,0.0], [0.0,0.0], [0.0,0.0], [0.0,0.0], [0.0,0.0], [0.0,0.0]]
ENTRY 1 ExpressionStatement_17 [[0.0,0.0], [0.0,0.0], [0.0,0.0], [0.0,0.0], [0.0,0.0], [0.0,0.0], [0.0,0.0], [0.0,0.0], [0.0,0.0], [0.0,0.0], [0.0,0.0], [0.0,0.0], [0.0,0.0], [0.0,0.0], [0.0,0.0], [0.0,0.0]]
EXIT 1 ExpressionStatement_17 [[0.0,0.0], [0.0,0.0], [0.0,0.0], [0.0,0.0], [0.0,0.0], [0.0,0.0], [0.0,0.0], [0.0,0.0], [0.0,0.0], [0.0,0.0], [0.0,0.0], [0.0,0.0], [0.0,0.0], [0.0,0.0], [0.0,0.0], [0.0,0.0]]
ENTRY 1 FunctionExit_7 [[0.0,0.0], [0.0,0.0], [0.0,0.0], [0.0,0.0], [0.0,0.0], [0.0,0.0], [0.0,0.0], [0.0,0.0], [0.0,0.0], [0.0,0.0], [0.0,0.0], [0.0,0.0], [0.0,0.0], [0.0,0.0], [0.0,0.0], [0.0,0.0]]
EXIT 1 FunctionExit_7 [[0.0,0.0], [0.0,0.0], [0.0,0.0], [0.0,0.0], [0.0,0.0], [0.0,0.0], [0.0,0.0], [0.0,0.0], [0.0,0.0], [0.0,0.0], [0.0,0.0], [0.0,0.0], [0.0,0.0], [0.0,0.0], [0.0,0.0], [0.0,0.0]]
ENTRY 1 FunctionDefinition_8 [[0.0,0.0], [0.0,0.0], [0.0,0.0], [0.0,0.0], [0.0,0.0], [0.0,0.0], [0.0,0.0], [0.0,0.0], [0.0,0.0], [0.0,0.0], [0.0,0.0], [0.0,0.0], [0.0,0.0], [0.0,0.0], [0.0,0.0], [0.0,0.0]]
EXIT 1 FunctionDefinition_8 [[0.0,0.0], [0.0,0.0], [0.0,0.0], [0.0,0.0], [0.0,0.0], [0.0,0.0], [0.0,0.0], [0.0,0.0], [0.0,0.0], [0.0,0.0], [0.0,0.0], [0.0,0.0], [0.0,0.0], [0.0,0.0], [0.0,0.0], [0.0,0.0]]
ENTRY 1 FunctionEntry_8 [[0.0,0.0], [0.0,0.0], [0.0,0.0], [0.0,0.0], [0.0,0.0], [0.0,0.0], [0.0,0.0], [0.0,0.0], [0.0,0.0], [0.0,0.0], [0.0,0.0], [0.0,0.0], [0.0,0.0], [0.0,0.0], [0.0,0.0], [0.0,0.0]]
EXIT 1 FunctionEntry_8 [[0.0,0.0], [0.0,0.0], [0.0,0.0], [0.0,0.0], [0.0,0.0], [0.0,0.0], [0.0,0.0], [0.0,0.0], [0.0,0.0], [0.0,0.0], [0.0,0.0], [0.0,0.0], [0.0,0.0], [0.0,0.0], [0.0,0.0], [0.0,0.0]]
ENTRY 1 VariableDeclarationStatement_2 [[0.0,0.0], [0.0,0.0], [0.0,0.0], [0.0,0.0], [0.0,0.0], [0.0,0.0], [0.0,0.0], [0.0,0.0], [0.0,0.0], [0.0,0.0], [0.0,0.0], [0.0,0.0], [0.0,0.0], [0.0,0.0], [0.0,0.0], [0.0,0.0]]
EXIT 1 VariableDeclarationStatement_2 [[0.0,0.0], [0.0,0.0], [0.0,0.0], [0.0,0.0], [0.0,0.0], [0.0,0.0], [0.0,0.0], [0.0,0.0], [0.0,0.0], [0.0,0.0], [0.0,0.0], [0.0,0.0], [0.0,0.0], [0.0,0.0], [0.0,0.0], [-Infinity,Infinity]]
ENTRY 1 ExpressionStatement_18 [[0.0,0.0], [0.0,0.0], [0.0,0.0], [0.0,0.0], [0.0,0.0], [0.0,0.0], [0.0,0.0], [0.0,0.0], [0.0,0.0], [0.0,0.0], [0.0,0.0], [0.0,0.0], [0.0,0.0], [0.0,0.0], [0.0,0.0], [-Infinity,Infinity]]
EXIT 1 ExpressionStatement_18 [[0.0,0.0], [0.0,0.0], [0.0,0.0], [0.0,0.0], [0.0,0.0], [0.0,0.0], [0.0,0.0], [0.0,0.0], [0.0,0.0], [0.0,0.0], [0.0,0.0], [0.0,0.0], [0.0,0.0], [0.0,0.0], [0.0,0.0], [-Infinity,Infinity]]
ENTRY 1 EmitStatement_3 [[0.0,0.0], [0.0,0.0], [0.0,0.0], [0.0,0.0], [0.0,0.0], [0.0,0.0], [0.0,0.0], [0.0,0.0], [0.0,0.0], [0.0,0.0], [0.0,0.0], [0.0,0.0], [0.0,0.0], [0.0,0.0], [0.0,0.0], [-Infinity,Infinity]]
EXIT 1 EmitStatement_3 [[0.0,0.0], [0.0,0.0], [0.0,0.0], [0.0,0.0], [0.0,0.0], [0.0,0.0], [0.0,0.0], [0.0,0.0], [0.0,0.0], [0.0,0.0], [0.0,0.0], [0.0,0.0], [0.0,0.0], [0.0,0.0], [0.0,0.0], [-Infinity,Infinity]]
ENTRY 1 FunctionExit_8 [[0.0,0.0], [0.0,0.0], [0.0,0.0], [0.0,0.0], [0.0,0.0], [0.0,0.0], [0.0,0.0], [0.0,0.0], [0.0,0.0], [0.0,0.0], [0.0,0.0], [0.0,0.0], [0.0,0.0], [0.0,0.0], [0.0,0.0], [-Infinity,Infinity]]
EXIT 1 FunctionExit_8 [[0.0,0.0], [0.0,0.0], [0.0,0.0], [0.0,0.0], [0.0,0.0], [0.0,0.0], [0.0,0.0], [0.0,0.0], [0.0,0.0], [0.0,0.0], [0.0,0.0], [0.0,0.0], [0.0,0.0], [0.0,0.0], [0.0,0.0], [-Infinity,Infinity]]
ENTRY 1 FunctionDefinition_9 [[0.0,0.0], [0.0,0.0], [0.0,0.0], [0.0,0.0], [0.0,0.0], [0.0,0.0], [0.0,0.0], [0.0,0.0], [0.0,0.0], [0.0,0.0], [0.0,0.0], [0.0,0.0], [0.0,0.0], [0.0,0.0], [0.0,0.0], [0.0,0.0]]
EXIT 1 FunctionDefinition_9 [[0.0,0.0], [0.0,0.0], [0.0,0.0], [0.0,0.0], [0.0,0.0], [0.0,0.0], [0.0,0.0], [0.0,0.0], [0.0,0.0], [0.0,0.0], [0.0,0.0], [0.0,0.0], [0.0,0.0], [0.0,0.0], [0.0,0.0], [0.0,0.0]]
ENTRY 1 FunctionEntry_9 [[0.0,0.0], [0.0,0.0], [0.0,0.0], [0.0,0.0], [0.0,0.0], [0.0,0.0], [0.0,0.0], [0.0,0.0], [0.0,0.0], [0.0,0.0], [0.0,0.0], [0.0,0.0], [0.0,0.0], [0.0,0.0], [0.0,0.0], [0.0,0.0]]
EXIT 1 FunctionEntry_9 [[0.0,0.0], [0.0,0.0], [0.0,0.0], [0.0,0.0], [0.0,0.0], [0.0,0.0], [0.0,0.0], [0.0,0.0], [0.0,0.0], [0.0,0.0], [0.0,0.0], [0.0,0.0], [0.0,0.0], [0.0,0.0], [0.0,0.0], [0.0,0.0]]
ENTRY 1 ExpressionStatement_19 [[0.0,0.0], [0.0,0.0], [0.0,0.0], [0.0,0.0], [0.0,0.0], [0.0,0.0], [0.0,0.0], [0.0,0.0], [0.0,0.0], [0.0,0.0], [0.0,0.0], [0.0,0.0], [0.0,0.0], [0.0,0.0], [0.0,0.0], [0.0,0.0]]
EXIT 1 ExpressionStatement_19 [[0.0,0.0], [0.0,0.0], [0.0,0.0], [0.0,0.0], [0.0,0.0], [0.0,0.0], [0.0,0.0], [0.0,0.0], [0.0,0.0], [0.0,0.0], [0.0,0.0], [0.0,0.0], [0.0,0.0], [0.0,0.0], [0.0,0.0], [0.0,0.0]]
ENTRY 1 ExpressionStatement_20 [[0.0,0.0], [0.0,0.0], [0.0,0.0], [0.0,0.0], [0.0,0.0], [0.0,0.0], [0.0,0.0], [0.0,0.0], [0.0,0.0], [0.0,0.0], [0.0,0.0], [0.0,0.0], [0.0,0.0], [0.0,0.0], [0.0,0.0], [0.0,0.0]]
EXIT 1 ExpressionStatement_20 [[0.0,0.0], [0.0,0.0], [0.0,0.0], [0.0,0.0], [0.0,0.0], [0.0,0.0], [0.0,0.0], [0.0,0.0], [-Infinity,Infinity], [0.0,0.0], [0.0,0.0], [0.0,0.0], [0.0,0.0], [0.0,0.0], [0.0,0.0], [0.0,0.0]]
ENTRY 1 EmitStatement_4 [[0.0,0.0], [0.0,0.0], [0.0,0.0], [0.0,0.0], [0.0,0.0], [0.0,0.0], [0.0,0.0], [0.0,0.0], [-Infinity,Infinity], [0.0,0.0], [0.0,0.0], [0.0,0.0], [0.0,0.0], [0.0,0.0], [0.0,0.0], [0.0,0.0]]
EXIT 1 EmitStatement_4 [[0.0,0.0], [0.0,0.0], [0.0,0.0], [0.0,0.0], [0.0,0.0], [0.0,0.0], [0.0,0.0], [0.0,0.0], [0.0,0.0], [0.0,0.0], [0.0,0.0], [0.0,0.0], [0.0,0.0], [0.0,0.0], [0.0,0.0], [0.0,0.0]]
ENTRY 1 FunctionExit_9 [[0.0,0.0], [0.0,0.0], [0.0,0.0], [0.0,0.0], [0.0,0.0], [0.0,0.0], [0.0,0.0], [0.0,0.0], [0.0,0.0], [0.0,0.0], [0.0,0.0], [0.0,0.0], [0.0,0.0], [0.0,0.0], [0.0,0.0], [0.0,0.0]]
EXIT 1 FunctionExit_9 [[0.0,0.0], [0.0,0.0], [0.0,0.0], [0.0,0.0], [0.0,0.0], [0.0,0.0], [0.0,0.0], [0.0,0.0], [0.0,0.0], [0.0,0.0], [0.0,0.0], [0.0,0.0], [0.0,0.0], [0.0,0.0], [0.0,0.0], [0.0,0.0]]
ENTRY 1 FunctionDefinition_10 [[0.0,0.0], [0.0,0.0], [0.0,0.0], [0.0,0.0], [0.0,0.0], [0.0,0.0], [0.0,0.0], [0.0,0.0], [0.0,0.0], [0.0,0.0], [0.0,0.0], [0.0,0.0], [0.0,0.0], [0.0,0.0], [0.0,0.0], [0.0,0.0]]
EXIT 1 FunctionDefinition_10 [[0.0,0.0], [0.0,0.0], [0.0,0.0], [0.0,0.0], [0.0,0.0], [0.0,0.0], [0.0,0.0], [0.0,0.0], [0.0,0.0], [0.0,0.0], [0.0,0.0], [0.0,0.0], [0.0,0.0], [0.0,0.0], [0.0,0.0], [0.0,0.0]]
ENTRY 1 FunctionEntry_10 [[0.0,0.0], [0.0,0.0], [0.0,0.0], [0.0,0.0], [0.0,0.0], [0.0,0.0], [0.0,0.0], [0.0,0.0], [0.0,0.0], [0.0,0.0], [0.0,0.0], [0.0,0.0], [0.0,0.0], [0.0,0.0], [0.0,0.0], [0.0,0.0]]
EXIT 1 FunctionEntry_10 [[0.0,0.0], [0.0,0.0], [0.0,0.0], [0.0,0.0], [0.0,0.0], [0.0,0.0], [0.0,0.0], [0.0,0.0], [0.0,0.0], [0.0,0.0], [0.0,0.0], [0.0,0.0], [0.0,0.0], [0.0,0.0], [0.0,0.0], [0.0,0.0]]
ENTRY 1 ExpressionStatement_21 [[0.0,0.0], [0.0,0.0], [0.0,0.0], [0.0,0.0], [0.0,0.0], [0.0,0.0], [0.0,0.0], [0.0,0.0], [0.0,0.0], [0.0,0.0], [0.0,0.0], [0.0,0.0], [0.0,0.0], [0.0,0.0], [0.0,0.0], [0.0,0.0]]
EXIT 1 ExpressionStatement_21 [[0.0,0.0], [0.0,0.0], [0.0,0.0], [0.0,0.0], [0.0,0.0], [0.0,0.0], [0.0,0.0], [0.0,0.0], [0.0,0.0], [0.0,0.0], [0.0,0.0], [0.0,0.0], [0.0,0.0], [0.0,0.0], [0.0,0.0], [0.0,0.0]]
ENTRY 1 ExpressionStatement_22 [[0.0,0.0], [0.0,0.0], [0.0,0.0], [0.0,0.0], [0.0,0.0], [0.0,0.0], [0.0,0.0], [0.0,0.0], [0.0,0.0], [0.0,0.0], [0.0,0.0], [0.0,0.0], [0.0,0.0], [0.0,0.0], [0.0,0.0], [0.0,0.0]]
EXIT 1 ExpressionStatement_22 [[0.0,0.0], [0.0,0.0], [0.0,0.0], [0.0,0.0], [0.0,0.0], [0.0,0.0], [0.0,0.0], [0.0,0.0], [-Infinity,Infinity], [0.0,0.0], [0.0,0.0], [0.0,0.0], [0.0,0.0], [0.0,0.0], [0.0,0.0], [0.0,0.0]]
ENTRY 1 EmitStatement_5 [[0.0,0.0], [0.0,0.0], [0.0,0.0], [0.0,0.0], [0.0,0.0], [0.0,0.0], [0.0,0.0], [0.0,0.0], [-Infinity,Infinity], [0.0,0.0], [0.0,0.0], [0.0,0.0], [0.0,0.0], [0.0,0.0], [0.0,0.0], [0.0,0.0]]
EXIT 1 EmitStatement_5 [[0.0,0.0], [0.0,0.0], [0.0,0.0], [0.0,0.0], [0.0,0.0], [0.0,0.0], [0.0,0.0], [0.0,0.0], [0.0,0.0], [0.0,0.0], [0.0,0.0], [0.0,0.0], [0.0,0.0], [0.0,0.0], [0.0,0.0], [0.0,0.0]]
ENTRY 1 FunctionExit_10 [[0.0,0.0], [0.0,0.0], [0.0,0.0], [0.0,0.0], [0.0,0.0], [0.0,0.0], [0.0,0.0], [0.0,0.0], [0.0,0.0], [0.0,0.0], [0.0,0.0], [0.0,0.0], [0.0,0.0], [0.0,0.0], [0.0,0.0], [0.0,0.0]]
EXIT 1 FunctionExit_10 [[0.0,0.0], [0.0,0.0], [0.0,0.0], [0.0,0.0], [0.0,0.0], [0.0,0.0], [0.0,0.0], [0.0,0.0], [0.0,0.0], [0.0,0.0], [0.0,0.0], [0.0,0.0], [0.0,0.0], [0.0,0.0], [0.0,0.0], [0.0,0.0]]
ENTRY 1 FunctionDefinition_11 [[0.0,0.0], [0.0,0.0], [0.0,0.0], [0.0,0.0], [0.0,0.0], [0.0,0.0], [0.0,0.0], [0.0,0.0], [0.0,0.0], [0.0,0.0], [0.0,0.0], [0.0,0.0], [0.0,0.0], [0.0,0.0], [0.0,0.0], [0.0,0.0]]
EXIT 1 FunctionDefinition_11 [[0.0,0.0], [0.0,0.0], [0.0,0.0], [0.0,0.0], [0.0,0.0], [0.0,0.0], [0.0,0.0], [0.0,0.0], [0.0,0.0], [0.0,0.0], [0.0,0.0], [0.0,0.0], [0.0,0.0], [0.0,0.0], [0.0,0.0], [0.0,0.0]]
ENTRY 1 FunctionEntry_11 [[0.0,0.0], [0.0,0.0], [0.0,0.0], [0.0,0.0], [0.0,0.0], [0.0,0.0], [0.0,0.0], [0.0,0.0], [0.0,0.0], [0.0,0.0], [0.0,0.0], [0.0,0.0], [0.0,0.0], [0.0,0.0], [0.0,0.0], [0.0,0.0]]
EXIT 1 FunctionEntry_11 [[0.0,0.0], [0.0,0.0], [0.0,0.0], [0.0,0.0], [0.0,0.0], [0.0,0.0], [0.0,0.0], [0.0,0.0], [0.0,0.0], [0.0,0.0], [0.0,0.0], [0.0,0.0], [0.0,0.0], [0.0,0.0], [0.0,0.0], [0.0,0.0]]
ENTRY 1 Return_0 [[0.0,0.0], [0.0,0.0], [0.0,0.0], [0.0,0.0], [0.0,0.0], [0.0,0.0], [0.0,0.0], [0.0,0.0], [0.0,0.0], [0.0,0.0], [0.0,0.0], [0.0,0.0], [0.0,0.0], [0.0,0.0], [0.0,0.0], [0.0,0.0]]
EXIT 1 Return_0 [[0.0,0.0], [0.0,0.0], [0.0,0.0], [0.0,0.0], [0.0,0.0], [0.0,0.0], [0.0,0.0], [0.0,0.0], [0.0,0.0], [0.0,0.0], [0.0,0.0], [0.0,0.0], [0.0,0.0], [0.0,0.0], [0.0,0.0], [0.0,0.0]]
ENTRY 1 FunctionExit_11 [[0.0,0.0], [0.0,0.0], [0.0,0.0], [0.0,0.0], [0.0,0.0], [0.0,0.0], [0.0,0.0], [0.0,0.0], [0.0,0.0], [0.0,0.0], [0.0,0.0], [0.0,0.0], [0.0,0.0], [0.0,0.0], [0.0,0.0], [0.0,0.0]]
EXIT 1 FunctionExit_11 [[0.0,0.0], [0.0,0.0], [0.0,0.0], [0.0,0.0], [0.0,0.0], [0.0,0.0], [0.0,0.0], [0.0,0.0], [0.0,0.0], [0.0,0.0], [0.0,0.0], [0.0,0.0], [0.0,0.0], [0.0,0.0], [0.0,0.0], [0.0,0.0]]
ENTRY 1 FunctionDefinition_12 [[0.0,0.0], [0.0,0.0], [0.0,0.0], [0.0,0.0], [0.0,0.0], [0.0,0.0], [0.0,0.0], [0.0,0.0], [0.0,0.0], [0.0,0.0], [0.0,0.0], [0.0,0.0], [0.0,0.0], [0.0,0.0], [0.0,0.0], [0.0,0.0]]
EXIT 1 FunctionDefinition_12 [[0.0,0.0], [0.0,0.0], [0.0,0.0], [0.0,0.0], [0.0,0.0], [0.0,0.0], [0.0,0.0], [0.0,0.0], [0.0,0.0], [0.0,0.0], [0.0,0.0], [0.0,0.0], [0.0,0.0], [0.0,0.0], [0.0,0.0], [0.0,0.0]]
ENTRY 1 FunctionEntry_12 [[0.0,0.0], [0.0,0.0], [0.0,0.0], [0.0,0.0], [0.0,0.0], [0.0,0.0], [0.0,0.0], [0.0,0.0], [0.0,0.0], [0.0,0.0], [0.0,0.0], [0.0,0.0], [0.0,0.0], [0.0,0.0], [0.0,0.0], [0.0,0.0]]
EXIT 1 FunctionEntry_12 [[0.0,0.0], [0.0,0.0], [0.0,0.0], [0.0,0.0], [0.0,0.0], [0.0,0.0], [0.0,0.0], [0.0,0.0], [0.0,0.0], [0.0,0.0], [0.0,0.0], [0.0,0.0], [0.0,0.0], [0.0,0.0], [0.0,0.0], [0.0,0.0]]
ENTRY 1 Return_1 [[0.0,0.0], [0.0,0.0], [0.0,0.0], [0.0,0.0], [0.0,0.0], [0.0,0.0], [0.0,0.0], [0.0,0.0], [0.0,0.0], [0.0,0.0], [0.0,0.0], [0.0,0.0], [0.0,0.0], [0.0,0.0], [0.0,0.0], [0.0,0.0]]
EXIT 1 Return_1 [[0.0,0.0], [0.0,0.0], [0.0,0.0], [0.0,0.0], [0.0,0.0], [0.0,0.0], [0.0,0.0], [0.0,0.0], [0.0,0.0], [0.0,0.0], [0.0,0.0], [0.0,0.0], [0.0,0.0], [0.0,0.0], [0.0,0.0], [0.0,0.0]]
ENTRY 1 FunctionExit_12 [[0.0,0.0], [0.0,0.0], [0.0,0.0], [0.0,0.0], [0.0,0.0], [0.0,0.0], [0.0,0.0], [0.0,0.0], [0.0,0.0], [0.0,0.0], [0.0,0.0], [0.0,0.0], [0.0,0.0], [0.0,0.0], [0.0,0.0], [0.0,0.0]]
EXIT 1 FunctionExit_12 [[0.0,0.0], [0.0,0.0], [0.0,0.0], [0.0,0.0], [0.0,0.0], [0.0,0.0], [0.0,0.0], [0.0,0.0], [0.0,0.0], [0.0,0.0], [0.0,0.0], [0.0,0.0], [0.0,0.0], [0.0,0.0], [0.0,0.0], [0.0,0.0]]
ENTRY 1 FunctionDefinition_13 [[0.0,0.0], [0.0,0.0], [0.0,0.0], [0.0,0.0], [0.0,0.0], [0.0,0.0], [0.0,0.0], [0.0,0.0], [0.0,0.0], [0.0,0.0], [0.0,0.0], [0.0,0.0], [0.0,0.0], [0.0,0.0], [0.0,0.0], [0.0,0.0]]
EXIT 1 FunctionDefinition_13 [[0.0,0.0], [0.0,0.0], [0.0,0.0], [0.0,0.0], [0.0,0.0], [0.0,0.0], [0.0,0.0], [0.0,0.0], [0.0,0.0], [0.0,0.0], [0.0,0.0], [0.0,0.0], [0.0,0.0], [0.0,0.0], [0.0,0.0], [0.0,0.0]]
ENTRY 1 FunctionEntry_13 [[0.0,0.0], [0.0,0.0], [0.0,0.0], [0.0,0.0], [0.0,0.0], [0.0,0.0], [0.0,0.0], [0.0,0.0], [0.0,0.0], [0.0,0.0], [0.0,0.0], [0.0,0.0], [0.0,0.0], [0.0,0.0], [0.0,0.0], [0.0,0.0]]
EXIT 1 FunctionEntry_13 [[0.0,0.0], [0.0,0.0], [0.0,0.0], [0.0,0.0], [0.0,0.0], [0.0,0.0], [0.0,0.0], [0.0,0.0], [0.0,0.0], [0.0,0.0], [0.0,0.0], [0.0,0.0], [0.0,0.0], [0.0,0.0], [0.0,0.0], [0.0,0.0]]
ENTRY 1 Return_2 [[0.0,0.0], [0.0,0.0], [0.0,0.0], [0.0,0.0], [0.0,0.0], [0.0,0.0], [0.0,0.0], [0.0,0.0], [0.0,0.0], [0.0,0.0], [0.0,0.0], [0.0,0.0], [0.0,0.0], [0.0,0.0], [0.0,0.0], [0.0,0.0]]
EXIT 1 Return_2 [[0.0,0.0], [0.0,0.0], [0.0,0.0], [0.0,0.0], [0.0,0.0], [0.0,0.0], [0.0,0.0], [0.0,0.0], [0.0,0.0], [0.0,0.0], [0.0,0.0], [0.0,0.0], [0.0,0.0], [0.0,0.0], [0.0,0.0], [0.0,0.0]]
ENTRY 1 FunctionExit_13 [[0.0,0.0], [0.0,0.0], [0.0,0.0], [0.0,0.0], [0.0,0.0], [0.0,0.0], [0.0,0.0], [0.0,0.0], [0.0,0.0], [0.0,0.0], [0.0,0.0], [0.0,0.0], [0.0,0.0], [0.0,0.0], [0.0,0.0], [0.0,0.0]]
EXIT 1 FunctionExit_13 [[0.0,0.0], [0.0,0.0], [0.0,0.0], [0.0,0.0], [0.0,0.0], [0.0,0.0], [0.0,0.0], [0.0,0.0], [0.0,0.0], [0.0,0.0], [0.0,0.0], [0.0,0.0], [0.0,0.0], [0.0,0.0], [0.0,0.0], [0.0,0.0]]
ENTRY 1 FunctionDefinition_14 [[0.0,0.0], [0.0,0.0], [0.0,0.0], [0.0,0.0], [0.0,0.0], [0.0,0.0], [0.0,0.0], [0.0,0.0], [0.0,0.0], [0.0,0.0], [0.0,0.0], [0.0,0.0], [0.0,0.0], [0.0,0.0], [0.0,0.0], [0.0,0.0]]
EXIT 1 FunctionDefinition_14 [[0.0,0.0], [0.0,0.0], [0.0,0.0], [0.0,0.0], [0.0,0.0], [0.0,0.0], [0.0,0.0], [0.0,0.0], [0.0,0.0], [0.0,0.0], [0.0,0.0], [0.0,0.0], [0.0,0.0], [0.0,0.0], [0.0,0.0], [0.0,0.0]]
ENTRY 1 FunctionEntry_14 [[0.0,0.0], [0.0,0.0], [0.0,0.0], [0.0,0.0], [0.0,0.0], [0.0,0.0], [0.0,0.0], [0.0,0.0], [0.0,0.0], [0.0,0.0], [0.0,0.0], [0.0,0.0], [0.0,0.0], [0.0,0.0], [0.0,0.0], [0.0,0.0]]
EXIT 1 FunctionEntry_14 [[0.0,0.0], [0.0,0.0], [0.0,0.0], [0.0,0.0], [0.0,0.0], [0.0,0.0], [0.0,0.0], [0.0,0.0], [0.0,0.0], [0.0,0.0], [0.0,0.0], [0.0,0.0], [0.0,0.0], [0.0,0.0], [0.0,0.0], [0.0,0.0]]
ENTRY 1 IfStatement_2 [[0.0,0.0], [0.0,0.0], [0.0,0.0], [0.0,0.0], [0.0,0.0], [0.0,0.0], [0.0,0.0], [0.0,0.0], [0.0,0.0], [0.0,0.0], [0.0,0.0], [0.0,0.0], [0.0,0.0], [0.0,0.0], [0.0,0.0], [0.0,0.0]]
EXIT 1 IfStatement_2 [[1.0,-1.0], [1.0,-1.0], [1.0,-1.0], [1.0,-1.0], [1.0,-1.0], [1.0,-1.0], [1.0,-1.0], [1.0,-1.0], [1.0,-1.0], [1.0,-1.0], [1.0,-1.0], [1.0,-1.0], [1.0,-1.0], [1.0,-1.0], [1.0,-1.0], [1.0,-1.0]]
ENTRY 1 Return_3 [[0.0,0.0], [0.0,0.0], [0.0,0.0], [0.0,0.0], [0.0,0.0], [0.0,0.0], [0.0,0.0], [0.0,0.0], [0.0,0.0], [0.0,0.0], [0.0,0.0], [0.0,0.0], [0.0,0.0], [0.0,0.0], [0.0,0.0], [0.0,0.0]]
EXIT 1 Return_3 [[0.0,0.0], [0.0,0.0], [0.0,0.0], [0.0,0.0], [0.0,0.0], [0.0,0.0], [0.0,0.0], [0.0,0.0], [0.0,0.0], [0.0,0.0], [0.0,0.0], [0.0,0.0], [0.0,0.0], [0.0,0.0], [0.0,0.0], [0.0,0.0]]
ENTRY 1 IfConditionJoin_2 [[0.0,0.0], [0.0,0.0], [0.0,0.0], [0.0,0.0], [0.0,0.0], [0.0,0.0], [0.0,0.0], [0.0,0.0], [0.0,0.0], [0.0,0.0], [0.0,0.0], [0.0,0.0], [0.0,0.0], [0.0,0.0], [0.0,0.0], [0.0,0.0]]
EXIT 1 IfConditionJoin_2 [[0.0,0.0], [0.0,0.0], [0.0,0.0], [0.0,0.0], [0.0,0.0], [0.0,0.0], [0.0,0.0], [0.0,0.0], [0.0,0.0], [0.0,0.0], [0.0,0.0], [0.0,0.0], [0.0,0.0], [0.0,0.0], [0.0,0.0], [0.0,0.0]]
ENTRY 1 FunctionExit_14 [[0.0,0.0], [0.0,0.0], [0.0,0.0], [0.0,0.0], [0.0,0.0], [0.0,0.0], [0.0,0.0], [0.0,0.0], [0.0,0.0], [0.0,0.0], [0.0,0.0], [0.0,0.0], [0.0,0.0], [0.0,0.0], [0.0,0.0], [0.0,0.0]]
EXIT 1 FunctionExit_14 [[0.0,0.0], [0.0,0.0], [0.0,0.0], [0.0,0.0], [0.0,0.0], [0.0,0.0], [0.0,0.0], [0.0,0.0], [0.0,0.0], [0.0,0.0], [0.0,0.0], [0.0,0.0], [0.0,0.0], [0.0,0.0], [0.0,0.0], [0.0,0.0]]
ENTRY 1 Return_4 [[0.0,0.0], [0.0,0.0], [0.0,0.0], [0.0,0.0], [0.0,0.0], [0.0,0.0], [0.0,0.0], [0.0,0.0], [0.0,0.0], [0.0,0.0], [0.0,0.0], [0.0,0.0], [0.0,0.0], [0.0,0.0], [0.0,0.0], [0.0,0.0]]
EXIT 1 Return_4 [[0.0,0.0], [0.0,0.0], [0.0,0.0], [0.0,0.0], [0.0,0.0], [0.0,0.0], [0.0,0.0], [0.0,0.0], [0.0,0.0], [0.0,0.0], [0.0,0.0], [0.0,0.0], [0.0,0.0], [0.0,0.0], [0.0,0.0], [0.0,0.0]]
ENTRY 1 FunctionDefinition_15 [[0.0,0.0], [0.0,0.0], [0.0,0.0], [0.0,0.0], [0.0,0.0], [0.0,0.0], [0.0,0.0], [0.0,0.0], [0.0,0.0], [0.0,0.0], [0.0,0.0], [0.0,0.0], [0.0,0.0], [0.0,0.0], [0.0,0.0], [0.0,0.0]]
EXIT 1 FunctionDefinition_15 [[0.0,0.0], [0.0,0.0], [0.0,0.0], [0.0,0.0], [0.0,0.0], [0.0,0.0], [0.0,0.0], [0.0,0.0], [0.0,0.0], [0.0,0.0], [0.0,0.0], [0.0,0.0], [0.0,0.0], [0.0,0.0], [0.0,0.0], [0.0,0.0]]
ENTRY 1 FunctionEntry_15 [[0.0,0.0], [0.0,0.0], [0.0,0.0], [0.0,0.0], [0.0,0.0], [0.0,0.0], [0.0,0.0], [0.0,0.0], [0.0,0.0], [0.0,0.0], [0.0,0.0], [0.0,0.0], [0.0,0.0], [0.0,0.0], [0.0,0.0], [0.0,0.0]]
EXIT 1 FunctionEntry_15 [[0.0,0.0], [0.0,0.0], [0.0,0.0], [0.0,0.0], [0.0,0.0], [0.0,0.0], [0.0,0.0], [0.0,0.0], [0.0,0.0], [0.0,0.0], [0.0,0.0], [0.0,0.0], [0.0,0.0], [0.0,0.0], [0.0,0.0], [0.0,0.0]]
ENTRY 1 Return_5 [[0.0,0.0], [0.0,0.0], [0.0,0.0], [0.0,0.0], [0.0,0.0], [0.0,0.0], [0.0,0.0], [0.0,0.0], [0.0,0.0], [0.0,0.0], [0.0,0.0], [0.0,0.0], [0.0,0.0], [0.0,0.0], [0.0,0.0], [0.0,0.0]]
EXIT 1 Return_5 [[0.0,0.0], [0.0,0.0], [0.0,0.0], [0.0,0.0], [0.0,0.0], [0.0,0.0], [0.0,0.0], [0.0,0.0], [0.0,0.0], [0.0,0.0], [0.0,0.0], [0.0,0.0], [0.0,0.0], [0.0,0.0], [0.0,0.0], [0.0,0.0]]
ENTRY 1 FunctionExit_15 [[0.0,0.0], [0.0,0.0], [0.0,0.0], [0.0,0.0], [0.0,0.0], [0.0,0.0], [0.0,0.0], [0.0,0.0], [0.0,0.0], [0.0,0.0], [0.0,0.0], [0.0,0.0], [0.0,0.0], [0.0,0.0], [0.0,0.0], [0.0,0.0]]
EXIT 1 FunctionExit_15 [[0.0,0.0], [0.0,0.0], [0.0,0.0], [0.0,0.0], [0.0,0.0], [0.0,0.0], [0.0,0.0], [0.0,0.0], [0.0,0.0], [0.0,0.0], [0.0,0.0], [0.0,0.0], [0.0,0.0], [0.0,0.0], [0.0,0.0], [0.0,0.0]]
ENTRY 1 FunctionDefinition_16 [[0.0,0.0], [0.0,0.0], [0.0,0.0], [0.0,0.0], [0.0,0.0], [0.0,0.0], [0.0,0.0], [0.0,0.0], [0.0,0.0], [0.0,0.0], [0.0,0.0], [0.0,0.0], [0.0,0.0], [0.0,0.0], [0.0,0.0], [0.0,0.0]]
EXIT 1 FunctionDefinition_16 [[0.0,0.0], [0.0,0.0], [0.0,0.0], [0.0,0.0], [0.0,0.0], [0.0,0.0], [0.0,0.0], [0.0,0.0], [0.0,0.0], [0.0,0.0], [0.0,0.0], [0.0,0.0], [0.0,0.0], [0.0,0.0], [0.0,0.0], [0.0,0.0]]
ENTRY 1 FunctionEntry_16 [[0.0,0.0], [0.0,0.0], [0.0,0.0], [0.0,0.0], [0.0,0.0], [0.0,0.0], [0.0,0.0], [0.0,0.0], [0.0,0.0], [0.0,0.0], [0.0,0.0], [0.0,0.0], [0.0,0.0], [0.0,0.0], [0.0,0.0], [0.0,0.0]]
EXIT 1 FunctionEntry_16 [[0.0,0.0], [0.0,0.0], [0.0,0.0], [0.0,0.0], [0.0,0.0], [0.0,0.0], [0.0,0.0], [0.0,0.0], [0.0,0.0], [0.0,0.0], [0.0,0.0], [0.0,0.0], [0.0,0.0], [0.0,0.0], [0.0,0.0], [0.0,0.0]]
ENTRY 1 Return_6 [[0.0,0.0], [0.0,0.0], [0.0,0.0], [0.0,0.0], [0.0,0.0], [0.0,0.0], [0.0,0.0], [0.0,0.0], [0.0,0.0], [0.0,0.0], [0.0,0.0], [0.0,0.0], [0.0,0.0], [0.0,0.0], [0.0,0.0], [0.0,0.0]]
EXIT 1 Return_6 [[0.0,0.0], [0.0,0.0], [0.0,0.0], [0.0,0.0], [0.0,0.0], [0.0,0.0], [0.0,0.0], [0.0,0.0], [0.0,0.0], [0.0,0.0], [0.0,0.0], [0.0,0.0], [0.0,0.0], [0.0,0.0], [0.0,0.0], [0.0,0.0]]
ENTRY 1 FunctionExit_16 [[0.0,0.0], [0.0,0.0], [0.0,0.0], [0.0,0.0], [0.0,0.0], [0.0,0.0], [0.0,0.0], [0.0,0.0], [0.0,0.0], [0.0,0.0], [0.0,0.0], [0.0,0.0], [0.0,0.0], [0.0,0.0], [0.0,0.0], [0.0,0.0]]
EXIT 1 FunctionExit_16 [[0.0,0.0], [0.0,0.0], [0.0,0.0], [0.0,0.0], [0.0,0.0], [0.0,0.0], [0.0,0.0], [0.0,0.0], [0.0,0.0], [0.0,0.0], [0.0,0.0], [0.0,0.0], [0.0,0.0], [0.0,0.0], [0.0,0.0], [0.0,0.0]]
ENTRY 1 ContractDefinition_1 [[0.0,0.0], [0.0,0.0], [0.0,0.0], [0.0,0.0], [0.0,0.0], [0.0,0.0], [0.0,0.0], [0.0,0.0], [0.0,0.0], [0.0,0.0], [0.0,0.0], [0.0,0.0], [0.0,0.0], [0.0,0.0], [0.0,0.0], [0.0,0.0]]
EXIT 1 ContractDefinition_1 [[0.0,0.0], [0.0,0.0], [0.0,0.0], [0.0,0.0], [0.0,0.0], [0.0,0.0], [0.0,0.0], [0.0,0.0], [0.0,0.0], [0.0,0.0], [0.0,0.0], [0.0,0.0], [0.0,0.0], [0.0,0.0], [0.0,0.0], [0.0,0.0]]
ENTRY 1 FunctionDefinition_17 [[0.0,0.0], [0.0,0.0], [0.0,0.0], [0.0,0.0], [0.0,0.0], [0.0,0.0], [0.0,0.0], [0.0,0.0], [0.0,0.0], [0.0,0.0], [0.0,0.0], [0.0,0.0], [0.0,0.0], [0.0,0.0], [0.0,0.0], [0.0,0.0]]
EXIT 1 FunctionDefinition_17 [[0.0,0.0], [0.0,0.0], [0.0,0.0], [0.0,0.0], [0.0,0.0], [0.0,0.0], [0.0,0.0], [0.0,0.0], [0.0,0.0], [0.0,0.0], [0.0,0.0], [0.0,0.0], [0.0,0.0], [0.0,0.0], [0.0,0.0], [0.0,0.0]]
ENTRY 1 FunctionEntry_17 [[0.0,0.0], [0.0,0.0], [0.0,0.0], [0.0,0.0], [0.0,0.0], [0.0,0.0], [0.0,0.0], [0.0,0.0], [0.0,0.0], [0.0,0.0], [0.0,0.0], [0.0,0.0], [0.0,0.0], [0.0,0.0], [0.0,0.0], [0.0,0.0]]
EXIT 1 FunctionEntry_17 [[0.0,0.0], [0.0,0.0], [0.0,0.0], [0.0,0.0], [0.0,0.0], [0.0,0.0], [0.0,0.0], [0.0,0.0], [0.0,0.0], [0.0,0.0], [0.0,0.0], [0.0,0.0], [0.0,0.0], [0.0,0.0], [0.0,0.0], [0.0,0.0]]
ENTRY 2 SourceEntry_0 [[0.0,0.0], [0.0,0.0], [0.0,0.0], [0.0,0.0], [0.0,0.0], [0.0,0.0], [0.0,0.0], [0.0,0.0], [0.0,0.0], [0.0,0.0], [0.0,0.0], [0.0,0.0], [0.0,0.0], [0.0,0.0], [0.0,0.0], [0.0,0.0]]
EXIT 2 SourceEntry_0 [[0.0,0.0], [0.0,0.0], [0.0,0.0], [0.0,0.0], [0.0,0.0], [0.0,0.0], [0.0,0.0], [0.0,0.0], [0.0,0.0], [0.0,0.0], [0.0,0.0], [0.0,0.0], [0.0,0.0], [0.0,0.0], [0.0,0.0], [0.0,0.0]]
ENTRY 2 SourceUnit_0 [[0.0,0.0], [0.0,0.0], [0.0,0.0], [0.0,0.0], [0.0,0.0], [0.0,0.0], [0.0,0.0], [0.0,0.0], [0.0,0.0], [0.0,0.0], [0.0,0.0], [0.0,0.0], [0.0,0.0], [0.0,0.0], [0.0,0.0], [0.0,0.0]]
EXIT 2 SourceUnit_0 [[0.0,0.0], [0.0,0.0], [0.0,0.0], [0.0,0.0], [0.0,0.0], [0.0,0.0], [0.0,0.0], [0.0,0.0], [0.0,0.0], [0.0,0.0], [0.0,0.0], [0.0,0.0], [0.0,0.0], [0.0,0.0], [0.0,0.0], [0.0,0.0]]
ENTRY 2 PragmaDirective_0 [[0.0,0.0], [0.0,0.0], [0.0,0.0], [0.0,0.0], [0.0,0.0], [0.0,0.0], [0.0,0.0], [0.0,0.0], [0.0,0.0], [0.0,0.0], [0.0,0.0], [0.0,0.0], [0.0,0.0], [0.0,0.0], [0.0,0.0], [0.0,0.0]]
EXIT 2 PragmaDirective_0 [[0.0,0.0], [0.0,0.0], [0.0,0.0], [0.0,0.0], [0.0,0.0], [0.0,0.0], [0.0,0.0], [0.0,0.0], [0.0,0.0], [0.0,0.0], [0.0,0.0], [0.0,0.0], [0.0,0.0], [0.0,0.0], [0.0,0.0], [0.0,0.0]]
ENTRY 2 SourceExit_0 [[-Infinity,Infinity], [-Infinity,Infinity], [0.0,0.0], [0.0,0.0], [-Infinity,Infinity], [0.0,0.0], [0.0,0.0], [-Infinity,Infinity], [0.0,0.0], [-Infinity,Infinity], [0.0,0.0], [0.0,0.0], [0.0,0.0], [-Infinity,Infinity], [-Infinity,Infinity], [-Infinity,Infinity]]
EXIT 2 SourceExit_0 [[0.0,0.0], [0.0,0.0], [0.0,0.0], [0.0,0.0], [0.0,0.0], [0.0,0.0], [0.0,0.0], [0.0,0.0], [0.0,0.0], [-Infinity,Infinity], [0.0,0.0], [0.0,0.0], [0.0,0.0], [-Infinity,Infinity], [-Infinity,Infinity], [-Infinity,Infinity]]
ENTRY 2 ContractDefinition_0 [[0.0,0.0], [0.0,0.0], [0.0,0.0], [0.0,0.0], [0.0,0.0], [0.0,0.0], [0.0,0.0], [0.0,0.0], [0.0,0.0], [0.0,0.0], [0.0,0.0], [0.0,0.0], [0.0,0.0], [0.0,0.0], [0.0,0.0], [0.0,0.0]]
EXIT 2 ContractDefinition_0 [[0.0,0.0], [0.0,0.0], [0.0,0.0], [0.0,0.0], [0.0,0.0], [0.0,0.0], [0.0,0.0], [0.0,0.0], [0.0,0.0], [0.0,0.0], [0.0,0.0], [0.0,0.0], [0.0,0.0], [0.0,0.0], [0.0,0.0], [0.0,0.0]]
ENTRY 2 ModifierDefinition_0 [[0.0,0.0], [0.0,0.0], [0.0,0.0], [0.0,0.0], [0.0,0.0], [0.0,0.0], [0.0,0.0], [0.0,0.0], [0.0,0.0], [0.0,0.0], [0.0,0.0], [0.0,0.0], [0.0,0.0], [0.0,0.0], [0.0,0.0], [0.0,0.0]]
EXIT 2 ModifierDefinition_0 [[0.0,0.0], [0.0,0.0], [0.0,0.0], [0.0,0.0], [0.0,0.0], [0.0,0.0], [0.0,0.0], [0.0,0.0], [0.0,0.0], [0.0,0.0], [0.0,0.0], [0.0,0.0], [0.0,0.0], [0.0,0.0], [0.0,0.0], [0.0,0.0]]
ENTRY 2 ModifierDefinition_1 [[0.0,0.0], [0.0,0.0], [0.0,0.0], [0.0,0.0], [0.0,0.0], [0.0,0.0], [0.0,0.0], [0.0,0.0], [0.0,0.0], [0.0,0.0], [0.0,0.0], [0.0,0.0], [0.0,0.0], [0.0,0.0], [0.0,0.0], [0.0,0.0]]
EXIT 2 ModifierDefinition_1 [[0.0,0.0], [0.0,0.0], [0.0,0.0], [0.0,0.0], [0.0,0.0], [0.0,0.0], [0.0,0.0], [0.0,0.0], [0.0,0.0], [0.0,0.0], [0.0,0.0], [0.0,0.0], [0.0,0.0], [0.0,0.0], [0.0,0.0], [0.0,0.0]]
ENTRY 2 ModifierDefinition_2 [[0.0,0.0], [0.0,0.0], [0.0,0.0], [0.0,0.0], [0.0,0.0], [0.0,0.0], [0.0,0.0], [0.0,0.0], [0.0,0.0], [0.0,0.0], [0.0,0.0], [0.0,0.0], [0.0,0.0], [0.0,0.0], [0.0,0.0], [0.0,0.0]]
EXIT 2 ModifierDefinition_2 [[0.0,0.0], [0.0,0.0], [0.0,0.0], [0.0,0.0], [0.0,0.0], [0.0,0.0], [0.0,0.0], [0.0,0.0], [0.0,0.0], [0.0,0.0], [0.0,0.0], [0.0,0.0], [0.0,0.0], [0.0,0.0], [0.0,0.0], [0.0,0.0]]
ENTRY 2 ModifierDefinition_3 [[0.0,0.0], [0.0,0.0], [0.0,0.0], [0.0,0.0], [0.0,0.0], [0.0,0.0], [0.0,0.0], [0.0,0.0], [0.0,0.0], [0.0,0.0], [0.0,0.0], [0.0,0.0], [0.0,0.0], [0.0,0.0], [0.0,0.0], [0.0,0.0]]
EXIT 2 ModifierDefinition_3 [[0.0,0.0], [0.0,0.0], [0.0,0.0], [0.0,0.0], [0.0,0.0], [0.0,0.0], [0.0,0.0], [0.0,0.0], [0.0,0.0], [0.0,0.0], [0.0,0.0], [0.0,0.0], [0.0,0.0], [0.0,0.0], [0.0,0.0], [0.0,0.0]]
ENTRY 2 EventDefinition_0 [[0.0,0.0], [0.0,0.0], [0.0,0.0], [0.0,0.0], [0.0,0.0], [0.0,0.0], [0.0,0.0], [0.0,0.0], [0.0,0.0], [0.0,0.0], [0.0,0.0], [0.0,0.0], [0.0,0.0], [0.0,0.0], [0.0,0.0], [0.0,0.0]]
EXIT 2 EventDefinition_0 [[0.0,0.0], [0.0,0.0], [0.0,0.0], [0.0,0.0], [0.0,0.0], [0.0,0.0], [0.0,0.0], [0.0,0.0], [0.0,0.0], [0.0,0.0], [0.0,0.0], [0.0,0.0], [0.0,0.0], [0.0,0.0], [0.0,0.0], [0.0,0.0]]
ENTRY 2 EventDefinition_1 [[0.0,0.0], [0.0,0.0], [0.0,0.0], [0.0,0.0], [0.0,0.0], [0.0,0.0], [0.0,0.0], [0.0,0.0], [0.0,0.0], [0.0,0.0], [0.0,0.0], [0.0,0.0], [0.0,0.0], [0.0,0.0], [0.0,0.0], [0.0,0.0]]
EXIT 2 EventDefinition_1 [[0.0,0.0], [0.0,0.0], [0.0,0.0], [0.0,0.0], [0.0,0.0], [0.0,0.0], [0.0,0.0], [0.0,0.0], [0.0,0.0], [0.0,0.0], [0.0,0.0], [0.0,0.0], [0.0,0.0], [0.0,0.0], [0.0,0.0], [0.0,0.0]]
ENTRY 2 EventDefinition_2 [[0.0,0.0], [0.0,0.0], [0.0,0.0], [0.0,0.0], [0.0,0.0], [0.0,0.0], [0.0,0.0], [0.0,0.0], [0.0,0.0], [0.0,0.0], [0.0,0.0], [0.0,0.0], [0.0,0.0], [0.0,0.0], [0.0,0.0], [0.0,0.0]]
EXIT 2 EventDefinition_2 [[0.0,0.0], [0.0,0.0], [0.0,0.0], [0.0,0.0], [0.0,0.0], [0.0,0.0], [0.0,0.0], [0.0,0.0], [0.0,0.0], [0.0,0.0], [0.0,0.0], [0.0,0.0], [0.0,0.0], [0.0,0.0], [0.0,0.0], [0.0,0.0]]
ENTRY 2 EventDefinition_3 [[0.0,0.0], [0.0,0.0], [0.0,0.0], [0.0,0.0], [0.0,0.0], [0.0,0.0], [0.0,0.0], [0.0,0.0], [0.0,0.0], [0.0,0.0], [0.0,0.0], [0.0,0.0], [0.0,0.0], [0.0,0.0], [0.0,0.0], [0.0,0.0]]
EXIT 2 EventDefinition_3 [[0.0,0.0], [0.0,0.0], [0.0,0.0], [0.0,0.0], [0.0,0.0], [0.0,0.0], [0.0,0.0], [0.0,0.0], [0.0,0.0], [0.0,0.0], [0.0,0.0], [0.0,0.0], [0.0,0.0], [0.0,0.0], [0.0,0.0], [0.0,0.0]]
ENTRY 2 EventDefinition_4 [[0.0,0.0], [0.0,0.0], [0.0,0.0], [0.0,0.0], [0.0,0.0], [0.0,0.0], [0.0,0.0], [0.0,0.0], [0.0,0.0], [0.0,0.0], [0.0,0.0], [0.0,0.0], [0.0,0.0], [0.0,0.0], [0.0,0.0], [0.0,0.0]]
EXIT 2 EventDefinition_4 [[0.0,0.0], [0.0,0.0], [0.0,0.0], [0.0,0.0], [0.0,0.0], [0.0,0.0], [0.0,0.0], [0.0,0.0], [0.0,0.0], [0.0,0.0], [0.0,0.0], [0.0,0.0], [0.0,0.0], [0.0,0.0], [0.0,0.0], [0.0,0.0]]
ENTRY 2 EventDefinition_5 [[0.0,0.0], [0.0,0.0], [0.0,0.0], [0.0,0.0], [0.0,0.0], [0.0,0.0], [0.0,0.0], [0.0,0.0], [0.0,0.0], [0.0,0.0], [0.0,0.0], [0.0,0.0], [0.0,0.0], [0.0,0.0], [0.0,0.0], [0.0,0.0]]
EXIT 2 EventDefinition_5 [[0.0,0.0], [0.0,0.0], [0.0,0.0], [0.0,0.0], [0.0,0.0], [0.0,0.0], [0.0,0.0], [0.0,0.0], [0.0,0.0], [0.0,0.0], [0.0,0.0], [0.0,0.0], [0.0,0.0], [0.0,0.0], [0.0,0.0], [0.0,0.0]]
ENTRY 2 VariableDeclaration_0 [[0.0,0.0], [0.0,0.0], [0.0,0.0], [0.0,0.0], [0.0,0.0], [0.0,0.0], [0.0,0.0], [0.0,0.0], [0.0,0.0], [0.0,0.0], [0.0,0.0], [0.0,0.0], [0.0,0.0], [0.0,0.0], [0.0,0.0], [0.0,0.0]]
EXIT 2 VariableDeclaration_0 [[0.0,0.0], [0.0,0.0], [0.0,0.0], [0.0,0.0], [0.0,0.0], [0.0,0.0], [0.0,0.0], [0.0,0.0], [0.0,0.0], [0.0,0.0], [0.0,0.0], [0.0,0.0], [0.0,0.0], [0.0,0.0], [0.0,0.0], [0.0,0.0]]
ENTRY 2 VariableDeclaration_1 [[0.0,0.0], [0.0,0.0], [0.0,0.0], [0.0,0.0], [0.0,0.0], [0.0,0.0], [0.0,0.0], [0.0,0.0], [0.0,0.0], [0.0,0.0], [0.0,0.0], [0.0,0.0], [0.0,0.0], [0.0,0.0], [0.0,0.0], [0.0,0.0]]
EXIT 2 VariableDeclaration_1 [[0.0,0.0], [0.0,0.0], [0.0,0.0], [0.0,0.0], [0.0,0.0], [0.0,0.0], [0.0,0.0], [0.0,0.0], [0.0,0.0], [0.0,0.0], [0.0,0.0], [0.0,0.0], [0.0,0.0], [0.0,0.0], [0.0,0.0], [0.0,0.0]]
ENTRY 2 VariableDeclaration_2 [[0.0,0.0], [0.0,0.0], [0.0,0.0], [0.0,0.0], [0.0,0.0], [0.0,0.0], [0.0,0.0], [0.0,0.0], [0.0,0.0], [0.0,0.0], [0.0,0.0], [0.0,0.0], [0.0,0.0], [0.0,0.0], [0.0,0.0], [0.0,0.0]]
EXIT 2 VariableDeclaration_2 [[0.0,0.0], [0.0,0.0], [0.0,0.0], [0.0,0.0], [0.0,0.0], [0.0,0.0], [0.0,0.0], [0.0,0.0], [0.0,0.0], [0.0,0.0], [0.0,0.0], [0.0,0.0], [0.0,0.0], [0.0,0.0], [0.0,0.0], [0.0,0.0]]
ENTRY 2 VariableDeclaration_3 [[0.0,0.0], [0.0,0.0], [0.0,0.0], [0.0,0.0], [0.0,0.0], [0.0,0.0], [0.0,0.0], [0.0,0.0], [0.0,0.0], [0.0,0.0], [0.0,0.0], [0.0,0.0], [0.0,0.0], [0.0,0.0], [0.0,0.0], [0.0,0.0]]
EXIT 2 VariableDeclaration_3 [[0.0,0.0], [0.0,0.0], [0.0,0.0], [0.0,0.0], [0.0,0.0], [0.0,0.0], [0.0,0.0], [0.0,0.0], [0.0,0.0], [0.0,0.0], [0.0,0.0], [0.0,0.0], [0.0,0.0], [0.0,0.0], [0.0,0.0], [0.0,0.0]]
ENTRY 2 VariableDeclaration_4 [[0.0,0.0], [0.0,0.0], [0.0,0.0], [0.0,0.0], [0.0,0.0], [0.0,0.0], [0.0,0.0], [0.0,0.0], [0.0,0.0], [0.0,0.0], [0.0,0.0], [0.0,0.0], [0.0,0.0], [0.0,0.0], [0.0,0.0], [0.0,0.0]]
EXIT 2 VariableDeclaration_4 [[0.0,0.0], [0.0,0.0], [0.0,0.0], [0.0,0.0], [0.0,0.0], [0.0,0.0], [0.0,0.0], [0.0,0.0], [0.0,0.0], [0.0,0.0], [0.0,0.0], [0.0,0.0], [0.0,0.0], [0.0,0.0], [0.0,0.0], [0.0,0.0]]
ENTRY 2 VariableDeclaration_5 [[0.0,0.0], [0.0,0.0], [0.0,0.0], [0.0,0.0], [0.0,0.0], [0.0,0.0], [0.0,0.0], [0.0,0.0], [0.0,0.0], [0.0,0.0], [0.0,0.0], [0.0,0.0], [0.0,0.0], [0.0,0.0], [0.0,0.0], [0.0,0.0]]
EXIT 2 VariableDeclaration_5 [[0.0,0.0], [0.0,0.0], [0.0,0.0], [0.0,0.0], [0.0,0.0], [0.0,0.0], [0.0,0.0], [0.0,0.0], [0.0,0.0], [0.0,0.0], [0.0,0.0], [0.0,0.0], [0.0,0.0], [0.0,0.0], [0.0,0.0], [0.0,0.0]]
ENTRY 2 VariableDeclaration_6 [[0.0,0.0], [0.0,0.0], [0.0,0.0], [0.0,0.0], [0.0,0.0], [0.0,0.0], [0.0,0.0], [0.0,0.0], [0.0,0.0], [0.0,0.0], [0.0,0.0], [0.0,0.0], [0.0,0.0], [0.0,0.0], [0.0,0.0], [0.0,0.0]]
EXIT 2 VariableDeclaration_6 [[0.0,0.0], [0.0,0.0], [0.0,0.0], [0.0,0.0], [0.0,0.0], [0.0,0.0], [0.0,0.0], [0.0,0.0], [0.0,0.0], [0.0,0.0], [0.0,0.0], [0.0,0.0], [0.0,0.0], [0.0,0.0], [0.0,0.0], [0.0,0.0]]
ENTRY 2 VariableDeclaration_7 [[0.0,0.0], [0.0,0.0], [0.0,0.0], [0.0,0.0], [0.0,0.0], [0.0,0.0], [0.0,0.0], [0.0,0.0], [0.0,0.0], [0.0,0.0], [0.0,0.0], [0.0,0.0], [0.0,0.0], [0.0,0.0], [0.0,0.0], [0.0,0.0]]
EXIT 2 VariableDeclaration_7 [[0.0,0.0], [0.0,0.0], [0.0,0.0], [0.0,0.0], [0.0,0.0], [0.0,0.0], [0.0,0.0], [0.0,0.0], [0.0,0.0], [0.0,0.0], [0.0,0.0], [0.0,0.0], [0.0,0.0], [0.0,0.0], [0.0,0.0], [0.0,0.0]]
ENTRY 2 VariableDeclaration_8 [[0.0,0.0], [0.0,0.0], [0.0,0.0], [0.0,0.0], [0.0,0.0], [0.0,0.0], [0.0,0.0], [0.0,0.0], [0.0,0.0], [0.0,0.0], [0.0,0.0], [0.0,0.0], [0.0,0.0], [0.0,0.0], [0.0,0.0], [0.0,0.0]]
EXIT 2 VariableDeclaration_8 [[0.0,0.0], [0.0,0.0], [0.0,0.0], [0.0,0.0], [0.0,0.0], [0.0,0.0], [0.0,0.0], [0.0,0.0], [0.0,0.0], [0.0,0.0], [0.0,0.0], [0.0,0.0], [0.0,0.0], [0.0,0.0], [0.0,0.0], [0.0,0.0]]
ENTRY 2 FunctionDefinition_0 [[0.0,0.0], [0.0,0.0], [0.0,0.0], [0.0,0.0], [0.0,0.0], [0.0,0.0], [0.0,0.0], [0.0,0.0], [0.0,0.0], [0.0,0.0], [0.0,0.0], [0.0,0.0], [0.0,0.0], [0.0,0.0], [0.0,0.0], [0.0,0.0]]
EXIT 2 FunctionDefinition_0 [[0.0,0.0], [0.0,0.0], [0.0,0.0], [0.0,0.0], [0.0,0.0], [0.0,0.0], [0.0,0.0], [0.0,0.0], [0.0,0.0], [0.0,0.0], [0.0,0.0], [0.0,0.0], [0.0,0.0], [0.0,0.0], [0.0,0.0], [0.0,0.0]]
ENTRY 2 FunctionEntry_0 [[0.0,0.0], [0.0,0.0], [0.0,0.0], [0.0,0.0], [0.0,0.0], [0.0,0.0], [0.0,0.0], [0.0,0.0], [0.0,0.0], [0.0,0.0], [0.0,0.0], [0.0,0.0], [0.0,0.0], [0.0,0.0], [0.0,0.0], [0.0,0.0]]
EXIT 2 FunctionEntry_0 [[0.0,0.0], [0.0,0.0], [0.0,0.0], [0.0,0.0], [0.0,0.0], [0.0,0.0], [0.0,0.0], [0.0,0.0], [0.0,0.0], [0.0,0.0], [0.0,0.0], [0.0,0.0], [0.0,0.0], [0.0,0.0], [0.0,0.0], [0.0,0.0]]
ENTRY 2 ExpressionStatement_0 [[0.0,0.0], [0.0,0.0], [0.0,0.0], [0.0,0.0], [0.0,0.0], [0.0,0.0], [0.0,0.0], [0.0,0.0], [0.0,0.0], [0.0,0.0], [0.0,0.0], [0.0,0.0], [0.0,0.0], [0.0,0.0], [0.0,0.0], [0.0,0.0]]
EXIT 2 ExpressionStatement_0 [[0.0,0.0], [0.0,0.0], [0.0,0.0], [0.0,0.0], [0.0,0.0], [0.0,0.0], [0.0,0.0], [-Infinity,Infinity], [0.0,0.0], [0.0,0.0], [0.0,0.0], [0.0,0.0], [0.0,0.0], [0.0,0.0], [0.0,0.0], [0.0,0.0]]
ENTRY 2 ExpressionStatement_1 [[0.0,0.0], [0.0,0.0], [0.0,0.0], [0.0,0.0], [0.0,0.0], [0.0,0.0], [0.0,0.0], [-Infinity,Infinity], [0.0,0.0], [0.0,0.0], [0.0,0.0], [0.0,0.0], [0.0,0.0], [0.0,0.0], [0.0,0.0], [0.0,0.0]]
EXIT 2 ExpressionStatement_1 [[0.0,0.0], [0.0,0.0], [0.0,0.0], [0.0,0.0], [-Infinity,Infinity], [0.0,0.0], [0.0,0.0], [-Infinity,Infinity], [0.0,0.0], [0.0,0.0], [0.0,0.0], [0.0,0.0], [0.0,0.0], [0.0,0.0], [0.0,0.0], [0.0,0.0]]
ENTRY 2 ExpressionStatement_2 [[0.0,0.0], [0.0,0.0], [0.0,0.0], [0.0,0.0], [-Infinity,Infinity], [0.0,0.0], [0.0,0.0], [-Infinity,Infinity], [0.0,0.0], [0.0,0.0], [0.0,0.0], [0.0,0.0], [0.0,0.0], [0.0,0.0], [0.0,0.0], [0.0,0.0]]
EXIT 2 ExpressionStatement_2 [[-Infinity,Infinity], [0.0,0.0], [0.0,0.0], [0.0,0.0], [-Infinity,Infinity], [0.0,0.0], [0.0,0.0], [-Infinity,Infinity], [0.0,0.0], [0.0,0.0], [0.0,0.0], [0.0,0.0], [0.0,0.0], [0.0,0.0], [0.0,0.0], [0.0,0.0]]
ENTRY 2 ExpressionStatement_3 [[-Infinity,Infinity], [0.0,0.0], [0.0,0.0], [0.0,0.0], [-Infinity,Infinity], [0.0,0.0], [0.0,0.0], [-Infinity,Infinity], [0.0,0.0], [0.0,0.0], [0.0,0.0], [0.0,0.0], [0.0,0.0], [0.0,0.0], [0.0,0.0], [0.0,0.0]]
EXIT 2 ExpressionStatement_3 [[-Infinity,Infinity], [0.0,0.0], [0.0,0.0], [0.0,0.0], [-Infinity,Infinity], [0.0,0.0], [0.0,0.0], [-Infinity,Infinity], [0.0,0.0], [0.0,0.0], [0.0,0.0], [0.0,0.0], [0.0,0.0], [0.0,0.0], [0.0,0.0], [0.0,0.0]]
ENTRY 2 ExpressionStatement_4 [[-Infinity,Infinity], [0.0,0.0], [0.0,0.0], [0.0,0.0], [-Infinity,Infinity], [0.0,0.0], [0.0,0.0], [-Infinity,Infinity], [0.0,0.0], [0.0,0.0], [0.0,0.0], [0.0,0.0], [0.0,0.0], [0.0,0.0], [0.0,0.0], [0.0,0.0]]
EXIT 2 ExpressionStatement_4 [[-Infinity,Infinity], [-Infinity,Infinity], [0.0,0.0], [0.0,0.0], [-Infinity,Infinity], [0.0,0.0], [0.0,0.0], [-Infinity,Infinity], [0.0,0.0], [0.0,0.0], [0.0,0.0], [0.0,0.0], [0.0,0.0], [0.0,0.0], [0.0,0.0], [0.0,0.0]]
ENTRY 2 FunctionExit_0 [[-Infinity,Infinity], [-Infinity,Infinity], [0.0,0.0], [0.0,0.0], [-Infinity,Infinity], [0.0,0.0], [0.0,0.0], [-Infinity,Infinity], [0.0,0.0], [0.0,0.0], [0.0,0.0], [0.0,0.0], [0.0,0.0], [0.0,0.0], [0.0,0.0], [0.0,0.0]]
EXIT 2 FunctionExit_0 [[-Infinity,Infinity], [-Infinity,Infinity], [0.0,0.0], [0.0,0.0], [-Infinity,Infinity], [0.0,0.0], [0.0,0.0], [-Infinity,Infinity], [0.0,0.0], [0.0,0.0], [0.0,0.0], [0.0,0.0], [0.0,0.0], [0.0,0.0], [0.0,0.0], [0.0,0.0]]
ENTRY 2 FunctionDefinition_1 [[-Infinity,Infinity], [-Infinity,Infinity], [0.0,0.0], [0.0,0.0], [-Infinity,Infinity], [0.0,0.0], [0.0,0.0], [-Infinity,Infinity], [0.0,0.0], [0.0,0.0], [0.0,0.0], [0.0,0.0], [0.0,0.0], [0.0,0.0], [0.0,0.0], [0.0,0.0]]
EXIT 2 FunctionDefinition_1 [[-Infinity,Infinity], [-Infinity,Infinity], [0.0,0.0], [0.0,0.0], [-Infinity,Infinity], [0.0,0.0], [0.0,0.0], [-Infinity,Infinity], [0.0,0.0], [0.0,0.0], [0.0,0.0], [0.0,0.0], [0.0,0.0], [0.0,0.0], [0.0,0.0], [0.0,0.0]]
ENTRY 2 FunctionEntry_1 [[-Infinity,Infinity], [-Infinity,Infinity], [0.0,0.0], [0.0,0.0], [-Infinity,Infinity], [0.0,0.0], [0.0,0.0], [-Infinity,Infinity], [0.0,0.0], [0.0,0.0], [0.0,0.0], [0.0,0.0], [0.0,0.0], [0.0,0.0], [0.0,0.0], [0.0,0.0]]
EXIT 2 FunctionEntry_1 [[-Infinity,Infinity], [-Infinity,Infinity], [0.0,0.0], [0.0,0.0], [-Infinity,Infinity], [0.0,0.0], [0.0,0.0], [-Infinity,Infinity], [0.0,0.0], [0.0,0.0], [0.0,0.0], [0.0,0.0], [0.0,0.0], [0.0,0.0], [0.0,0.0], [0.0,0.0]]
ENTRY 2 ExpressionStatement_5 [[-Infinity,Infinity], [-Infinity,Infinity], [0.0,0.0], [0.0,0.0], [-Infinity,Infinity], [0.0,0.0], [0.0,0.0], [-Infinity,Infinity], [0.0,0.0], [0.0,0.0], [0.0,0.0], [0.0,0.0], [0.0,0.0], [0.0,0.0], [0.0,0.0], [0.0,0.0]]
EXIT 2 ExpressionStatement_5 [[-Infinity,Infinity], [-Infinity,Infinity], [0.0,0.0], [0.0,0.0], [-Infinity,Infinity], [0.0,0.0], [0.0,0.0], [-Infinity,Infinity], [0.0,0.0], [0.0,0.0], [0.0,0.0], [0.0,0.0], [0.0,0.0], [0.0,0.0], [0.0,0.0], [0.0,0.0]]
ENTRY 2 FunctionExit_1 [[-Infinity,Infinity], [-Infinity,Infinity], [0.0,0.0], [0.0,0.0], [-Infinity,Infinity], [0.0,0.0], [0.0,0.0], [-Infinity,Infinity], [0.0,0.0], [0.0,0.0], [0.0,0.0], [0.0,0.0], [0.0,0.0], [0.0,0.0], [0.0,0.0], [0.0,0.0]]
EXIT 2 FunctionExit_1 [[-Infinity,Infinity], [-Infinity,Infinity], [0.0,0.0], [0.0,0.0], [-Infinity,Infinity], [0.0,0.0], [0.0,0.0], [-Infinity,Infinity], [0.0,0.0], [0.0,0.0], [0.0,0.0], [0.0,0.0], [0.0,0.0], [0.0,0.0], [0.0,0.0], [0.0,0.0]]
ENTRY 2 FunctionDefinition_2 [[-Infinity,Infinity], [-Infinity,Infinity], [0.0,0.0], [0.0,0.0], [-Infinity,Infinity], [0.0,0.0], [0.0,0.0], [-Infinity,Infinity], [0.0,0.0], [0.0,0.0], [0.0,0.0], [0.0,0.0], [0.0,0.0], [0.0,0.0], [0.0,0.0], [0.0,0.0]]
EXIT 2 FunctionDefinition_2 [[-Infinity,Infinity], [-Infinity,Infinity], [0.0,0.0], [0.0,0.0], [-Infinity,Infinity], [0.0,0.0], [0.0,0.0], [-Infinity,Infinity], [0.0,0.0], [0.0,0.0], [0.0,0.0], [0.0,0.0], [0.0,0.0], [0.0,0.0], [0.0,0.0], [0.0,0.0]]
ENTRY 2 FunctionEntry_2 [[-Infinity,Infinity], [-Infinity,Infinity], [0.0,0.0], [0.0,0.0], [-Infinity,Infinity], [0.0,0.0], [0.0,0.0], [-Infinity,Infinity], [0.0,0.0], [0.0,0.0], [0.0,0.0], [0.0,0.0], [0.0,0.0], [0.0,0.0], [0.0,0.0], [0.0,0.0]]
EXIT 2 FunctionEntry_2 [[-Infinity,Infinity], [-Infinity,Infinity], [0.0,0.0], [0.0,0.0], [-Infinity,Infinity], [0.0,0.0], [0.0,0.0], [-Infinity,Infinity], [0.0,0.0], [0.0,0.0], [0.0,0.0], [0.0,0.0], [0.0,0.0], [0.0,0.0], [0.0,0.0], [0.0,0.0]]
ENTRY 2 ExpressionStatement_6 [[-Infinity,Infinity], [-Infinity,Infinity], [0.0,0.0], [0.0,0.0], [-Infinity,Infinity], [0.0,0.0], [0.0,0.0], [-Infinity,Infinity], [0.0,0.0], [0.0,0.0], [0.0,0.0], [0.0,0.0], [0.0,0.0], [0.0,0.0], [0.0,0.0], [0.0,0.0]]
EXIT 2 ExpressionStatement_6 [[-Infinity,Infinity], [-Infinity,Infinity], [0.0,0.0], [0.0,0.0], [-Infinity,Infinity], [0.0,0.0], [0.0,0.0], [-Infinity,Infinity], [0.0,0.0], [0.0,0.0], [0.0,0.0], [0.0,0.0], [0.0,0.0], [0.0,0.0], [0.0,0.0], [0.0,0.0]]
ENTRY 2 EmitStatement_0 [[-Infinity,Infinity], [-Infinity,Infinity], [0.0,0.0], [0.0,0.0], [-Infinity,Infinity], [0.0,0.0], [0.0,0.0], [-Infinity,Infinity], [0.0,0.0], [0.0,0.0], [0.0,0.0], [0.0,0.0], [0.0,0.0], [0.0,0.0], [0.0,0.0], [0.0,0.0]]
EXIT 2 EmitStatement_0 [[0.0,0.0], [0.0,0.0], [0.0,0.0], [0.0,0.0], [0.0,0.0], [0.0,0.0], [0.0,0.0], [0.0,0.0], [0.0,0.0], [0.0,0.0], [0.0,0.0], [0.0,0.0], [0.0,0.0], [0.0,0.0], [0.0,0.0], [0.0,0.0]]
ENTRY 2 FunctionExit_2 [[0.0,0.0], [0.0,0.0], [0.0,0.0], [0.0,0.0], [0.0,0.0], [0.0,0.0], [0.0,0.0], [0.0,0.0], [0.0,0.0], [0.0,0.0], [0.0,0.0], [0.0,0.0], [0.0,0.0], [0.0,0.0], [0.0,0.0], [0.0,0.0]]
EXIT 2 FunctionExit_2 [[0.0,0.0], [0.0,0.0], [0.0,0.0], [0.0,0.0], [0.0,0.0], [0.0,0.0], [0.0,0.0], [0.0,0.0], [0.0,0.0], [0.0,0.0], [0.0,0.0], [0.0,0.0], [0.0,0.0], [0.0,0.0], [0.0,0.0], [0.0,0.0]]
ENTRY 2 FunctionDefinition_3 [[0.0,0.0], [0.0,0.0], [0.0,0.0], [0.0,0.0], [0.0,0.0], [0.0,0.0], [0.0,0.0], [0.0,0.0], [0.0,0.0], [0.0,0.0], [0.0,0.0], [0.0,0.0], [0.0,0.0], [0.0,0.0], [0.0,0.0], [0.0,0.0]]
EXIT 2 FunctionDefinition_3 [[0.0,0.0], [0.0,0.0], [0.0,0.0], [0.0,0.0], [0.0,0.0], [0.0,0.0], [0.0,0.0], [0.0,0.0], [0.0,0.0], [0.0,0.0], [0.0,0.0], [0.0,0.0], [0.0,0.0], [0.0,0.0], [0.0,0.0], [0.0,0.0]]
ENTRY 2 FunctionEntry_3 [[0.0,0.0], [0.0,0.0], [0.0,0.0], [0.0,0.0], [0.0,0.0], [0.0,0.0], [0.0,0.0], [0.0,0.0], [0.0,0.0], [0.0,0.0], [0.0,0.0], [0.0,0.0], [0.0,0.0], [0.0,0.0], [0.0,0.0], [0.0,0.0]]
EXIT 2 FunctionEntry_3 [[0.0,0.0], [0.0,0.0], [0.0,0.0], [0.0,0.0], [0.0,0.0], [0.0,0.0], [0.0,0.0], [0.0,0.0], [0.0,0.0], [0.0,0.0], [0.0,0.0], [0.0,0.0], [0.0,0.0], [0.0,0.0], [0.0,0.0], [0.0,0.0]]
ENTRY 2 ExpressionStatement_7 [[0.0,0.0], [0.0,0.0], [0.0,0.0], [0.0,0.0], [0.0,0.0], [0.0,0.0], [0.0,0.0], [0.0,0.0], [0.0,0.0], [0.0,0.0], [0.0,0.0], [0.0,0.0], [0.0,0.0], [0.0,0.0], [0.0,0.0], [0.0,0.0]]
EXIT 2 ExpressionStatement_7 [[0.0,0.0], [0.0,0.0], [-Infinity,Infinity], [0.0,0.0], [0.0,0.0], [0.0,0.0], [0.0,0.0], [0.0,0.0], [0.0,0.0], [0.0,0.0], [0.0,0.0], [0.0,0.0], [0.0,0.0], [0.0,0.0], [0.0,0.0], [0.0,0.0]]
ENTRY 2 EmitStatement_1 [[0.0,0.0], [0.0,0.0], [-Infinity,Infinity], [0.0,0.0], [0.0,0.0], [0.0,0.0], [0.0,0.0], [0.0,0.0], [0.0,0.0], [0.0,0.0], [0.0,0.0], [0.0,0.0], [0.0,0.0], [0.0,0.0], [0.0,0.0], [0.0,0.0]]
EXIT 2 EmitStatement_1 [[0.0,0.0], [0.0,0.0], [0.0,0.0], [0.0,0.0], [0.0,0.0], [0.0,0.0], [0.0,0.0], [0.0,0.0], [0.0,0.0], [0.0,0.0], [0.0,0.0], [0.0,0.0], [0.0,0.0], [0.0,0.0], [0.0,0.0], [0.0,0.0]]
ENTRY 2 FunctionExit_3 [[0.0,0.0], [0.0,0.0], [0.0,0.0], [0.0,0.0], [0.0,0.0], [0.0,0.0], [0.0,0.0], [0.0,0.0], [0.0,0.0], [0.0,0.0], [0.0,0.0], [0.0,0.0], [0.0,0.0], [0.0,0.0], [0.0,0.0], [0.0,0.0]]
EXIT 2 FunctionExit_3 [[0.0,0.0], [0.0,0.0], [0.0,0.0], [0.0,0.0], [0.0,0.0], [0.0,0.0], [0.0,0.0], [0.0,0.0], [0.0,0.0], [0.0,0.0], [0.0,0.0], [0.0,0.0], [0.0,0.0], [0.0,0.0], [0.0,0.0], [0.0,0.0]]
ENTRY 2 FunctionDefinition_4 [[0.0,0.0], [0.0,0.0], [0.0,0.0], [0.0,0.0], [0.0,0.0], [0.0,0.0], [0.0,0.0], [0.0,0.0], [0.0,0.0], [0.0,0.0], [0.0,0.0], [0.0,0.0], [0.0,0.0], [0.0,0.0], [0.0,0.0], [0.0,0.0]]
EXIT 2 FunctionDefinition_4 [[0.0,0.0], [0.0,0.0], [0.0,0.0], [0.0,0.0], [0.0,0.0], [0.0,0.0], [0.0,0.0], [0.0,0.0], [0.0,0.0], [0.0,0.0], [0.0,0.0], [0.0,0.0], [0.0,0.0], [0.0,0.0], [0.0,0.0], [0.0,0.0]]
ENTRY 2 FunctionEntry_4 [[0.0,0.0], [0.0,0.0], [0.0,0.0], [0.0,0.0], [0.0,0.0], [0.0,0.0], [0.0,0.0], [0.0,0.0], [0.0,0.0], [0.0,0.0], [0.0,0.0], [0.0,0.0], [0.0,0.0], [0.0,0.0], [0.0,0.0], [0.0,0.0]]
EXIT 2 FunctionEntry_4 [[0.0,0.0], [0.0,0.0], [0.0,0.0], [0.0,0.0], [0.0,0.0], [0.0,0.0], [0.0,0.0], [0.0,0.0], [0.0,0.0], [0.0,0.0], [0.0,0.0], [0.0,0.0], [0.0,0.0], [0.0,0.0], [0.0,0.0], [0.0,0.0]]
ENTRY 2 FunctionExit_4 [[0.0,0.0], [0.0,0.0], [0.0,0.0], [0.0,0.0], [0.0,0.0], [0.0,0.0], [0.0,0.0], [0.0,0.0], [0.0,0.0], [0.0,0.0], [0.0,0.0], [0.0,0.0], [0.0,0.0], [0.0,0.0], [0.0,0.0], [0.0,0.0]]
EXIT 2 FunctionExit_4 [[0.0,0.0], [0.0,0.0], [0.0,0.0], [0.0,0.0], [0.0,0.0], [0.0,0.0], [0.0,0.0], [0.0,0.0], [0.0,0.0], [0.0,0.0], [0.0,0.0], [0.0,0.0], [0.0,0.0], [0.0,0.0], [0.0,0.0], [0.0,0.0]]
ENTRY 2 FunctionDefinition_5 [[0.0,0.0], [0.0,0.0], [0.0,0.0], [0.0,0.0], [0.0,0.0], [0.0,0.0], [0.0,0.0], [0.0,0.0], [0.0,0.0], [0.0,0.0], [0.0,0.0], [0.0,0.0], [0.0,0.0], [0.0,0.0], [0.0,0.0], [0.0,0.0]]
EXIT 2 FunctionDefinition_5 [[0.0,0.0], [0.0,0.0], [0.0,0.0], [0.0,0.0], [0.0,0.0], [0.0,0.0], [0.0,0.0], [0.0,0.0], [0.0,0.0], [0.0,0.0], [0.0,0.0], [0.0,0.0], [0.0,0.0], [0.0,0.0], [0.0,0.0], [0.0,0.0]]
ENTRY 2 FunctionEntry_5 [[0.0,0.0], [0.0,0.0], [0.0,0.0], [0.0,0.0], [0.0,0.0], [0.0,0.0], [0.0,0.0], [0.0,0.0], [0.0,0.0], [0.0,0.0], [0.0,0.0], [0.0,0.0], [0.0,0.0], [0.0,0.0], [0.0,0.0], [0.0,0.0]]
EXIT 2 FunctionEntry_5 [[0.0,0.0], [0.0,0.0], [0.0,0.0], [0.0,0.0], [0.0,0.0], [0.0,0.0], [0.0,0.0], [0.0,0.0], [0.0,0.0], [0.0,0.0], [0.0,0.0], [0.0,0.0], [0.0,0.0], [0.0,0.0], [0.0,0.0], [0.0,0.0]]
ENTRY 2 ExpressionStatement_8 [[0.0,0.0], [0.0,0.0], [0.0,0.0], [0.0,0.0], [0.0,0.0], [0.0,0.0], [0.0,0.0], [0.0,0.0], [0.0,0.0], [0.0,0.0], [0.0,0.0], [0.0,0.0], [0.0,0.0], [0.0,0.0], [0.0,0.0], [0.0,0.0]]
EXIT 2 ExpressionStatement_8 [[0.0,0.0], [0.0,0.0], [0.0,0.0], [0.0,0.0], [0.0,0.0], [0.0,0.0], [0.0,0.0], [0.0,0.0], [0.0,0.0], [0.0,0.0], [0.0,0.0], [0.0,0.0], [0.0,0.0], [0.0,0.0], [0.0,0.0], [0.0,0.0]]
ENTRY 2 ExpressionStatement_9 [[0.0,0.0], [0.0,0.0], [0.0,0.0], [0.0,0.0], [0.0,0.0], [0.0,0.0], [0.0,0.0], [0.0,0.0], [0.0,0.0], [0.0,0.0], [0.0,0.0], [0.0,0.0], [0.0,0.0], [0.0,0.0], [0.0,0.0], [0.0,0.0]]
EXIT 2 ExpressionStatement_9 [[0.0,0.0], [0.0,0.0], [0.0,0.0], [0.0,0.0], [0.0,0.0], [0.0,0.0], [0.0,0.0], [0.0,0.0], [0.0,0.0], [0.0,0.0], [0.0,0.0], [0.0,0.0], [0.0,0.0], [0.0,0.0], [0.0,0.0], [0.0,0.0]]
ENTRY 2 ExpressionStatement_10 [[0.0,0.0], [0.0,0.0], [0.0,0.0], [0.0,0.0], [0.0,0.0], [0.0,0.0], [0.0,0.0], [0.0,0.0], [0.0,0.0], [0.0,0.0], [0.0,0.0], [0.0,0.0], [0.0,0.0], [0.0,0.0], [0.0,0.0], [0.0,0.0]]
EXIT 2 ExpressionStatement_10 [[0.0,0.0], [0.0,0.0], [0.0,0.0], [0.0,0.0], [0.0,0.0], [0.0,0.0], [0.0,0.0], [0.0,0.0], [0.0,0.0], [-Infinity,Infinity], [0.0,0.0], [0.0,0.0], [0.0,0.0], [0.0,0.0], [0.0,0.0], [0.0,0.0]]
ENTRY 2 ExpressionStatement_11 [[0.0,0.0], [0.0,0.0], [0.0,0.0], [0.0,0.0], [0.0,0.0], [0.0,0.0], [0.0,0.0], [0.0,0.0], [0.0,0.0], [-Infinity,Infinity], [0.0,0.0], [0.0,0.0], [0.0,0.0], [0.0,0.0], [0.0,0.0], [0.0,0.0]]
EXIT 2 ExpressionStatement_11 [[0.0,0.0], [0.0,0.0], [0.0,0.0], [0.0,0.0], [0.0,0.0], [0.0,0.0], [0.0,0.0], [0.0,0.0], [0.0,0.0], [-Infinity,Infinity], [0.0,0.0], [0.0,0.0], [0.0,0.0], [0.0,0.0], [0.0,0.0], [0.0,0.0]]
ENTRY 2 EmitStatement_2 [[0.0,0.0], [0.0,0.0], [0.0,0.0], [0.0,0.0], [0.0,0.0], [0.0,0.0], [0.0,0.0], [0.0,0.0], [0.0,0.0], [-Infinity,Infinity], [0.0,0.0], [0.0,0.0], [0.0,0.0], [0.0,0.0], [0.0,0.0], [0.0,0.0]]
EXIT 2 EmitStatement_2 [[0.0,0.0], [0.0,0.0], [0.0,0.0], [0.0,0.0], [0.0,0.0], [0.0,0.0], [0.0,0.0], [0.0,0.0], [0.0,0.0], [-Infinity,Infinity], [0.0,0.0], [0.0,0.0], [0.0,0.0], [0.0,0.0], [0.0,0.0], [0.0,0.0]]
ENTRY 2 FunctionExit_5 [[0.0,0.0], [0.0,0.0], [0.0,0.0], [0.0,0.0], [0.0,0.0], [0.0,0.0], [0.0,0.0], [0.0,0.0], [0.0,0.0], [-Infinity,Infinity], [0.0,0.0], [0.0,0.0], [0.0,0.0], [0.0,0.0], [0.0,0.0], [0.0,0.0]]
EXIT 2 FunctionExit_5 [[0.0,0.0], [0.0,0.0], [0.0,0.0], [0.0,0.0], [0.0,0.0], [0.0,0.0], [0.0,0.0], [0.0,0.0], [0.0,0.0], [-Infinity,Infinity], [0.0,0.0], [0.0,0.0], [0.0,0.0], [0.0,0.0], [0.0,0.0], [0.0,0.0]]
ENTRY 2 FunctionDefinition_6 [[0.0,0.0], [0.0,0.0], [0.0,0.0], [0.0,0.0], [0.0,0.0], [0.0,0.0], [0.0,0.0], [0.0,0.0], [0.0,0.0], [0.0,0.0], [0.0,0.0], [0.0,0.0], [0.0,0.0], [0.0,0.0], [0.0,0.0], [0.0,0.0]]
EXIT 2 FunctionDefinition_6 [[0.0,0.0], [0.0,0.0], [0.0,0.0], [0.0,0.0], [0.0,0.0], [0.0,0.0], [0.0,0.0], [0.0,0.0], [0.0,0.0], [0.0,0.0], [0.0,0.0], [0.0,0.0], [0.0,0.0], [0.0,0.0], [0.0,0.0], [0.0,0.0]]
ENTRY 2 FunctionEntry_6 [[0.0,0.0], [0.0,0.0], [0.0,0.0], [0.0,0.0], [0.0,0.0], [0.0,0.0], [0.0,0.0], [0.0,0.0], [0.0,0.0], [0.0,0.0], [0.0,0.0], [0.0,0.0], [0.0,0.0], [0.0,0.0], [0.0,0.0], [0.0,0.0]]
EXIT 2 FunctionEntry_6 [[0.0,0.0], [0.0,0.0], [0.0,0.0], [0.0,0.0], [0.0,0.0], [0.0,0.0], [0.0,0.0], [0.0,0.0], [0.0,0.0], [0.0,0.0], [0.0,0.0], [0.0,0.0], [0.0,0.0], [0.0,0.0], [0.0,0.0], [0.0,0.0]]
ENTRY 2 VariableDeclarationStatement_0 [[0.0,0.0], [0.0,0.0], [0.0,0.0], [0.0,0.0], [0.0,0.0], [0.0,0.0], [0.0,0.0], [0.0,0.0], [0.0,0.0], [0.0,0.0], [0.0,0.0], [0.0,0.0], [0.0,0.0], [0.0,0.0], [0.0,0.0], [0.0,0.0]]
EXIT 2 VariableDeclarationStatement_0 [[0.0,0.0], [0.0,0.0], [0.0,0.0], [0.0,0.0], [0.0,0.0], [0.0,0.0], [0.0,0.0], [0.0,0.0], [0.0,0.0], [0.0,0.0], [0.0,0.0], [0.0,0.0], [0.0,0.0], [-Infinity,Infinity], [0.0,0.0], [0.0,0.0]]
ENTRY 2 IfStatement_0 [[0.0,0.0], [0.0,0.0], [0.0,0.0], [0.0,0.0], [0.0,0.0], [0.0,0.0], [0.0,0.0], [0.0,0.0], [0.0,0.0], [0.0,0.0], [0.0,0.0], [0.0,0.0], [0.0,0.0], [-Infinity,Infinity], [0.0,0.0], [0.0,0.0]]
EXIT 2 IfStatement_0 [[1.0,-1.0], [1.0,-1.0], [1.0,-1.0], [1.0,-1.0], [1.0,-1.0], [1.0,-1.0], [1.0,-1.0], [1.0,-1.0], [1.0,-1.0], [1.0,-1.0], [1.0,-1.0], [1.0,-1.0], [1.0,-1.0], [1.0,-1.0], [1.0,-1.0], [1.0,-1.0]]
ENTRY 2 ExpressionStatement_12 [[0.0,0.0], [0.0,0.0], [0.0,0.0], [0.0,0.0], [0.0,0.0], [0.0,0.0], [0.0,0.0], [0.0,0.0], [0.0,0.0], [0.0,0.0], [0.0,0.0], [0.0,0.0], [0.0,0.0], [-Infinity,Infinity], [0.0,0.0], [0.0,0.0]]
EXIT 2 ExpressionStatement_12 [[0.0,0.0], [0.0,0.0], [0.0,0.0], [0.0,0.0], [0.0,0.0], [0.0,0.0], [0.0,0.0], [0.0,0.0], [0.0,0.0], [0.0,0.0], [0.0,0.0], [0.0,0.0], [0.0,0.0], [-Infinity,Infinity], [0.0,0.0], [0.0,0.0]]
ENTRY 2 ExpressionStatement_13 [[0.0,0.0], [0.0,0.0], [0.0,0.0], [0.0,0.0], [0.0,0.0], [0.0,0.0], [0.0,0.0], [0.0,0.0], [0.0,0.0], [0.0,0.0], [0.0,0.0], [0.0,0.0], [0.0,0.0], [-Infinity,Infinity], [0.0,0.0], [0.0,0.0]]
EXIT 2 ExpressionStatement_13 [[0.0,0.0], [0.0,0.0], [0.0,0.0], [0.0,0.0], [0.0,0.0], [0.0,0.0], [0.0,0.0], [0.0,0.0], [0.0,0.0], [0.0,0.0], [0.0,0.0], [0.0,0.0], [0.0,0.0], [-Infinity,Infinity], [0.0,0.0], [0.0,0.0]]
ENTRY 2 VariableDeclarationStatement_1 [[0.0,0.0], [0.0,0.0], [0.0,0.0], [0.0,0.0], [0.0,0.0], [0.0,0.0], [0.0,0.0], [0.0,0.0], [0.0,0.0], [0.0,0.0], [0.0,0.0], [0.0,0.0], [0.0,0.0], [-Infinity,Infinity], [0.0,0.0], [0.0,0.0]]
EXIT 2 VariableDeclarationStatement_1 [[0.0,0.0], [0.0,0.0], [0.0,0.0], [0.0,0.0], [0.0,0.0], [0.0,0.0], [0.0,0.0], [0.0,0.0], [0.0,0.0], [0.0,0.0], [0.0,0.0], [0.0,0.0], [0.0,0.0], [-Infinity,Infinity], [-Infinity,Infinity], [0.0,0.0]]
ENTRY 2 IfStatement_1 [[0.0,0.0], [0.0,0.0], [0.0,0.0], [0.0,0.0], [0.0,0.0], [0.0,0.0], [0.0,0.0], [0.0,0.0], [0.0,0.0], [0.0,0.0], [0.0,0.0], [0.0,0.0], [0.0,0.0], [-Infinity,Infinity], [-Infinity,Infinity], [0.0,0.0]]
EXIT 2 IfStatement_1 [[1.0,-1.0], [1.0,-1.0], [1.0,-1.0], [1.0,-1.0], [1.0,-1.0], [1.0,-1.0], [1.0,-1.0], [1.0,-1.0], [1.0,-1.0], [1.0,-1.0], [1.0,-1.0], [1.0,-1.0], [1.0,-1.0], [1.0,-1.0], [1.0,-1.0], [1.0,-1.0]]
ENTRY 2 ExpressionStatement_14 [[0.0,0.0], [0.0,0.0], [0.0,0.0], [0.0,0.0], [0.0,0.0], [0.0,0.0], [0.0,0.0], [0.0,0.0], [0.0,0.0], [0.0,0.0], [0.0,0.0], [0.0,0.0], [0.0,0.0], [-Infinity,Infinity], [-Infinity,Infinity], [0.0,0.0]]
EXIT 2 ExpressionStatement_14 [[0.0,0.0], [0.0,0.0], [0.0,0.0], [0.0,0.0], [0.0,0.0], [0.0,0.0], [0.0,0.0], [0.0,0.0], [0.0,0.0], [0.0,0.0], [0.0,0.0], [0.0,0.0], [0.0,0.0], [-Infinity,Infinity], [-Infinity,Infinity], [0.0,0.0]]
ENTRY 2 IfConditionJoin_1 [[0.0,0.0], [0.0,0.0], [0.0,0.0], [0.0,0.0], [0.0,0.0], [0.0,0.0], [0.0,0.0], [0.0,0.0], [0.0,0.0], [0.0,0.0], [0.0,0.0], [0.0,0.0], [0.0,0.0], [-Infinity,Infinity], [-Infinity,Infinity], [0.0,0.0]]
EXIT 2 IfConditionJoin_1 [[0.0,0.0], [0.0,0.0], [0.0,0.0], [0.0,0.0], [0.0,0.0], [0.0,0.0], [0.0,0.0], [0.0,0.0], [0.0,0.0], [0.0,0.0], [0.0,0.0], [0.0,0.0], [0.0,0.0], [-Infinity,Infinity], [-Infinity,Infinity], [0.0,0.0]]
ENTRY 2 IfConditionJoin_0 [[0.0,0.0], [0.0,0.0], [0.0,0.0], [0.0,0.0], [0.0,0.0], [0.0,0.0], [0.0,0.0], [0.0,0.0], [0.0,0.0], [0.0,0.0], [0.0,0.0], [0.0,0.0], [0.0,0.0], [-Infinity,Infinity], [-Infinity,Infinity], [0.0,0.0]]
EXIT 2 IfConditionJoin_0 [[0.0,0.0], [0.0,0.0], [0.0,0.0], [0.0,0.0], [0.0,0.0], [0.0,0.0], [0.0,0.0], [0.0,0.0], [0.0,0.0], [0.0,0.0], [0.0,0.0], [0.0,0.0], [0.0,0.0], [-Infinity,Infinity], [-Infinity,Infinity], [0.0,0.0]]
ENTRY 2 FunctionExit_6 [[0.0,0.0], [0.0,0.0], [0.0,0.0], [0.0,0.0], [0.0,0.0], [0.0,0.0], [0.0,0.0], [0.0,0.0], [0.0,0.0], [0.0,0.0], [0.0,0.0], [0.0,0.0], [0.0,0.0], [-Infinity,Infinity], [-Infinity,Infinity], [0.0,0.0]]
EXIT 2 FunctionExit_6 [[0.0,0.0], [0.0,0.0], [0.0,0.0], [0.0,0.0], [0.0,0.0], [0.0,0.0], [0.0,0.0], [0.0,0.0], [0.0,0.0], [0.0,0.0], [0.0,0.0], [0.0,0.0], [0.0,0.0], [-Infinity,Infinity], [-Infinity,Infinity], [0.0,0.0]]
ENTRY 2 ExpressionStatement_15 [[0.0,0.0], [0.0,0.0], [0.0,0.0], [0.0,0.0], [0.0,0.0], [0.0,0.0], [0.0,0.0], [0.0,0.0], [0.0,0.0], [0.0,0.0], [0.0,0.0], [0.0,0.0], [0.0,0.0], [-Infinity,Infinity], [-Infinity,Infinity], [0.0,0.0]]
EXIT 2 ExpressionStatement_15 [[0.0,0.0], [0.0,0.0], [0.0,0.0], [0.0,0.0], [0.0,0.0], [0.0,0.0], [0.0,0.0], [0.0,0.0], [0.0,0.0], [0.0,0.0], [0.0,0.0], [0.0,0.0], [0.0,0.0], [-Infinity,Infinity], [-Infinity,Infinity], [0.0,0.0]]
ENTRY 2 ExpressionStatement_16 [[0.0,0.0], [0.0,0.0], [0.0,0.0], [0.0,0.0], [0.0,0.0], [0.0,0.0], [0.0,0.0], [0.0,0.0], [0.0,0.0], [0.0,0.0], [0.0,0.0], [0.0,0.0], [0.0,0.0], [-Infinity,Infinity], [0.0,0.0], [0.0,0.0]]
EXIT 2 ExpressionStatement_16 [[0.0,0.0], [0.0,0.0], [0.0,0.0], [0.0,0.0], [0.0,0.0], [0.0,0.0], [0.0,0.0], [0.0,0.0], [0.0,0.0], [0.0,0.0], [0.0,0.0], [0.0,0.0], [0.0,0.0], [-Infinity,Infinity], [0.0,0.0], [0.0,0.0]]
ENTRY 2 FunctionDefinition_7 [[0.0,0.0], [0.0,0.0], [0.0,0.0], [0.0,0.0], [0.0,0.0], [0.0,0.0], [0.0,0.0], [0.0,0.0], [0.0,0.0], [0.0,0.0], [0.0,0.0], [0.0,0.0], [0.0,0.0], [0.0,0.0], [0.0,0.0], [0.0,0.0]]
EXIT 2 FunctionDefinition_7 [[0.0,0.0], [0.0,0.0], [0.0,0.0], [0.0,0.0], [0.0,0.0], [0.0,0.0], [0.0,0.0], [0.0,0.0], [0.0,0.0], [0.0,0.0], [0.0,0.0], [0.0,0.0], [0.0,0.0], [0.0,0.0], [0.0,0.0], [0.0,0.0]]
ENTRY 2 FunctionEntry_7 [[0.0,0.0], [0.0,0.0], [0.0,0.0], [0.0,0.0], [0.0,0.0], [0.0,0.0], [0.0,0.0], [0.0,0.0], [0.0,0.0], [0.0,0.0], [0.0,0.0], [0.0,0.0], [0.0,0.0], [0.0,0.0], [0.0,0.0], [0.0,0.0]]
EXIT 2 FunctionEntry_7 [[0.0,0.0], [0.0,0.0], [0.0,0.0], [0.0,0.0], [0.0,0.0], [0.0,0.0], [0.0,0.0], [0.0,0.0], [0.0,0.0], [0.0,0.0], [0.0,0.0], [0.0,0.0], [0.0,0.0], [0.0,0.0], [0.0,0.0], [0.0,0.0]]
ENTRY 2 ExpressionStatement_17 [[0.0,0.0], [0.0,0.0], [0.0,0.0], [0.0,0.0], [0.0,0.0], [0.0,0.0], [0.0,0.0], [0.0,0.0], [0.0,0.0], [0.0,0.0], [0.0,0.0], [0.0,0.0], [0.0,0.0], [0.0,0.0], [0.0,0.0], [0.0,0.0]]
EXIT 2 ExpressionStatement_17 [[0.0,0.0], [0.0,0.0], [0.0,0.0], [0.0,0.0], [0.0,0.0], [0.0,0.0], [0.0,0.0], [0.0,0.0], [0.0,0.0], [0.0,0.0], [0.0,0.0], [0.0,0.0], [0.0,0.0], [0.0,0.0], [0.0,0.0], [0.0,0.0]]
ENTRY 2 FunctionExit_7 [[0.0,0.0], [0.0,0.0], [0.0,0.0], [0.0,0.0], [0.0,0.0], [0.0,0.0], [0.0,0.0], [0.0,0.0], [0.0,0.0], [0.0,0.0], [0.0,0.0], [0.0,0.0], [0.0,0.0], [0.0,0.0], [0.0,0.0], [0.0,0.0]]
EXIT 2 FunctionExit_7 [[0.0,0.0], [0.0,0.0], [0.0,0.0], [0.0,0.0], [0.0,0.0], [0.0,0.0], [0.0,0.0], [0.0,0.0], [0.0,0.0], [0.0,0.0], [0.0,0.0], [0.0,0.0], [0.0,0.0], [0.0,0.0], [0.0,0.0], [0.0,0.0]]
ENTRY 2 FunctionDefinition_8 [[0.0,0.0], [0.0,0.0], [0.0,0.0], [0.0,0.0], [0.0,0.0], [0.0,0.0], [0.0,0.0], [0.0,0.0], [0.0,0.0], [0.0,0.0], [0.0,0.0], [0.0,0.0], [0.0,0.0], [0.0,0.0], [0.0,0.0], [0.0,0.0]]
EXIT 2 FunctionDefinition_8 [[0.0,0.0], [0.0,0.0], [0.0,0.0], [0.0,0.0], [0.0,0.0], [0.0,0.0], [0.0,0.0], [0.0,0.0], [0.0,0.0], [0.0,0.0], [0.0,0.0], [0.0,0.0], [0.0,0.0], [0.0,0.0], [0.0,0.0], [0.0,0.0]]
ENTRY 2 FunctionEntry_8 [[0.0,0.0], [0.0,0.0], [0.0,0.0], [0.0,0.0], [0.0,0.0], [0.0,0.0], [0.0,0.0], [0.0,0.0], [0.0,0.0], [0.0,0.0], [0.0,0.0], [0.0,0.0], [0.0,0.0], [0.0,0.0], [0.0,0.0], [0.0,0.0]]
EXIT 2 FunctionEntry_8 [[0.0,0.0], [0.0,0.0], [0.0,0.0], [0.0,0.0], [0.0,0.0], [0.0,0.0], [0.0,0.0], [0.0,0.0], [0.0,0.0], [0.0,0.0], [0.0,0.0], [0.0,0.0], [0.0,0.0], [0.0,0.0], [0.0,0.0], [0.0,0.0]]
ENTRY 2 VariableDeclarationStatement_2 [[0.0,0.0], [0.0,0.0], [0.0,0.0], [0.0,0.0], [0.0,0.0], [0.0,0.0], [0.0,0.0], [0.0,0.0], [0.0,0.0], [0.0,0.0], [0.0,0.0], [0.0,0.0], [0.0,0.0], [0.0,0.0], [0.0,0.0], [0.0,0.0]]
EXIT 2 VariableDeclarationStatement_2 [[0.0,0.0], [0.0,0.0], [0.0,0.0], [0.0,0.0], [0.0,0.0], [0.0,0.0], [0.0,0.0], [0.0,0.0], [0.0,0.0], [0.0,0.0], [0.0,0.0], [0.0,0.0], [0.0,0.0], [0.0,0.0], [0.0,0.0], [-Infinity,Infinity]]
ENTRY 2 ExpressionStatement_18 [[0.0,0.0], [0.0,0.0], [0.0,0.0], [0.0,0.0], [0.0,0.0], [0.0,0.0], [0.0,0.0], [0.0,0.0], [0.0,0.0], [0.0,0.0], [0.0,0.0], [0.0,0.0], [0.0,0.0], [0.0,0.0], [0.0,0.0], [-Infinity,Infinity]]
EXIT 2 ExpressionStatement_18 [[0.0,0.0], [0.0,0.0], [0.0,0.0], [0.0,0.0], [0.0,0.0], [0.0,0.0], [0.0,0.0], [0.0,0.0], [0.0,0.0], [0.0,0.0], [0.0,0.0], [0.0,0.0], [0.0,0.0], [0.0,0.0], [0.0,0.0], [-Infinity,Infinity]]
ENTRY 2 EmitStatement_3 [[0.0,0.0], [0.0,0.0], [0.0,0.0], [0.0,0.0], [0.0,0.0], [0.0,0.0], [0.0,0.0], [0.0,0.0], [0.0,0.0], [0.0,0.0], [0.0,0.0], [0.0,0.0], [0.0,0.0], [0.0,0.0], [0.0,0.0], [-Infinity,Infinity]]
EXIT 2 EmitStatement_3 [[0.0,0.0], [0.0,0.0], [0.0,0.0], [0.0,0.0], [0.0,0.0], [0.0,0.0], [0.0,0.0], [0.0,0.0], [0.0,0.0], [0.0,0.0], [0.0,0.0], [0.0,0.0], [0.0,0.0], [0.0,0.0], [0.0,0.0], [-Infinity,Infinity]]
ENTRY 2 FunctionExit_8 [[0.0,0.0], [0.0,0.0], [0.0,0.0], [0.0,0.0], [0.0,0.0], [0.0,0.0], [0.0,0.0], [0.0,0.0], [0.0,0.0], [0.0,0.0], [0.0,0.0], [0.0,0.0], [0.0,0.0], [0.0,0.0], [0.0,0.0], [-Infinity,Infinity]]
EXIT 2 FunctionExit_8 [[0.0,0.0], [0.0,0.0], [0.0,0.0], [0.0,0.0], [0.0,0.0], [0.0,0.0], [0.0,0.0], [0.0,0.0], [0.0,0.0], [0.0,0.0], [0.0,0.0], [0.0,0.0], [0.0,0.0], [0.0,0.0], [0.0,0.0], [-Infinity,Infinity]]
ENTRY 2 FunctionDefinition_9 [[0.0,0.0], [0.0,0.0], [0.0,0.0], [0.0,0.0], [0.0,0.0], [0.0,0.0], [0.0,0.0], [0.0,0.0], [0.0,0.0], [0.0,0.0], [0.0,0.0], [0.0,0.0], [0.0,0.0], [0.0,0.0], [0.0,0.0], [0.0,0.0]]
EXIT 2 FunctionDefinition_9 [[0.0,0.0], [0.0,0.0], [0.0,0.0], [0.0,0.0], [0.0,0.0], [0.0,0.0], [0.0,0.0], [0.0,0.0], [0.0,0.0], [0.0,0.0], [0.0,0.0], [0.0,0.0], [0.0,0.0], [0.0,0.0], [0.0,0.0], [0.0,0.0]]
ENTRY 2 FunctionEntry_9 [[0.0,0.0], [0.0,0.0], [0.0,0.0], [0.0,0.0], [0.0,0.0], [0.0,0.0], [0.0,0.0], [0.0,0.0], [0.0,0.0], [0.0,0.0], [0.0,0.0], [0.0,0.0], [0.0,0.0], [0.0,0.0], [0.0,0.0], [0.0,0.0]]
EXIT 2 FunctionEntry_9 [[0.0,0.0], [0.0,0.0], [0.0,0.0], [0.0,0.0], [0.0,0.0], [0.0,0.0], [0.0,0.0], [0.0,0.0], [0.0,0.0], [0.0,0.0], [0.0,0.0], [0.0,0.0], [0.0,0.0], [0.0,0.0], [0.0,0.0], [0.0,0.0]]
ENTRY 2 ExpressionStatement_19 [[0.0,0.0], [0.0,0.0], [0.0,0.0], [0.0,0.0], [0.0,0.0], [0.0,0.0], [0.0,0.0], [0.0,0.0], [0.0,0.0], [0.0,0.0], [0.0,0.0], [0.0,0.0], [0.0,0.0], [0.0,0.0], [0.0,0.0], [0.0,0.0]]
EXIT 2 ExpressionStatement_19 [[0.0,0.0], [0.0,0.0], [0.0,0.0], [0.0,0.0], [0.0,0.0], [0.0,0.0], [0.0,0.0], [0.0,0.0], [0.0,0.0], [0.0,0.0], [0.0,0.0], [0.0,0.0], [0.0,0.0], [0.0,0.0], [0.0,0.0], [0.0,0.0]]
ENTRY 2 ExpressionStatement_20 [[0.0,0.0], [0.0,0.0], [0.0,0.0], [0.0,0.0], [0.0,0.0], [0.0,0.0], [0.0,0.0], [0.0,0.0], [0.0,0.0], [0.0,0.0], [0.0,0.0], [0.0,0.0], [0.0,0.0], [0.0,0.0], [0.0,0.0], [0.0,0.0]]
EXIT 2 ExpressionStatement_20 [[0.0,0.0], [0.0,0.0], [0.0,0.0], [0.0,0.0], [0.0,0.0], [0.0,0.0], [0.0,0.0], [0.0,0.0], [-Infinity,Infinity], [0.0,0.0], [0.0,0.0], [0.0,0.0], [0.0,0.0], [0.0,0.0], [0.0,0.0], [0.0,0.0]]
ENTRY 2 EmitStatement_4 [[0.0,0.0], [0.0,0.0], [0.0,0.0], [0.0,0.0], [0.0,0.0], [0.0,0.0], [0.0,0.0], [0.0,0.0], [-Infinity,Infinity], [0.0,0.0], [0.0,0.0], [0.0,0.0], [0.0,0.0], [0.0,0.0], [0.0,0.0], [0.0,0.0]]
EXIT 2 EmitStatement_4 [[0.0,0.0], [0.0,0.0], [0.0,0.0], [0.0,0.0], [0.0,0.0], [0.0,0.0], [0.0,0.0], [0.0,0.0], [0.0,0.0], [0.0,0.0], [0.0,0.0], [0.0,0.0], [0.0,0.0], [0.0,0.0], [0.0,0.0], [0.0,0.0]]
ENTRY 2 FunctionExit_9 [[0.0,0.0], [0.0,0.0], [0.0,0.0], [0.0,0.0], [0.0,0.0], [0.0,0.0], [0.0,0.0], [0.0,0.0], [0.0,0.0], [0.0,0.0], [0.0,0.0], [0.0,0.0], [0.0,0.0], [0.0,0.0], [0.0,0.0], [0.0,0.0]]
EXIT 2 FunctionExit_9 [[0.0,0.0], [0.0,0.0], [0.0,0.0], [0.0,0.0], [0.0,0.0], [0.0,0.0], [0.0,0.0], [0.0,0.0], [0.0,0.0], [0.0,0.0], [0.0,0.0], [0.0,0.0], [0.0,0.0], [0.0,0.0], [0.0,0.0], [0.0,0.0]]
ENTRY 2 FunctionDefinition_10 [[0.0,0.0], [0.0,0.0], [0.0,0.0], [0.0,0.0], [0.0,0.0], [0.0,0.0], [0.0,0.0], [0.0,0.0], [0.0,0.0], [0.0,0.0], [0.0,0.0], [0.0,0.0], [0.0,0.0], [0.0,0.0], [0.0,0.0], [0.0,0.0]]
EXIT 2 FunctionDefinition_10 [[0.0,0.0], [0.0,0.0], [0.0,0.0], [0.0,0.0], [0.0,0.0], [0.0,0.0], [0.0,0.0], [0.0,0.0], [0.0,0.0], [0.0,0.0], [0.0,0.0], [0.0,0.0], [0.0,0.0], [0.0,0.0], [0.0,0.0], [0.0,0.0]]
ENTRY 2 FunctionEntry_10 [[0.0,0.0], [0.0,0.0], [0.0,0.0], [0.0,0.0], [0.0,0.0], [0.0,0.0], [0.0,0.0], [0.0,0.0], [0.0,0.0], [0.0,0.0], [0.0,0.0], [0.0,0.0], [0.0,0.0], [0.0,0.0], [0.0,0.0], [0.0,0.0]]
EXIT 2 FunctionEntry_10 [[0.0,0.0], [0.0,0.0], [0.0,0.0], [0.0,0.0], [0.0,0.0], [0.0,0.0], [0.0,0.0], [0.0,0.0], [0.0,0.0], [0.0,0.0], [0.0,0.0], [0.0,0.0], [0.0,0.0], [0.0,0.0], [0.0,0.0], [0.0,0.0]]
ENTRY 2 ExpressionStatement_21 [[0.0,0.0], [0.0,0.0], [0.0,0.0], [0.0,0.0], [0.0,0.0], [0.0,0.0], [0.0,0.0], [0.0,0.0], [0.0,0.0], [0.0,0.0], [0.0,0.0], [0.0,0.0], [0.0,0.0], [0.0,0.0], [0.0,0.0], [0.0,0.0]]
EXIT 2 ExpressionStatement_21 [[0.0,0.0], [0.0,0.0], [0.0,0.0], [0.0,0.0], [0.0,0.0], [0.0,0.0], [0.0,0.0], [0.0,0.0], [0.0,0.0], [0.0,0.0], [0.0,0.0], [0.0,0.0], [0.0,0.0], [0.0,0.0], [0.0,0.0], [0.0,0.0]]
ENTRY 2 ExpressionStatement_22 [[0.0,0.0], [0.0,0.0], [0.0,0.0], [0.0,0.0], [0.0,0.0], [0.0,0.0], [0.0,0.0], [0.0,0.0], [0.0,0.0], [0.0,0.0], [0.0,0.0], [0.0,0.0], [0.0,0.0], [0.0,0.0], [0.0,0.0], [0.0,0.0]]
EXIT 2 ExpressionStatement_22 [[0.0,0.0], [0.0,0.0], [0.0,0.0], [0.0,0.0], [0.0,0.0], [0.0,0.0], [0.0,0.0], [0.0,0.0], [-Infinity,Infinity], [0.0,0.0], [0.0,0.0], [0.0,0.0], [0.0,0.0], [0.0,0.0], [0.0,0.0], [0.0,0.0]]
ENTRY 2 EmitStatement_5 [[0.0,0.0], [0.0,0.0], [0.0,0.0], [0.0,0.0], [0.0,0.0], [0.0,0.0], [0.0,0.0], [0.0,0.0], [-Infinity,Infinity], [0.0,0.0], [0.0,0.0], [0.0,0.0], [0.0,0.0], [0.0,0.0], [0.0,0.0], [0.0,0.0]]
EXIT 2 EmitStatement_5 [[0.0,0.0], [0.0,0.0], [0.0,0.0], [0.0,0.0], [0.0,0.0], [0.0,0.0], [0.0,0.0], [0.0,0.0], [0.0,0.0], [0.0,0.0], [0.0,0.0], [0.0,0.0], [0.0,0.0], [0.0,0.0], [0.0,0.0], [0.0,0.0]]
ENTRY 2 FunctionExit_10 [[0.0,0.0], [0.0,0.0], [0.0,0.0], [0.0,0.0], [0.0,0.0], [0.0,0.0], [0.0,0.0], [0.0,0.0], [0.0,0.0], [0.0,0.0], [0.0,0.0], [0.0,0.0], [0.0,0.0], [0.0,0.0], [0.0,0.0], [0.0,0.0]]
EXIT 2 FunctionExit_10 [[0.0,0.0], [0.0,0.0], [0.0,0.0], [0.0,0.0], [0.0,0.0], [0.0,0.0], [0.0,0.0], [0.0,0.0], [0.0,0.0], [0.0,0.0], [0.0,0.0], [0.0,0.0], [0.0,0.0], [0.0,0.0], [0.0,0.0], [0.0,0.0]]
ENTRY 2 FunctionDefinition_11 [[0.0,0.0], [0.0,0.0], [0.0,0.0], [0.0,0.0], [0.0,0.0], [0.0,0.0], [0.0,0.0], [0.0,0.0], [0.0,0.0], [0.0,0.0], [0.0,0.0], [0.0,0.0], [0.0,0.0], [0.0,0.0], [0.0,0.0], [0.0,0.0]]
EXIT 2 FunctionDefinition_11 [[0.0,0.0], [0.0,0.0], [0.0,0.0], [0.0,0.0], [0.0,0.0], [0.0,0.0], [0.0,0.0], [0.0,0.0], [0.0,0.0], [0.0,0.0], [0.0,0.0], [0.0,0.0], [0.0,0.0], [0.0,0.0], [0.0,0.0], [0.0,0.0]]
ENTRY 2 FunctionEntry_11 [[0.0,0.0], [0.0,0.0], [0.0,0.0], [0.0,0.0], [0.0,0.0], [0.0,0.0], [0.0,0.0], [0.0,0.0], [0.0,0.0], [0.0,0.0], [0.0,0.0], [0.0,0.0], [0.0,0.0], [0.0,0.0], [0.0,0.0], [0.0,0.0]]
EXIT 2 FunctionEntry_11 [[0.0,0.0], [0.0,0.0], [0.0,0.0], [0.0,0.0], [0.0,0.0], [0.0,0.0], [0.0,0.0], [0.0,0.0], [0.0,0.0], [0.0,0.0], [0.0,0.0], [0.0,0.0], [0.0,0.0], [0.0,0.0], [0.0,0.0], [0.0,0.0]]
ENTRY 2 Return_0 [[0.0,0.0], [0.0,0.0], [0.0,0.0], [0.0,0.0], [0.0,0.0], [0.0,0.0], [0.0,0.0], [0.0,0.0], [0.0,0.0], [0.0,0.0], [0.0,0.0], [0.0,0.0], [0.0,0.0], [0.0,0.0], [0.0,0.0], [0.0,0.0]]
EXIT 2 Return_0 [[0.0,0.0], [0.0,0.0], [0.0,0.0], [0.0,0.0], [0.0,0.0], [0.0,0.0], [0.0,0.0], [0.0,0.0], [0.0,0.0], [0.0,0.0], [0.0,0.0], [0.0,0.0], [0.0,0.0], [0.0,0.0], [0.0,0.0], [0.0,0.0]]
ENTRY 2 FunctionExit_11 [[0.0,0.0], [0.0,0.0], [0.0,0.0], [0.0,0.0], [0.0,0.0], [0.0,0.0], [0.0,0.0], [0.0,0.0], [0.0,0.0], [0.0,0.0], [0.0,0.0], [0.0,0.0], [0.0,0.0], [0.0,0.0], [0.0,0.0], [0.0,0.0]]
EXIT 2 FunctionExit_11 [[0.0,0.0], [0.0,0.0], [0.0,0.0], [0.0,0.0], [0.0,0.0], [0.0,0.0], [0.0,0.0], [0.0,0.0], [0.0,0.0], [0.0,0.0], [0.0,0.0], [0.0,0.0], [0.0,0.0], [0.0,0.0], [0.0,0.0], [0.0,0.0]]
ENTRY 2 FunctionDefinition_12 [[0.0,0.0], [0.0,0.0], [0.0,0.0], [0.0,0.0], [0.0,0.0], [0.0,0.0], [0.0,0.0], [0.0,0.0], [0.0,0.0], [0.0,0.0], [0.0,0.0], [0.0,0.0], [0.0,0.0], [0.0,0.0], [0.0,0.0], [0.0,0.0]]
EXIT 2 FunctionDefinition_12 [[0.0,0.0], [0.0,0.0], [0.0,0.0], [0.0,0.0], [0.0,0.0], [0.0,0.0], [0.0,0.0], [0.0,0.0], [0.0,0.0], [0.0,0.0], [0.0,0.0], [0.0,0.0], [0.0,0.0], [0.0,0.0], [0.0,0.0], [0.0,0.0]]
ENTRY 2 FunctionEntry_12 [[0.0,0.0], [0.0,0.0], [0.0,0.0], [0.0,0.0], [0.0,0.0], [0.0,0.0], [0.0,0.0], [0.0,0.0], [0.0,0.0], [0.0,0.0], [0.0,0.0], [0.0,0.0], [0.0,0.0], [0.0,0.0], [0.0,0.0], [0.0,0.0]]
EXIT 2 FunctionEntry_12 [[0.0,0.0], [0.0,0.0], [0.0,0.0], [0.0,0.0], [0.0,0.0], [0.0,0.0], [0.0,0.0], [0.0,0.0], [0.0,0.0], [0.0,0.0], [0.0,0.0], [0.0,0.0], [0.0,0.0], [0.0,0.0], [0.0,0.0], [0.0,0.0]]
ENTRY 2 Return_1 [[0.0,0.0], [0.0,0.0], [0.0,0.0], [0.0,0.0], [0.0,0.0], [0.0,0.0], [0.0,0.0], [0.0,0.0], [0.0,0.0], [0.0,0.0], [0.0,0.0], [0.0,0.0], [0.0,0.0], [0.0,0.0], [0.0,0.0], [0.0,0.0]]
EXIT 2 Return_1 [[0.0,0.0], [0.0,0.0], [0.0,0.0], [0.0,0.0], [0.0,0.0], [0.0,0.0], [0.0,0.0], [0.0,0.0], [0.0,0.0], [0.0,0.0], [0.0,0.0], [0.0,0.0], [0.0,0.0], [0.0,0.0], [0.0,0.0], [0.0,0.0]]
ENTRY 2 FunctionExit_12 [[0.0,0.0], [0.0,0.0], [0.0,0.0], [0.0,0.0], [0.0,0.0], [0.0,0.0], [0.0,0.0], [0.0,0.0], [0.0,0.0], [0.0,0.0], [0.0,0.0], [0.0,0.0], [0.0,0.0], [0.0,0.0], [0.0,0.0], [0.0,0.0]]
EXIT 2 FunctionExit_12 [[0.0,0.0], [0.0,0.0], [0.0,0.0], [0.0,0.0], [0.0,0.0], [0.0,0.0], [0.0,0.0], [0.0,0.0], [0.0,0.0], [0.0,0.0], [0.0,0.0], [0.0,0.0], [0.0,0.0], [0.0,0.0], [0.0,0.0], [0.0,0.0]]
ENTRY 2 FunctionDefinition_13 [[0.0,0.0], [0.0,0.0], [0.0,0.0], [0.0,0.0], [0.0,0.0], [0.0,0.0], [0.0,0.0], [0.0,0.0], [0.0,0.0], [0.0,0.0], [0.0,0.0], [0.0,0.0], [0.0,0.0], [0.0,0.0], [0.0,0.0], [0.0,0.0]]
EXIT 2 FunctionDefinition_13 [[0.0,0.0], [0.0,0.0], [0.0,0.0], [0.0,0.0], [0.0,0.0], [0.0,0.0], [0.0,0.0], [0.0,0.0], [0.0,0.0], [0.0,0.0], [0.0,0.0], [0.0,0.0], [0.0,0.0], [0.0,0.0], [0.0,0.0], [0.0,0.0]]
ENTRY 2 FunctionEntry_13 [[0.0,0.0], [0.0,0.0], [0.0,0.0], [0.0,0.0], [0.0,0.0], [0.0,0.0], [0.0,0.0], [0.0,0.0], [0.0,0.0], [0.0,0.0], [0.0,0.0], [0.0,0.0], [0.0,0.0], [0.0,0.0], [0.0,0.0], [0.0,0.0]]
EXIT 2 FunctionEntry_13 [[0.0,0.0], [0.0,0.0], [0.0,0.0], [0.0,0.0], [0.0,0.0], [0.0,0.0], [0.0,0.0], [0.0,0.0], [0.0,0.0], [0.0,0.0], [0.0,0.0], [0.0,0.0], [0.0,0.0], [0.0,0.0], [0.0,0.0], [0.0,0.0]]
ENTRY 2 Return_2 [[0.0,0.0], [0.0,0.0], [0.0,0.0], [0.0,0.0], [0.0,0.0], [0.0,0.0], [0.0,0.0], [0.0,0.0], [0.0,0.0], [0.0,0.0], [0.0,0.0], [0.0,0.0], [0.0,0.0], [0.0,0.0], [0.0,0.0], [0.0,0.0]]
EXIT 2 Return_2 [[0.0,0.0], [0.0,0.0], [0.0,0.0], [0.0,0.0], [0.0,0.0], [0.0,0.0], [0.0,0.0], [0.0,0.0], [0.0,0.0], [0.0,0.0], [0.0,0.0], [0.0,0.0], [0.0,0.0], [0.0,0.0], [0.0,0.0], [0.0,0.0]]
ENTRY 2 FunctionExit_13 [[0.0,0.0], [0.0,0.0], [0.0,0.0], [0.0,0.0], [0.0,0.0], [0.0,0.0], [0.0,0.0], [0.0,0.0], [0.0,0.0], [0.0,0.0], [0.0,0.0], [0.0,0.0], [0.0,0.0], [0.0,0.0], [0.0,0.0], [0.0,0.0]]
EXIT 2 FunctionExit_13 [[0.0,0.0], [0.0,0.0], [0.0,0.0], [0.0,0.0], [0.0,0.0], [0.0,0.0], [0.0,0.0], [0.0,0.0], [0.0,0.0], [0.0,0.0], [0.0,0.0], [0.0,0.0], [0.0,0.0], [0.0,0.0], [0.0,0.0], [0.0,0.0]]
ENTRY 2 FunctionDefinition_14 [[0.0,0.0], [0.0,0.0], [0.0,0.0], [0.0,0.0], [0.0,0.0], [0.0,0.0], [0.0,0.0], [0.0,0.0], [0.0,0.0], [0.0,0.0], [0.0,0.0], [0.0,0.0], [0.0,0.0], [0.0,0.0], [0.0,0.0], [0.0,0.0]]
EXIT 2 FunctionDefinition_14 [[0.0,0.0], [0.0,0.0], [0.0,0.0], [0.0,0.0], [0.0,0.0], [0.0,0.0], [0.0,0.0], [0.0,0.0], [0.0,0.0], [0.0,0.0], [0.0,0.0], [0.0,0.0], [0.0,0.0], [0.0,0.0], [0.0,0.0], [0.0,0.0]]
ENTRY 2 FunctionEntry_14 [[0.0,0.0], [0.0,0.0], [0.0,0.0], [0.0,0.0], [0.0,0.0], [0.0,0.0], [0.0,0.0], [0.0,0.0], [0.0,0.0], [0.0,0.0], [0.0,0.0], [0.0,0.0], [0.0,0.0], [0.0,0.0], [0.0,0.0], [0.0,0.0]]
EXIT 2 FunctionEntry_14 [[0.0,0.0], [0.0,0.0], [0.0,0.0], [0.0,0.0], [0.0,0.0], [0.0,0.0], [0.0,0.0], [0.0,0.0], [0.0,0.0], [0.0,0.0], [0.0,0.0], [0.0,0.0], [0.0,0.0], [0.0,0.0], [0.0,0.0], [0.0,0.0]]
ENTRY 2 IfStatement_2 [[0.0,0.0], [0.0,0.0], [0.0,0.0], [0.0,0.0], [0.0,0.0], [0.0,0.0], [0.0,0.0], [0.0,0.0], [0.0,0.0], [0.0,0.0], [0.0,0.0], [0.0,0.0], [0.0,0.0], [0.0,0.0], [0.0,0.0], [0.0,0.0]]
EXIT 2 IfStatement_2 [[1.0,-1.0], [1.0,-1.0], [1.0,-1.0], [1.0,-1.0], [1.0,-1.0], [1.0,-1.0], [1.0,-1.0], [1.0,-1.0], [1.0,-1.0], [1.0,-1.0], [1.0,-1.0], [1.0,-1.0], [1.0,-1.0], [1.0,-1.0], [1.0,-1.0], [1.0,-1.0]]
ENTRY 2 Return_3 [[0.0,0.0], [0.0,0.0], [0.0,0.0], [0.0,0.0], [0.0,0.0], [0.0,0.0], [0.0,0.0], [0.0,0.0], [0.0,0.0], [0.0,0.0], [0.0,0.0], [0.0,0.0], [0.0,0.0], [0.0,0.0], [0.0,0.0], [0.0,0.0]]
EXIT 2 Return_3 [[0.0,0.0], [0.0,0.0], [0.0,0.0], [0.0,0.0], [0.0,0.0], [0.0,0.0], [0.0,0.0], [0.0,0.0], [0.0,0.0], [0.0,0.0], [0.0,0.0], [0.0,0.0], [0.0,0.0], [0.0,0.0], [0.0,0.0], [0.0,0.0]]
ENTRY 2 IfConditionJoin_2 [[0.0,0.0], [0.0,0.0], [0.0,0.0], [0.0,0.0], [0.0,0.0], [0.0,0.0], [0.0,0.0], [0.0,0.0], [0.0,0.0], [0.0,0.0], [0.0,0.0], [0.0,0.0], [0.0,0.0], [0.0,0.0], [0.0,0.0], [0.0,0.0]]
EXIT 2 IfConditionJoin_2 [[0.0,0.0], [0.0,0.0], [0.0,0.0], [0.0,0.0], [0.0,0.0], [0.0,0.0], [0.0,0.0], [0.0,0.0], [0.0,0.0], [0.0,0.0], [0.0,0.0], [0.0,0.0], [0.0,0.0], [0.0,0.0], [0.0,0.0], [0.0,0.0]]
ENTRY 2 FunctionExit_14 [[0.0,0.0], [0.0,0.0], [0.0,0.0], [0.0,0.0], [0.0,0.0], [0.0,0.0], [0.0,0.0], [0.0,0.0], [0.0,0.0], [0.0,0.0], [0.0,0.0], [0.0,0.0], [0.0,0.0], [0.0,0.0], [0.0,0.0], [0.0,0.0]]
EXIT 2 FunctionExit_14 [[0.0,0.0], [0.0,0.0], [0.0,0.0], [0.0,0.0], [0.0,0.0], [0.0,0.0], [0.0,0.0], [0.0,0.0], [0.0,0.0], [0.0,0.0], [0.0,0.0], [0.0,0.0], [0.0,0.0], [0.0,0.0], [0.0,0.0], [0.0,0.0]]
ENTRY 2 Return_4 [[0.0,0.0], [0.0,0.0], [0.0,0.0], [0.0,0.0], [0.0,0.0], [0.0,0.0], [0.0,0.0], [0.0,0.0], [0.0,0.0], [0.0,0.0], [0.0,0.0], [0.0,0.0], [0.0,0.0], [0.0,0.0], [0.0,0.0], [0.0,0.0]]
EXIT 2 Return_4 [[0.0,0.0], [0.0,0.0], [0.0,0.0], [0.0,0.0], [0.0,0.0], [0.0,0.0], [0.0,0.0], [0.0,0.0], [0.0,0.0], [0.0,0.0], [0.0,0.0], [0.0,0.0], [0.0,0.0], [0.0,0.0], [0.0,0.0], [0.0,0.0]]
ENTRY 2 FunctionDefinition_15 [[0.0,0.0], [0.0,0.0], [0.0,0.0], [0.0,0.0], [0.0,0.0], [0.0,0.0], [0.0,0.0], [0.0,0.0], [0.0,0.0], [0.0,0.0], [0.0,0.0], [0.0,0.0], [0.0,0.0], [0.0,0.0], [0.0,0.0], [0.0,0.0]]
EXIT 2 FunctionDefinition_15 [[0.0,0.0], [0.0,0.0], [0.0,0.0], [0.0,0.0], [0.0,0.0], [0.0,0.0], [0.0,0.0], [0.0,0.0], [0.0,0.0], [0.0,0.0], [0.0,0.0], [0.0,0.0], [0.0,0.0], [0.0,0.0], [0.0,0.0], [0.0,0.0]]
ENTRY 2 FunctionEntry_15 [[0.0,0.0], [0.0,0.0], [0.0,0.0], [0.0,0.0], [0.0,0.0], [0.0,0.0], [0.0,0.0], [0.0,0.0], [0.0,0.0], [0.0,0.0], [0.0,0.0], [0.0,0.0], [0.0,0.0], [0.0,0.0], [0.0,0.0], [0.0,0.0]]
EXIT 2 FunctionEntry_15 [[0.0,0.0], [0.0,0.0], [0.0,0.0], [0.0,0.0], [0.0,0.0], [0.0,0.0], [0.0,0.0], [0.0,0.0], [0.0,0.0], [0.0,0.0], [0.0,0.0], [0.0,0.0], [0.0,0.0], [0.0,0.0], [0.0,0.0], [0.0,0.0]]
ENTRY 2 Return_5 [[0.0,0.0], [0.0,0.0], [0.0,0.0], [0.0,0.0], [0.0,0.0], [0.0,0.0], [0.0,0.0], [0.0,0.0], [0.0,0.0], [0.0,0.0], [0.0,0.0], [0.0,0.0], [0.0,0.0], [0.0,0.0], [0.0,0.0], [0.0,0.0]]
EXIT 2 Return_5 [[0.0,0.0], [0.0,0.0], [0.0,0.0], [0.0,0.0], [0.0,0.0], [0.0,0.0], [0.0,0.0], [0.0,0.0], [0.0,0.0], [0.0,0.0], [0.0,0.0], [0.0,0.0], [0.0,0.0], [0.0,0.0], [0.0,0.0], [0.0,0.0]]
ENTRY 2 FunctionExit_15 [[0.0,0.0], [0.0,0.0], [0.0,0.0], [0.0,0.0], [0.0,0.0], [0.0,0.0], [0.0,0.0], [0.0,0.0], [0.0,0.0], [0.0,0.0], [0.0,0.0], [0.0,0.0], [0.0,0.0], [0.0,0.0], [0.0,0.0], [0.0,0.0]]
EXIT 2 FunctionExit_15 [[0.0,0.0], [0.0,0.0], [0.0,0.0], [0.0,0.0], [0.0,0.0], [0.0,0.0], [0.0,0.0], [0.0,0.0], [0.0,0.0], [0.0,0.0], [0.0,0.0], [0.0,0.0], [0.0,0.0], [0.0,0.0], [0.0,0.0], [0.0,0.0]]
ENTRY 2 FunctionDefinition_16 [[0.0,0.0], [0.0,0.0], [0.0,0.0], [0.0,0.0], [0.0,0.0], [0.0,0.0], [0.0,0.0], [0.0,0.0], [0.0,0.0], [0.0,0.0], [0.0,0.0], [0.0,0.0], [0.0,0.0], [0.0,0.0], [0.0,0.0], [0.0,0.0]]
EXIT 2 FunctionDefinition_16 [[0.0,0.0], [0.0,0.0], [0.0,0.0], [0.0,0.0], [0.0,0.0], [0.0,0.0], [0.0,0.0], [0.0,0.0], [0.0,0.0], [0.0,0.0], [0.0,0.0], [0.0,0.0], [0.0,0.0], [0.0,0.0], [0.0,0.0], [0.0,0.0]]
ENTRY 2 FunctionEntry_16 [[0.0,0.0], [0.0,0.0], [0.0,0.0], [0.0,0.0], [0.0,0.0], [0.0,0.0], [0.0,0.0], [0.0,0.0], [0.0,0.0], [0.0,0.0], [0.0,0.0], [0.0,0.0], [0.0,0.0], [0.0,0.0], [0.0,0.0], [0.0,0.0]]
EXIT 2 FunctionEntry_16 [[0.0,0.0], [0.0,0.0], [0.0,0.0], [0.0,0.0], [0.0,0.0], [0.0,0.0], [0.0,0.0], [0.0,0.0], [0.0,0.0], [0.0,0.0], [0.0,0.0], [0.0,0.0], [0.0,0.0], [0.0,0.0], [0.0,0.0], [0.0,0.0]]
ENTRY 2 Return_6 [[0.0,0.0], [0.0,0.0], [0.0,0.0], [0.0,0.0], [0.0,0.0], [0.0,0.0], [0.0,0.0], [0.0,0.0], [0.0,0.0], [0.0,0.0], [0.0,0.0], [0.0,0.0], [0.0,0.0], [0.0,0.0], [0.0,0.0], [0.0,0.0]]
EXIT 2 Return_6 [[0.0,0.0], [0.0,0.0], [0.0,0.0], [0.0,0.0], [0.0,0.0], [0.0,0.0], [0.0,0.0], [0.0,0.0], [0.0,0.0], [0.0,0.0], [0.0,0.0], [0.0,0.0], [0.0,0.0], [0.0,0.0], [0.0,0.0], [0.0,0.0]]
ENTRY 2 FunctionExit_16 [[0.0,0.0], [0.0,0.0], [0.0,0.0], [0.0,0.0], [0.0,0.0], [0.0,0.0], [0.0,0.0], [0.0,0.0], [0.0,0.0], [0.0,0.0], [0.0,0.0], [0.0,0.0], [0.0,0.0], [0.0,0.0], [0.0,0.0], [0.0,0.0]]
EXIT 2 FunctionExit_16 [[0.0,0.0], [0.0,0.0], [0.0,0.0], [0.0,0.0], [0.0,0.0], [0.0,0.0], [0.0,0.0], [0.0,0.0], [0.0,0.0], [0.0,0.0], [0.0,0.0], [0.0,0.0], [0.0,0.0], [0.0,0.0], [0.0,0.0], [0.0,0.0]]
ENTRY 2 ContractDefinition_1 [[0.0,0.0], [0.0,0.0], [0.0,0.0], [0.0,0.0], [0.0,0.0], [0.0,0.0], [0.0,0.0], [0.0,0.0], [0.0,0.0], [0.0,0.0], [0.0,0.0], [0.0,0.0], [0.0,0.0], [0.0,0.0], [0.0,0.0], [0.0,0.0]]
EXIT 2 ContractDefinition_1 [[0.0,0.0], [0.0,0.0], [0.0,0.0], [0.0,0.0], [0.0,0.0], [0.0,0.0], [0.0,0.0], [0.0,0.0], [0.0,0.0], [0.0,0.0], [0.0,0.0], [0.0,0.0], [0.0,0.0], [0.0,0.0], [0.0,0.0], [0.0,0.0]]
ENTRY 2 FunctionDefinition_17 [[0.0,0.0], [0.0,0.0], [0.0,0.0], [0.0,0.0], [0.0,0.0], [0.0,0.0], [0.0,0.0], [0.0,0.0], [0.0,0.0], [0.0,0.0], [0.0,0.0], [0.0,0.0], [0.0,0.0], [0.0,0.0], [0.0,0.0], [0.0,0.0]]
EXIT 2 FunctionDefinition_17 [[0.0,0.0], [0.0,0.0], [0.0,0.0], [0.0,0.0], [0.0,0.0], [0.0,0.0], [0.0,0.0], [0.0,0.0], [0.0,0.0], [0.0,0.0], [0.0,0.0], [0.0,0.0], [0.0,0.0], [0.0,0.0], [0.0,0.0], [0.0,0.0]]
ENTRY 2 FunctionEntry_17 [[0.0,0.0], [0.0,0.0], [0.0,0.0], [0.0,0.0], [0.0,0.0], [0.0,0.0], [0.0,0.0], [0.0,0.0], [0.0,0.0], [0.0,0.0], [0.0,0.0], [0.0,0.0], [0.0,0.0], [0.0,0.0], [0.0,0.0], [0.0,0.0]]
EXIT 2 FunctionEntry_17 [[0.0,0.0], [0.0,0.0], [0.0,0.0], [0.0,0.0], [0.0,0.0], [0.0,0.0], [0.0,0.0], [0.0,0.0], [0.0,0.0], [0.0,0.0], [0.0,0.0], [0.0,0.0], [0.0,0.0], [0.0,0.0], [0.0,0.0], [0.0,0.0]]
ENTRY 3 SourceEntry_0 [[0.0,0.0], [0.0,0.0], [0.0,0.0], [0.0,0.0], [0.0,0.0], [0.0,0.0], [0.0,0.0], [0.0,0.0], [0.0,0.0], [0.0,0.0], [0.0,0.0], [0.0,0.0], [0.0,0.0], [0.0,0.0], [0.0,0.0], [0.0,0.0]]
EXIT 3 SourceEntry_0 [[0.0,0.0], [0.0,0.0], [0.0,0.0], [0.0,0.0], [0.0,0.0], [0.0,0.0], [0.0,0.0], [0.0,0.0], [0.0,0.0], [0.0,0.0], [0.0,0.0], [0.0,0.0], [0.0,0.0], [0.0,0.0], [0.0,0.0], [0.0,0.0]]
ENTRY 3 SourceUnit_0 [[0.0,0.0], [0.0,0.0], [0.0,0.0], [0.0,0.0], [0.0,0.0], [0.0,0.0], [0.0,0.0], [0.0,0.0], [0.0,0.0], [0.0,0.0], [0.0,0.0], [0.0,0.0], [0.0,0.0], [0.0,0.0], [0.0,0.0], [0.0,0.0]]
EXIT 3 SourceUnit_0 [[0.0,0.0], [0.0,0.0], [0.0,0.0], [0.0,0.0], [0.0,0.0], [0.0,0.0], [0.0,0.0], [0.0,0.0], [0.0,0.0], [0.0,0.0], [0.0,0.0], [0.0,0.0], [0.0,0.0], [0.0,0.0], [0.0,0.0], [0.0,0.0]]
ENTRY 3 PragmaDirective_0 [[0.0,0.0], [0.0,0.0], [0.0,0.0], [0.0,0.0], [0.0,0.0], [0.0,0.0], [0.0,0.0], [0.0,0.0], [0.0,0.0], [0.0,0.0], [0.0,0.0], [0.0,0.0], [0.0,0.0], [0.0,0.0], [0.0,0.0], [0.0,0.0]]
EXIT 3 PragmaDirective_0 [[0.0,0.0], [0.0,0.0], [0.0,0.0], [0.0,0.0], [0.0,0.0], [0.0,0.0], [0.0,0.0], [0.0,0.0], [0.0,0.0], [0.0,0.0], [0.0,0.0], [0.0,0.0], [0.0,0.0], [0.0,0.0], [0.0,0.0], [0.0,0.0]]
ENTRY 3 SourceExit_0 [[-Infinity,Infinity], [-Infinity,Infinity], [0.0,0.0], [0.0,0.0], [-Infinity,Infinity], [0.0,0.0], [0.0,0.0], [-Infinity,Infinity], [0.0,0.0], [-Infinity,Infinity], [0.0,0.0], [0.0,0.0], [0.0,0.0], [-Infinity,Infinity], [-Infinity,Infinity], [-Infinity,Infinity]]
EXIT 3 SourceExit_0 [[0.0,0.0], [0.0,0.0], [0.0,0.0], [0.0,0.0], [0.0,0.0], [0.0,0.0], [0.0,0.0], [0.0,0.0], [0.0,0.0], [-Infinity,Infinity], [0.0,0.0], [0.0,0.0], [0.0,0.0], [-Infinity,Infinity], [-Infinity,Infinity], [-Infinity,Infinity]]
ENTRY 3 ContractDefinition_0 [[0.0,0.0], [0.0,0.0], [0.0,0.0], [0.0,0.0], [0.0,0.0], [0.0,0.0], [0.0,0.0], [0.0,0.0], [0.0,0.0], [0.0,0.0], [0.0,0.0], [0.0,0.0], [0.0,0.0], [0.0,0.0], [0.0,0.0], [0.0,0.0]]
EXIT 3 ContractDefinition_0 [[0.0,0.0], [0.0,0.0], [0.0,0.0], [0.0,0.0], [0.0,0.0], [0.0,0.0], [0.0,0.0], [0.0,0.0], [0.0,0.0], [0.0,0.0], [0.0,0.0], [0.0,0.0], [0.0,0.0], [0.0,0.0], [0.0,0.0], [0.0,0.0]]
ENTRY 3 ModifierDefinition_0 [[0.0,0.0], [0.0,0.0], [0.0,0.0], [0.0,0.0], [0.0,0.0], [0.0,0.0], [0.0,0.0], [0.0,0.0], [0.0,0.0], [0.0,0.0], [0.0,0.0], [0.0,0.0], [0.0,0.0], [0.0,0.0], [0.0,0.0], [0.0,0.0]]
EXIT 3 ModifierDefinition_0 [[0.0,0.0], [0.0,0.0], [0.0,0.0], [0.0,0.0], [0.0,0.0], [0.0,0.0], [0.0,0.0], [0.0,0.0], [0.0,0.0], [0.0,0.0], [0.0,0.0], [0.0,0.0], [0.0,0.0], [0.0,0.0], [0.0,0.0], [0.0,0.0]]
ENTRY 3 ModifierDefinition_1 [[0.0,0.0], [0.0,0.0], [0.0,0.0], [0.0,0.0], [0.0,0.0], [0.0,0.0], [0.0,0.0], [0.0,0.0], [0.0,0.0], [0.0,0.0], [0.0,0.0], [0.0,0.0], [0.0,0.0], [0.0,0.0], [0.0,0.0], [0.0,0.0]]
EXIT 3 ModifierDefinition_1 [[0.0,0.0], [0.0,0.0], [0.0,0.0], [0.0,0.0], [0.0,0.0], [0.0,0.0], [0.0,0.0], [0.0,0.0], [0.0,0.0], [0.0,0.0], [0.0,0.0], [0.0,0.0], [0.0,0.0], [0.0,0.0], [0.0,0.0], [0.0,0.0]]
ENTRY 3 ModifierDefinition_2 [[0.0,0.0], [0.0,0.0], [0.0,0.0], [0.0,0.0], [0.0,0.0], [0.0,0.0], [0.0,0.0], [0.0,0.0], [0.0,0.0], [0.0,0.0], [0.0,0.0], [0.0,0.0], [0.0,0.0], [0.0,0.0], [0.0,0.0], [0.0,0.0]]
EXIT 3 ModifierDefinition_2 [[0.0,0.0], [0.0,0.0], [0.0,0.0], [0.0,0.0], [0.0,0.0], [0.0,0.0], [0.0,0.0], [0.0,0.0], [0.0,0.0], [0.0,0.0], [0.0,0.0], [0.0,0.0], [0.0,0.0], [0.0,0.0], [0.0,0.0], [0.0,0.0]]
ENTRY 3 ModifierDefinition_3 [[0.0,0.0], [0.0,0.0], [0.0,0.0], [0.0,0.0], [0.0,0.0], [0.0,0.0], [0.0,0.0], [0.0,0.0], [0.0,0.0], [0.0,0.0], [0.0,0.0], [0.0,0.0], [0.0,0.0], [0.0,0.0], [0.0,0.0], [0.0,0.0]]
EXIT 3 ModifierDefinition_3 [[0.0,0.0], [0.0,0.0], [0.0,0.0], [0.0,0.0], [0.0,0.0], [0.0,0.0], [0.0,0.0], [0.0,0.0], [0.0,0.0], [0.0,0.0], [0.0,0.0], [0.0,0.0], [0.0,0.0], [0.0,0.0], [0.0,0.0], [0.0,0.0]]
ENTRY 3 EventDefinition_0 [[0.0,0.0], [0.0,0.0], [0.0,0.0], [0.0,0.0], [0.0,0.0], [0.0,0.0], [0.0,0.0], [0.0,0.0], [0.0,0.0], [0.0,0.0], [0.0,0.0], [0.0,0.0], [0.0,0.0], [0.0,0.0], [0.0,0.0], [0.0,0.0]]
EXIT 3 EventDefinition_0 [[0.0,0.0], [0.0,0.0], [0.0,0.0], [0.0,0.0], [0.0,0.0], [0.0,0.0], [0.0,0.0], [0.0,0.0], [0.0,0.0], [0.0,0.0], [0.0,0.0], [0.0,0.0], [0.0,0.0], [0.0,0.0], [0.0,0.0], [0.0,0.0]]
ENTRY 3 EventDefinition_1 [[0.0,0.0], [0.0,0.0], [0.0,0.0], [0.0,0.0], [0.0,0.0], [0.0,0.0], [0.0,0.0], [0.0,0.0], [0.0,0.0], [0.0,0.0], [0.0,0.0], [0.0,0.0], [0.0,0.0], [0.0,0.0], [0.0,0.0], [0.0,0.0]]
EXIT 3 EventDefinition_1 [[0.0,0.0], [0.0,0.0], [0.0,0.0], [0.0,0.0], [0.0,0.0], [0.0,0.0], [0.0,0.0], [0.0,0.0], [0.0,0.0], [0.0,0.0], [0.0,0.0], [0.0,0.0], [0.0,0.0], [0.0,0.0], [0.0,0.0], [0.0,0.0]]
ENTRY 3 EventDefinition_2 [[0.0,0.0], [0.0,0.0], [0.0,0.0], [0.0,0.0], [0.0,0.0], [0.0,0.0], [0.0,0.0], [0.0,0.0], [0.0,0.0], [0.0,0.0], [0.0,0.0], [0.0,0.0], [0.0,0.0], [0.0,0.0], [0.0,0.0], [0.0,0.0]]
EXIT 3 EventDefinition_2 [[0.0,0.0], [0.0,0.0], [0.0,0.0], [0.0,0.0], [0.0,0.0], [0.0,0.0], [0.0,0.0], [0.0,0.0], [0.0,0.0], [0.0,0.0], [0.0,0.0], [0.0,0.0], [0.0,0.0], [0.0,0.0], [0.0,0.0], [0.0,0.0]]
ENTRY 3 EventDefinition_3 [[0.0,0.0], [0.0,0.0], [0.0,0.0], [0.0,0.0], [0.0,0.0], [0.0,0.0], [0.0,0.0], [0.0,0.0], [0.0,0.0], [0.0,0.0], [0.0,0.0], [0.0,0.0], [0.0,0.0], [0.0,0.0], [0.0,0.0], [0.0,0.0]]
EXIT 3 EventDefinition_3 [[0.0,0.0], [0.0,0.0], [0.0,0.0], [0.0,0.0], [0.0,0.0], [0.0,0.0], [0.0,0.0], [0.0,0.0], [0.0,0.0], [0.0,0.0], [0.0,0.0], [0.0,0.0], [0.0,0.0], [0.0,0.0], [0.0,0.0], [0.0,0.0]]
ENTRY 3 EventDefinition_4 [[0.0,0.0], [0.0,0.0], [0.0,0.0], [0.0,0.0], [0.0,0.0], [0.0,0.0], [0.0,0.0], [0.0,0.0], [0.0,0.0], [0.0,0.0], [0.0,0.0], [0.0,0.0], [0.0,0.0], [0.0,0.0], [0.0,0.0], [0.0,0.0]]
EXIT 3 EventDefinition_4 [[0.0,0.0], [0.0,0.0], [0.0,0.0], [0.0,0.0], [0.0,0.0], [0.0,0.0], [0.0,0.0], [0.0,0.0], [0.0,0.0], [0.0,0.0], [0.0,0.0], [0.0,0.0], [0.0,0.0], [0.0,0.0], [0.0,0.0], [0.0,0.0]]
ENTRY 3 EventDefinition_5 [[0.0,0.0], [0.0,0.0], [0.0,0.0], [0.0,0.0], [0.0,0.0], [0.0,0.0], [0.0,0.0], [0.0,0.0], [0.0,0.0], [0.0,0.0], [0.0,0.0], [0.0,0.0], [0.0,0.0], [0.0,0.0], [0.0,0.0], [0.0,0.0]]
EXIT 3 EventDefinition_5 [[0.0,0.0], [0.0,0.0], [0.0,0.0], [0.0,0.0], [0.0,0.0], [0.0,0.0], [0.0,0.0], [0.0,0.0], [0.0,0.0], [0.0,0.0], [0.0,0.0], [0.0,0.0], [0.0,0.0], [0.0,0.0], [0.0,0.0], [0.0,0.0]]
ENTRY 3 VariableDeclaration_0 [[0.0,0.0], [0.0,0.0], [0.0,0.0], [0.0,0.0], [0.0,0.0], [0.0,0.0], [0.0,0.0], [0.0,0.0], [0.0,0.0], [0.0,0.0], [0.0,0.0], [0.0,0.0], [0.0,0.0], [0.0,0.0], [0.0,0.0], [0.0,0.0]]
EXIT 3 VariableDeclaration_0 [[0.0,0.0], [0.0,0.0], [0.0,0.0], [0.0,0.0], [0.0,0.0], [0.0,0.0], [0.0,0.0], [0.0,0.0], [0.0,0.0], [0.0,0.0], [0.0,0.0], [0.0,0.0], [0.0,0.0], [0.0,0.0], [0.0,0.0], [0.0,0.0]]
ENTRY 3 VariableDeclaration_1 [[0.0,0.0], [0.0,0.0], [0.0,0.0], [0.0,0.0], [0.0,0.0], [0.0,0.0], [0.0,0.0], [0.0,0.0], [0.0,0.0], [0.0,0.0], [0.0,0.0], [0.0,0.0], [0.0,0.0], [0.0,0.0], [0.0,0.0], [0.0,0.0]]
EXIT 3 VariableDeclaration_1 [[0.0,0.0], [0.0,0.0], [0.0,0.0], [0.0,0.0], [0.0,0.0], [0.0,0.0], [0.0,0.0], [0.0,0.0], [0.0,0.0], [0.0,0.0], [0.0,0.0], [0.0,0.0], [0.0,0.0], [0.0,0.0], [0.0,0.0], [0.0,0.0]]
ENTRY 3 VariableDeclaration_2 [[0.0,0.0], [0.0,0.0], [0.0,0.0], [0.0,0.0], [0.0,0.0], [0.0,0.0], [0.0,0.0], [0.0,0.0], [0.0,0.0], [0.0,0.0], [0.0,0.0], [0.0,0.0], [0.0,0.0], [0.0,0.0], [0.0,0.0], [0.0,0.0]]
EXIT 3 VariableDeclaration_2 [[0.0,0.0], [0.0,0.0], [0.0,0.0], [0.0,0.0], [0.0,0.0], [0.0,0.0], [0.0,0.0], [0.0,0.0], [0.0,0.0], [0.0,0.0], [0.0,0.0], [0.0,0.0], [0.0,0.0], [0.0,0.0], [0.0,0.0], [0.0,0.0]]
ENTRY 3 VariableDeclaration_3 [[0.0,0.0], [0.0,0.0], [0.0,0.0], [0.0,0.0], [0.0,0.0], [0.0,0.0], [0.0,0.0], [0.0,0.0], [0.0,0.0], [0.0,0.0], [0.0,0.0], [0.0,0.0], [0.0,0.0], [0.0,0.0], [0.0,0.0], [0.0,0.0]]
EXIT 3 VariableDeclaration_3 [[0.0,0.0], [0.0,0.0], [0.0,0.0], [0.0,0.0], [0.0,0.0], [0.0,0.0], [0.0,0.0], [0.0,0.0], [0.0,0.0], [0.0,0.0], [0.0,0.0], [0.0,0.0], [0.0,0.0], [0.0,0.0], [0.0,0.0], [0.0,0.0]]
ENTRY 3 VariableDeclaration_4 [[0.0,0.0], [0.0,0.0], [0.0,0.0], [0.0,0.0], [0.0,0.0], [0.0,0.0], [0.0,0.0], [0.0,0.0], [0.0,0.0], [0.0,0.0], [0.0,0.0], [0.0,0.0], [0.0,0.0], [0.0,0.0], [0.0,0.0], [0.0,0.0]]
EXIT 3 VariableDeclaration_4 [[0.0,0.0], [0.0,0.0], [0.0,0.0], [0.0,0.0], [0.0,0.0], [0.0,0.0], [0.0,0.0], [0.0,0.0], [0.0,0.0], [0.0,0.0], [0.0,0.0], [0.0,0.0], [0.0,0.0], [0.0,0.0], [0.0,0.0], [0.0,0.0]]
ENTRY 3 VariableDeclaration_5 [[0.0,0.0], [0.0,0.0], [0.0,0.0], [0.0,0.0], [0.0,0.0], [0.0,0.0], [0.0,0.0], [0.0,0.0], [0.0,0.0], [0.0,0.0], [0.0,0.0], [0.0,0.0], [0.0,0.0], [0.0,0.0], [0.0,0.0], [0.0,0.0]]
EXIT 3 VariableDeclaration_5 [[0.0,0.0], [0.0,0.0], [0.0,0.0], [0.0,0.0], [0.0,0.0], [0.0,0.0], [0.0,0.0], [0.0,0.0], [0.0,0.0], [0.0,0.0], [0.0,0.0], [0.0,0.0], [0.0,0.0], [0.0,0.0], [0.0,0.0], [0.0,0.0]]
ENTRY 3 VariableDeclaration_6 [[0.0,0.0], [0.0,0.0], [0.0,0.0], [0.0,0.0], [0.0,0.0], [0.0,0.0], [0.0,0.0], [0.0,0.0], [0.0,0.0], [0.0,0.0], [0.0,0.0], [0.0,0.0], [0.0,0.0], [0.0,0.0], [0.0,0.0], [0.0,0.0]]
EXIT 3 VariableDeclaration_6 [[0.0,0.0], [0.0,0.0], [0.0,0.0], [0.0,0.0], [0.0,0.0], [0.0,0.0], [0.0,0.0], [0.0,0.0], [0.0,0.0], [0.0,0.0], [0.0,0.0], [0.0,0.0], [0.0,0.0], [0.0,0.0], [0.0,0.0], [0.0,0.0]]
ENTRY 3 VariableDeclaration_7 [[0.0,0.0], [0.0,0.0], [0.0,0.0], [0.0,0.0], [0.0,0.0], [0.0,0.0], [0.0,0.0], [0.0,0.0], [0.0,0.0], [0.0,0.0], [0.0,0.0], [0.0,0.0], [0.0,0.0], [0.0,0.0], [0.0,0.0], [0.0,0.0]]
EXIT 3 VariableDeclaration_7 [[0.0,0.0], [0.0,0.0], [0.0,0.0], [0.0,0.0], [0.0,0.0], [0.0,0.0], [0.0,0.0], [0.0,0.0], [0.0,0.0], [0.0,0.0], [0.0,0.0], [0.0,0.0], [0.0,0.0], [0.0,0.0], [0.0,0.0], [0.0,0.0]]
ENTRY 3 VariableDeclaration_8 [[0.0,0.0], [0.0,0.0], [0.0,0.0], [0.0,0.0], [0.0,0.0], [0.0,0.0], [0.0,0.0], [0.0,0.0], [0.0,0.0], [0.0,0.0], [0.0,0.0], [0.0,0.0], [0.0,0.0], [0.0,0.0], [0.0,0.0], [0.0,0.0]]
EXIT 3 VariableDeclaration_8 [[0.0,0.0], [0.0,0.0], [0.0,0.0], [0.0,0.0], [0.0,0.0], [0.0,0.0], [0.0,0.0], [0.0,0.0], [0.0,0.0], [0.0,0.0], [0.0,0.0], [0.0,0.0], [0.0,0.0], [0.0,0.0], [0.0,0.0], [0.0,0.0]]
ENTRY 3 FunctionDefinition_0 [[0.0,0.0], [0.0,0.0], [0.0,0.0], [0.0,0.0], [0.0,0.0], [0.0,0.0], [0.0,0.0], [0.0,0.0], [0.0,0.0], [0.0,0.0], [0.0,0.0], [0.0,0.0], [0.0,0.0], [0.0,0.0], [0.0,0.0], [0.0,0.0]]
EXIT 3 FunctionDefinition_0 [[0.0,0.0], [0.0,0.0], [0.0,0.0], [0.0,0.0], [0.0,0.0], [0.0,0.0], [0.0,0.0], [0.0,0.0], [0.0,0.0], [0.0,0.0], [0.0,0.0], [0.0,0.0], [0.0,0.0], [0.0,0.0], [0.0,0.0], [0.0,0.0]]
ENTRY 3 FunctionEntry_0 [[0.0,0.0], [0.0,0.0], [0.0,0.0], [0.0,0.0], [0.0,0.0], [0.0,0.0], [0.0,0.0], [0.0,0.0], [0.0,0.0], [0.0,0.0], [0.0,0.0], [0.0,0.0], [0.0,0.0], [0.0,0.0], [0.0,0.0], [0.0,0.0]]
EXIT 3 FunctionEntry_0 [[0.0,0.0], [0.0,0.0], [0.0,0.0], [0.0,0.0], [0.0,0.0], [0.0,0.0], [0.0,0.0], [0.0,0.0], [0.0,0.0], [0.0,0.0], [0.0,0.0], [0.0,0.0], [0.0,0.0], [0.0,0.0], [0.0,0.0], [0.0,0.0]]
ENTRY 3 ExpressionStatement_0 [[0.0,0.0], [0.0,0.0], [0.0,0.0], [0.0,0.0], [0.0,0.0], [0.0,0.0], [0.0,0.0], [0.0,0.0], [0.0,0.0], [0.0,0.0], [0.0,0.0], [0.0,0.0], [0.0,0.0], [0.0,0.0], [0.0,0.0], [0.0,0.0]]
EXIT 3 ExpressionStatement_0 [[0.0,0.0], [0.0,0.0], [0.0,0.0], [0.0,0.0], [0.0,0.0], [0.0,0.0], [0.0,0.0], [-Infinity,Infinity], [0.0,0.0], [0.0,0.0], [0.0,0.0], [0.0,0.0], [0.0,0.0], [0.0,0.0], [0.0,0.0], [0.0,0.0]]
ENTRY 3 ExpressionStatement_1 [[0.0,0.0], [0.0,0.0], [0.0,0.0], [0.0,0.0], [0.0,0.0], [0.0,0.0], [0.0,0.0], [-Infinity,Infinity], [0.0,0.0], [0.0,0.0], [0.0,0.0], [0.0,0.0], [0.0,0.0], [0.0,0.0], [0.0,0.0], [0.0,0.0]]
EXIT 3 ExpressionStatement_1 [[0.0,0.0], [0.0,0.0], [0.0,0.0], [0.0,0.0], [-Infinity,Infinity], [0.0,0.0], [0.0,0.0], [-Infinity,Infinity], [0.0,0.0], [0.0,0.0], [0.0,0.0], [0.0,0.0], [0.0,0.0], [0.0,0.0], [0.0,0.0], [0.0,0.0]]
ENTRY 3 ExpressionStatement_2 [[0.0,0.0], [0.0,0.0], [0.0,0.0], [0.0,0.0], [-Infinity,Infinity], [0.0,0.0], [0.0,0.0], [-Infinity,Infinity], [0.0,0.0], [0.0,0.0], [0.0,0.0], [0.0,0.0], [0.0,0.0], [0.0,0.0], [0.0,0.0], [0.0,0.0]]
EXIT 3 ExpressionStatement_2 [[-Infinity,Infinity], [0.0,0.0], [0.0,0.0], [0.0,0.0], [-Infinity,Infinity], [0.0,0.0], [0.0,0.0], [-Infinity,Infinity], [0.0,0.0], [0.0,0.0], [0.0,0.0], [0.0,0.0], [0.0,0.0], [0.0,0.0], [0.0,0.0], [0.0,0.0]]
ENTRY 3 ExpressionStatement_3 [[-Infinity,Infinity], [0.0,0.0], [0.0,0.0], [0.0,0.0], [-Infinity,Infinity], [0.0,0.0], [0.0,0.0], [-Infinity,Infinity], [0.0,0.0], [0.0,0.0], [0.0,0.0], [0.0,0.0], [0.0,0.0], [0.0,0.0], [0.0,0.0], [0.0,0.0]]
EXIT 3 ExpressionStatement_3 [[-Infinity,Infinity], [0.0,0.0], [0.0,0.0], [0.0,0.0], [-Infinity,Infinity], [0.0,0.0], [0.0,0.0], [-Infinity,Infinity], [0.0,0.0], [0.0,0.0], [0.0,0.0], [0.0,0.0], [0.0,0.0], [0.0,0.0], [0.0,0.0], [0.0,0.0]]
ENTRY 3 ExpressionStatement_4 [[-Infinity,Infinity], [0.0,0.0], [0.0,0.0], [0.0,0.0], [-Infinity,Infinity], [0.0,0.0], [0.0,0.0], [-Infinity,Infinity], [0.0,0.0], [0.0,0.0], [0.0,0.0], [0.0,0.0], [0.0,0.0], [0.0,0.0], [0.0,0.0], [0.0,0.0]]
EXIT 3 ExpressionStatement_4 [[-Infinity,Infinity], [-Infinity,Infinity], [0.0,0.0], [0.0,0.0], [-Infinity,Infinity], [0.0,0.0], [0.0,0.0], [-Infinity,Infinity], [0.0,0.0], [0.0,0.0], [0.0,0.0], [0.0,0.0], [0.0,0.0], [0.0,0.0], [0.0,0.0], [0.0,0.0]]
ENTRY 3 FunctionExit_0 [[-Infinity,Infinity], [-Infinity,Infinity], [0.0,0.0], [0.0,0.0], [-Infinity,Infinity], [0.0,0.0], [0.0,0.0], [-Infinity,Infinity], [0.0,0.0], [0.0,0.0], [0.0,0.0], [0.0,0.0], [0.0,0.0], [0.0,0.0], [0.0,0.0], [0.0,0.0]]
EXIT 3 FunctionExit_0 [[-Infinity,Infinity], [-Infinity,Infinity], [0.0,0.0], [0.0,0.0], [-Infinity,Infinity], [0.0,0.0], [0.0,0.0], [-Infinity,Infinity], [0.0,0.0], [0.0,0.0], [0.0,0.0], [0.0,0.0], [0.0,0.0], [0.0,0.0], [0.0,0.0], [0.0,0.0]]
ENTRY 3 FunctionDefinition_1 [[-Infinity,Infinity], [-Infinity,Infinity], [0.0,0.0], [0.0,0.0], [-Infinity,Infinity], [0.0,0.0], [0.0,0.0], [-Infinity,Infinity], [0.0,0.0], [0.0,0.0], [0.0,0.0], [0.0,0.0], [0.0,0.0], [0.0,0.0], [0.0,0.0], [0.0,0.0]]
EXIT 3 FunctionDefinition_1 [[-Infinity,Infinity], [-Infinity,Infinity], [0.0,0.0], [0.0,0.0], [-Infinity,Infinity], [0.0,0.0], [0.0,0.0], [-Infinity,Infinity], [0.0,0.0], [0.0,0.0], [0.0,0.0], [0.0,0.0], [0.0,0.0], [0.0,0.0], [0.0,0.0], [0.0,0.0]]
ENTRY 3 FunctionEntry_1 [[-Infinity,Infinity], [-Infinity,Infinity], [0.0,0.0], [0.0,0.0], [-Infinity,Infinity], [0.0,0.0], [0.0,0.0], [-Infinity,Infinity], [0.0,0.0], [0.0,0.0], [0.0,0.0], [0.0,0.0], [0.0,0.0], [0.0,0.0], [0.0,0.0], [0.0,0.0]]
EXIT 3 FunctionEntry_1 [[-Infinity,Infinity], [-Infinity,Infinity], [0.0,0.0], [0.0,0.0], [-Infinity,Infinity], [0.0,0.0], [0.0,0.0], [-Infinity,Infinity], [0.0,0.0], [0.0,0.0], [0.0,0.0], [0.0,0.0], [0.0,0.0], [0.0,0.0], [0.0,0.0], [0.0,0.0]]
ENTRY 3 ExpressionStatement_5 [[-Infinity,Infinity], [-Infinity,Infinity], [0.0,0.0], [0.0,0.0], [-Infinity,Infinity], [0.0,0.0], [0.0,0.0], [-Infinity,Infinity], [0.0,0.0], [0.0,0.0], [0.0,0.0], [0.0,0.0], [0.0,0.0], [0.0,0.0], [0.0,0.0], [0.0,0.0]]
EXIT 3 ExpressionStatement_5 [[-Infinity,Infinity], [-Infinity,Infinity], [0.0,0.0], [0.0,0.0], [-Infinity,Infinity], [0.0,0.0], [0.0,0.0], [-Infinity,Infinity], [0.0,0.0], [0.0,0.0], [0.0,0.0], [0.0,0.0], [0.0,0.0], [0.0,0.0], [0.0,0.0], [0.0,0.0]]
ENTRY 3 FunctionExit_1 [[-Infinity,Infinity], [-Infinity,Infinity], [0.0,0.0], [0.0,0.0], [-Infinity,Infinity], [0.0,0.0], [0.0,0.0], [-Infinity,Infinity], [0.0,0.0], [0.0,0.0], [0.0,0.0], [0.0,0.0], [0.0,0.0], [0.0,0.0], [0.0,0.0], [0.0,0.0]]
EXIT 3 FunctionExit_1 [[-Infinity,Infinity], [-Infinity,Infinity], [0.0,0.0], [0.0,0.0], [-Infinity,Infinity], [0.0,0.0], [0.0,0.0], [-Infinity,Infinity], [0.0,0.0], [0.0,0.0], [0.0,0.0], [0.0,0.0], [0.0,0.0], [0.0,0.0], [0.0,0.0], [0.0,0.0]]
ENTRY 3 FunctionDefinition_2 [[-Infinity,Infinity], [-Infinity,Infinity], [0.0,0.0], [0.0,0.0], [-Infinity,Infinity], [0.0,0.0], [0.0,0.0], [-Infinity,Infinity], [0.0,0.0], [0.0,0.0], [0.0,0.0], [0.0,0.0], [0.0,0.0], [0.0,0.0], [0.0,0.0], [0.0,0.0]]
EXIT 3 FunctionDefinition_2 [[-Infinity,Infinity], [-Infinity,Infinity], [0.0,0.0], [0.0,0.0], [-Infinity,Infinity], [0.0,0.0], [0.0,0.0], [-Infinity,Infinity], [0.0,0.0], [0.0,0.0], [0.0,0.0], [0.0,0.0], [0.0,0.0], [0.0,0.0], [0.0,0.0], [0.0,0.0]]
ENTRY 3 FunctionEntry_2 [[-Infinity,Infinity], [-Infinity,Infinity], [0.0,0.0], [0.0,0.0], [-Infinity,Infinity], [0.0,0.0], [0.0,0.0], [-Infinity,Infinity], [0.0,0.0], [0.0,0.0], [0.0,0.0], [0.0,0.0], [0.0,0.0], [0.0,0.0], [0.0,0.0], [0.0,0.0]]
EXIT 3 FunctionEntry_2 [[-Infinity,Infinity], [-Infinity,Infinity], [0.0,0.0], [0.0,0.0], [-Infinity,Infinity], [0.0,0.0], [0.0,0.0], [-Infinity,Infinity], [0.0,0.0], [0.0,0.0], [0.0,0.0], [0.0,0.0], [0.0,0.0], [0.0,0.0], [0.0,0.0], [0.0,0.0]]
ENTRY 3 ExpressionStatement_6 [[-Infinity,Infinity], [-Infinity,Infinity], [0.0,0.0], [0.0,0.0], [-Infinity,Infinity], [0.0,0.0], [0.0,0.0], [-Infinity,Infinity], [0.0,0.0], [0.0,0.0], [0.0,0.0], [0.0,0.0], [0.0,0.0], [0.0,0.0], [0.0,0.0], [0.0,0.0]]
EXIT 3 ExpressionStatement_6 [[-Infinity,Infinity], [-Infinity,Infinity], [0.0,0.0], [0.0,0.0], [-Infinity,Infinity], [0.0,0.0], [0.0,0.0], [-Infinity,Infinity], [0.0,0.0], [0.0,0.0], [0.0,0.0], [0.0,0.0], [0.0,0.0], [0.0,0.0], [0.0,0.0], [0.0,0.0]]
ENTRY 3 EmitStatement_0 [[-Infinity,Infinity], [-Infinity,Infinity], [0.0,0.0], [0.0,0.0], [-Infinity,Infinity], [0.0,0.0], [0.0,0.0], [-Infinity,Infinity], [0.0,0.0], [0.0,0.0], [0.0,0.0], [0.0,0.0], [0.0,0.0], [0.0,0.0], [0.0,0.0], [0.0,0.0]]
EXIT 3 EmitStatement_0 [[0.0,0.0], [0.0,0.0], [0.0,0.0], [0.0,0.0], [0.0,0.0], [0.0,0.0], [0.0,0.0], [0.0,0.0], [0.0,0.0], [0.0,0.0], [0.0,0.0], [0.0,0.0], [0.0,0.0], [0.0,0.0], [0.0,0.0], [0.0,0.0]]
ENTRY 3 FunctionExit_2 [[0.0,0.0], [0.0,0.0], [0.0,0.0], [0.0,0.0], [0.0,0.0], [0.0,0.0], [0.0,0.0], [0.0,0.0], [0.0,0.0], [0.0,0.0], [0.0,0.0], [0.0,0.0], [0.0,0.0], [0.0,0.0], [0.0,0.0], [0.0,0.0]]
EXIT 3 FunctionExit_2 [[0.0,0.0], [0.0,0.0], [0.0,0.0], [0.0,0.0], [0.0,0.0], [0.0,0.0], [0.0,0.0], [0.0,0.0], [0.0,0.0], [0.0,0.0], [0.0,0.0], [0.0,0.0], [0.0,0.0], [0.0,0.0], [0.0,0.0], [0.0,0.0]]
ENTRY 3 FunctionDefinition_3 [[0.0,0.0], [0.0,0.0], [0.0,0.0], [0.0,0.0], [0.0,0.0], [0.0,0.0], [0.0,0.0], [0.0,0.0], [0.0,0.0], [0.0,0.0], [0.0,0.0], [0.0,0.0], [0.0,0.0], [0.0,0.0], [0.0,0.0], [0.0,0.0]]
EXIT 3 FunctionDefinition_3 [[0.0,0.0], [0.0,0.0], [0.0,0.0], [0.0,0.0], [0.0,0.0], [0.0,0.0], [0.0,0.0], [0.0,0.0], [0.0,0.0], [0.0,0.0], [0.0,0.0], [0.0,0.0], [0.0,0.0], [0.0,0.0], [0.0,0.0], [0.0,0.0]]
ENTRY 3 FunctionEntry_3 [[0.0,0.0], [0.0,0.0], [0.0,0.0], [0.0,0.0], [0.0,0.0], [0.0,0.0], [0.0,0.0], [0.0,0.0], [0.0,0.0], [0.0,0.0], [0.0,0.0], [0.0,0.0], [0.0,0.0], [0.0,0.0], [0.0,0.0], [0.0,0.0]]
EXIT 3 FunctionEntry_3 [[0.0,0.0], [0.0,0.0], [0.0,0.0], [0.0,0.0], [0.0,0.0], [0.0,0.0], [0.0,0.0], [0.0,0.0], [0.0,0.0], [0.0,0.0], [0.0,0.0], [0.0,0.0], [0.0,0.0], [0.0,0.0], [0.0,0.0], [0.0,0.0]]
ENTRY 3 ExpressionStatement_7 [[0.0,0.0], [0.0,0.0], [0.0,0.0], [0.0,0.0], [0.0,0.0], [0.0,0.0], [0.0,0.0], [0.0,0.0], [0.0,0.0], [0.0,0.0], [0.0,0.0], [0.0,0.0], [0.0,0.0], [0.0,0.0], [0.0,0.0], [0.0,0.0]]
EXIT 3 ExpressionStatement_7 [[0.0,0.0], [0.0,0.0], [-Infinity,Infinity], [0.0,0.0], [0.0,0.0], [0.0,0.0], [0.0,0.0], [0.0,0.0], [0.0,0.0], [0.0,0.0], [0.0,0.0], [0.0,0.0], [0.0,0.0], [0.0,0.0], [0.0,0.0], [0.0,0.0]]
ENTRY 3 EmitStatement_1 [[0.0,0.0], [0.0,0.0], [-Infinity,Infinity], [0.0,0.0], [0.0,0.0], [0.0,0.0], [0.0,0.0], [0.0,0.0], [0.0,0.0], [0.0,0.0], [0.0,0.0], [0.0,0.0], [0.0,0.0], [0.0,0.0], [0.0,0.0], [0.0,0.0]]
EXIT 3 EmitStatement_1 [[0.0,0.0], [0.0,0.0], [0.0,0.0], [0.0,0.0], [0.0,0.0], [0.0,0.0], [0.0,0.0], [0.0,0.0], [0.0,0.0], [0.0,0.0], [0.0,0.0], [0.0,0.0], [0.0,0.0], [0.0,0.0], [0.0,0.0], [0.0,0.0]]
ENTRY 3 FunctionExit_3 [[0.0,0.0], [0.0,0.0], [0.0,0.0], [0.0,0.0], [0.0,0.0], [0.0,0.0], [0.0,0.0], [0.0,0.0], [0.0,0.0], [0.0,0.0], [0.0,0.0], [0.0,0.0], [0.0,0.0], [0.0,0.0], [0.0,0.0], [0.0,0.0]]
EXIT 3 FunctionExit_3 [[0.0,0.0], [0.0,0.0], [0.0,0.0], [0.0,0.0], [0.0,0.0], [0.0,0.0], [0.0,0.0], [0.0,0.0], [0.0,0.0], [0.0,0.0], [0.0,0.0], [0.0,0.0], [0.0,0.0], [0.0,0.0], [0.0,0.0], [0.0,0.0]]
ENTRY 3 FunctionDefinition_4 [[0.0,0.0], [0.0,0.0], [0.0,0.0], [0.0,0.0], [0.0,0.0], [0.0,0.0], [0.0,0.0], [0.0,0.0], [0.0,0.0], [0.0,0.0], [0.0,0.0], [0.0,0.0], [0.0,0.0], [0.0,0.0], [0.0,0.0], [0.0,0.0]]
EXIT 3 FunctionDefinition_4 [[0.0,0.0], [0.0,0.0], [0.0,0.0], [0.0,0.0], [0.0,0.0], [0.0,0.0], [0.0,0.0], [0.0,0.0], [0.0,0.0], [0.0,0.0], [0.0,0.0], [0.0,0.0], [0.0,0.0], [0.0,0.0], [0.0,0.0], [0.0,0.0]]
ENTRY 3 FunctionEntry_4 [[0.0,0.0], [0.0,0.0], [0.0,0.0], [0.0,0.0], [0.0,0.0], [0.0,0.0], [0.0,0.0], [0.0,0.0], [0.0,0.0], [0.0,0.0], [0.0,0.0], [0.0,0.0], [0.0,0.0], [0.0,0.0], [0.0,0.0], [0.0,0.0]]
EXIT 3 FunctionEntry_4 [[0.0,0.0], [0.0,0.0], [0.0,0.0], [0.0,0.0], [0.0,0.0], [0.0,0.0], [0.0,0.0], [0.0,0.0], [0.0,0.0], [0.0,0.0], [0.0,0.0], [0.0,0.0], [0.0,0.0], [0.0,0.0], [0.0,0.0], [0.0,0.0]]
ENTRY 3 FunctionExit_4 [[0.0,0.0], [0.0,0.0], [0.0,0.0], [0.0,0.0], [0.0,0.0], [0.0,0.0], [0.0,0.0], [0.0,0.0], [0.0,0.0], [0.0,0.0], [0.0,0.0], [0.0,0.0], [0.0,0.0], [0.0,0.0], [0.0,0.0], [0.0,0.0]]
EXIT 3 FunctionExit_4 [[0.0,0.0], [0.0,0.0], [0.0,0.0], [0.0,0.0], [0.0,0.0], [0.0,0.0], [0.0,0.0], [0.0,0.0], [0.0,0.0], [0.0,0.0], [0.0,0.0], [0.0,0.0], [0.0,0.0], [0.0,0.0], [0.0,0.0], [0.0,0.0]]
ENTRY 3 FunctionDefinition_5 [[0.0,0.0], [0.0,0.0], [0.0,0.0], [0.0,0.0], [0.0,0.0], [0.0,0.0], [0.0,0.0], [0.0,0.0], [0.0,0.0], [0.0,0.0], [0.0,0.0], [0.0,0.0], [0.0,0.0], [0.0,0.0], [0.0,0.0], [0.0,0.0]]
EXIT 3 FunctionDefinition_5 [[0.0,0.0], [0.0,0.0], [0.0,0.0], [0.0,0.0], [0.0,0.0], [0.0,0.0], [0.0,0.0], [0.0,0.0], [0.0,0.0], [0.0,0.0], [0.0,0.0], [0.0,0.0], [0.0,0.0], [0.0,0.0], [0.0,0.0], [0.0,0.0]]
ENTRY 3 FunctionEntry_5 [[0.0,0.0], [0.0,0.0], [0.0,0.0], [0.0,0.0], [0.0,0.0], [0.0,0.0], [0.0,0.0], [0.0,0.0], [0.0,0.0], [0.0,0.0], [0.0,0.0], [0.0,0.0], [0.0,0.0], [0.0,0.0], [0.0,0.0], [0.0,0.0]]
EXIT 3 FunctionEntry_5 [[0.0,0.0], [0.0,0.0], [0.0,0.0], [0.0,0.0], [0.0,0.0], [0.0,0.0], [0.0,0.0], [0.0,0.0], [0.0,0.0], [0.0,0.0], [0.0,0.0], [0.0,0.0], [0.0,0.0], [0.0,0.0], [0.0,0.0], [0.0,0.0]]
ENTRY 3 ExpressionStatement_8 [[0.0,0.0], [0.0,0.0], [0.0,0.0], [0.0,0.0], [0.0,0.0], [0.0,0.0], [0.0,0.0], [0.0,0.0], [0.0,0.0], [0.0,0.0], [0.0,0.0], [0.0,0.0], [0.0,0.0], [0.0,0.0], [0.0,0.0], [0.0,0.0]]
EXIT 3 ExpressionStatement_8 [[0.0,0.0], [0.0,0.0], [0.0,0.0], [0.0,0.0], [0.0,0.0], [0.0,0.0], [0.0,0.0], [0.0,0.0], [0.0,0.0], [0.0,0.0], [0.0,0.0], [0.0,0.0], [0.0,0.0], [0.0,0.0], [0.0,0.0], [0.0,0.0]]
ENTRY 3 ExpressionStatement_9 [[0.0,0.0], [0.0,0.0], [0.0,0.0], [0.0,0.0], [0.0,0.0], [0.0,0.0], [0.0,0.0], [0.0,0.0], [0.0,0.0], [0.0,0.0], [0.0,0.0], [0.0,0.0], [0.0,0.0], [0.0,0.0], [0.0,0.0], [0.0,0.0]]
EXIT 3 ExpressionStatement_9 [[0.0,0.0], [0.0,0.0], [0.0,0.0], [0.0,0.0], [0.0,0.0], [0.0,0.0], [0.0,0.0], [0.0,0.0], [0.0,0.0], [0.0,0.0], [0.0,0.0], [0.0,0.0], [0.0,0.0], [0.0,0.0], [0.0,0.0], [0.0,0.0]]
ENTRY 3 ExpressionStatement_10 [[0.0,0.0], [0.0,0.0], [0.0,0.0], [0.0,0.0], [0.0,0.0], [0.0,0.0], [0.0,0.0], [0.0,0.0], [0.0,0.0], [0.0,0.0], [0.0,0.0], [0.0,0.0], [0.0,0.0], [0.0,0.0], [0.0,0.0], [0.0,0.0]]
EXIT 3 ExpressionStatement_10 [[0.0,0.0], [0.0,0.0], [0.0,0.0], [0.0,0.0], [0.0,0.0], [0.0,0.0], [0.0,0.0], [0.0,0.0], [0.0,0.0], [-Infinity,Infinity], [0.0,0.0], [0.0,0.0], [0.0,0.0], [0.0,0.0], [0.0,0.0], [0.0,0.0]]
ENTRY 3 ExpressionStatement_11 [[0.0,0.0], [0.0,0.0], [0.0,0.0], [0.0,0.0], [0.0,0.0], [0.0,0.0], [0.0,0.0], [0.0,0.0], [0.0,0.0], [-Infinity,Infinity], [0.0,0.0], [0.0,0.0], [0.0,0.0], [0.0,0.0], [0.0,0.0], [0.0,0.0]]
EXIT 3 ExpressionStatement_11 [[0.0,0.0], [0.0,0.0], [0.0,0.0], [0.0,0.0], [0.0,0.0], [0.0,0.0], [0.0,0.0], [0.0,0.0], [0.0,0.0], [-Infinity,Infinity], [0.0,0.0], [0.0,0.0], [0.0,0.0], [0.0,0.0], [0.0,0.0], [0.0,0.0]]
ENTRY 3 EmitStatement_2 [[0.0,0.0], [0.0,0.0], [0.0,0.0], [0.0,0.0], [0.0,0.0], [0.0,0.0], [0.0,0.0], [0.0,0.0], [0.0,0.0], [-Infinity,Infinity], [0.0,0.0], [0.0,0.0], [0.0,0.0], [0.0,0.0], [0.0,0.0], [0.0,0.0]]
EXIT 3 EmitStatement_2 [[0.0,0.0], [0.0,0.0], [0.0,0.0], [0.0,0.0], [0.0,0.0], [0.0,0.0], [0.0,0.0], [0.0,0.0], [0.0,0.0], [-Infinity,Infinity], [0.0,0.0], [0.0,0.0], [0.0,0.0], [0.0,0.0], [0.0,0.0], [0.0,0.0]]
ENTRY 3 FunctionExit_5 [[0.0,0.0], [0.0,0.0], [0.0,0.0], [0.0,0.0], [0.0,0.0], [0.0,0.0], [0.0,0.0], [0.0,0.0], [0.0,0.0], [-Infinity,Infinity], [0.0,0.0], [0.0,0.0], [0.0,0.0], [0.0,0.0], [0.0,0.0], [0.0,0.0]]
EXIT 3 FunctionExit_5 [[0.0,0.0], [0.0,0.0], [0.0,0.0], [0.0,0.0], [0.0,0.0], [0.0,0.0], [0.0,0.0], [0.0,0.0], [0.0,0.0], [-Infinity,Infinity], [0.0,0.0], [0.0,0.0], [0.0,0.0], [0.0,0.0], [0.0,0.0], [0.0,0.0]]
ENTRY 3 FunctionDefinition_6 [[0.0,0.0], [0.0,0.0], [0.0,0.0], [0.0,0.0], [0.0,0.0], [0.0,0.0], [0.0,0.0], [0.0,0.0], [0.0,0.0], [0.0,0.0], [0.0,0.0], [0.0,0.0], [0.0,0.0], [0.0,0.0], [0.0,0.0], [0.0,0.0]]
EXIT 3 FunctionDefinition_6 [[0.0,0.0], [0.0,0.0], [0.0,0.0], [0.0,0.0], [0.0,0.0], [0.0,0.0], [0.0,0.0], [0.0,0.0], [0.0,0.0], [0.0,0.0], [0.0,0.0], [0.0,0.0], [0.0,0.0], [0.0,0.0], [0.0,0.0], [0.0,0.0]]
ENTRY 3 FunctionEntry_6 [[0.0,0.0], [0.0,0.0], [0.0,0.0], [0.0,0.0], [0.0,0.0], [0.0,0.0], [0.0,0.0], [0.0,0.0], [0.0,0.0], [0.0,0.0], [0.0,0.0], [0.0,0.0], [0.0,0.0], [0.0,0.0], [0.0,0.0], [0.0,0.0]]
EXIT 3 FunctionEntry_6 [[0.0,0.0], [0.0,0.0], [0.0,0.0], [0.0,0.0], [0.0,0.0], [0.0,0.0], [0.0,0.0], [0.0,0.0], [0.0,0.0], [0.0,0.0], [0.0,0.0], [0.0,0.0], [0.0,0.0], [0.0,0.0], [0.0,0.0], [0.0,0.0]]
ENTRY 3 VariableDeclarationStatement_0 [[0.0,0.0], [0.0,0.0], [0.0,0.0], [0.0,0.0], [0.0,0.0], [0.0,0.0], [0.0,0.0], [0.0,0.0], [0.0,0.0], [0.0,0.0], [0.0,0.0], [0.0,0.0], [0.0,0.0], [0.0,0.0], [0.0,0.0], [0.0,0.0]]
EXIT 3 VariableDeclarationStatement_0 [[0.0,0.0], [0.0,0.0], [0.0,0.0], [0.0,0.0], [0.0,0.0], [0.0,0.0], [0.0,0.0], [0.0,0.0], [0.0,0.0], [0.0,0.0], [0.0,0.0], [0.0,0.0], [0.0,0.0], [-Infinity,Infinity], [0.0,0.0], [0.0,0.0]]
ENTRY 3 IfStatement_0 [[0.0,0.0], [0.0,0.0], [0.0,0.0], [0.0,0.0], [0.0,0.0], [0.0,0.0], [0.0,0.0], [0.0,0.0], [0.0,0.0], [0.0,0.0], [0.0,0.0], [0.0,0.0], [0.0,0.0], [-Infinity,Infinity], [0.0,0.0], [0.0,0.0]]
EXIT 3 IfStatement_0 [[1.0,-1.0], [1.0,-1.0], [1.0,-1.0], [1.0,-1.0], [1.0,-1.0], [1.0,-1.0], [1.0,-1.0], [1.0,-1.0], [1.0,-1.0], [1.0,-1.0], [1.0,-1.0], [1.0,-1.0], [1.0,-1.0], [1.0,-1.0], [1.0,-1.0], [1.0,-1.0]]
ENTRY 3 ExpressionStatement_12 [[0.0,0.0], [0.0,0.0], [0.0,0.0], [0.0,0.0], [0.0,0.0], [0.0,0.0], [0.0,0.0], [0.0,0.0], [0.0,0.0], [0.0,0.0], [0.0,0.0], [0.0,0.0], [0.0,0.0], [-Infinity,Infinity], [0.0,0.0], [0.0,0.0]]
EXIT 3 ExpressionStatement_12 [[0.0,0.0], [0.0,0.0], [0.0,0.0], [0.0,0.0], [0.0,0.0], [0.0,0.0], [0.0,0.0], [0.0,0.0], [0.0,0.0], [0.0,0.0], [0.0,0.0], [0.0,0.0], [0.0,0.0], [-Infinity,Infinity], [0.0,0.0], [0.0,0.0]]
ENTRY 3 ExpressionStatement_13 [[0.0,0.0], [0.0,0.0], [0.0,0.0], [0.0,0.0], [0.0,0.0], [0.0,0.0], [0.0,0.0], [0.0,0.0], [0.0,0.0], [0.0,0.0], [0.0,0.0], [0.0,0.0], [0.0,0.0], [-Infinity,Infinity], [0.0,0.0], [0.0,0.0]]
EXIT 3 ExpressionStatement_13 [[0.0,0.0], [0.0,0.0], [0.0,0.0], [0.0,0.0], [0.0,0.0], [0.0,0.0], [0.0,0.0], [0.0,0.0], [0.0,0.0], [0.0,0.0], [0.0,0.0], [0.0,0.0], [0.0,0.0], [-Infinity,Infinity], [0.0,0.0], [0.0,0.0]]
ENTRY 3 VariableDeclarationStatement_1 [[0.0,0.0], [0.0,0.0], [0.0,0.0], [0.0,0.0], [0.0,0.0], [0.0,0.0], [0.0,0.0], [0.0,0.0], [0.0,0.0], [0.0,0.0], [0.0,0.0], [0.0,0.0], [0.0,0.0], [-Infinity,Infinity], [0.0,0.0], [0.0,0.0]]
EXIT 3 VariableDeclarationStatement_1 [[0.0,0.0], [0.0,0.0], [0.0,0.0], [0.0,0.0], [0.0,0.0], [0.0,0.0], [0.0,0.0], [0.0,0.0], [0.0,0.0], [0.0,0.0], [0.0,0.0], [0.0,0.0], [0.0,0.0], [-Infinity,Infinity], [-Infinity,Infinity], [0.0,0.0]]
ENTRY 3 IfStatement_1 [[0.0,0.0], [0.0,0.0], [0.0,0.0], [0.0,0.0], [0.0,0.0], [0.0,0.0], [0.0,0.0], [0.0,0.0], [0.0,0.0], [0.0,0.0], [0.0,0.0], [0.0,0.0], [0.0,0.0], [-Infinity,Infinity], [-Infinity,Infinity], [0.0,0.0]]
EXIT 3 IfStatement_1 [[1.0,-1.0], [1.0,-1.0], [1.0,-1.0], [1.0,-1.0], [1.0,-1.0], [1.0,-1.0], [1.0,-1.0], [1.0,-1.0], [1.0,-1.0], [1.0,-1.0], [1.0,-1.0], [1.0,-1.0], [1.0,-1.0], [1.0,-1.0], [1.0,-1.0], [1.0,-1.0]]
ENTRY 3 ExpressionStatement_14 [[0.0,0.0], [0.0,0.0], [0.0,0.0], [0.0,0.0], [0.0,0.0], [0.0,0.0], [0.0,0.0], [0.0,0.0], [0.0,0.0], [0.0,0.0], [0.0,0.0], [0.0,0.0], [0.0,0.0], [-Infinity,Infinity], [-Infinity,Infinity], [0.0,0.0]]
EXIT 3 ExpressionStatement_14 [[0.0,0.0], [0.0,0.0], [0.0,0.0], [0.0,0.0], [0.0,0.0], [0.0,0.0], [0.0,0.0], [0.0,0.0], [0.0,0.0], [0.0,0.0], [0.0,0.0], [0.0,0.0], [0.0,0.0], [-Infinity,Infinity], [-Infinity,Infinity], [0.0,0.0]]
ENTRY 3 IfConditionJoin_1 [[0.0,0.0], [0.0,0.0], [0.0,0.0], [0.0,0.0], [0.0,0.0], [0.0,0.0], [0.0,0.0], [0.0,0.0], [0.0,0.0], [0.0,0.0], [0.0,0.0], [0.0,0.0], [0.0,0.0], [-Infinity,Infinity], [-Infinity,Infinity], [0.0,0.0]]
EXIT 3 IfConditionJoin_1 [[0.0,0.0], [0.0,0.0], [0.0,0.0], [0.0,0.0], [0.0,0.0], [0.0,0.0], [0.0,0.0], [0.0,0.0], [0.0,0.0], [0.0,0.0], [0.0,0.0], [0.0,0.0], [0.0,0.0], [-Infinity,Infinity], [-Infinity,Infinity], [0.0,0.0]]
ENTRY 3 IfConditionJoin_0 [[0.0,0.0], [0.0,0.0], [0.0,0.0], [0.0,0.0], [0.0,0.0], [0.0,0.0], [0.0,0.0], [0.0,0.0], [0.0,0.0], [0.0,0.0], [0.0,0.0], [0.0,0.0], [0.0,0.0], [-Infinity,Infinity], [-Infinity,Infinity], [0.0,0.0]]
EXIT 3 IfConditionJoin_0 [[0.0,0.0], [0.0,0.0], [0.0,0.0], [0.0,0.0], [0.0,0.0], [0.0,0.0], [0.0,0.0], [0.0,0.0], [0.0,0.0], [0.0,0.0], [0.0,0.0], [0.0,0.0], [0.0,0.0], [-Infinity,Infinity], [-Infinity,Infinity], [0.0,0.0]]
ENTRY 3 FunctionExit_6 [[0.0,0.0], [0.0,0.0], [0.0,0.0], [0.0,0.0], [0.0,0.0], [0.0,0.0], [0.0,0.0], [0.0,0.0], [0.0,0.0], [0.0,0.0], [0.0,0.0], [0.0,0.0], [0.0,0.0], [-Infinity,Infinity], [-Infinity,Infinity], [0.0,0.0]]
EXIT 3 FunctionExit_6 [[0.0,0.0], [0.0,0.0], [0.0,0.0], [0.0,0.0], [0.0,0.0], [0.0,0.0], [0.0,0.0], [0.0,0.0], [0.0,0.0], [0.0,0.0], [0.0,0.0], [0.0,0.0], [0.0,0.0], [-Infinity,Infinity], [-Infinity,Infinity], [0.0,0.0]]
ENTRY 3 ExpressionStatement_15 [[0.0,0.0], [0.0,0.0], [0.0,0.0], [0.0,0.0], [0.0,0.0], [0.0,0.0], [0.0,0.0], [0.0,0.0], [0.0,0.0], [0.0,0.0], [0.0,0.0], [0.0,0.0], [0.0,0.0], [-Infinity,Infinity], [-Infinity,Infinity], [0.0,0.0]]
EXIT 3 ExpressionStatement_15 [[0.0,0.0], [0.0,0.0], [0.0,0.0], [0.0,0.0], [0.0,0.0], [0.0,0.0], [0.0,0.0], [0.0,0.0], [0.0,0.0], [0.0,0.0], [0.0,0.0], [0.0,0.0], [0.0,0.0], [-Infinity,Infinity], [-Infinity,Infinity], [0.0,0.0]]
ENTRY 3 ExpressionStatement_16 [[0.0,0.0], [0.0,0.0], [0.0,0.0], [0.0,0.0], [0.0,0.0], [0.0,0.0], [0.0,0.0], [0.0,0.0], [0.0,0.0], [0.0,0.0], [0.0,0.0], [0.0,0.0], [0.0,0.0], [-Infinity,Infinity], [0.0,0.0], [0.0,0.0]]
EXIT 3 ExpressionStatement_16 [[0.0,0.0], [0.0,0.0], [0.0,0.0], [0.0,0.0], [0.0,0.0], [0.0,0.0], [0.0,0.0], [0.0,0.0], [0.0,0.0], [0.0,0.0], [0.0,0.0], [0.0,0.0], [0.0,0.0], [-Infinity,Infinity], [0.0,0.0], [0.0,0.0]]
ENTRY 3 FunctionDefinition_7 [[0.0,0.0], [0.0,0.0], [0.0,0.0], [0.0,0.0], [0.0,0.0], [0.0,0.0], [0.0,0.0], [0.0,0.0], [0.0,0.0], [0.0,0.0], [0.0,0.0], [0.0,0.0], [0.0,0.0], [0.0,0.0], [0.0,0.0], [0.0,0.0]]
EXIT 3 FunctionDefinition_7 [[0.0,0.0], [0.0,0.0], [0.0,0.0], [0.0,0.0], [0.0,0.0], [0.0,0.0], [0.0,0.0], [0.0,0.0], [0.0,0.0], [0.0,0.0], [0.0,0.0], [0.0,0.0], [0.0,0.0], [0.0,0.0], [0.0,0.0], [0.0,0.0]]
ENTRY 3 FunctionEntry_7 [[0.0,0.0], [0.0,0.0], [0.0,0.0], [0.0,0.0], [0.0,0.0], [0.0,0.0], [0.0,0.0], [0.0,0.0], [0.0,0.0], [0.0,0.0], [0.0,0.0], [0.0,0.0], [0.0,0.0], [0.0,0.0], [0.0,0.0], [0.0,0.0]]
EXIT 3 FunctionEntry_7 [[0.0,0.0], [0.0,0.0], [0.0,0.0], [0.0,0.0], [0.0,0.0], [0.0,0.0], [0.0,0.0], [0.0,0.0], [0.0,0.0], [0.0,0.0], [0.0,0.0], [0.0,0.0], [0.0,0.0], [0.0,0.0], [0.0,0.0], [0.0,0.0]]
ENTRY 3 ExpressionStatement_17 [[0.0,0.0], [0.0,0.0], [0.0,0.0], [0.0,0.0], [0.0,0.0], [0.0,0.0], [0.0,0.0], [0.0,0.0], [0.0,0.0], [0.0,0.0], [0.0,0.0], [0.0,0.0], [0.0,0.0], [0.0,0.0], [0.0,0.0], [0.0,0.0]]
EXIT 3 ExpressionStatement_17 [[0.0,0.0], [0.0,0.0], [0.0,0.0], [0.0,0.0], [0.0,0.0], [0.0,0.0], [0.0,0.0], [0.0,0.0], [0.0,0.0], [0.0,0.0], [0.0,0.0], [0.0,0.0], [0.0,0.0], [0.0,0.0], [0.0,0.0], [0.0,0.0]]
ENTRY 3 FunctionExit_7 [[0.0,0.0], [0.0,0.0], [0.0,0.0], [0.0,0.0], [0.0,0.0], [0.0,0.0], [0.0,0.0], [0.0,0.0], [0.0,0.0], [0.0,0.0], [0.0,0.0], [0.0,0.0], [0.0,0.0], [0.0,0.0], [0.0,0.0], [0.0,0.0]]
EXIT 3 FunctionExit_7 [[0.0,0.0], [0.0,0.0], [0.0,0.0], [0.0,0.0], [0.0,0.0], [0.0,0.0], [0.0,0.0], [0.0,0.0], [0.0,0.0], [0.0,0.0], [0.0,0.0], [0.0,0.0], [0.0,0.0], [0.0,0.0], [0.0,0.0], [0.0,0.0]]
ENTRY 3 FunctionDefinition_8 [[0.0,0.0], [0.0,0.0], [0.0,0.0], [0.0,0.0], [0.0,0.0], [0.0,0.0], [0.0,0.0], [0.0,0.0], [0.0,0.0], [0.0,0.0], [0.0,0.0], [0.0,0.0], [0.0,0.0], [0.0,0.0], [0.0,0.0], [0.0,0.0]]
EXIT 3 FunctionDefinition_8 [[0.0,0.0], [0.0,0.0], [0.0,0.0], [0.0,0.0], [0.0,0.0], [0.0,0.0], [0.0,0.0], [0.0,0.0], [0.0,0.0], [0.0,0.0], [0.0,0.0], [0.0,0.0], [0.0,0.0], [0.0,0.0], [0.0,0.0], [0.0,0.0]]
ENTRY 3 FunctionEntry_8 [[0.0,0.0], [0.0,0.0], [0.0,0.0], [0.0,0.0], [0.0,0.0], [0.0,0.0], [0.0,0.0], [0.0,0.0], [0.0,0.0], [0.0,0.0], [0.0,0.0], [0.0,0.0], [0.0,0.0], [0.0,0.0], [0.0,0.0], [0.0,0.0]]
EXIT 3 FunctionEntry_8 [[0.0,0.0], [0.0,0.0], [0.0,0.0], [0.0,0.0], [0.0,0.0], [0.0,0.0], [0.0,0.0], [0.0,0.0], [0.0,0.0], [0.0,0.0], [0.0,0.0], [0.0,0.0], [0.0,0.0], [0.0,0.0], [0.0,0.0], [0.0,0.0]]
ENTRY 3 VariableDeclarationStatement_2 [[0.0,0.0], [0.0,0.0], [0.0,0.0], [0.0,0.0], [0.0,0.0], [0.0,0.0], [0.0,0.0], [0.0,0.0], [0.0,0.0], [0.0,0.0], [0.0,0.0], [0.0,0.0], [0.0,0.0], [0.0,0.0], [0.0,0.0], [0.0,0.0]]
EXIT 3 VariableDeclarationStatement_2 [[0.0,0.0], [0.0,0.0], [0.0,0.0], [0.0,0.0], [0.0,0.0], [0.0,0.0], [0.0,0.0], [0.0,0.0], [0.0,0.0], [0.0,0.0], [0.0,0.0], [0.0,0.0], [0.0,0.0], [0.0,0.0], [0.0,0.0], [-Infinity,Infinity]]
ENTRY 3 ExpressionStatement_18 [[0.0,0.0], [0.0,0.0], [0.0,0.0], [0.0,0.0], [0.0,0.0], [0.0,0.0], [0.0,0.0], [0.0,0.0], [0.0,0.0], [0.0,0.0], [0.0,0.0], [0.0,0.0], [0.0,0.0], [0.0,0.0], [0.0,0.0], [-Infinity,Infinity]]
EXIT 3 ExpressionStatement_18 [[0.0,0.0], [0.0,0.0], [0.0,0.0], [0.0,0.0], [0.0,0.0], [0.0,0.0], [0.0,0.0], [0.0,0.0], [0.0,0.0], [0.0,0.0], [0.0,0.0], [0.0,0.0], [0.0,0.0], [0.0,0.0], [0.0,0.0], [-Infinity,Infinity]]
ENTRY 3 EmitStatement_3 [[0.0,0.0], [0.0,0.0], [0.0,0.0], [0.0,0.0], [0.0,0.0], [0.0,0.0], [0.0,0.0], [0.0,0.0], [0.0,0.0], [0.0,0.0], [0.0,0.0], [0.0,0.0], [0.0,0.0], [0.0,0.0], [0.0,0.0], [-Infinity,Infinity]]
EXIT 3 EmitStatement_3 [[0.0,0.0], [0.0,0.0], [0.0,0.0], [0.0,0.0], [0.0,0.0], [0.0,0.0], [0.0,0.0], [0.0,0.0], [0.0,0.0], [0.0,0.0], [0.0,0.0], [0.0,0.0], [0.0,0.0], [0.0,0.0], [0.0,0.0], [-Infinity,Infinity]]
ENTRY 3 FunctionExit_8 [[0.0,0.0], [0.0,0.0], [0.0,0.0], [0.0,0.0], [0.0,0.0], [0.0,0.0], [0.0,0.0], [0.0,0.0], [0.0,0.0], [0.0,0.0], [0.0,0.0], [0.0,0.0], [0.0,0.0], [0.0,0.0], [0.0,0.0], [-Infinity,Infinity]]
EXIT 3 FunctionExit_8 [[0.0,0.0], [0.0,0.0], [0.0,0.0], [0.0,0.0], [0.0,0.0], [0.0,0.0], [0.0,0.0], [0.0,0.0], [0.0,0.0], [0.0,0.0], [0.0,0.0], [0.0,0.0], [0.0,0.0], [0.0,0.0], [0.0,0.0], [-Infinity,Infinity]]
ENTRY 3 FunctionDefinition_9 [[0.0,0.0], [0.0,0.0], [0.0,0.0], [0.0,0.0], [0.0,0.0], [0.0,0.0], [0.0,0.0], [0.0,0.0], [0.0,0.0], [0.0,0.0], [0.0,0.0], [0.0,0.0], [0.0,0.0], [0.0,0.0], [0.0,0.0], [0.0,0.0]]
EXIT 3 FunctionDefinition_9 [[0.0,0.0], [0.0,0.0], [0.0,0.0], [0.0,0.0], [0.0,0.0], [0.0,0.0], [0.0,0.0], [0.0,0.0], [0.0,0.0], [0.0,0.0], [0.0,0.0], [0.0,0.0], [0.0,0.0], [0.0,0.0], [0.0,0.0], [0.0,0.0]]
ENTRY 3 FunctionEntry_9 [[0.0,0.0], [0.0,0.0], [0.0,0.0], [0.0,0.0], [0.0,0.0], [0.0,0.0], [0.0,0.0], [0.0,0.0], [0.0,0.0], [0.0,0.0], [0.0,0.0], [0.0,0.0], [0.0,0.0], [0.0,0.0], [0.0,0.0], [0.0,0.0]]
EXIT 3 FunctionEntry_9 [[0.0,0.0], [0.0,0.0], [0.0,0.0], [0.0,0.0], [0.0,0.0], [0.0,0.0], [0.0,0.0], [0.0,0.0], [0.0,0.0], [0.0,0.0], [0.0,0.0], [0.0,0.0], [0.0,0.0], [0.0,0.0], [0.0,0.0], [0.0,0.0]]
ENTRY 3 ExpressionStatement_19 [[0.0,0.0], [0.0,0.0], [0.0,0.0], [0.0,0.0], [0.0,0.0], [0.0,0.0], [0.0,0.0], [0.0,0.0], [0.0,0.0], [0.0,0.0], [0.0,0.0], [0.0,0.0], [0.0,0.0], [0.0,0.0], [0.0,0.0], [0.0,0.0]]
EXIT 3 ExpressionStatement_19 [[0.0,0.0], [0.0,0.0], [0.0,0.0], [0.0,0.0], [0.0,0.0], [0.0,0.0], [0.0,0.0], [0.0,0.0], [0.0,0.0], [0.0,0.0], [0.0,0.0], [0.0,0.0], [0.0,0.0], [0.0,0.0], [0.0,0.0], [0.0,0.0]]
ENTRY 3 ExpressionStatement_20 [[0.0,0.0], [0.0,0.0], [0.0,0.0], [0.0,0.0], [0.0,0.0], [0.0,0.0], [0.0,0.0], [0.0,0.0], [0.0,0.0], [0.0,0.0], [0.0,0.0], [0.0,0.0], [0.0,0.0], [0.0,0.0], [0.0,0.0], [0.0,0.0]]
EXIT 3 ExpressionStatement_20 [[0.0,0.0], [0.0,0.0], [0.0,0.0], [0.0,0.0], [0.0,0.0], [0.0,0.0], [0.0,0.0], [0.0,0.0], [-Infinity,Infinity], [0.0,0.0], [0.0,0.0], [0.0,0.0], [0.0,0.0], [0.0,0.0], [0.0,0.0], [0.0,0.0]]
ENTRY 3 EmitStatement_4 [[0.0,0.0], [0.0,0.0], [0.0,0.0], [0.0,0.0], [0.0,0.0], [0.0,0.0], [0.0,0.0], [0.0,0.0], [-Infinity,Infinity], [0.0,0.0], [0.0,0.0], [0.0,0.0], [0.0,0.0], [0.0,0.0], [0.0,0.0], [0.0,0.0]]
EXIT 3 EmitStatement_4 [[0.0,0.0], [0.0,0.0], [0.0,0.0], [0.0,0.0], [0.0,0.0], [0.0,0.0], [0.0,0.0], [0.0,0.0], [0.0,0.0], [0.0,0.0], [0.0,0.0], [0.0,0.0], [0.0,0.0], [0.0,0.0], [0.0,0.0], [0.0,0.0]]
ENTRY 3 FunctionExit_9 [[0.0,0.0], [0.0,0.0], [0.0,0.0], [0.0,0.0], [0.0,0.0], [0.0,0.0], [0.0,0.0], [0.0,0.0], [0.0,0.0], [0.0,0.0], [0.0,0.0], [0.0,0.0], [0.0,0.0], [0.0,0.0], [0.0,0.0], [0.0,0.0]]
EXIT 3 FunctionExit_9 [[0.0,0.0], [0.0,0.0], [0.0,0.0], [0.0,0.0], [0.0,0.0], [0.0,0.0], [0.0,0.0], [0.0,0.0], [0.0,0.0], [0.0,0.0], [0.0,0.0], [0.0,0.0], [0.0,0.0], [0.0,0.0], [0.0,0.0], [0.0,0.0]]
ENTRY 3 FunctionDefinition_10 [[0.0,0.0], [0.0,0.0], [0.0,0.0], [0.0,0.0], [0.0,0.0], [0.0,0.0], [0.0,0.0], [0.0,0.0], [0.0,0.0], [0.0,0.0], [0.0,0.0], [0.0,0.0], [0.0,0.0], [0.0,0.0], [0.0,0.0], [0.0,0.0]]
EXIT 3 FunctionDefinition_10 [[0.0,0.0], [0.0,0.0], [0.0,0.0], [0.0,0.0], [0.0,0.0], [0.0,0.0], [0.0,0.0], [0.0,0.0], [0.0,0.0], [0.0,0.0], [0.0,0.0], [0.0,0.0], [0.0,0.0], [0.0,0.0], [0.0,0.0], [0.0,0.0]]
ENTRY 3 FunctionEntry_10 [[0.0,0.0], [0.0,0.0], [0.0,0.0], [0.0,0.0], [0.0,0.0], [0.0,0.0], [0.0,0.0], [0.0,0.0], [0.0,0.0], [0.0,0.0], [0.0,0.0], [0.0,0.0], [0.0,0.0], [0.0,0.0], [0.0,0.0], [0.0,0.0]]
EXIT 3 FunctionEntry_10 [[0.0,0.0], [0.0,0.0], [0.0,0.0], [0.0,0.0], [0.0,0.0], [0.0,0.0], [0.0,0.0], [0.0,0.0], [0.0,0.0], [0.0,0.0], [0.0,0.0], [0.0,0.0], [0.0,0.0], [0.0,0.0], [0.0,0.0], [0.0,0.0]]
ENTRY 3 ExpressionStatement_21 [[0.0,0.0], [0.0,0.0], [0.0,0.0], [0.0,0.0], [0.0,0.0], [0.0,0.0], [0.0,0.0], [0.0,0.0], [0.0,0.0], [0.0,0.0], [0.0,0.0], [0.0,0.0], [0.0,0.0], [0.0,0.0], [0.0,0.0], [0.0,0.0]]
EXIT 3 ExpressionStatement_21 [[0.0,0.0], [0.0,0.0], [0.0,0.0], [0.0,0.0], [0.0,0.0], [0.0,0.0], [0.0,0.0], [0.0,0.0], [0.0,0.0], [0.0,0.0], [0.0,0.0], [0.0,0.0], [0.0,0.0], [0.0,0.0], [0.0,0.0], [0.0,0.0]]
ENTRY 3 ExpressionStatement_22 [[0.0,0.0], [0.0,0.0], [0.0,0.0], [0.0,0.0], [0.0,0.0], [0.0,0.0], [0.0,0.0], [0.0,0.0], [0.0,0.0], [0.0,0.0], [0.0,0.0], [0.0,0.0], [0.0,0.0], [0.0,0.0], [0.0,0.0], [0.0,0.0]]
EXIT 3 ExpressionStatement_22 [[0.0,0.0], [0.0,0.0], [0.0,0.0], [0.0,0.0], [0.0,0.0], [0.0,0.0], [0.0,0.0], [0.0,0.0], [-Infinity,Infinity], [0.0,0.0], [0.0,0.0], [0.0,0.0], [0.0,0.0], [0.0,0.0], [0.0,0.0], [0.0,0.0]]
ENTRY 3 EmitStatement_5 [[0.0,0.0], [0.0,0.0], [0.0,0.0], [0.0,0.0], [0.0,0.0], [0.0,0.0], [0.0,0.0], [0.0,0.0], [-Infinity,Infinity], [0.0,0.0], [0.0,0.0], [0.0,0.0], [0.0,0.0], [0.0,0.0], [0.0,0.0], [0.0,0.0]]
EXIT 3 EmitStatement_5 [[0.0,0.0], [0.0,0.0], [0.0,0.0], [0.0,0.0], [0.0,0.0], [0.0,0.0], [0.0,0.0], [0.0,0.0], [0.0,0.0], [0.0,0.0], [0.0,0.0], [0.0,0.0], [0.0,0.0], [0.0,0.0], [0.0,0.0], [0.0,0.0]]
ENTRY 3 FunctionExit_10 [[0.0,0.0], [0.0,0.0], [0.0,0.0], [0.0,0.0], [0.0,0.0], [0.0,0.0], [0.0,0.0], [0.0,0.0], [0.0,0.0], [0.0,0.0], [0.0,0.0], [0.0,0.0], [0.0,0.0], [0.0,0.0], [0.0,0.0], [0.0,0.0]]
EXIT 3 FunctionExit_10 [[0.0,0.0], [0.0,0.0], [0.0,0.0], [0.0,0.0], [0.0,0.0], [0.0,0.0], [0.0,0.0], [0.0,0.0], [0.0,0.0], [0.0,0.0], [0.0,0.0], [0.0,0.0], [0.0,0.0], [0.0,0.0], [0.0,0.0], [0.0,0.0]]
ENTRY 3 FunctionDefinition_11 [[0.0,0.0], [0.0,0.0], [0.0,0.0], [0.0,0.0], [0.0,0.0], [0.0,0.0], [0.0,0.0], [0.0,0.0], [0.0,0.0], [0.0,0.0], [0.0,0.0], [0.0,0.0], [0.0,0.0], [0.0,0.0], [0.0,0.0], [0.0,0.0]]
EXIT 3 FunctionDefinition_11 [[0.0,0.0], [0.0,0.0], [0.0,0.0], [0.0,0.0], [0.0,0.0], [0.0,0.0], [0.0,0.0], [0.0,0.0], [0.0,0.0], [0.0,0.0], [0.0,0.0], [0.0,0.0], [0.0,0.0], [0.0,0.0], [0.0,0.0], [0.0,0.0]]
ENTRY 3 FunctionEntry_11 [[0.0,0.0], [0.0,0.0], [0.0,0.0], [0.0,0.0], [0.0,0.0], [0.0,0.0], [0.0,0.0], [0.0,0.0], [0.0,0.0], [0.0,0.0], [0.0,0.0], [0.0,0.0], [0.0,0.0], [0.0,0.0], [0.0,0.0], [0.0,0.0]]
EXIT 3 FunctionEntry_11 [[0.0,0.0], [0.0,0.0], [0.0,0.0], [0.0,0.0], [0.0,0.0], [0.0,0.0], [0.0,0.0], [0.0,0.0], [0.0,0.0], [0.0,0.0], [0.0,0.0], [0.0,0.0], [0.0,0.0], [0.0,0.0], [0.0,0.0], [0.0,0.0]]
ENTRY 3 Return_0 [[0.0,0.0], [0.0,0.0], [0.0,0.0], [0.0,0.0], [0.0,0.0], [0.0,0.0], [0.0,0.0], [0.0,0.0], [0.0,0.0], [0.0,0.0], [0.0,0.0], [0.0,0.0], [0.0,0.0], [0.0,0.0], [0.0,0.0], [0.0,0.0]]
EXIT 3 Return_0 [[0.0,0.0], [0.0,0.0], [0.0,0.0], [0.0,0.0], [0.0,0.0], [0.0,0.0], [0.0,0.0], [0.0,0.0], [0.0,0.0], [0.0,0.0], [0.0,0.0], [0.0,0.0], [0.0,0.0], [0.0,0.0], [0.0,0.0], [0.0,0.0]]
ENTRY 3 FunctionExit_11 [[0.0,0.0], [0.0,0.0], [0.0,0.0], [0.0,0.0], [0.0,0.0], [0.0,0.0], [0.0,0.0], [0.0,0.0], [0.0,0.0], [0.0,0.0], [0.0,0.0], [0.0,0.0], [0.0,0.0], [0.0,0.0], [0.0,0.0], [0.0,0.0]]
EXIT 3 FunctionExit_11 [[0.0,0.0], [0.0,0.0], [0.0,0.0], [0.0,0.0], [0.0,0.0], [0.0,0.0], [0.0,0.0], [0.0,0.0], [0.0,0.0], [0.0,0.0], [0.0,0.0], [0.0,0.0], [0.0,0.0], [0.0,0.0], [0.0,0.0], [0.0,0.0]]
ENTRY 3 FunctionDefinition_12 [[0.0,0.0], [0.0,0.0], [0.0,0.0], [0.0,0.0], [0.0,0.0], [0.0,0.0], [0.0,0.0], [0.0,0.0], [0.0,0.0], [0.0,0.0], [0.0,0.0], [0.0,0.0], [0.0,0.0], [0.0,0.0], [0.0,0.0], [0.0,0.0]]
EXIT 3 FunctionDefinition_12 [[0.0,0.0], [0.0,0.0], [0.0,0.0], [0.0,0.0], [0.0,0.0], [0.0,0.0], [0.0,0.0], [0.0,0.0], [0.0,0.0], [0.0,0.0], [0.0,0.0], [0.0,0.0], [0.0,0.0], [0.0,0.0], [0.0,0.0], [0.0,0.0]]
ENTRY 3 FunctionEntry_12 [[0.0,0.0], [0.0,0.0], [0.0,0.0], [0.0,0.0], [0.0,0.0], [0.0,0.0], [0.0,0.0], [0.0,0.0], [0.0,0.0], [0.0,0.0], [0.0,0.0], [0.0,0.0], [0.0,0.0], [0.0,0.0], [0.0,0.0], [0.0,0.0]]
EXIT 3 FunctionEntry_12 [[0.0,0.0], [0.0,0.0], [0.0,0.0], [0.0,0.0], [0.0,0.0], [0.0,0.0], [0.0,0.0], [0.0,0.0], [0.0,0.0], [0.0,0.0], [0.0,0.0], [0.0,0.0], [0.0,0.0], [0.0,0.0], [0.0,0.0], [0.0,0.0]]
ENTRY 3 Return_1 [[0.0,0.0], [0.0,0.0], [0.0,0.0], [0.0,0.0], [0.0,0.0], [0.0,0.0], [0.0,0.0], [0.0,0.0], [0.0,0.0], [0.0,0.0], [0.0,0.0], [0.0,0.0], [0.0,0.0], [0.0,0.0], [0.0,0.0], [0.0,0.0]]
EXIT 3 Return_1 [[0.0,0.0], [0.0,0.0], [0.0,0.0], [0.0,0.0], [0.0,0.0], [0.0,0.0], [0.0,0.0], [0.0,0.0], [0.0,0.0], [0.0,0.0], [0.0,0.0], [0.0,0.0], [0.0,0.0], [0.0,0.0], [0.0,0.0], [0.0,0.0]]
ENTRY 3 FunctionExit_12 [[0.0,0.0], [0.0,0.0], [0.0,0.0], [0.0,0.0], [0.0,0.0], [0.0,0.0], [0.0,0.0], [0.0,0.0], [0.0,0.0], [0.0,0.0], [0.0,0.0], [0.0,0.0], [0.0,0.0], [0.0,0.0], [0.0,0.0], [0.0,0.0]]
EXIT 3 FunctionExit_12 [[0.0,0.0], [0.0,0.0], [0.0,0.0], [0.0,0.0], [0.0,0.0], [0.0,0.0], [0.0,0.0], [0.0,0.0], [0.0,0.0], [0.0,0.0], [0.0,0.0], [0.0,0.0], [0.0,0.0], [0.0,0.0], [0.0,0.0], [0.0,0.0]]
ENTRY 3 FunctionDefinition_13 [[0.0,0.0], [0.0,0.0], [0.0,0.0], [0.0,0.0], [0.0,0.0], [0.0,0.0], [0.0,0.0], [0.0,0.0], [0.0,0.0], [0.0,0.0], [0.0,0.0], [0.0,0.0], [0.0,0.0], [0.0,0.0], [0.0,0.0], [0.0,0.0]]
EXIT 3 FunctionDefinition_13 [[0.0,0.0], [0.0,0.0], [0.0,0.0], [0.0,0.0], [0.0,0.0], [0.0,0.0], [0.0,0.0], [0.0,0.0], [0.0,0.0], [0.0,0.0], [0.0,0.0], [0.0,0.0], [0.0,0.0], [0.0,0.0], [0.0,0.0], [0.0,0.0]]
ENTRY 3 FunctionEntry_13 [[0.0,0.0], [0.0,0.0], [0.0,0.0], [0.0,0.0], [0.0,0.0], [0.0,0.0], [0.0,0.0], [0.0,0.0], [0.0,0.0], [0.0,0.0], [0.0,0.0], [0.0,0.0], [0.0,0.0], [0.0,0.0], [0.0,0.0], [0.0,0.0]]
EXIT 3 FunctionEntry_13 [[0.0,0.0], [0.0,0.0], [0.0,0.0], [0.0,0.0], [0.0,0.0], [0.0,0.0], [0.0,0.0], [0.0,0.0], [0.0,0.0], [0.0,0.0], [0.0,0.0], [0.0,0.0], [0.0,0.0], [0.0,0.0], [0.0,0.0], [0.0,0.0]]
ENTRY 3 Return_2 [[0.0,0.0], [0.0,0.0], [0.0,0.0], [0.0,0.0], [0.0,0.0], [0.0,0.0], [0.0,0.0], [0.0,0.0], [0.0,0.0], [0.0,0.0], [0.0,0.0], [0.0,0.0], [0.0,0.0], [0.0,0.0], [0.0,0.0], [0.0,0.0]]
EXIT 3 Return_2 [[0.0,0.0], [0.0,0.0], [0.0,0.0], [0.0,0.0], [0.0,0.0], [0.0,0.0], [0.0,0.0], [0.0,0.0], [0.0,0.0], [0.0,0.0], [0.0,0.0], [0.0,0.0], [0.0,0.0], [0.0,0.0], [0.0,0.0], [0.0,0.0]]
ENTRY 3 FunctionExit_13 [[0.0,0.0], [0.0,0.0], [0.0,0.0], [0.0,0.0], [0.0,0.0], [0.0,0.0], [0.0,0.0], [0.0,0.0], [0.0,0.0], [0.0,0.0], [0.0,0.0], [0.0,0.0], [0.0,0.0], [0.0,0.0], [0.0,0.0], [0.0,0.0]]
EXIT 3 FunctionExit_13 [[0.0,0.0], [0.0,0.0], [0.0,0.0], [0.0,0.0], [0.0,0.0], [0.0,0.0], [0.0,0.0], [0.0,0.0], [0.0,0.0], [0.0,0.0], [0.0,0.0], [0.0,0.0], [0.0,0.0], [0.0,0.0], [0.0,0.0], [0.0,0.0]]
ENTRY 3 FunctionDefinition_14 [[0.0,0.0], [0.0,0.0], [0.0,0.0], [0.0,0.0], [0.0,0.0], [0.0,0.0], [0.0,0.0], [0.0,0.0], [0.0,0.0], [0.0,0.0], [0.0,0.0], [0.0,0.0], [0.0,0.0], [0.0,0.0], [0.0,0.0], [0.0,0.0]]
EXIT 3 FunctionDefinition_14 [[0.0,0.0], [0.0,0.0], [0.0,0.0], [0.0,0.0], [0.0,0.0], [0.0,0.0], [0.0,0.0], [0.0,0.0], [0.0,0.0], [0.0,0.0], [0.0,0.0], [0.0,0.0], [0.0,0.0], [0.0,0.0], [0.0,0.0], [0.0,0.0]]
ENTRY 3 FunctionEntry_14 [[0.0,0.0], [0.0,0.0], [0.0,0.0], [0.0,0.0], [0.0,0.0], [0.0,0.0], [0.0,0.0], [0.0,0.0], [0.0,0.0], [0.0,0.0], [0.0,0.0], [0.0,0.0], [0.0,0.0], [0.0,0.0], [0.0,0.0], [0.0,0.0]]
EXIT 3 FunctionEntry_14 [[0.0,0.0], [0.0,0.0], [0.0,0.0], [0.0,0.0], [0.0,0.0], [0.0,0.0], [0.0,0.0], [0.0,0.0], [0.0,0.0], [0.0,0.0], [0.0,0.0], [0.0,0.0], [0.0,0.0], [0.0,0.0], [0.0,0.0], [0.0,0.0]]
ENTRY 3 IfStatement_2 [[0.0,0.0], [0.0,0.0], [0.0,0.0], [0.0,0.0], [0.0,0.0], [0.0,0.0], [0.0,0.0], [0.0,0.0], [0.0,0.0], [0.0,0.0], [0.0,0.0], [0.0,0.0], [0.0,0.0], [0.0,0.0], [0.0,0.0], [0.0,0.0]]
EXIT 3 IfStatement_2 [[1.0,-1.0], [1.0,-1.0], [1.0,-1.0], [1.0,-1.0], [1.0,-1.0], [1.0,-1.0], [1.0,-1.0], [1.0,-1.0], [1.0,-1.0], [1.0,-1.0], [1.0,-1.0], [1.0,-1.0], [1.0,-1.0], [1.0,-1.0], [1.0,-1.0], [1.0,-1.0]]
ENTRY 3 Return_3 [[0.0,0.0], [0.0,0.0], [0.0,0.0], [0.0,0.0], [0.0,0.0], [0.0,0.0], [0.0,0.0], [0.0,0.0], [0.0,0.0], [0.0,0.0], [0.0,0.0], [0.0,0.0], [0.0,0.0], [0.0,0.0], [0.0,0.0], [0.0,0.0]]
EXIT 3 Return_3 [[0.0,0.0], [0.0,0.0], [0.0,0.0], [0.0,0.0], [0.0,0.0], [0.0,0.0], [0.0,0.0], [0.0,0.0], [0.0,0.0], [0.0,0.0], [0.0,0.0], [0.0,0.0], [0.0,0.0], [0.0,0.0], [0.0,0.0], [0.0,0.0]]
ENTRY 3 IfConditionJoin_2 [[0.0,0.0], [0.0,0.0], [0.0,0.0], [0.0,0.0], [0.0,0.0], [0.0,0.0], [0.0,0.0], [0.0,0.0], [0.0,0.0], [0.0,0.0], [0.0,0.0], [0.0,0.0], [0.0,0.0], [0.0,0.0], [0.0,0.0], [0.0,0.0]]
EXIT 3 IfConditionJoin_2 [[0.0,0.0], [0.0,0.0], [0.0,0.0], [0.0,0.0], [0.0,0.0], [0.0,0.0], [0.0,0.0], [0.0,0.0], [0.0,0.0], [0.0,0.0], [0.0,0.0], [0.0,0.0], [0.0,0.0], [0.0,0.0], [0.0,0.0], [0.0,0.0]]
ENTRY 3 FunctionExit_14 [[0.0,0.0], [0.0,0.0], [0.0,0.0], [0.0,0.0], [0.0,0.0], [0.0,0.0], [0.0,0.0], [0.0,0.0], [0.0,0.0], [0.0,0.0], [0.0,0.0], [0.0,0.0], [0.0,0.0], [0.0,0.0], [0.0,0.0], [0.0,0.0]]
EXIT 3 FunctionExit_14 [[0.0,0.0], [0.0,0.0], [0.0,0.0], [0.0,0.0], [0.0,0.0], [0.0,0.0], [0.0,0.0], [0.0,0.0], [0.0,0.0], [0.0,0.0], [0.0,0.0], [0.0,0.0], [0.0,0.0], [0.0,0.0], [0.0,0.0], [0.0,0.0]]
ENTRY 3 Return_4 [[0.0,0.0], [0.0,0.0], [0.0,0.0], [0.0,0.0], [0.0,0.0], [0.0,0.0], [0.0,0.0], [0.0,0.0], [0.0,0.0], [0.0,0.0], [0.0,0.0], [0.0,0.0], [0.0,0.0], [0.0,0.0], [0.0,0.0], [0.0,0.0]]
EXIT 3 Return_4 [[0.0,0.0], [0.0,0.0], [0.0,0.0], [0.0,0.0], [0.0,0.0], [0.0,0.0], [0.0,0.0], [0.0,0.0], [0.0,0.0], [0.0,0.0], [0.0,0.0], [0.0,0.0], [0.0,0.0], [0.0,0.0], [0.0,0.0], [0.0,0.0]]
ENTRY 3 FunctionDefinition_15 [[0.0,0.0], [0.0,0.0], [0.0,0.0], [0.0,0.0], [0.0,0.0], [0.0,0.0], [0.0,0.0], [0.0,0.0], [0.0,0.0], [0.0,0.0], [0.0,0.0], [0.0,0.0], [0.0,0.0], [0.0,0.0], [0.0,0.0], [0.0,0.0]]
EXIT 3 FunctionDefinition_15 [[0.0,0.0], [0.0,0.0], [0.0,0.0], [0.0,0.0], [0.0,0.0], [0.0,0.0], [0.0,0.0], [0.0,0.0], [0.0,0.0], [0.0,0.0], [0.0,0.0], [0.0,0.0], [0.0,0.0], [0.0,0.0], [0.0,0.0], [0.0,0.0]]
ENTRY 3 FunctionEntry_15 [[0.0,0.0], [0.0,0.0], [0.0,0.0], [0.0,0.0], [0.0,0.0], [0.0,0.0], [0.0,0.0], [0.0,0.0], [0.0,0.0], [0.0,0.0], [0.0,0.0], [0.0,0.0], [0.0,0.0], [0.0,0.0], [0.0,0.0], [0.0,0.0]]
EXIT 3 FunctionEntry_15 [[0.0,0.0], [0.0,0.0], [0.0,0.0], [0.0,0.0], [0.0,0.0], [0.0,0.0], [0.0,0.0], [0.0,0.0], [0.0,0.0], [0.0,0.0], [0.0,0.0], [0.0,0.0], [0.0,0.0], [0.0,0.0], [0.0,0.0], [0.0,0.0]]
ENTRY 3 Return_5 [[0.0,0.0], [0.0,0.0], [0.0,0.0], [0.0,0.0], [0.0,0.0], [0.0,0.0], [0.0,0.0], [0.0,0.0], [0.0,0.0], [0.0,0.0], [0.0,0.0], [0.0,0.0], [0.0,0.0], [0.0,0.0], [0.0,0.0], [0.0,0.0]]
EXIT 3 Return_5 [[0.0,0.0], [0.0,0.0], [0.0,0.0], [0.0,0.0], [0.0,0.0], [0.0,0.0], [0.0,0.0], [0.0,0.0], [0.0,0.0], [0.0,0.0], [0.0,0.0], [0.0,0.0], [0.0,0.0], [0.0,0.0], [0.0,0.0], [0.0,0.0]]
ENTRY 3 FunctionExit_15 [[0.0,0.0], [0.0,0.0], [0.0,0.0], [0.0,0.0], [0.0,0.0], [0.0,0.0], [0.0,0.0], [0.0,0.0], [0.0,0.0], [0.0,0.0], [0.0,0.0], [0.0,0.0], [0.0,0.0], [0.0,0.0], [0.0,0.0], [0.0,0.0]]
EXIT 3 FunctionExit_15 [[0.0,0.0], [0.0,0.0], [0.0,0.0], [0.0,0.0], [0.0,0.0], [0.0,0.0], [0.0,0.0], [0.0,0.0], [0.0,0.0], [0.0,0.0], [0.0,0.0], [0.0,0.0], [0.0,0.0], [0.0,0.0], [0.0,0.0], [0.0,0.0]]
ENTRY 3 FunctionDefinition_16 [[0.0,0.0], [0.0,0.0], [0.0,0.0], [0.0,0.0], [0.0,0.0], [0.0,0.0], [0.0,0.0], [0.0,0.0], [0.0,0.0], [0.0,0.0], [0.0,0.0], [0.0,0.0], [0.0,0.0], [0.0,0.0], [0.0,0.0], [0.0,0.0]]
EXIT 3 FunctionDefinition_16 [[0.0,0.0], [0.0,0.0], [0.0,0.0], [0.0,0.0], [0.0,0.0], [0.0,0.0], [0.0,0.0], [0.0,0.0], [0.0,0.0], [0.0,0.0], [0.0,0.0], [0.0,0.0], [0.0,0.0], [0.0,0.0], [0.0,0.0], [0.0,0.0]]
ENTRY 3 FunctionEntry_16 [[0.0,0.0], [0.0,0.0], [0.0,0.0], [0.0,0.0], [0.0,0.0], [0.0,0.0], [0.0,0.0], [0.0,0.0], [0.0,0.0], [0.0,0.0], [0.0,0.0], [0.0,0.0], [0.0,0.0], [0.0,0.0], [0.0,0.0], [0.0,0.0]]
EXIT 3 FunctionEntry_16 [[0.0,0.0], [0.0,0.0], [0.0,0.0], [0.0,0.0], [0.0,0.0], [0.0,0.0], [0.0,0.0], [0.0,0.0], [0.0,0.0], [0.0,0.0], [0.0,0.0], [0.0,0.0], [0.0,0.0], [0.0,0.0], [0.0,0.0], [0.0,0.0]]
ENTRY 3 Return_6 [[0.0,0.0], [0.0,0.0], [0.0,0.0], [0.0,0.0], [0.0,0.0], [0.0,0.0], [0.0,0.0], [0.0,0.0], [0.0,0.0], [0.0,0.0], [0.0,0.0], [0.0,0.0], [0.0,0.0], [0.0,0.0], [0.0,0.0], [0.0,0.0]]
EXIT 3 Return_6 [[0.0,0.0], [0.0,0.0], [0.0,0.0], [0.0,0.0], [0.0,0.0], [0.0,0.0], [0.0,0.0], [0.0,0.0], [0.0,0.0], [0.0,0.0], [0.0,0.0], [0.0,0.0], [0.0,0.0], [0.0,0.0], [0.0,0.0], [0.0,0.0]]
ENTRY 3 FunctionExit_16 [[0.0,0.0], [0.0,0.0], [0.0,0.0], [0.0,0.0], [0.0,0.0], [0.0,0.0], [0.0,0.0], [0.0,0.0], [0.0,0.0], [0.0,0.0], [0.0,0.0], [0.0,0.0], [0.0,0.0], [0.0,0.0], [0.0,0.0], [0.0,0.0]]
EXIT 3 FunctionExit_16 [[0.0,0.0], [0.0,0.0], [0.0,0.0], [0.0,0.0], [0.0,0.0], [0.0,0.0], [0.0,0.0], [0.0,0.0], [0.0,0.0], [0.0,0.0], [0.0,0.0], [0.0,0.0], [0.0,0.0], [0.0,0.0], [0.0,0.0], [0.0,0.0]]
ENTRY 3 ContractDefinition_1 [[0.0,0.0], [0.0,0.0], [0.0,0.0], [0.0,0.0], [0.0,0.0], [0.0,0.0], [0.0,0.0], [0.0,0.0], [0.0,0.0], [0.0,0.0], [0.0,0.0], [0.0,0.0], [0.0,0.0], [0.0,0.0], [0.0,0.0], [0.0,0.0]]
EXIT 3 ContractDefinition_1 [[0.0,0.0], [0.0,0.0], [0.0,0.0], [0.0,0.0], [0.0,0.0], [0.0,0.0], [0.0,0.0], [0.0,0.0], [0.0,0.0], [0.0,0.0], [0.0,0.0], [0.0,0.0], [0.0,0.0], [0.0,0.0], [0.0,0.0], [0.0,0.0]]
ENTRY 3 FunctionDefinition_17 [[0.0,0.0], [0.0,0.0], [0.0,0.0], [0.0,0.0], [0.0,0.0], [0.0,0.0], [0.0,0.0], [0.0,0.0], [0.0,0.0], [0.0,0.0], [0.0,0.0], [0.0,0.0], [0.0,0.0], [0.0,0.0], [0.0,0.0], [0.0,0.0]]
EXIT 3 FunctionDefinition_17 [[0.0,0.0], [0.0,0.0], [0.0,0.0], [0.0,0.0], [0.0,0.0], [0.0,0.0], [0.0,0.0], [0.0,0.0], [0.0,0.0], [0.0,0.0], [0.0,0.0], [0.0,0.0], [0.0,0.0], [0.0,0.0], [0.0,0.0], [0.0,0.0]]
ENTRY 3 FunctionEntry_17 [[0.0,0.0], [0.0,0.0], [0.0,0.0], [0.0,0.0], [0.0,0.0], [0.0,0.0], [0.0,0.0], [0.0,0.0], [0.0,0.0], [0.0,0.0], [0.0,0.0], [0.0,0.0], [0.0,0.0], [0.0,0.0], [0.0,0.0], [0.0,0.0]]
EXIT 3 FunctionEntry_17 [[0.0,0.0], [0.0,0.0], [0.0,0.0], [0.0,0.0], [0.0,0.0], [0.0,0.0], [0.0,0.0], [0.0,0.0], [0.0,0.0], [0.0,0.0], [0.0,0.0], [0.0,0.0], [0.0,0.0], [0.0,0.0], [0.0,0.0], [0.0,0.0]]
