
===== OVERFLOW / UNDERFLOW (Box domain, original source) =====
ENTRY 1 SourceEntry_0 [[0.0,0.0], [0.0,0.0], [0.0,0.0], [0.0,0.0], [0.0,0.0], [0.0,0.0], [0.0,0.0], [0.0,0.0], [0.0,0.0], [0.0,0.0], [0.0,0.0], [0.0,0.0], [0.0,0.0], [0.0,0.0], [0.0,0.0], [0.0,0.0], [0.0,0.0], [0.0,0.0]]
EXIT 1 SourceEntry_0 [[0.0,0.0], [0.0,0.0], [0.0,0.0], [0.0,0.0], [0.0,0.0], [0.0,0.0], [0.0,0.0], [0.0,0.0], [0.0,0.0], [0.0,0.0], [0.0,0.0], [0.0,0.0], [0.0,0.0], [0.0,0.0], [0.0,0.0], [0.0,0.0], [0.0,0.0], [0.0,0.0]]
ENTRY 1 SourceUnit_0 [[0.0,0.0], [0.0,0.0], [0.0,0.0], [0.0,0.0], [0.0,0.0], [0.0,0.0], [0.0,0.0], [0.0,0.0], [0.0,0.0], [0.0,0.0], [0.0,0.0], [0.0,0.0], [0.0,0.0], [0.0,0.0], [0.0,0.0], [0.0,0.0], [0.0,0.0], [0.0,0.0]]
EXIT 1 SourceUnit_0 [[0.0,0.0], [0.0,0.0], [0.0,0.0], [0.0,0.0], [0.0,0.0], [0.0,0.0], [0.0,0.0], [0.0,0.0], [0.0,0.0], [0.0,0.0], [0.0,0.0], [0.0,0.0], [0.0,0.0], [0.0,0.0], [0.0,0.0], [0.0,0.0], [0.0,0.0], [0.0,0.0]]
ENTRY 1 PragmaDirective_0 [[0.0,0.0], [0.0,0.0], [0.0,0.0], [0.0,0.0], [0.0,0.0], [0.0,0.0], [0.0,0.0], [0.0,0.0], [0.0,0.0], [0.0,0.0], [0.0,0.0], [0.0,0.0], [0.0,0.0], [0.0,0.0], [0.0,0.0], [0.0,0.0], [0.0,0.0], [0.0,0.0]]
EXIT 1 PragmaDirective_0 [[0.0,0.0], [0.0,0.0], [0.0,0.0], [0.0,0.0], [0.0,0.0], [0.0,0.0], [0.0,0.0], [0.0,0.0], [0.0,0.0], [0.0,0.0], [0.0,0.0], [0.0,0.0], [0.0,0.0], [0.0,0.0], [0.0,0.0], [0.0,0.0], [0.0,0.0], [0.0,0.0]]
ENTRY 1 SourceExit_0 [[0.0,0.0], [0.0,0.0], [0.0,0.0], [0.0,0.0], [0.0,0.0], [0.0,0.0], [0.0,0.0], [0.0,0.0], [0.0,0.0], [0.0,0.0], [0.0,0.0], [0.0,0.0], [0.0,0.0], [0.0,0.0], [0.0,0.0], [0.0,0.0], [0.0,0.0], [0.0,0.0]]
EXIT 1 SourceExit_0 [[0.0,0.0], [0.0,0.0], [0.0,0.0], [0.0,0.0], [0.0,0.0], [0.0,0.0], [0.0,0.0], [0.0,0.0], [0.0,0.0], [0.0,0.0], [0.0,0.0], [0.0,0.0], [0.0,0.0], [0.0,0.0], [0.0,0.0], [0.0,0.0], [0.0,0.0], [0.0,0.0]]
ENTRY 1 ContractDefinition_0 [[0.0,0.0], [0.0,0.0], [0.0,0.0], [0.0,0.0], [0.0,0.0], [0.0,0.0], [0.0,0.0], [0.0,0.0], [0.0,0.0], [0.0,0.0], [0.0,0.0], [0.0,0.0], [0.0,0.0], [0.0,0.0], [0.0,0.0], [0.0,0.0], [0.0,0.0], [0.0,0.0]]
EXIT 1 ContractDefinition_0 [[0.0,0.0], [0.0,0.0], [0.0,0.0], [0.0,0.0], [0.0,0.0], [0.0,0.0], [0.0,0.0], [0.0,0.0], [0.0,0.0], [0.0,0.0], [0.0,0.0], [0.0,0.0], [0.0,0.0], [0.0,0.0], [0.0,0.0], [0.0,0.0], [0.0,0.0], [0.0,0.0]]
ENTRY 1 VariableDeclaration_0 [[0.0,0.0], [0.0,0.0], [0.0,0.0], [0.0,0.0], [0.0,0.0], [0.0,0.0], [0.0,0.0], [0.0,0.0], [0.0,0.0], [0.0,0.0], [0.0,0.0], [0.0,0.0], [0.0,0.0], [0.0,0.0], [0.0,0.0], [0.0,0.0], [0.0,0.0], [0.0,0.0]]
EXIT 1 VariableDeclaration_0 [[0.0,0.0], [0.0,0.0], [0.0,0.0], [0.0,0.0], [0.0,0.0], [0.0,0.0], [0.0,0.0], [0.0,0.0], [0.0,0.0], [0.0,0.0], [0.0,0.0], [0.0,0.0], [0.0,0.0], [0.0,0.0], [0.0,0.0], [0.0,0.0], [0.0,0.0], [0.0,0.0]]
ENTRY 1 VariableDeclaration_1 [[0.0,0.0], [0.0,0.0], [0.0,0.0], [0.0,0.0], [0.0,0.0], [0.0,0.0], [0.0,0.0], [0.0,0.0], [0.0,0.0], [0.0,0.0], [0.0,0.0], [0.0,0.0], [0.0,0.0], [0.0,0.0], [0.0,0.0], [0.0,0.0], [0.0,0.0], [0.0,0.0]]
EXIT 1 VariableDeclaration_1 [[0.0,0.0], [0.0,0.0], [0.0,0.0], [0.0,0.0], [0.0,0.0], [0.0,0.0], [0.0,0.0], [0.0,0.0], [0.0,0.0], [0.0,0.0], [0.0,0.0], [0.0,0.0], [0.0,0.0], [0.0,0.0], [0.0,0.0], [0.0,0.0], [0.0,0.0], [0.0,0.0]]
ENTRY 1 VariableDeclaration_2 [[0.0,0.0], [0.0,0.0], [0.0,0.0], [0.0,0.0], [0.0,0.0], [0.0,0.0], [0.0,0.0], [0.0,0.0], [0.0,0.0], [0.0,0.0], [0.0,0.0], [0.0,0.0], [0.0,0.0], [0.0,0.0], [0.0,0.0], [0.0,0.0], [0.0,0.0], [0.0,0.0]]
EXIT 1 VariableDeclaration_2 [[0.0,0.0], [0.0,0.0], [0.0,0.0], [0.0,0.0], [0.0,0.0], [0.0,0.0], [0.0,0.0], [0.0,0.0], [0.0,0.0], [0.0,0.0], [0.0,0.0], [0.0,0.0], [0.0,0.0], [0.0,0.0], [0.0,0.0], [0.0,0.0], [0.0,0.0], [0.0,0.0]]
ENTRY 1 VariableDeclaration_3 [[0.0,0.0], [0.0,0.0], [0.0,0.0], [0.0,0.0], [0.0,0.0], [0.0,0.0], [0.0,0.0], [0.0,0.0], [0.0,0.0], [0.0,0.0], [0.0,0.0], [0.0,0.0], [0.0,0.0], [0.0,0.0], [0.0,0.0], [0.0,0.0], [0.0,0.0], [0.0,0.0]]
EXIT 1 VariableDeclaration_3 [[0.0,0.0], [0.0,0.0], [0.0,0.0], [0.0,0.0], [0.0,0.0], [0.0,0.0], [0.0,0.0], [0.0,0.0], [0.0,0.0], [0.0,0.0], [0.0,0.0], [0.0,0.0], [0.0,0.0], [0.0,0.0], [0.0,0.0], [0.0,0.0], [0.0,0.0], [0.0,0.0]]
ENTRY 1 VariableDeclaration_4 [[0.0,0.0], [0.0,0.0], [0.0,0.0], [0.0,0.0], [0.0,0.0], [0.0,0.0], [0.0,0.0], [0.0,0.0], [0.0,0.0], [0.0,0.0], [0.0,0.0], [0.0,0.0], [0.0,0.0], [0.0,0.0], [0.0,0.0], [0.0,0.0], [0.0,0.0], [0.0,0.0]]
EXIT 1 VariableDeclaration_4 [[0.0,0.0], [0.0,0.0], [0.0,0.0], [0.0,0.0], [0.0,0.0], [0.0,0.0], [0.0,0.0], [0.0,0.0], [0.0,0.0], [0.0,0.0], [0.0,0.0], [0.0,0.0], [0.0,0.0], [0.0,0.0], [0.0,0.0], [0.0,0.0], [0.0,0.0], [0.0,0.0]]
ENTRY 1 VariableDeclaration_5 [[0.0,0.0], [0.0,0.0], [0.0,0.0], [0.0,0.0], [0.0,0.0], [0.0,0.0], [0.0,0.0], [0.0,0.0], [0.0,0.0], [0.0,0.0], [0.0,0.0], [0.0,0.0], [0.0,0.0], [0.0,0.0], [0.0,0.0], [0.0,0.0], [0.0,0.0], [0.0,0.0]]
EXIT 1 VariableDeclaration_5 [[0.0,0.0], [0.0,0.0], [0.0,0.0], [0.0,0.0], [0.0,0.0], [0.0,0.0], [0.0,0.0], [0.0,0.0], [0.0,0.0], [0.0,0.0], [0.0,0.0], [0.0,0.0], [0.0,0.0], [0.0,0.0], [0.0,0.0], [0.0,0.0], [0.0,0.0], [0.0,0.0]]
ENTRY 1 VariableDeclaration_6 [[0.0,0.0], [0.0,0.0], [0.0,0.0], [0.0,0.0], [0.0,0.0], [0.0,0.0], [0.0,0.0], [0.0,0.0], [0.0,0.0], [0.0,0.0], [0.0,0.0], [0.0,0.0], [0.0,0.0], [0.0,0.0], [0.0,0.0], [0.0,0.0], [0.0,0.0], [0.0,0.0]]
EXIT 1 VariableDeclaration_6 [[0.0,0.0], [0.0,0.0], [0.0,0.0], [0.0,0.0], [0.0,0.0], [0.0,0.0], [0.0,0.0], [0.0,0.0], [0.0,0.0], [0.0,0.0], [0.0,0.0], [0.0,0.0], [0.0,0.0], [0.0,0.0], [0.0,0.0], [0.0,0.0], [0.0,0.0], [0.0,0.0]]
ENTRY 1 VariableDeclaration_7 [[0.0,0.0], [0.0,0.0], [0.0,0.0], [0.0,0.0], [0.0,0.0], [0.0,0.0], [0.0,0.0], [0.0,0.0], [0.0,0.0], [0.0,0.0], [0.0,0.0], [0.0,0.0], [0.0,0.0], [0.0,0.0], [0.0,0.0], [0.0,0.0], [0.0,0.0], [0.0,0.0]]
EXIT 1 VariableDeclaration_7 [[0.0,0.0], [0.0,0.0], [0.0,0.0], [0.0,0.0], [0.0,0.0], [0.0,0.0], [0.0,0.0], [43200.0,43200.0], [0.0,0.0], [0.0,0.0], [0.0,0.0], [0.0,0.0], [0.0,0.0], [0.0,0.0], [0.0,0.0], [0.0,0.0], [0.0,0.0], [0.0,0.0]]
ENTRY 1 VariableDeclaration_8 [[0.0,0.0], [0.0,0.0], [0.0,0.0], [0.0,0.0], [0.0,0.0], [0.0,0.0], [0.0,0.0], [0.0,0.0], [0.0,0.0], [0.0,0.0], [0.0,0.0], [0.0,0.0], [0.0,0.0], [0.0,0.0], [0.0,0.0], [0.0,0.0], [0.0,0.0], [0.0,0.0]]
EXIT 1 VariableDeclaration_8 [[0.0,0.0], [0.0,0.0], [0.0,0.0], [0.0,0.0], [0.0,0.0], [0.0,0.0], [0.0,0.0], [0.0,0.0], [0.0,0.0], [0.0,0.0], [0.0,0.0], [0.0,0.0], [0.0,0.0], [0.0,0.0], [0.0,0.0], [0.0,0.0], [0.0,0.0], [0.0,0.0]]
ENTRY 1 FunctionDefinition_0 [[0.0,0.0], [0.0,0.0], [0.0,0.0], [0.0,0.0], [0.0,0.0], [0.0,0.0], [0.0,0.0], [0.0,0.0], [0.0,0.0], [0.0,0.0], [0.0,0.0], [0.0,0.0], [0.0,0.0], [0.0,0.0], [0.0,0.0], [0.0,0.0], [0.0,0.0], [0.0,0.0]]
EXIT 1 FunctionDefinition_0 [[0.0,0.0], [0.0,0.0], [0.0,0.0], [0.0,0.0], [0.0,0.0], [0.0,0.0], [0.0,0.0], [0.0,0.0], [0.0,0.0], [0.0,0.0], [0.0,0.0], [0.0,0.0], [0.0,0.0], [0.0,0.0], [0.0,0.0], [0.0,0.0], [0.0,0.0], [0.0,0.0]]
ENTRY 1 FunctionEntry_0 [[0.0,0.0], [0.0,0.0], [0.0,0.0], [0.0,0.0], [0.0,0.0], [0.0,0.0], [0.0,0.0], [0.0,0.0], [0.0,0.0], [0.0,0.0], [0.0,0.0], [0.0,0.0], [0.0,0.0], [0.0,0.0], [0.0,0.0], [0.0,0.0], [0.0,0.0], [0.0,0.0]]
EXIT 1 FunctionEntry_0 [[0.0,0.0], [0.0,0.0], [0.0,0.0], [0.0,0.0], [0.0,0.0], [0.0,0.0], [0.0,0.0], [0.0,0.0], [0.0,0.0], [0.0,0.0], [0.0,0.0], [0.0,0.0], [0.0,0.0], [0.0,0.0], [0.0,0.0], [0.0,0.0], [0.0,0.0], [0.0,0.0]]
ENTRY 1 ExpressionStatement_0 [[0.0,0.0], [0.0,0.0], [0.0,0.0], [0.0,0.0], [0.0,0.0], [0.0,0.0], [0.0,0.0], [0.0,0.0], [0.0,0.0], [0.0,0.0], [0.0,0.0], [0.0,0.0], [0.0,0.0], [0.0,0.0], [0.0,0.0], [0.0,0.0], [0.0,0.0], [0.0,0.0]]
EXIT 1 ExpressionStatement_0 [[0.0,0.0], [0.0,0.0], [-Infinity,Infinity], [0.0,0.0], [0.0,0.0], [0.0,0.0], [0.0,0.0], [0.0,0.0], [0.0,0.0], [0.0,0.0], [0.0,0.0], [0.0,0.0], [0.0,0.0], [0.0,0.0], [0.0,0.0], [0.0,0.0], [0.0,0.0], [0.0,0.0]]
ENTRY 1 ExpressionStatement_1 [[0.0,0.0], [0.0,0.0], [-Infinity,Infinity], [0.0,0.0], [0.0,0.0], [0.0,0.0], [0.0,0.0], [0.0,0.0], [0.0,0.0], [0.0,0.0], [0.0,0.0], [0.0,0.0], [0.0,0.0], [0.0,0.0], [0.0,0.0], [0.0,0.0], [0.0,0.0], [0.0,0.0]]
EXIT 1 ExpressionStatement_1 [[0.0,0.0], [0.0,0.0], [-Infinity,Infinity], [0.0,0.0], [0.0,0.0], [-Infinity,Infinity], [0.0,0.0], [0.0,0.0], [0.0,0.0], [0.0,0.0], [0.0,0.0], [0.0,0.0], [0.0,0.0], [0.0,0.0], [0.0,0.0], [0.0,0.0], [0.0,0.0], [0.0,0.0]]
ENTRY 1 ExpressionStatement_2 [[0.0,0.0], [0.0,0.0], [-Infinity,Infinity], [0.0,0.0], [0.0,0.0], [-Infinity,Infinity], [0.0,0.0], [0.0,0.0], [0.0,0.0], [0.0,0.0], [0.0,0.0], [0.0,0.0], [0.0,0.0], [0.0,0.0], [0.0,0.0], [0.0,0.0], [0.0,0.0], [0.0,0.0]]
EXIT 1 ExpressionStatement_2 [[0.0,0.0], [-Infinity,Infinity], [-Infinity,Infinity], [0.0,0.0], [0.0,0.0], [-Infinity,Infinity], [0.0,0.0], [0.0,0.0], [0.0,0.0], [0.0,0.0], [0.0,0.0], [0.0,0.0], [0.0,0.0], [0.0,0.0], [0.0,0.0], [0.0,0.0], [0.0,0.0], [0.0,0.0]]
ENTRY 1 FunctionExit_0 [[0.0,0.0], [-Infinity,Infinity], [-Infinity,Infinity], [0.0,0.0], [0.0,0.0], [-Infinity,Infinity], [0.0,0.0], [0.0,0.0], [0.0,0.0], [0.0,0.0], [0.0,0.0], [0.0,0.0], [0.0,0.0], [0.0,0.0], [0.0,0.0], [0.0,0.0], [0.0,0.0], [0.0,0.0]]
EXIT 1 FunctionExit_0 [[0.0,0.0], [-Infinity,Infinity], [-Infinity,Infinity], [0.0,0.0], [0.0,0.0], [-Infinity,Infinity], [0.0,0.0], [0.0,0.0], [0.0,0.0], [0.0,0.0], [0.0,0.0], [0.0,0.0], [0.0,0.0], [0.0,0.0], [0.0,0.0], [0.0,0.0], [0.0,0.0], [0.0,0.0]]
ENTRY 1 FunctionDefinition_1 [[0.0,0.0], [-Infinity,Infinity], [-Infinity,Infinity], [0.0,0.0], [0.0,0.0], [-Infinity,Infinity], [0.0,0.0], [0.0,0.0], [0.0,0.0], [0.0,0.0], [0.0,0.0], [0.0,0.0], [0.0,0.0], [0.0,0.0], [0.0,0.0], [0.0,0.0], [0.0,0.0], [0.0,0.0]]
EXIT 1 FunctionDefinition_1 [[0.0,0.0], [-Infinity,Infinity], [-Infinity,Infinity], [0.0,0.0], [0.0,0.0], [-Infinity,Infinity], [0.0,0.0], [0.0,0.0], [0.0,0.0], [0.0,0.0], [0.0,0.0], [0.0,0.0], [0.0,0.0], [0.0,0.0], [0.0,0.0], [0.0,0.0], [0.0,0.0], [0.0,0.0]]
ENTRY 1 FunctionEntry_1 [[0.0,0.0], [-Infinity,Infinity], [-Infinity,Infinity], [0.0,0.0], [0.0,0.0], [-Infinity,Infinity], [0.0,0.0], [0.0,0.0], [0.0,0.0], [0.0,0.0], [0.0,0.0], [0.0,0.0], [0.0,0.0], [0.0,0.0], [0.0,0.0], [0.0,0.0], [0.0,0.0], [0.0,0.0]]
EXIT 1 FunctionEntry_1 [[0.0,0.0], [-Infinity,Infinity], [-Infinity,Infinity], [0.0,0.0], [0.0,0.0], [-Infinity,Infinity], [0.0,0.0], [0.0,0.0], [0.0,0.0], [0.0,0.0], [0.0,0.0], [0.0,0.0], [0.0,0.0], [0.0,0.0], [0.0,0.0], [0.0,0.0], [0.0,0.0], [0.0,0.0]]
ENTRY 1 VariableDeclarationStatement_0 [[0.0,0.0], [-Infinity,Infinity], [-Infinity,Infinity], [0.0,0.0], [0.0,0.0], [-Infinity,Infinity], [0.0,0.0], [0.0,0.0], [0.0,0.0], [0.0,0.0], [0.0,0.0], [0.0,0.0], [0.0,0.0], [0.0,0.0], [0.0,0.0], [0.0,0.0], [0.0,0.0], [0.0,0.0]]
EXIT 1 VariableDeclarationStatement_0 [[0.0,0.0], [-Infinity,Infinity], [-Infinity,Infinity], [0.0,0.0], [0.0,0.0], [-Infinity,Infinity], [0.0,0.0], [0.0,0.0], [0.0,0.0], [-Infinity,Infinity], [0.0,0.0], [0.0,0.0], [0.0,0.0], [0.0,0.0], [0.0,0.0], [0.0,0.0], [0.0,0.0], [0.0,0.0]]
ENTRY 1 IfStatement_0 [[0.0,0.0], [-Infinity,Infinity], [-Infinity,Infinity], [0.0,0.0], [0.0,0.0], [-Infinity,Infinity], [0.0,0.0], [0.0,0.0], [0.0,0.0], [-Infinity,Infinity], [0.0,0.0], [0.0,0.0], [0.0,0.0], [0.0,0.0], [0.0,0.0], [0.0,0.0], [0.0,0.0], [0.0,0.0]]
EXIT 1 IfStatement_0 [[1.0,-1.0], [1.0,-1.0], [1.0,-1.0], [1.0,-1.0], [1.0,-1.0], [1.0,-1.0], [1.0,-1.0], [1.0,-1.0], [1.0,-1.0], [1.0,-1.0], [1.0,-1.0], [1.0,-1.0], [1.0,-1.0], [1.0,-1.0], [1.0,-1.0], [1.0,-1.0], [1.0,-1.0], [1.0,-1.0]]
ENTRY 1 ExpressionStatement_3 [[0.0,0.0], [-Infinity,Infinity], [-Infinity,Infinity], [0.0,0.0], [0.0,0.0], [-Infinity,Infinity], [0.0,0.0], [0.0,0.0], [0.0,0.0], [-Infinity,Infinity], [0.0,0.0], [0.0,0.0], [0.0,0.0], [0.0,0.0], [0.0,0.0], [0.0,0.0], [0.0,0.0], [0.0,0.0]]
EXIT 1 ExpressionStatement_3 [[0.0,0.0], [-Infinity,Infinity], [-Infinity,Infinity], [0.0,0.0], [0.0,0.0], [-Infinity,Infinity], [0.0,0.0], [0.0,0.0], [0.0,0.0], [-Infinity,Infinity], [0.0,0.0], [0.0,0.0], [0.0,0.0], [0.0,0.0], [0.0,0.0], [0.0,0.0], [0.0,0.0], [0.0,0.0]]
ENTRY 1 ExpressionStatement_4 [[0.0,0.0], [-Infinity,Infinity], [-Infinity,Infinity], [0.0,0.0], [0.0,0.0], [-Infinity,Infinity], [0.0,0.0], [0.0,0.0], [0.0,0.0], [-Infinity,Infinity], [0.0,0.0], [0.0,0.0], [0.0,0.0], [0.0,0.0], [0.0,0.0], [0.0,0.0], [0.0,0.0], [0.0,0.0]]
EXIT 1 ExpressionStatement_4 [[0.0,0.0], [-Infinity,Infinity], [-Infinity,Infinity], [0.0,0.0], [0.0,0.0], [-Infinity,Infinity], [0.0,0.0], [0.0,0.0], [0.0,0.0], [-Infinity,Infinity], [0.0,0.0], [0.0,0.0], [0.0,0.0], [0.0,0.0], [0.0,0.0], [0.0,0.0], [0.0,0.0], [0.0,0.0]]
ENTRY 1 ExpressionStatement_5 [[0.0,0.0], [-Infinity,Infinity], [-Infinity,Infinity], [0.0,0.0], [0.0,0.0], [-Infinity,Infinity], [0.0,0.0], [0.0,0.0], [0.0,0.0], [-Infinity,Infinity], [0.0,0.0], [0.0,0.0], [0.0,0.0], [0.0,0.0], [0.0,0.0], [0.0,0.0], [0.0,0.0], [0.0,0.0]]
EXIT 1 ExpressionStatement_5 [[0.0,0.0], [-Infinity,Infinity], [-Infinity,Infinity], [0.0,0.0], [0.0,0.0], [-Infinity,Infinity], [0.0,0.0], [0.0,0.0], [0.0,0.0], [-Infinity,Infinity], [0.0,0.0], [0.0,0.0], [0.0,0.0], [0.0,0.0], [0.0,0.0], [0.0,0.0], [0.0,0.0], [0.0,0.0]]
ENTRY 1 ExpressionStatement_6 [[0.0,0.0], [-Infinity,Infinity], [-Infinity,Infinity], [0.0,0.0], [0.0,0.0], [-Infinity,Infinity], [0.0,0.0], [0.0,0.0], [0.0,0.0], [-Infinity,Infinity], [0.0,0.0], [0.0,0.0], [0.0,0.0], [0.0,0.0], [0.0,0.0], [0.0,0.0], [0.0,0.0], [0.0,0.0]]
EXIT 1 ExpressionStatement_6 [[0.0,0.0], [-Infinity,Infinity], [-Infinity,Infinity], [0.0,0.0], [0.0,0.0], [-Infinity,Infinity], [0.0,0.0], [0.0,0.0], [0.0,0.0], [-Infinity,Infinity], [0.0,0.0], [0.0,0.0], [0.0,0.0], [0.0,0.0], [0.0,0.0], [0.0,0.0], [0.0,0.0], [0.0,0.0]]
ENTRY 1 ExpressionStatement_7 [[0.0,0.0], [-Infinity,Infinity], [-Infinity,Infinity], [0.0,0.0], [0.0,0.0], [-Infinity,Infinity], [0.0,0.0], [0.0,0.0], [0.0,0.0], [-Infinity,Infinity], [0.0,0.0], [0.0,0.0], [0.0,0.0], [0.0,0.0], [0.0,0.0], [0.0,0.0], [0.0,0.0], [0.0,0.0]]
EXIT 1 ExpressionStatement_7 [[0.0,0.0], [-Infinity,Infinity], [-Infinity,Infinity], [0.0,0.0], [0.0,0.0], [-Infinity,Infinity], [0.0,0.0], [0.0,0.0], [0.0,0.0], [-Infinity,Infinity], [0.0,0.0], [0.0,0.0], [0.0,0.0], [0.0,0.0], [0.0,0.0], [0.0,0.0], [0.0,0.0], [0.0,0.0]]
ENTRY 1 ExpressionStatement_8 [[0.0,0.0], [-Infinity,Infinity], [-Infinity,Infinity], [0.0,0.0], [0.0,0.0], [-Infinity,Infinity], [0.0,0.0], [0.0,0.0], [0.0,0.0], [-Infinity,Infinity], [0.0,0.0], [0.0,0.0], [0.0,0.0], [0.0,0.0], [0.0,0.0], [0.0,0.0], [0.0,0.0], [0.0,0.0]]
EXIT 1 ExpressionStatement_8 [[0.0,0.0], [-Infinity,Infinity], [0.0,0.0], [0.0,0.0], [0.0,0.0], [-Infinity,Infinity], [0.0,0.0], [0.0,0.0], [0.0,0.0], [-Infinity,Infinity], [0.0,0.0], [0.0,0.0], [0.0,0.0], [0.0,0.0], [0.0,0.0], [0.0,0.0], [0.0,0.0], [0.0,0.0]]
ENTRY 1 ExpressionStatement_9 [[0.0,0.0], [-Infinity,Infinity], [0.0,0.0], [0.0,0.0], [0.0,0.0], [-Infinity,Infinity], [0.0,0.0], [0.0,0.0], [0.0,0.0], [-Infinity,Infinity], [0.0,0.0], [0.0,0.0], [0.0,0.0], [0.0,0.0], [0.0,0.0], [0.0,0.0], [0.0,0.0], [0.0,0.0]]
EXIT 1 ExpressionStatement_9 [[0.0,0.0], [-Infinity,Infinity], [0.0,0.0], [-Infinity,Infinity], [0.0,0.0], [-Infinity,Infinity], [0.0,0.0], [0.0,0.0], [0.0,0.0], [-Infinity,Infinity], [0.0,0.0], [0.0,0.0], [0.0,0.0], [0.0,0.0], [0.0,0.0], [0.0,0.0], [0.0,0.0], [0.0,0.0]]
ENTRY 1 ExpressionStatement_10 [[0.0,0.0], [-Infinity,Infinity], [0.0,0.0], [-Infinity,Infinity], [0.0,0.0], [-Infinity,Infinity], [0.0,0.0], [0.0,0.0], [0.0,0.0], [-Infinity,Infinity], [0.0,0.0], [0.0,0.0], [0.0,0.0], [0.0,0.0], [0.0,0.0], [0.0,0.0], [0.0,0.0], [0.0,0.0]]
EXIT 1 ExpressionStatement_10 [[0.0,0.0], [-Infinity,Infinity], [0.0,0.0], [-Infinity,Infinity], [-Infinity,Infinity], [-Infinity,Infinity], [0.0,0.0], [0.0,0.0], [0.0,0.0], [-Infinity,Infinity], [0.0,0.0], [0.0,0.0], [0.0,0.0], [0.0,0.0], [0.0,0.0], [0.0,0.0], [0.0,0.0], [0.0,0.0]]
ENTRY 1 ExpressionStatement_11 [[0.0,0.0], [-Infinity,Infinity], [0.0,0.0], [-Infinity,Infinity], [-Infinity,Infinity], [-Infinity,Infinity], [0.0,0.0], [0.0,0.0], [0.0,0.0], [-Infinity,Infinity], [0.0,0.0], [0.0,0.0], [0.0,0.0], [0.0,0.0], [0.0,0.0], [0.0,0.0], [0.0,0.0], [0.0,0.0]]
EXIT 1 ExpressionStatement_11 [[0.0,0.0], [-Infinity,Infinity], [0.0,0.0], [-Infinity,Infinity], [-Infinity,Infinity], [-Infinity,Infinity], [0.0,0.0], [0.0,0.0], [1.0,1.0], [-Infinity,Infinity], [0.0,0.0], [0.0,0.0], [0.0,0.0], [0.0,0.0], [0.0,0.0], [0.0,0.0], [0.0,0.0], [0.0,0.0]]
ENTRY 1 Return_0 [[0.0,0.0], [-Infinity,Infinity], [0.0,0.0], [-Infinity,Infinity], [-Infinity,Infinity], [-Infinity,Infinity], [0.0,0.0], [0.0,0.0], [1.0,1.0], [-Infinity,Infinity], [0.0,0.0], [0.0,0.0], [0.0,0.0], [0.0,0.0], [0.0,0.0], [0.0,0.0], [0.0,0.0], [0.0,0.0]]
EXIT 1 Return_0 [[0.0,0.0], [-Infinity,Infinity], [0.0,0.0], [-Infinity,Infinity], [-Infinity,Infinity], [-Infinity,Infinity], [0.0,0.0], [0.0,0.0], [1.0,1.0], [-Infinity,Infinity], [0.0,0.0], [0.0,0.0], [0.0,0.0], [0.0,0.0], [0.0,0.0], [0.0,0.0], [0.0,0.0], [0.0,0.0]]
ENTRY 1 IfConditionJoin_0 [[0.0,0.0], [-Infinity,Infinity], [0.0,0.0], [-Infinity,Infinity], [-Infinity,Infinity], [-Infinity,Infinity], [0.0,0.0], [0.0,0.0], [1.0,1.0], [-Infinity,Infinity], [0.0,0.0], [0.0,0.0], [0.0,0.0], [0.0,0.0], [0.0,0.0], [0.0,0.0], [0.0,0.0], [0.0,0.0]]
EXIT 1 IfConditionJoin_0 [[0.0,0.0], [-Infinity,Infinity], [0.0,0.0], [-Infinity,Infinity], [-Infinity,Infinity], [-Infinity,Infinity], [0.0,0.0], [0.0,0.0], [1.0,1.0], [-Infinity,Infinity], [0.0,0.0], [0.0,0.0], [0.0,0.0], [0.0,0.0], [0.0,0.0], [0.0,0.0], [0.0,0.0], [0.0,0.0]]
ENTRY 1 FunctionExit_1 [[0.0,0.0], [-Infinity,Infinity], [0.0,0.0], [-Infinity,Infinity], [-Infinity,Infinity], [-Infinity,Infinity], [0.0,0.0], [0.0,0.0], [1.0,1.0], [-Infinity,Infinity], [0.0,0.0], [0.0,0.0], [0.0,0.0], [0.0,0.0], [0.0,0.0], [0.0,0.0], [0.0,0.0], [0.0,0.0]]
EXIT 1 FunctionExit_1 [[0.0,0.0], [-Infinity,Infinity], [0.0,0.0], [-Infinity,Infinity], [-Infinity,Infinity], [-Infinity,Infinity], [0.0,0.0], [0.0,0.0], [1.0,1.0], [-Infinity,Infinity], [0.0,0.0], [0.0,0.0], [0.0,0.0], [0.0,0.0], [0.0,0.0], [0.0,0.0], [0.0,0.0], [0.0,0.0]]
ENTRY 1 IfStatement_1 [[0.0,0.0], [-Infinity,Infinity], [-Infinity,Infinity], [0.0,0.0], [0.0,0.0], [-Infinity,Infinity], [0.0,0.0], [0.0,0.0], [0.0,0.0], [-Infinity,Infinity], [0.0,0.0], [0.0,0.0], [0.0,0.0], [0.0,0.0], [0.0,0.0], [0.0,0.0], [0.0,0.0], [0.0,0.0]]
EXIT 1 IfStatement_1 [[1.0,-1.0], [1.0,-1.0], [1.0,-1.0], [1.0,-1.0], [1.0,-1.0], [1.0,-1.0], [1.0,-1.0], [1.0,-1.0], [1.0,-1.0], [1.0,-1.0], [1.0,-1.0], [1.0,-1.0], [1.0,-1.0], [1.0,-1.0], [1.0,-1.0], [1.0,-1.0], [1.0,-1.0], [1.0,-1.0]]
ENTRY 1 ExpressionStatement_12 [[0.0,0.0], [-Infinity,Infinity], [-Infinity,Infinity], [0.0,0.0], [0.0,0.0], [-Infinity,Infinity], [0.0,0.0], [0.0,0.0], [0.0,0.0], [-Infinity,Infinity], [0.0,0.0], [0.0,0.0], [0.0,0.0], [0.0,0.0], [0.0,0.0], [0.0,0.0], [0.0,0.0], [0.0,0.0]]
EXIT 1 ExpressionStatement_12 [[0.0,0.0], [-Infinity,Infinity], [-Infinity,Infinity], [0.0,0.0], [0.0,0.0], [-Infinity,Infinity], [0.0,0.0], [0.0,0.0], [0.0,0.0], [-Infinity,Infinity], [0.0,0.0], [0.0,0.0], [0.0,0.0], [0.0,0.0], [0.0,0.0], [0.0,0.0], [0.0,0.0], [0.0,0.0]]
ENTRY 1 ExpressionStatement_13 [[0.0,0.0], [-Infinity,Infinity], [-Infinity,Infinity], [0.0,0.0], [0.0,0.0], [-Infinity,Infinity], [0.0,0.0], [0.0,0.0], [0.0,0.0], [-Infinity,Infinity], [0.0,0.0], [0.0,0.0], [0.0,0.0], [0.0,0.0], [0.0,0.0], [0.0,0.0], [0.0,0.0], [0.0,0.0]]
EXIT 1 ExpressionStatement_13 [[0.0,0.0], [-Infinity,Infinity], [-Infinity,Infinity], [0.0,0.0], [0.0,0.0], [-Infinity,Infinity], [0.0,0.0], [0.0,0.0], [0.0,0.0], [-Infinity,Infinity], [0.0,0.0], [0.0,0.0], [0.0,0.0], [0.0,0.0], [0.0,0.0], [0.0,0.0], [0.0,0.0], [0.0,0.0]]
ENTRY 1 ExpressionStatement_14 [[0.0,0.0], [-Infinity,Infinity], [-Infinity,Infinity], [0.0,0.0], [0.0,0.0], [-Infinity,Infinity], [0.0,0.0], [0.0,0.0], [0.0,0.0], [-Infinity,Infinity], [0.0,0.0], [0.0,0.0], [0.0,0.0], [0.0,0.0], [0.0,0.0], [0.0,0.0], [0.0,0.0], [0.0,0.0]]
EXIT 1 ExpressionStatement_14 [[0.0,0.0], [-Infinity,Infinity], [-Infinity,Infinity], [0.0,0.0], [0.0,0.0], [-Infinity,Infinity], [0.0,0.0], [0.0,0.0], [0.0,0.0], [-Infinity,Infinity], [0.0,0.0], [0.0,0.0], [0.0,0.0], [0.0,0.0], [0.0,0.0], [0.0,0.0], [0.0,0.0], [0.0,0.0]]
ENTRY 1 ExpressionStatement_15 [[0.0,0.0], [-Infinity,Infinity], [-Infinity,Infinity], [0.0,0.0], [0.0,0.0], [-Infinity,Infinity], [0.0,0.0], [0.0,0.0], [0.0,0.0], [-Infinity,Infinity], [0.0,0.0], [0.0,0.0], [0.0,0.0], [0.0,0.0], [0.0,0.0], [0.0,0.0], [0.0,0.0], [0.0,0.0]]
EXIT 1 ExpressionStatement_15 [[0.0,0.0], [-Infinity,Infinity], [-Infinity,Infinity], [0.0,0.0], [0.0,0.0], [-Infinity,Infinity], [0.0,0.0], [0.0,0.0], [0.0,0.0], [-Infinity,Infinity], [0.0,0.0], [0.0,0.0], [0.0,0.0], [0.0,0.0], [0.0,0.0], [0.0,0.0], [0.0,0.0], [0.0,0.0]]
ENTRY 1 IfStatement_2 [[0.0,0.0], [-Infinity,Infinity], [-Infinity,Infinity], [0.0,0.0], [0.0,0.0], [-Infinity,Infinity], [0.0,0.0], [0.0,0.0], [0.0,0.0], [-Infinity,Infinity], [0.0,0.0], [0.0,0.0], [0.0,0.0], [0.0,0.0], [0.0,0.0], [0.0,0.0], [0.0,0.0], [0.0,0.0]]
EXIT 1 IfStatement_2 [[1.0,-1.0], [1.0,-1.0], [1.0,-1.0], [1.0,-1.0], [1.0,-1.0], [1.0,-1.0], [1.0,-1.0], [1.0,-1.0], [1.0,-1.0], [1.0,-1.0], [1.0,-1.0], [1.0,-1.0], [1.0,-1.0], [1.0,-1.0], [1.0,-1.0], [1.0,-1.0], [1.0,-1.0], [1.0,-1.0]]
ENTRY 1 ExpressionStatement_16 [[0.0,0.0], [-Infinity,Infinity], [-Infinity,Infinity], [0.0,0.0], [0.0,0.0], [-Infinity,Infinity], [0.0,0.0], [0.0,0.0], [0.0,0.0], [-Infinity,Infinity], [0.0,0.0], [0.0,0.0], [0.0,0.0], [0.0,0.0], [0.0,0.0], [0.0,0.0], [0.0,0.0], [0.0,0.0]]
EXIT 1 ExpressionStatement_16 [[0.0,0.0], [-Infinity,Infinity], [-Infinity,Infinity], [0.0,0.0], [0.0,0.0], [-Infinity,Infinity], [0.0,0.0], [0.0,0.0], [0.0,0.0], [-Infinity,Infinity], [0.0,0.0], [0.0,0.0], [0.0,0.0], [0.0,0.0], [0.0,0.0], [0.0,0.0], [0.0,0.0], [0.0,0.0]]
ENTRY 1 IfConditionJoin_2 [[0.0,0.0], [-Infinity,Infinity], [-Infinity,Infinity], [0.0,0.0], [0.0,0.0], [-Infinity,Infinity], [0.0,0.0], [0.0,0.0], [0.0,0.0], [-Infinity,Infinity], [0.0,0.0], [0.0,0.0], [0.0,0.0], [0.0,0.0], [0.0,0.0], [0.0,0.0], [0.0,0.0], [0.0,0.0]]
EXIT 1 IfConditionJoin_2 [[0.0,0.0], [-Infinity,Infinity], [-Infinity,Infinity], [0.0,0.0], [0.0,0.0], [-Infinity,Infinity], [0.0,0.0], [0.0,0.0], [0.0,0.0], [-Infinity,Infinity], [0.0,0.0], [0.0,0.0], [0.0,0.0], [0.0,0.0], [0.0,0.0], [0.0,0.0], [0.0,0.0], [0.0,0.0]]
ENTRY 1 IfStatement_3 [[0.0,0.0], [-Infinity,Infinity], [-Infinity,Infinity], [0.0,0.0], [0.0,0.0], [-Infinity,Infinity], [0.0,0.0], [0.0,0.0], [0.0,0.0], [-Infinity,Infinity], [0.0,0.0], [0.0,0.0], [0.0,0.0], [0.0,0.0], [0.0,0.0], [0.0,0.0], [0.0,0.0], [0.0,0.0]]
EXIT 1 IfStatement_3 [[1.0,-1.0], [1.0,-1.0], [1.0,-1.0], [1.0,-1.0], [1.0,-1.0], [1.0,-1.0], [1.0,-1.0], [1.0,-1.0], [1.0,-1.0], [1.0,-1.0], [1.0,-1.0], [1.0,-1.0], [1.0,-1.0], [1.0,-1.0], [1.0,-1.0], [1.0,-1.0], [1.0,-1.0], [1.0,-1.0]]
ENTRY 1 ExpressionStatement_17 [[0.0,0.0], [-Infinity,Infinity], [-Infinity,Infinity], [0.0,0.0], [0.0,0.0], [-Infinity,Infinity], [0.0,0.0], [0.0,0.0], [0.0,0.0], [-Infinity,Infinity], [0.0,0.0], [0.0,0.0], [0.0,0.0], [0.0,0.0], [0.0,0.0], [0.0,0.0], [0.0,0.0], [0.0,0.0]]
EXIT 1 ExpressionStatement_17 [[0.0,0.0], [-Infinity,Infinity], [-Infinity,Infinity], [0.0,0.0], [0.0,0.0], [-Infinity,Infinity], [0.0,0.0], [0.0,0.0], [0.0,0.0], [-Infinity,Infinity], [0.0,0.0], [0.0,0.0], [0.0,0.0], [0.0,0.0], [0.0,0.0], [0.0,0.0], [0.0,0.0], [0.0,0.0]]
ENTRY 1 IfConditionJoin_3 [[0.0,0.0], [-Infinity,Infinity], [-Infinity,Infinity], [0.0,0.0], [0.0,0.0], [-Infinity,Infinity], [0.0,0.0], [0.0,0.0], [0.0,0.0], [-Infinity,Infinity], [0.0,0.0], [0.0,0.0], [0.0,0.0], [0.0,0.0], [0.0,0.0], [0.0,0.0], [0.0,0.0], [0.0,0.0]]
EXIT 1 IfConditionJoin_3 [[0.0,0.0], [-Infinity,Infinity], [-Infinity,Infinity], [0.0,0.0], [0.0,0.0], [-Infinity,Infinity], [0.0,0.0], [0.0,0.0], [0.0,0.0], [-Infinity,Infinity], [0.0,0.0], [0.0,0.0], [0.0,0.0], [0.0,0.0], [0.0,0.0], [0.0,0.0], [0.0,0.0], [0.0,0.0]]
ENTRY 1 ExpressionStatement_18 [[0.0,0.0], [-Infinity,Infinity], [-Infinity,Infinity], [0.0,0.0], [0.0,0.0], [-Infinity,Infinity], [0.0,0.0], [0.0,0.0], [0.0,0.0], [-Infinity,Infinity], [0.0,0.0], [0.0,0.0], [0.0,0.0], [0.0,0.0], [0.0,0.0], [0.0,0.0], [0.0,0.0], [0.0,0.0]]
EXIT 1 ExpressionStatement_18 [[0.0,0.0], [-Infinity,Infinity], [-Infinity,Infinity], [0.0,0.0], [0.0,0.0], [-Infinity,Infinity], [-Infinity,Infinity], [0.0,0.0], [0.0,0.0], [-Infinity,Infinity], [0.0,0.0], [0.0,0.0], [0.0,0.0], [0.0,0.0], [0.0,0.0], [0.0,0.0], [0.0,0.0], [0.0,0.0]]
ENTRY 1 IfStatement_4 [[0.0,0.0], [-Infinity,Infinity], [-Infinity,Infinity], [0.0,0.0], [0.0,0.0], [-Infinity,Infinity], [-Infinity,Infinity], [0.0,0.0], [0.0,0.0], [-Infinity,Infinity], [0.0,0.0], [0.0,0.0], [0.0,0.0], [0.0,0.0], [0.0,0.0], [0.0,0.0], [0.0,0.0], [0.0,0.0]]
EXIT 1 IfStatement_4 [[1.0,-1.0], [1.0,-1.0], [1.0,-1.0], [1.0,-1.0], [1.0,-1.0], [1.0,-1.0], [1.0,-1.0], [1.0,-1.0], [1.0,-1.0], [1.0,-1.0], [1.0,-1.0], [1.0,-1.0], [1.0,-1.0], [1.0,-1.0], [1.0,-1.0], [1.0,-1.0], [1.0,-1.0], [1.0,-1.0]]
ENTRY 1 ExpressionStatement_19 [[0.0,0.0], [-Infinity,Infinity], [-Infinity,Infinity], [0.0,0.0], [0.0,0.0], [-Infinity,Infinity], [-Infinity,Infinity], [0.0,0.0], [0.0,0.0], [-Infinity,Infinity], [0.0,0.0], [0.0,0.0], [0.0,0.0], [0.0,0.0], [0.0,0.0], [0.0,0.0], [0.0,0.0], [0.0,0.0]]
EXIT 1 ExpressionStatement_19 [[0.0,0.0], [-Infinity,Infinity], [-Infinity,Infinity], [0.0,0.0], [0.0,0.0], [-Infinity,Infinity], [-Infinity,Infinity], [0.0,0.0], [0.0,0.0], [-Infinity,Infinity], [0.0,0.0], [0.0,0.0], [0.0,0.0], [0.0,0.0], [0.0,0.0], [0.0,0.0], [0.0,0.0], [0.0,0.0]]
ENTRY 1 ExpressionStatement_20 [[0.0,0.0], [-Infinity,Infinity], [-Infinity,Infinity], [0.0,0.0], [0.0,0.0], [-Infinity,Infinity], [-Infinity,Infinity], [0.0,0.0], [0.0,0.0], [-Infinity,Infinity], [0.0,0.0], [0.0,0.0], [0.0,0.0], [0.0,0.0], [0.0,0.0], [0.0,0.0], [0.0,0.0], [0.0,0.0]]
EXIT 1 ExpressionStatement_20 [[0.0,0.0], [-Infinity,Infinity], [-Infinity,Infinity], [-Infinity,Infinity], [0.0,0.0], [-Infinity,Infinity], [-Infinity,Infinity], [0.0,0.0], [0.0,0.0], [-Infinity,Infinity], [0.0,0.0], [0.0,0.0], [0.0,0.0], [0.0,0.0], [0.0,0.0], [0.0,0.0], [0.0,0.0], [0.0,0.0]]
ENTRY 1 ExpressionStatement_21 [[0.0,0.0], [-Infinity,Infinity], [-Infinity,Infinity], [-Infinity,Infinity], [0.0,0.0], [-Infinity,Infinity], [-Infinity,Infinity], [0.0,0.0], [0.0,0.0], [-Infinity,Infinity], [0.0,0.0], [0.0,0.0], [0.0,0.0], [0.0,0.0], [0.0,0.0], [0.0,0.0], [0.0,0.0], [0.0,0.0]]
EXIT 1 ExpressionStatement_21 [[1.0,1.0], [-Infinity,Infinity], [-Infinity,Infinity], [-Infinity,Infinity], [0.0,0.0], [-Infinity,Infinity], [-Infinity,Infinity], [0.0,0.0], [0.0,0.0], [-Infinity,Infinity], [0.0,0.0], [0.0,0.0], [0.0,0.0], [0.0,0.0], [0.0,0.0], [0.0,0.0], [0.0,0.0], [0.0,0.0]]
ENTRY 1 IfConditionJoin_4 [[0.0,1.0], [-Infinity,Infinity], [-Infinity,Infinity], [-Infinity,Infinity], [0.0,0.0], [-Infinity,Infinity], [-Infinity,Infinity], [0.0,0.0], [0.0,0.0], [-Infinity,Infinity], [0.0,0.0], [0.0,0.0], [0.0,0.0], [0.0,0.0], [0.0,0.0], [0.0,0.0], [0.0,0.0], [0.0,0.0]]
EXIT 1 IfConditionJoin_4 [[0.0,1.0], [-Infinity,Infinity], [-Infinity,Infinity], [-Infinity,Infinity], [0.0,0.0], [-Infinity,Infinity], [-Infinity,Infinity], [0.0,0.0], [0.0,0.0], [-Infinity,Infinity], [0.0,0.0], [0.0,0.0], [0.0,0.0], [0.0,0.0], [0.0,0.0], [0.0,0.0], [0.0,0.0], [0.0,0.0]]
ENTRY 1 Return_1 [[0.0,1.0], [-Infinity,Infinity], [-Infinity,Infinity], [-Infinity,Infinity], [0.0,0.0], [-Infinity,Infinity], [-Infinity,Infinity], [0.0,0.0], [0.0,0.0], [-Infinity,Infinity], [0.0,0.0], [0.0,0.0], [0.0,0.0], [0.0,0.0], [0.0,0.0], [0.0,0.0], [0.0,0.0], [0.0,0.0]]
EXIT 1 Return_1 [[0.0,1.0], [-Infinity,Infinity], [-Infinity,Infinity], [-Infinity,Infinity], [0.0,0.0], [-Infinity,Infinity], [-Infinity,Infinity], [0.0,0.0], [0.0,0.0], [-Infinity,Infinity], [0.0,0.0], [0.0,0.0], [0.0,0.0], [0.0,0.0], [0.0,0.0], [0.0,0.0], [0.0,0.0], [0.0,0.0]]
ENTRY 1 IfConditionJoin_1 [[0.0,1.0], [-Infinity,Infinity], [-Infinity,Infinity], [-Infinity,Infinity], [0.0,0.0], [-Infinity,Infinity], [-Infinity,Infinity], [0.0,0.0], [0.0,0.0], [-Infinity,Infinity], [0.0,0.0], [0.0,0.0], [0.0,0.0], [0.0,0.0], [0.0,0.0], [0.0,0.0], [0.0,0.0], [0.0,0.0]]
EXIT 1 IfConditionJoin_1 [[0.0,1.0], [-Infinity,Infinity], [-Infinity,Infinity], [-Infinity,Infinity], [0.0,0.0], [-Infinity,Infinity], [-Infinity,Infinity], [0.0,0.0], [0.0,0.0], [-Infinity,Infinity], [0.0,0.0], [0.0,0.0], [0.0,0.0], [0.0,0.0], [0.0,0.0], [0.0,0.0], [0.0,0.0], [0.0,0.0]]
ENTRY 1 ExpressionStatement_22 [[0.0,0.0], [-Infinity,Infinity], [-Infinity,Infinity], [0.0,0.0], [0.0,0.0], [-Infinity,Infinity], [0.0,0.0], [0.0,0.0], [0.0,0.0], [-Infinity,Infinity], [0.0,0.0], [0.0,0.0], [0.0,0.0], [0.0,0.0], [0.0,0.0], [0.0,0.0], [0.0,0.0], [0.0,0.0]]
EXIT 1 ExpressionStatement_22 [[0.0,0.0], [-Infinity,Infinity], [-Infinity,Infinity], [0.0,0.0], [0.0,0.0], [-Infinity,Infinity], [0.0,0.0], [0.0,0.0], [0.0,0.0], [-Infinity,Infinity], [0.0,0.0], [0.0,0.0], [0.0,0.0], [0.0,0.0], [0.0,0.0], [0.0,0.0], [0.0,0.0], [0.0,0.0]]
ENTRY 1 Return_2 [[0.0,0.0], [-Infinity,Infinity], [-Infinity,Infinity], [0.0,0.0], [0.0,0.0], [-Infinity,Infinity], [0.0,0.0], [0.0,0.0], [0.0,0.0], [-Infinity,Infinity], [0.0,0.0], [0.0,0.0], [0.0,0.0], [0.0,0.0], [0.0,0.0], [0.0,0.0], [0.0,0.0], [0.0,0.0]]
EXIT 1 Return_2 [[0.0,0.0], [-Infinity,Infinity], [-Infinity,Infinity], [0.0,0.0], [0.0,0.0], [-Infinity,Infinity], [0.0,0.0], [0.0,0.0], [0.0,0.0], [-Infinity,Infinity], [0.0,0.0], [0.0,0.0], [0.0,0.0], [0.0,0.0], [0.0,0.0], [0.0,0.0], [0.0,0.0], [0.0,0.0]]
ENTRY 1 FunctionDefinition_2 [[0.0,0.0], [-Infinity,Infinity], [0.0,0.0], [-Infinity,Infinity], [-Infinity,Infinity], [-Infinity,Infinity], [0.0,0.0], [0.0,0.0], [1.0,1.0], [0.0,0.0], [0.0,0.0], [0.0,0.0], [0.0,0.0], [0.0,0.0], [0.0,0.0], [0.0,0.0], [0.0,0.0], [0.0,0.0]]
EXIT 1 FunctionDefinition_2 [[0.0,0.0], [-Infinity,Infinity], [0.0,0.0], [-Infinity,Infinity], [-Infinity,Infinity], [-Infinity,Infinity], [0.0,0.0], [0.0,0.0], [1.0,1.0], [0.0,0.0], [0.0,0.0], [0.0,0.0], [0.0,0.0], [0.0,0.0], [0.0,0.0], [0.0,0.0], [0.0,0.0], [0.0,0.0]]
ENTRY 1 FunctionEntry_2 [[0.0,0.0], [-Infinity,Infinity], [0.0,0.0], [-Infinity,Infinity], [-Infinity,Infinity], [-Infinity,Infinity], [0.0,0.0], [0.0,0.0], [1.0,1.0], [0.0,0.0], [0.0,0.0], [0.0,0.0], [0.0,0.0], [0.0,0.0], [0.0,0.0], [0.0,0.0], [0.0,0.0], [0.0,0.0]]
EXIT 1 FunctionEntry_2 [[0.0,0.0], [-Infinity,Infinity], [0.0,0.0], [-Infinity,Infinity], [-Infinity,Infinity], [-Infinity,Infinity], [0.0,0.0], [0.0,0.0], [1.0,1.0], [0.0,0.0], [0.0,0.0], [0.0,0.0], [0.0,0.0], [0.0,0.0], [0.0,0.0], [0.0,0.0], [0.0,0.0], [0.0,0.0]]
ENTRY 1 ExpressionStatement_23 [[0.0,0.0], [-Infinity,Infinity], [0.0,0.0], [-Infinity,Infinity], [-Infinity,Infinity], [-Infinity,Infinity], [0.0,0.0], [0.0,0.0], [1.0,1.0], [0.0,0.0], [0.0,0.0], [0.0,0.0], [0.0,0.0], [0.0,0.0], [0.0,0.0], [0.0,0.0], [0.0,0.0], [0.0,0.0]]
EXIT 1 ExpressionStatement_23 [[0.0,0.0], [-Infinity,Infinity], [0.0,0.0], [-Infinity,Infinity], [-Infinity,Infinity], [-Infinity,Infinity], [0.0,0.0], [0.0,0.0], [1.0,1.0], [0.0,0.0], [0.0,0.0], [0.0,0.0], [0.0,0.0], [0.0,0.0], [0.0,0.0], [0.0,0.0], [0.0,0.0], [0.0,0.0]]
ENTRY 1 FunctionExit_2 [[0.0,0.0], [-Infinity,Infinity], [0.0,0.0], [-Infinity,Infinity], [-Infinity,Infinity], [-Infinity,Infinity], [0.0,0.0], [0.0,0.0], [1.0,1.0], [0.0,0.0], [0.0,0.0], [0.0,0.0], [0.0,0.0], [0.0,0.0], [0.0,0.0], [0.0,0.0], [0.0,0.0], [0.0,0.0]]
EXIT 1 FunctionExit_2 [[0.0,0.0], [-Infinity,Infinity], [0.0,0.0], [-Infinity,Infinity], [-Infinity,Infinity], [-Infinity,Infinity], [0.0,0.0], [0.0,0.0], [1.0,1.0], [0.0,0.0], [0.0,0.0], [0.0,0.0], [0.0,0.0], [0.0,0.0], [0.0,0.0], [0.0,0.0], [0.0,0.0], [0.0,0.0]]
ENTRY 1 FunctionDefinition_3 [[0.0,0.0], [-Infinity,Infinity], [0.0,0.0], [-Infinity,Infinity], [-Infinity,Infinity], [-Infinity,Infinity], [0.0,0.0], [0.0,0.0], [1.0,1.0], [0.0,0.0], [0.0,0.0], [0.0,0.0], [0.0,0.0], [0.0,0.0], [0.0,0.0], [0.0,0.0], [0.0,0.0], [0.0,0.0]]
EXIT 1 FunctionDefinition_3 [[0.0,0.0], [-Infinity,Infinity], [0.0,0.0], [-Infinity,Infinity], [-Infinity,Infinity], [-Infinity,Infinity], [0.0,0.0], [0.0,0.0], [1.0,1.0], [0.0,0.0], [0.0,0.0], [0.0,0.0], [0.0,0.0], [0.0,0.0], [0.0,0.0], [0.0,0.0], [0.0,0.0], [0.0,0.0]]
ENTRY 1 FunctionEntry_3 [[0.0,0.0], [-Infinity,Infinity], [0.0,0.0], [-Infinity,Infinity], [-Infinity,Infinity], [-Infinity,Infinity], [0.0,0.0], [0.0,0.0], [1.0,1.0], [0.0,0.0], [0.0,0.0], [0.0,0.0], [0.0,0.0], [0.0,0.0], [0.0,0.0], [0.0,0.0], [0.0,0.0], [0.0,0.0]]
EXIT 1 FunctionEntry_3 [[0.0,0.0], [-Infinity,Infinity], [0.0,0.0], [-Infinity,Infinity], [-Infinity,Infinity], [-Infinity,Infinity], [0.0,0.0], [0.0,0.0], [1.0,1.0], [0.0,0.0], [0.0,0.0], [0.0,0.0], [0.0,0.0], [0.0,0.0], [0.0,0.0], [0.0,0.0], [0.0,0.0], [0.0,0.0]]
ENTRY 1 VariableDeclarationStatement_1 [[0.0,0.0], [-Infinity,Infinity], [0.0,0.0], [-Infinity,Infinity], [-Infinity,Infinity], [-Infinity,Infinity], [0.0,0.0], [0.0,0.0], [1.0,1.0], [0.0,0.0], [0.0,0.0], [0.0,0.0], [0.0,0.0], [0.0,0.0], [0.0,0.0], [0.0,0.0], [0.0,0.0], [0.0,0.0]]
EXIT 1 VariableDeclarationStatement_1 [[0.0,0.0], [-Infinity,Infinity], [0.0,0.0], [-Infinity,Infinity], [-Infinity,Infinity], [-Infinity,Infinity], [0.0,0.0], [0.0,0.0], [1.0,1.0], [0.0,0.0], [0.0,0.0], [0.0,0.0], [0.0,0.0], [0.0,0.0], [0.0,0.0], [0.0,0.0], [0.0,0.0], [0.0,0.0]]
ENTRY 1 ForLoopContinue_0 [[0.0,0.0], [-Infinity,Infinity], [0.0,0.0], [-Infinity,Infinity], [-Infinity,Infinity], [-Infinity,Infinity], [0.0,0.0], [0.0,0.0], [1.0,1.0], [0.0,0.0], [0.0,0.0], [0.0,0.0], [0.0,0.0], [0.0,0.0], [0.0,0.0], [0.0,0.0], [0.0,0.0], [0.0,0.0]]
EXIT 1 ForLoopContinue_0 [[0.0,0.0], [-Infinity,Infinity], [0.0,0.0], [-Infinity,Infinity], [-Infinity,Infinity], [-Infinity,Infinity], [0.0,0.0], [0.0,0.0], [1.0,1.0], [0.0,0.0], [0.0,0.0], [0.0,0.0], [0.0,0.0], [0.0,0.0], [0.0,0.0], [0.0,0.0], [0.0,0.0], [0.0,0.0]]
ENTRY 1 ForStatement_0 [[0.0,0.0], [-Infinity,Infinity], [0.0,0.0], [-Infinity,Infinity], [-Infinity,Infinity], [-Infinity,Infinity], [0.0,0.0], [0.0,0.0], [1.0,1.0], [0.0,0.0], [0.0,0.0], [0.0,0.0], [0.0,0.0], [0.0,0.0], [0.0,0.0], [0.0,0.0], [0.0,0.0], [0.0,0.0]]
EXIT 1 ForStatement_0 [[1.0,-1.0], [1.0,-1.0], [1.0,-1.0], [1.0,-1.0], [1.0,-1.0], [1.0,-1.0], [1.0,-1.0], [1.0,-1.0], [1.0,-1.0], [1.0,-1.0], [1.0,-1.0], [1.0,-1.0], [1.0,-1.0], [1.0,-1.0], [1.0,-1.0], [1.0,-1.0], [1.0,-1.0], [1.0,-1.0]]
ENTRY 1 ForLoopJoin_0 [[0.0,0.0], [-Infinity,Infinity], [0.0,0.0], [-Infinity,Infinity], [-Infinity,Infinity], [-Infinity,Infinity], [0.0,0.0], [0.0,0.0], [1.0,1.0], [0.0,0.0], [0.0,0.0], [0.0,0.0], [0.0,0.0], [0.0,0.0], [0.0,0.0], [0.0,0.0], [0.0,0.0], [0.0,0.0]]
EXIT 1 ForLoopJoin_0 [[0.0,0.0], [-Infinity,Infinity], [0.0,0.0], [-Infinity,Infinity], [-Infinity,Infinity], [-Infinity,Infinity], [0.0,0.0], [0.0,0.0], [1.0,1.0], [0.0,0.0], [0.0,0.0], [0.0,0.0], [0.0,0.0], [0.0,0.0], [0.0,0.0], [0.0,0.0], [0.0,0.0], [0.0,0.0]]
ENTRY 1 FunctionExit_3 [[0.0,0.0], [-Infinity,Infinity], [0.0,0.0], [-Infinity,Infinity], [-Infinity,Infinity], [-Infinity,Infinity], [0.0,0.0], [0.0,0.0], [1.0,1.0], [0.0,0.0], [0.0,0.0], [0.0,0.0], [0.0,0.0], [0.0,0.0], [0.0,0.0], [0.0,0.0], [0.0,0.0], [0.0,0.0]]
EXIT 1 FunctionExit_3 [[0.0,0.0], [-Infinity,Infinity], [0.0,0.0], [-Infinity,Infinity], [-Infinity,Infinity], [-Infinity,Infinity], [0.0,0.0], [0.0,0.0], [1.0,1.0], [0.0,0.0], [0.0,0.0], [0.0,0.0], [0.0,0.0], [0.0,0.0], [0.0,0.0], [0.0,0.0], [0.0,0.0], [0.0,0.0]]
ENTRY 1 ExpressionStatement_24 [[0.0,0.0], [-Infinity,Infinity], [0.0,0.0], [-Infinity,Infinity], [-Infinity,Infinity], [-Infinity,Infinity], [0.0,0.0], [0.0,0.0], [1.0,1.0], [0.0,0.0], [0.0,0.0], [0.0,0.0], [0.0,0.0], [0.0,0.0], [0.0,0.0], [0.0,0.0], [0.0,0.0], [0.0,0.0]]
EXIT 1 ExpressionStatement_24 [[0.0,0.0], [-Infinity,Infinity], [0.0,0.0], [-Infinity,Infinity], [-Infinity,Infinity], [-Infinity,Infinity], [0.0,0.0], [0.0,0.0], [1.0,1.0], [0.0,0.0], [0.0,0.0], [0.0,0.0], [0.0,0.0], [0.0,0.0], [0.0,0.0], [0.0,0.0], [-Infinity,Infinity], [0.0,0.0]]
ENTRY 1 ExpressionStatement_25 [[0.0,0.0], [-Infinity,Infinity], [0.0,0.0], [-Infinity,Infinity], [-Infinity,Infinity], [-Infinity,Infinity], [0.0,0.0], [0.0,0.0], [1.0,1.0], [0.0,0.0], [0.0,0.0], [0.0,0.0], [0.0,0.0], [0.0,0.0], [0.0,0.0], [0.0,0.0], [-Infinity,Infinity], [0.0,0.0]]
EXIT 1 ExpressionStatement_25 [[0.0,0.0], [-Infinity,Infinity], [0.0,0.0], [-Infinity,Infinity], [-Infinity,Infinity], [-Infinity,Infinity], [0.0,0.0], [0.0,0.0], [1.0,1.0], [0.0,0.0], [0.0,0.0], [0.0,0.0], [0.0,0.0], [0.0,0.0], [0.0,0.0], [1.0,1.0], [-Infinity,Infinity], [0.0,0.0]]
ENTRY 1 FunctionDefinition_4 [[0.0,0.0], [-Infinity,Infinity], [0.0,0.0], [-Infinity,Infinity], [-Infinity,Infinity], [-Infinity,Infinity], [0.0,0.0], [0.0,0.0], [1.0,1.0], [0.0,0.0], [0.0,0.0], [0.0,0.0], [0.0,0.0], [0.0,0.0], [0.0,0.0], [0.0,0.0], [0.0,0.0], [0.0,0.0]]
EXIT 1 FunctionDefinition_4 [[0.0,0.0], [-Infinity,Infinity], [0.0,0.0], [-Infinity,Infinity], [-Infinity,Infinity], [-Infinity,Infinity], [0.0,0.0], [0.0,0.0], [1.0,1.0], [0.0,0.0], [0.0,0.0], [0.0,0.0], [0.0,0.0], [0.0,0.0], [0.0,0.0], [0.0,0.0], [0.0,0.0], [0.0,0.0]]
ENTRY 1 FunctionEntry_4 [[0.0,0.0], [-Infinity,Infinity], [0.0,0.0], [-Infinity,Infinity], [-Infinity,Infinity], [-Infinity,Infinity], [0.0,0.0], [0.0,0.0], [1.0,1.0], [0.0,0.0], [0.0,0.0], [0.0,0.0], [0.0,0.0], [0.0,0.0], [0.0,0.0], [0.0,0.0], [0.0,0.0], [0.0,0.0]]
EXIT 1 FunctionEntry_4 [[0.0,0.0], [-Infinity,Infinity], [0.0,0.0], [-Infinity,Infinity], [-Infinity,Infinity], [-Infinity,Infinity], [0.0,0.0], [0.0,0.0], [1.0,1.0], [0.0,0.0], [0.0,0.0], [0.0,0.0], [0.0,0.0], [0.0,0.0], [0.0,0.0], [0.0,0.0], [0.0,0.0], [0.0,0.0]]
ENTRY 1 VariableDeclarationStatement_2 [[0.0,0.0], [-Infinity,Infinity], [0.0,0.0], [-Infinity,Infinity], [-Infinity,Infinity], [-Infinity,Infinity], [0.0,0.0], [0.0,0.0], [1.0,1.0], [0.0,0.0], [0.0,0.0], [0.0,0.0], [0.0,0.0], [0.0,0.0], [0.0,0.0], [0.0,0.0], [0.0,0.0], [0.0,0.0]]
EXIT 1 VariableDeclarationStatement_2 [[0.0,0.0], [-Infinity,Infinity], [0.0,0.0], [-Infinity,Infinity], [-Infinity,Infinity], [-Infinity,Infinity], [0.0,0.0], [0.0,0.0], [1.0,1.0], [0.0,0.0], [0.0,0.0], [0.0,0.0], [0.0,0.0], [0.0,0.0], [0.0,0.0], [0.0,0.0], [0.0,0.0], [0.0,0.0]]
ENTRY 1 ForLoopContinue_1 [[0.0,0.0], [-Infinity,Infinity], [0.0,0.0], [-Infinity,Infinity], [-Infinity,Infinity], [-Infinity,Infinity], [0.0,0.0], [0.0,0.0], [1.0,1.0], [0.0,0.0], [0.0,0.0], [0.0,0.0], [0.0,0.0], [0.0,0.0], [0.0,0.0], [0.0,0.0], [0.0,0.0], [0.0,0.0]]
EXIT 1 ForLoopContinue_1 [[0.0,0.0], [-Infinity,Infinity], [0.0,0.0], [-Infinity,Infinity], [-Infinity,Infinity], [-Infinity,Infinity], [0.0,0.0], [0.0,0.0], [1.0,1.0], [0.0,0.0], [0.0,0.0], [0.0,0.0], [0.0,0.0], [0.0,0.0], [0.0,0.0], [0.0,0.0], [0.0,0.0], [0.0,0.0]]
ENTRY 1 ForStatement_1 [[0.0,0.0], [-Infinity,Infinity], [0.0,0.0], [-Infinity,Infinity], [-Infinity,Infinity], [-Infinity,Infinity], [0.0,0.0], [0.0,0.0], [1.0,1.0], [0.0,0.0], [0.0,0.0], [0.0,0.0], [0.0,0.0], [0.0,0.0], [0.0,0.0], [0.0,0.0], [0.0,0.0], [0.0,0.0]]
EXIT 1 ForStatement_1 [[1.0,-1.0], [1.0,-1.0], [1.0,-1.0], [1.0,-1.0], [1.0,-1.0], [1.0,-1.0], [1.0,-1.0], [1.0,-1.0], [1.0,-1.0], [1.0,-1.0], [1.0,-1.0], [1.0,-1.0], [1.0,-1.0], [1.0,-1.0], [1.0,-1.0], [1.0,-1.0], [1.0,-1.0], [1.0,-1.0]]
ENTRY 1 ForLoopJoin_1 [[0.0,0.0], [-Infinity,Infinity], [0.0,0.0], [-Infinity,Infinity], [-Infinity,Infinity], [-Infinity,Infinity], [0.0,0.0], [0.0,0.0], [1.0,1.0], [0.0,0.0], [0.0,0.0], [0.0,0.0], [0.0,0.0], [0.0,0.0], [0.0,0.0], [0.0,0.0], [0.0,0.0], [0.0,0.0]]
EXIT 1 ForLoopJoin_1 [[0.0,0.0], [-Infinity,Infinity], [0.0,0.0], [-Infinity,Infinity], [-Infinity,Infinity], [-Infinity,Infinity], [0.0,0.0], [0.0,0.0], [1.0,1.0], [0.0,0.0], [0.0,0.0], [0.0,0.0], [0.0,0.0], [0.0,0.0], [0.0,0.0], [0.0,0.0], [0.0,0.0], [0.0,0.0]]
ENTRY 1 FunctionExit_4 [[0.0,0.0], [-Infinity,Infinity], [0.0,0.0], [-Infinity,Infinity], [-Infinity,Infinity], [-Infinity,Infinity], [0.0,0.0], [0.0,0.0], [1.0,1.0], [0.0,0.0], [0.0,0.0], [0.0,0.0], [0.0,0.0], [0.0,0.0], [0.0,0.0], [0.0,0.0], [0.0,0.0], [0.0,0.0]]
EXIT 1 FunctionExit_4 [[0.0,0.0], [-Infinity,Infinity], [0.0,0.0], [-Infinity,Infinity], [-Infinity,Infinity], [-Infinity,Infinity], [0.0,0.0], [0.0,0.0], [1.0,1.0], [0.0,0.0], [0.0,0.0], [0.0,0.0], [0.0,0.0], [0.0,0.0], [0.0,0.0], [0.0,0.0], [0.0,0.0], [0.0,0.0]]
ENTRY 1 ExpressionStatement_26 [[0.0,0.0], [-Infinity,Infinity], [0.0,0.0], [-Infinity,Infinity], [-Infinity,Infinity], [-Infinity,Infinity], [0.0,0.0], [0.0,0.0], [1.0,1.0], [0.0,0.0], [0.0,0.0], [0.0,0.0], [0.0,0.0], [0.0,0.0], [0.0,0.0], [0.0,0.0], [0.0,0.0], [0.0,0.0]]
EXIT 1 ExpressionStatement_26 [[0.0,0.0], [-Infinity,Infinity], [0.0,0.0], [-Infinity,Infinity], [-Infinity,Infinity], [-Infinity,Infinity], [0.0,0.0], [0.0,0.0], [1.0,1.0], [0.0,0.0], [0.0,0.0], [0.0,0.0], [0.0,0.0], [0.0,0.0], [0.0,0.0], [0.0,0.0], [0.0,0.0], [-Infinity,Infinity]]
ENTRY 1 ExpressionStatement_27 [[0.0,0.0], [-Infinity,Infinity], [0.0,0.0], [-Infinity,Infinity], [-Infinity,Infinity], [-Infinity,Infinity], [0.0,0.0], [0.0,0.0], [1.0,1.0], [0.0,0.0], [0.0,0.0], [0.0,0.0], [0.0,0.0], [0.0,0.0], [0.0,0.0], [0.0,0.0], [0.0,0.0], [-Infinity,Infinity]]
EXIT 1 ExpressionStatement_27 [[0.0,0.0], [-Infinity,Infinity], [0.0,0.0], [-Infinity,Infinity], [-Infinity,Infinity], [-Infinity,Infinity], [0.0,0.0], [0.0,0.0], [1.0,1.0], [0.0,0.0], [0.0,0.0], [0.0,0.0], [0.0,0.0], [0.0,0.0], [0.0,0.0], [1.0,1.0], [0.0,0.0], [-Infinity,Infinity]]
ENTRY 1 FunctionDefinition_5 [[0.0,0.0], [-Infinity,Infinity], [0.0,0.0], [-Infinity,Infinity], [-Infinity,Infinity], [-Infinity,Infinity], [0.0,0.0], [0.0,0.0], [1.0,1.0], [0.0,0.0], [0.0,0.0], [0.0,0.0], [0.0,0.0], [0.0,0.0], [0.0,0.0], [0.0,0.0], [0.0,0.0], [0.0,0.0]]
EXIT 1 FunctionDefinition_5 [[0.0,0.0], [-Infinity,Infinity], [0.0,0.0], [-Infinity,Infinity], [-Infinity,Infinity], [-Infinity,Infinity], [0.0,0.0], [0.0,0.0], [1.0,1.0], [0.0,0.0], [0.0,0.0], [0.0,0.0], [0.0,0.0], [0.0,0.0], [0.0,0.0], [0.0,0.0], [0.0,0.0], [0.0,0.0]]
ENTRY 1 FunctionEntry_5 [[0.0,0.0], [-Infinity,Infinity], [0.0,0.0], [-Infinity,Infinity], [-Infinity,Infinity], [-Infinity,Infinity], [0.0,0.0], [0.0,0.0], [1.0,1.0], [0.0,0.0], [0.0,0.0], [0.0,0.0], [0.0,0.0], [0.0,0.0], [0.0,0.0], [0.0,0.0], [0.0,0.0], [0.0,0.0]]
EXIT 1 FunctionEntry_5 [[0.0,0.0], [-Infinity,Infinity], [0.0,0.0], [-Infinity,Infinity], [-Infinity,Infinity], [-Infinity,Infinity], [0.0,0.0], [0.0,0.0], [1.0,1.0], [0.0,0.0], [0.0,0.0], [0.0,0.0], [0.0,0.0], [0.0,0.0], [0.0,0.0], [0.0,0.0], [0.0,0.0], [0.0,0.0]]
ENTRY 1 ExpressionStatement_28 [[0.0,0.0], [-Infinity,Infinity], [0.0,0.0], [-Infinity,Infinity], [-Infinity,Infinity], [-Infinity,Infinity], [0.0,0.0], [0.0,0.0], [1.0,1.0], [0.0,0.0], [0.0,0.0], [0.0,0.0], [0.0,0.0], [0.0,0.0], [0.0,0.0], [0.0,0.0], [0.0,0.0], [0.0,0.0]]
EXIT 1 ExpressionStatement_28 [[0.0,0.0], [-Infinity,Infinity], [-Infinity,Infinity], [-Infinity,Infinity], [-Infinity,Infinity], [-Infinity,Infinity], [0.0,0.0], [0.0,0.0], [1.0,1.0], [0.0,0.0], [0.0,0.0], [0.0,0.0], [0.0,0.0], [0.0,0.0], [0.0,0.0], [0.0,0.0], [0.0,0.0], [0.0,0.0]]
ENTRY 1 FunctionExit_5 [[0.0,0.0], [-Infinity,Infinity], [-Infinity,Infinity], [-Infinity,Infinity], [-Infinity,Infinity], [-Infinity,Infinity], [0.0,0.0], [0.0,0.0], [1.0,1.0], [0.0,0.0], [0.0,0.0], [0.0,0.0], [0.0,0.0], [0.0,0.0], [0.0,0.0], [0.0,0.0], [0.0,0.0], [0.0,0.0]]
EXIT 1 FunctionExit_5 [[0.0,0.0], [-Infinity,Infinity], [-Infinity,Infinity], [-Infinity,Infinity], [-Infinity,Infinity], [-Infinity,Infinity], [0.0,0.0], [0.0,0.0], [1.0,1.0], [0.0,0.0], [0.0,0.0], [0.0,0.0], [0.0,0.0], [0.0,0.0], [0.0,0.0], [0.0,0.0], [0.0,0.0], [0.0,0.0]]
ENTRY 1 FunctionDefinition_6 [[0.0,0.0], [-Infinity,Infinity], [-Infinity,Infinity], [-Infinity,Infinity], [-Infinity,Infinity], [-Infinity,Infinity], [0.0,0.0], [0.0,0.0], [1.0,1.0], [0.0,0.0], [0.0,0.0], [0.0,0.0], [0.0,0.0], [0.0,0.0], [0.0,0.0], [0.0,0.0], [0.0,0.0], [0.0,0.0]]
EXIT 1 FunctionDefinition_6 [[0.0,0.0], [-Infinity,Infinity], [-Infinity,Infinity], [-Infinity,Infinity], [-Infinity,Infinity], [-Infinity,Infinity], [0.0,0.0], [0.0,0.0], [1.0,1.0], [0.0,0.0], [0.0,0.0], [0.0,0.0], [0.0,0.0], [0.0,0.0], [0.0,0.0], [0.0,0.0], [0.0,0.0], [0.0,0.0]]
ENTRY 1 FunctionEntry_6 [[0.0,0.0], [-Infinity,Infinity], [-Infinity,Infinity], [-Infinity,Infinity], [-Infinity,Infinity], [-Infinity,Infinity], [0.0,0.0], [0.0,0.0], [1.0,1.0], [0.0,0.0], [0.0,0.0], [0.0,0.0], [0.0,0.0], [0.0,0.0], [0.0,0.0], [0.0,0.0], [0.0,0.0], [0.0,0.0]]
EXIT 1 FunctionEntry_6 [[0.0,0.0], [-Infinity,Infinity], [-Infinity,Infinity], [-Infinity,Infinity], [-Infinity,Infinity], [-Infinity,Infinity], [0.0,0.0], [0.0,0.0], [1.0,1.0], [0.0,0.0], [0.0,0.0], [0.0,0.0], [0.0,0.0], [0.0,0.0], [0.0,0.0], [0.0,0.0], [0.0,0.0], [0.0,0.0]]
ENTRY 1 IfStatement_5 [[0.0,0.0], [-Infinity,Infinity], [-Infinity,Infinity], [-Infinity,Infinity], [-Infinity,Infinity], [-Infinity,Infinity], [0.0,0.0], [0.0,0.0], [1.0,1.0], [0.0,0.0], [0.0,0.0], [0.0,0.0], [0.0,0.0], [0.0,0.0], [0.0,0.0], [0.0,0.0], [0.0,0.0], [0.0,0.0]]
EXIT 1 IfStatement_5 [[1.0,-1.0], [1.0,-1.0], [1.0,-1.0], [1.0,-1.0], [1.0,-1.0], [1.0,-1.0], [1.0,-1.0], [1.0,-1.0], [1.0,-1.0], [1.0,-1.0], [1.0,-1.0], [1.0,-1.0], [1.0,-1.0], [1.0,-1.0], [1.0,-1.0], [1.0,-1.0], [1.0,-1.0], [1.0,-1.0]]
ENTRY 1 ExpressionStatement_29 [[0.0,0.0], [-Infinity,Infinity], [-Infinity,Infinity], [-Infinity,Infinity], [-Infinity,Infinity], [-Infinity,Infinity], [0.0,0.0], [0.0,0.0], [1.0,1.0], [0.0,0.0], [0.0,0.0], [0.0,0.0], [0.0,0.0], [0.0,0.0], [0.0,0.0], [0.0,0.0], [0.0,0.0], [0.0,0.0]]
EXIT 1 ExpressionStatement_29 [[0.0,0.0], [-Infinity,Infinity], [-Infinity,Infinity], [-Infinity,Infinity], [-Infinity,Infinity], [-Infinity,Infinity], [0.0,0.0], [0.0,0.0], [1.0,1.0], [0.0,0.0], [0.0,0.0], [0.0,0.0], [0.0,0.0], [0.0,0.0], [0.0,0.0], [0.0,0.0], [0.0,0.0], [0.0,0.0]]
ENTRY 1 IfConditionJoin_5 [[0.0,0.0], [-Infinity,Infinity], [-Infinity,Infinity], [-Infinity,Infinity], [-Infinity,Infinity], [-Infinity,Infinity], [0.0,0.0], [0.0,0.0], [1.0,1.0], [0.0,0.0], [0.0,0.0], [0.0,0.0], [0.0,0.0], [0.0,0.0], [0.0,0.0], [0.0,0.0], [0.0,0.0], [0.0,0.0]]
EXIT 1 IfConditionJoin_5 [[0.0,0.0], [-Infinity,Infinity], [-Infinity,Infinity], [-Infinity,Infinity], [-Infinity,Infinity], [-Infinity,Infinity], [0.0,0.0], [0.0,0.0], [1.0,1.0], [0.0,0.0], [0.0,0.0], [0.0,0.0], [0.0,0.0], [0.0,0.0], [0.0,0.0], [0.0,0.0], [0.0,0.0], [0.0,0.0]]
ENTRY 1 FunctionExit_6 [[0.0,0.0], [-Infinity,Infinity], [-Infinity,Infinity], [-Infinity,Infinity], [-Infinity,Infinity], [-Infinity,Infinity], [0.0,0.0], [0.0,0.0], [1.0,1.0], [0.0,0.0], [0.0,0.0], [0.0,0.0], [0.0,0.0], [0.0,0.0], [0.0,0.0], [0.0,0.0], [0.0,0.0], [0.0,0.0]]
EXIT 1 FunctionExit_6 [[0.0,0.0], [-Infinity,Infinity], [-Infinity,Infinity], [-Infinity,Infinity], [-Infinity,Infinity], [-Infinity,Infinity], [0.0,0.0], [0.0,0.0], [1.0,1.0], [0.0,0.0], [0.0,0.0], [0.0,0.0], [0.0,0.0], [0.0,0.0], [0.0,0.0], [0.0,0.0], [0.0,0.0], [0.0,0.0]]
ENTRY 1 FunctionDefinition_7 [[0.0,0.0], [-Infinity,Infinity], [-Infinity,Infinity], [-Infinity,Infinity], [-Infinity,Infinity], [-Infinity,Infinity], [0.0,0.0], [0.0,0.0], [1.0,1.0], [0.0,0.0], [0.0,0.0], [0.0,0.0], [0.0,0.0], [0.0,0.0], [0.0,0.0], [0.0,0.0], [0.0,0.0], [0.0,0.0]]
EXIT 1 FunctionDefinition_7 [[0.0,0.0], [-Infinity,Infinity], [-Infinity,Infinity], [-Infinity,Infinity], [-Infinity,Infinity], [-Infinity,Infinity], [0.0,0.0], [0.0,0.0], [1.0,1.0], [0.0,0.0], [0.0,0.0], [0.0,0.0], [0.0,0.0], [0.0,0.0], [0.0,0.0], [0.0,0.0], [0.0,0.0], [0.0,0.0]]
ENTRY 1 FunctionEntry_7 [[0.0,0.0], [-Infinity,Infinity], [-Infinity,Infinity], [-Infinity,Infinity], [-Infinity,Infinity], [-Infinity,Infinity], [0.0,0.0], [0.0,0.0], [1.0,1.0], [0.0,0.0], [0.0,0.0], [0.0,0.0], [0.0,0.0], [0.0,0.0], [0.0,0.0], [0.0,0.0], [0.0,0.0], [0.0,0.0]]
EXIT 1 FunctionEntry_7 [[0.0,0.0], [-Infinity,Infinity], [-Infinity,Infinity], [-Infinity,Infinity], [-Infinity,Infinity], [-Infinity,Infinity], [0.0,0.0], [0.0,0.0], [1.0,1.0], [0.0,0.0], [0.0,0.0], [0.0,0.0], [0.0,0.0], [0.0,0.0], [0.0,0.0], [0.0,0.0], [0.0,0.0], [0.0,0.0]]
ENTRY 1 Return_3 [[0.0,0.0], [-Infinity,Infinity], [-Infinity,Infinity], [-Infinity,Infinity], [-Infinity,Infinity], [-Infinity,Infinity], [0.0,0.0], [0.0,0.0], [1.0,1.0], [0.0,0.0], [0.0,0.0], [0.0,0.0], [0.0,0.0], [0.0,0.0], [0.0,0.0], [0.0,0.0], [0.0,0.0], [0.0,0.0]]
EXIT 1 Return_3 [[0.0,0.0], [-Infinity,Infinity], [-Infinity,Infinity], [-Infinity,Infinity], [-Infinity,Infinity], [-Infinity,Infinity], [0.0,0.0], [0.0,0.0], [1.0,1.0], [0.0,0.0], [0.0,0.0], [0.0,0.0], [0.0,0.0], [0.0,0.0], [0.0,0.0], [0.0,0.0], [0.0,0.0], [0.0,0.0]]
ENTRY 1 FunctionExit_7 [[0.0,0.0], [-Infinity,Infinity], [-Infinity,Infinity], [-Infinity,Infinity], [-Infinity,Infinity], [-Infinity,Infinity], [0.0,0.0], [0.0,0.0], [1.0,1.0], [0.0,0.0], [0.0,0.0], [0.0,0.0], [0.0,0.0], [0.0,0.0], [0.0,0.0], [0.0,0.0], [0.0,0.0], [0.0,0.0]]
EXIT 1 FunctionExit_7 [[0.0,0.0], [-Infinity,Infinity], [-Infinity,Infinity], [-Infinity,Infinity], [-Infinity,Infinity], [-Infinity,Infinity], [0.0,0.0], [0.0,0.0], [1.0,1.0], [0.0,0.0], [0.0,0.0], [0.0,0.0], [0.0,0.0], [0.0,0.0], [0.0,0.0], [0.0,0.0], [0.0,0.0], [0.0,0.0]]
ENTRY 1 FunctionDefinition_8 [[0.0,0.0], [-Infinity,Infinity], [-Infinity,Infinity], [-Infinity,Infinity], [-Infinity,Infinity], [-Infinity,Infinity], [0.0,0.0], [0.0,0.0], [1.0,1.0], [0.0,0.0], [0.0,0.0], [0.0,0.0], [0.0,0.0], [0.0,0.0], [0.0,0.0], [0.0,0.0], [0.0,0.0], [0.0,0.0]]
EXIT 1 FunctionDefinition_8 [[0.0,0.0], [-Infinity,Infinity], [-Infinity,Infinity], [-Infinity,Infinity], [-Infinity,Infinity], [-Infinity,Infinity], [0.0,0.0], [0.0,0.0], [1.0,1.0], [0.0,0.0], [0.0,0.0], [0.0,0.0], [0.0,0.0], [0.0,0.0], [0.0,0.0], [0.0,0.0], [0.0,0.0], [0.0,0.0]]
ENTRY 1 FunctionEntry_8 [[0.0,0.0], [-Infinity,Infinity], [-Infinity,Infinity], [-Infinity,Infinity], [-Infinity,Infinity], [-Infinity,Infinity], [0.0,0.0], [0.0,0.0], [1.0,1.0], [0.0,0.0], [0.0,0.0], [0.0,0.0], [0.0,0.0], [0.0,0.0], [0.0,0.0], [0.0,0.0], [0.0,0.0], [0.0,0.0]]
EXIT 1 FunctionEntry_8 [[0.0,0.0], [-Infinity,Infinity], [-Infinity,Infinity], [-Infinity,Infinity], [-Infinity,Infinity], [-Infinity,Infinity], [0.0,0.0], [0.0,0.0], [1.0,1.0], [0.0,0.0], [0.0,0.0], [0.0,0.0], [0.0,0.0], [0.0,0.0], [0.0,0.0], [0.0,0.0], [0.0,0.0], [0.0,0.0]]
ENTRY 1 Return_4 [[0.0,0.0], [-Infinity,Infinity], [-Infinity,Infinity], [-Infinity,Infinity], [-Infinity,Infinity], [-Infinity,Infinity], [0.0,0.0], [0.0,0.0], [1.0,1.0], [0.0,0.0], [0.0,0.0], [0.0,0.0], [0.0,0.0], [0.0,0.0], [0.0,0.0], [0.0,0.0], [0.0,0.0], [0.0,0.0]]
EXIT 1 Return_4 [[0.0,0.0], [-Infinity,Infinity], [-Infinity,Infinity], [-Infinity,Infinity], [-Infinity,Infinity], [-Infinity,Infinity], [0.0,0.0], [0.0,0.0], [1.0,1.0], [0.0,0.0], [0.0,0.0], [0.0,0.0], [0.0,0.0], [0.0,0.0], [0.0,0.0], [0.0,0.0], [0.0,0.0], [0.0,0.0]]
ENTRY 1 FunctionExit_8 [[0.0,0.0], [-Infinity,Infinity], [-Infinity,Infinity], [-Infinity,Infinity], [-Infinity,Infinity], [-Infinity,Infinity], [0.0,0.0], [0.0,0.0], [1.0,1.0], [0.0,0.0], [0.0,0.0], [0.0,0.0], [0.0,0.0], [0.0,0.0], [0.0,0.0], [0.0,0.0], [0.0,0.0], [0.0,0.0]]
EXIT 1 FunctionExit_8 [[0.0,0.0], [-Infinity,Infinity], [-Infinity,Infinity], [-Infinity,Infinity], [-Infinity,Infinity], [-Infinity,Infinity], [0.0,0.0], [0.0,0.0], [1.0,1.0], [0.0,0.0], [0.0,0.0], [0.0,0.0], [0.0,0.0], [0.0,0.0], [0.0,0.0], [0.0,0.0], [0.0,0.0], [0.0,0.0]]
ENTRY 2 SourceEntry_0 [[0.0,0.0], [0.0,0.0], [0.0,0.0], [0.0,0.0], [0.0,0.0], [0.0,0.0], [0.0,0.0], [0.0,0.0], [0.0,0.0], [0.0,0.0], [0.0,0.0], [0.0,0.0], [0.0,0.0], [0.0,0.0], [0.0,0.0], [0.0,0.0], [0.0,0.0], [0.0,0.0]]
EXIT 2 SourceEntry_0 [[0.0,0.0], [0.0,0.0], [0.0,0.0], [0.0,0.0], [0.0,0.0], [0.0,0.0], [0.0,0.0], [43200.0,43200.0], [0.0,0.0], [0.0,0.0], [0.0,0.0], [0.0,0.0], [0.0,0.0], [0.0,0.0], [0.0,0.0], [0.0,0.0], [0.0,0.0], [0.0,0.0]]
ENTRY 2 SourceUnit_0 [[0.0,0.0], [0.0,0.0], [0.0,0.0], [0.0,0.0], [0.0,0.0], [0.0,0.0], [0.0,0.0], [43200.0,43200.0], [0.0,0.0], [0.0,0.0], [0.0,0.0], [0.0,0.0], [0.0,0.0], [0.0,0.0], [0.0,0.0], [0.0,0.0], [0.0,0.0], [0.0,0.0]]
EXIT 2 SourceUnit_0 [[0.0,0.0], [0.0,0.0], [0.0,0.0], [0.0,0.0], [0.0,0.0], [0.0,0.0], [0.0,0.0], [43200.0,43200.0], [0.0,0.0], [0.0,0.0], [0.0,0.0], [0.0,0.0], [0.0,0.0], [0.0,0.0], [0.0,0.0], [0.0,0.0], [0.0,0.0], [0.0,0.0]]
ENTRY 2 PragmaDirective_0 [[0.0,0.0], [0.0,0.0], [0.0,0.0], [0.0,0.0], [0.0,0.0], [0.0,0.0], [0.0,0.0], [43200.0,43200.0], [0.0,0.0], [0.0,0.0], [0.0,0.0], [0.0,0.0], [0.0,0.0], [0.0,0.0], [0.0,0.0], [0.0,0.0], [0.0,0.0], [0.0,0.0]]
EXIT 2 PragmaDirective_0 [[0.0,0.0], [0.0,0.0], [0.0,0.0], [0.0,0.0], [0.0,0.0], [0.0,0.0], [0.0,0.0], [43200.0,43200.0], [0.0,0.0], [0.0,0.0], [0.0,0.0], [0.0,0.0], [0.0,0.0], [0.0,0.0], [0.0,0.0], [0.0,0.0], [0.0,0.0], [0.0,0.0]]
ENTRY 2 SourceExit_0 [[0.0,0.0], [-Infinity,Infinity], [-Infinity,Infinity], [-Infinity,Infinity], [-Infinity,Infinity], [-Infinity,Infinity], [0.0,0.0], [0.0,43200.0], [0.0,1.0], [-Infinity,Infinity], [0.0,0.0], [0.0,0.0], [0.0,0.0], [0.0,0.0], [0.0,0.0], [0.0,0.0], [0.0,0.0], [0.0,0.0]]
EXIT 2 SourceExit_0 [[0.0,0.0], [0.0,0.0], [0.0,0.0], [0.0,0.0], [0.0,0.0], [0.0,0.0], [0.0,0.0], [43200.0,43200.0], [0.0,0.0], [-Infinity,Infinity], [0.0,0.0], [0.0,0.0], [0.0,0.0], [0.0,0.0], [0.0,0.0], [0.0,0.0], [0.0,0.0], [0.0,0.0]]
ENTRY 2 ContractDefinition_0 [[0.0,0.0], [0.0,0.0], [0.0,0.0], [0.0,0.0], [0.0,0.0], [0.0,0.0], [0.0,0.0], [43200.0,43200.0], [0.0,0.0], [0.0,0.0], [0.0,0.0], [0.0,0.0], [0.0,0.0], [0.0,0.0], [0.0,0.0], [0.0,0.0], [0.0,0.0], [0.0,0.0]]
EXIT 2 ContractDefinition_0 [[0.0,0.0], [0.0,0.0], [0.0,0.0], [0.0,0.0], [0.0,0.0], [0.0,0.0], [0.0,0.0], [43200.0,43200.0], [0.0,0.0], [0.0,0.0], [0.0,0.0], [0.0,0.0], [0.0,0.0], [0.0,0.0], [0.0,0.0], [0.0,0.0], [0.0,0.0], [0.0,0.0]]
ENTRY 2 VariableDeclaration_0 [[0.0,0.0], [0.0,0.0], [0.0,0.0], [0.0,0.0], [0.0,0.0], [0.0,0.0], [0.0,0.0], [43200.0,43200.0], [0.0,0.0], [0.0,0.0], [0.0,0.0], [0.0,0.0], [0.0,0.0], [0.0,0.0], [0.0,0.0], [0.0,0.0], [0.0,0.0], [0.0,0.0]]
EXIT 2 VariableDeclaration_0 [[0.0,0.0], [0.0,0.0], [0.0,0.0], [0.0,0.0], [0.0,0.0], [0.0,0.0], [0.0,0.0], [43200.0,43200.0], [0.0,0.0], [0.0,0.0], [0.0,0.0], [0.0,0.0], [0.0,0.0], [0.0,0.0], [0.0,0.0], [0.0,0.0], [0.0,0.0], [0.0,0.0]]
ENTRY 2 VariableDeclaration_1 [[0.0,0.0], [0.0,0.0], [0.0,0.0], [0.0,0.0], [0.0,0.0], [0.0,0.0], [0.0,0.0], [43200.0,43200.0], [0.0,0.0], [0.0,0.0], [0.0,0.0], [0.0,0.0], [0.0,0.0], [0.0,0.0], [0.0,0.0], [0.0,0.0], [0.0,0.0], [0.0,0.0]]
EXIT 2 VariableDeclaration_1 [[0.0,0.0], [0.0,0.0], [0.0,0.0], [0.0,0.0], [0.0,0.0], [0.0,0.0], [0.0,0.0], [43200.0,43200.0], [0.0,0.0], [0.0,0.0], [0.0,0.0], [0.0,0.0], [0.0,0.0], [0.0,0.0], [0.0,0.0], [0.0,0.0], [0.0,0.0], [0.0,0.0]]
ENTRY 2 VariableDeclaration_2 [[0.0,0.0], [0.0,0.0], [0.0,0.0], [0.0,0.0], [0.0,0.0], [0.0,0.0], [0.0,0.0], [43200.0,43200.0], [0.0,0.0], [0.0,0.0], [0.0,0.0], [0.0,0.0], [0.0,0.0], [0.0,0.0], [0.0,0.0], [0.0,0.0], [0.0,0.0], [0.0,0.0]]
EXIT 2 VariableDeclaration_2 [[0.0,0.0], [0.0,0.0], [0.0,0.0], [0.0,0.0], [0.0,0.0], [0.0,0.0], [0.0,0.0], [43200.0,43200.0], [0.0,0.0], [0.0,0.0], [0.0,0.0], [0.0,0.0], [0.0,0.0], [0.0,0.0], [0.0,0.0], [0.0,0.0], [0.0,0.0], [0.0,0.0]]
ENTRY 2 VariableDeclaration_3 [[0.0,0.0], [0.0,0.0], [0.0,0.0], [0.0,0.0], [0.0,0.0], [0.0,0.0], [0.0,0.0], [43200.0,43200.0], [0.0,0.0], [0.0,0.0], [0.0,0.0], [0.0,0.0], [0.0,0.0], [0.0,0.0], [0.0,0.0], [0.0,0.0], [0.0,0.0], [0.0,0.0]]
EXIT 2 VariableDeclaration_3 [[0.0,0.0], [0.0,0.0], [0.0,0.0], [0.0,0.0], [0.0,0.0], [0.0,0.0], [0.0,0.0], [43200.0,43200.0], [0.0,0.0], [0.0,0.0], [0.0,0.0], [0.0,0.0], [0.0,0.0], [0.0,0.0], [0.0,0.0], [0.0,0.0], [0.0,0.0], [0.0,0.0]]
ENTRY 2 VariableDeclaration_4 [[0.0,0.0], [0.0,0.0], [0.0,0.0], [0.0,0.0], [0.0,0.0], [0.0,0.0], [0.0,0.0], [43200.0,43200.0], [0.0,0.0], [0.0,0.0], [0.0,0.0], [0.0,0.0], [0.0,0.0], [0.0,0.0], [0.0,0.0], [0.0,0.0], [0.0,0.0], [0.0,0.0]]
EXIT 2 VariableDeclaration_4 [[0.0,0.0], [0.0,0.0], [0.0,0.0], [0.0,0.0], [0.0,0.0], [0.0,0.0], [0.0,0.0], [43200.0,43200.0], [0.0,0.0], [0.0,0.0], [0.0,0.0], [0.0,0.0], [0.0,0.0], [0.0,0.0], [0.0,0.0], [0.0,0.0], [0.0,0.0], [0.0,0.0]]
ENTRY 2 VariableDeclaration_5 [[0.0,0.0], [0.0,0.0], [0.0,0.0], [0.0,0.0], [0.0,0.0], [0.0,0.0], [0.0,0.0], [43200.0,43200.0], [0.0,0.0], [0.0,0.0], [0.0,0.0], [0.0,0.0], [0.0,0.0], [0.0,0.0], [0.0,0.0], [0.0,0.0], [0.0,0.0], [0.0,0.0]]
EXIT 2 VariableDeclaration_5 [[0.0,0.0], [0.0,0.0], [0.0,0.0], [0.0,0.0], [0.0,0.0], [0.0,0.0], [0.0,0.0], [43200.0,43200.0], [0.0,0.0], [0.0,0.0], [0.0,0.0], [0.0,0.0], [0.0,0.0], [0.0,0.0], [0.0,0.0], [0.0,0.0], [0.0,0.0], [0.0,0.0]]
ENTRY 2 VariableDeclaration_6 [[0.0,0.0], [0.0,0.0], [0.0,0.0], [0.0,0.0], [0.0,0.0], [0.0,0.0], [0.0,0.0], [43200.0,43200.0], [0.0,0.0], [0.0,0.0], [0.0,0.0], [0.0,0.0], [0.0,0.0], [0.0,0.0], [0.0,0.0], [0.0,0.0], [0.0,0.0], [0.0,0.0]]
EXIT 2 VariableDeclaration_6 [[0.0,0.0], [0.0,0.0], [0.0,0.0], [0.0,0.0], [0.0,0.0], [0.0,0.0], [0.0,0.0], [43200.0,43200.0], [0.0,0.0], [0.0,0.0], [0.0,0.0], [0.0,0.0], [0.0,0.0], [0.0,0.0], [0.0,0.0], [0.0,0.0], [0.0,0.0], [0.0,0.0]]
ENTRY 2 VariableDeclaration_7 [[0.0,0.0], [0.0,0.0], [0.0,0.0], [0.0,0.0], [0.0,0.0], [0.0,0.0], [0.0,0.0], [43200.0,43200.0], [0.0,0.0], [0.0,0.0], [0.0,0.0], [0.0,0.0], [0.0,0.0], [0.0,0.0], [0.0,0.0], [0.0,0.0], [0.0,0.0], [0.0,0.0]]
EXIT 2 VariableDeclaration_7 [[0.0,0.0], [0.0,0.0], [0.0,0.0], [0.0,0.0], [0.0,0.0], [0.0,0.0], [0.0,0.0], [43200.0,43200.0], [0.0,0.0], [0.0,0.0], [0.0,0.0], [0.0,0.0], [0.0,0.0], [0.0,0.0], [0.0,0.0], [0.0,0.0], [0.0,0.0], [0.0,0.0]]
ENTRY 2 VariableDeclaration_8 [[0.0,0.0], [0.0,0.0], [0.0,0.0], [0.0,0.0], [0.0,0.0], [0.0,0.0], [0.0,0.0], [43200.0,43200.0], [0.0,0.0], [0.0,0.0], [0.0,0.0], [0.0,0.0], [0.0,0.0], [0.0,0.0], [0.0,0.0], [0.0,0.0], [0.0,0.0], [0.0,0.0]]
EXIT 2 VariableDeclaration_8 [[0.0,0.0], [0.0,0.0], [0.0,0.0], [0.0,0.0], [0.0,0.0], [0.0,0.0], [0.0,0.0], [43200.0,43200.0], [0.0,0.0], [0.0,0.0], [0.0,0.0], [0.0,0.0], [0.0,0.0], [0.0,0.0], [0.0,0.0], [0.0,0.0], [0.0,0.0], [0.0,0.0]]
ENTRY 2 FunctionDefinition_0 [[0.0,0.0], [0.0,0.0], [0.0,0.0], [0.0,0.0], [0.0,0.0], [0.0,0.0], [0.0,0.0], [43200.0,43200.0], [0.0,0.0], [0.0,0.0], [0.0,0.0], [0.0,0.0], [0.0,0.0], [0.0,0.0], [0.0,0.0], [0.0,0.0], [0.0,0.0], [0.0,0.0]]
EXIT 2 FunctionDefinition_0 [[0.0,0.0], [0.0,0.0], [0.0,0.0], [0.0,0.0], [0.0,0.0], [0.0,0.0], [0.0,0.0], [43200.0,43200.0], [0.0,0.0], [0.0,0.0], [0.0,0.0], [0.0,0.0], [0.0,0.0], [0.0,0.0], [0.0,0.0], [0.0,0.0], [0.0,0.0], [0.0,0.0]]
ENTRY 2 FunctionEntry_0 [[0.0,0.0], [0.0,0.0], [0.0,0.0], [0.0,0.0], [0.0,0.0], [0.0,0.0], [0.0,0.0], [43200.0,43200.0], [0.0,0.0], [0.0,0.0], [0.0,0.0], [0.0,0.0], [0.0,0.0], [0.0,0.0], [0.0,0.0], [0.0,0.0], [0.0,0.0], [0.0,0.0]]
EXIT 2 FunctionEntry_0 [[0.0,0.0], [0.0,0.0], [0.0,0.0], [0.0,0.0], [0.0,0.0], [0.0,0.0], [0.0,0.0], [43200.0,43200.0], [0.0,0.0], [0.0,0.0], [0.0,0.0], [0.0,0.0], [0.0,0.0], [0.0,0.0], [0.0,0.0], [0.0,0.0], [0.0,0.0], [0.0,0.0]]
ENTRY 2 ExpressionStatement_0 [[0.0,0.0], [0.0,0.0], [0.0,0.0], [0.0,0.0], [0.0,0.0], [0.0,0.0], [0.0,0.0], [43200.0,43200.0], [0.0,0.0], [0.0,0.0], [0.0,0.0], [0.0,0.0], [0.0,0.0], [0.0,0.0], [0.0,0.0], [0.0,0.0], [0.0,0.0], [0.0,0.0]]
EXIT 2 ExpressionStatement_0 [[0.0,0.0], [0.0,0.0], [-Infinity,Infinity], [0.0,0.0], [0.0,0.0], [0.0,0.0], [0.0,0.0], [43200.0,43200.0], [0.0,0.0], [0.0,0.0], [0.0,0.0], [0.0,0.0], [0.0,0.0], [0.0,0.0], [0.0,0.0], [0.0,0.0], [0.0,0.0], [0.0,0.0]]
ENTRY 2 ExpressionStatement_1 [[0.0,0.0], [0.0,0.0], [-Infinity,Infinity], [0.0,0.0], [0.0,0.0], [0.0,0.0], [0.0,0.0], [43200.0,43200.0], [0.0,0.0], [0.0,0.0], [0.0,0.0], [0.0,0.0], [0.0,0.0], [0.0,0.0], [0.0,0.0], [0.0,0.0], [0.0,0.0], [0.0,0.0]]
EXIT 2 ExpressionStatement_1 [[0.0,0.0], [0.0,0.0], [-Infinity,Infinity], [0.0,0.0], [0.0,0.0], [-Infinity,Infinity], [0.0,0.0], [43200.0,43200.0], [0.0,0.0], [0.0,0.0], [0.0,0.0], [0.0,0.0], [0.0,0.0], [0.0,0.0], [0.0,0.0], [0.0,0.0], [0.0,0.0], [0.0,0.0]]
ENTRY 2 ExpressionStatement_2 [[0.0,0.0], [0.0,0.0], [-Infinity,Infinity], [0.0,0.0], [0.0,0.0], [-Infinity,Infinity], [0.0,0.0], [43200.0,43200.0], [0.0,0.0], [0.0,0.0], [0.0,0.0], [0.0,0.0], [0.0,0.0], [0.0,0.0], [0.0,0.0], [0.0,0.0], [0.0,0.0], [0.0,0.0]]
EXIT 2 ExpressionStatement_2 [[0.0,0.0], [-Infinity,Infinity], [-Infinity,Infinity], [0.0,0.0], [0.0,0.0], [-Infinity,Infinity], [0.0,0.0], [43200.0,43200.0], [0.0,0.0], [0.0,0.0], [0.0,0.0], [0.0,0.0], [0.0,0.0], [0.0,0.0], [0.0,0.0], [0.0,0.0], [0.0,0.0], [0.0,0.0]]
ENTRY 2 FunctionExit_0 [[0.0,0.0], [-Infinity,Infinity], [-Infinity,Infinity], [0.0,0.0], [0.0,0.0], [-Infinity,Infinity], [0.0,0.0], [43200.0,43200.0], [0.0,0.0], [0.0,0.0], [0.0,0.0], [0.0,0.0], [0.0,0.0], [0.0,0.0], [0.0,0.0], [0.0,0.0], [0.0,0.0], [0.0,0.0]]
EXIT 2 FunctionExit_0 [[0.0,0.0], [-Infinity,Infinity], [-Infinity,Infinity], [0.0,0.0], [0.0,0.0], [-Infinity,Infinity], [0.0,0.0], [43200.0,43200.0], [0.0,0.0], [0.0,0.0], [0.0,0.0], [0.0,0.0], [0.0,0.0], [0.0,0.0], [0.0,0.0], [0.0,0.0], [0.0,0.0], [0.0,0.0]]
ENTRY 2 FunctionDefinition_1 [[0.0,0.0], [-Infinity,Infinity], [-Infinity,Infinity], [0.0,0.0], [0.0,0.0], [-Infinity,Infinity], [0.0,0.0], [43200.0,43200.0], [0.0,0.0], [0.0,0.0], [0.0,0.0], [0.0,0.0], [0.0,0.0], [0.0,0.0], [0.0,0.0], [0.0,0.0], [0.0,0.0], [0.0,0.0]]
EXIT 2 FunctionDefinition_1 [[0.0,0.0], [-Infinity,Infinity], [-Infinity,Infinity], [0.0,0.0], [0.0,0.0], [-Infinity,Infinity], [0.0,0.0], [43200.0,43200.0], [0.0,0.0], [0.0,0.0], [0.0,0.0], [0.0,0.0], [0.0,0.0], [0.0,0.0], [0.0,0.0], [0.0,0.0], [0.0,0.0], [0.0,0.0]]
ENTRY 2 FunctionEntry_1 [[0.0,0.0], [-Infinity,Infinity], [-Infinity,Infinity], [0.0,0.0], [0.0,0.0], [-Infinity,Infinity], [0.0,0.0], [43200.0,43200.0], [0.0,0.0], [0.0,0.0], [0.0,0.0], [0.0,0.0], [0.0,0.0], [0.0,0.0], [0.0,0.0], [0.0,0.0], [0.0,0.0], [0.0,0.0]]
EXIT 2 FunctionEntry_1 [[0.0,0.0], [-Infinity,Infinity], [-Infinity,Infinity], [0.0,0.0], [0.0,0.0], [-Infinity,Infinity], [0.0,0.0], [43200.0,43200.0], [0.0,0.0], [0.0,0.0], [0.0,0.0], [0.0,0.0], [0.0,0.0], [0.0,0.0], [0.0,0.0], [0.0,0.0], [0.0,0.0], [0.0,0.0]]
ENTRY 2 VariableDeclarationStatement_0 [[0.0,0.0], [-Infinity,Infinity], [-Infinity,Infinity], [0.0,0.0], [0.0,0.0], [-Infinity,Infinity], [0.0,0.0], [43200.0,43200.0], [0.0,0.0], [0.0,0.0], [0.0,0.0], [0.0,0.0], [0.0,0.0], [0.0,0.0], [0.0,0.0], [0.0,0.0], [0.0,0.0], [0.0,0.0]]
EXIT 2 VariableDeclarationStatement_0 [[0.0,0.0], [-Infinity,Infinity], [-Infinity,Infinity], [0.0,0.0], [0.0,0.0], [-Infinity,Infinity], [0.0,0.0], [43200.0,43200.0], [0.0,0.0], [-Infinity,Infinity], [0.0,0.0], [0.0,0.0], [0.0,0.0], [0.0,0.0], [0.0,0.0], [0.0,0.0], [0.0,0.0], [0.0,0.0]]
ENTRY 2 IfStatement_0 [[0.0,0.0], [-Infinity,Infinity], [-Infinity,Infinity], [0.0,0.0], [0.0,0.0], [-Infinity,Infinity], [0.0,0.0], [43200.0,43200.0], [0.0,0.0], [-Infinity,Infinity], [0.0,0.0], [0.0,0.0], [0.0,0.0], [0.0,0.0], [0.0,0.0], [0.0,0.0], [0.0,0.0], [0.0,0.0]]
EXIT 2 IfStatement_0 [[1.0,-1.0], [1.0,-1.0], [1.0,-1.0], [1.0,-1.0], [1.0,-1.0], [1.0,-1.0], [1.0,-1.0], [1.0,-1.0], [1.0,-1.0], [1.0,-1.0], [1.0,-1.0], [1.0,-1.0], [1.0,-1.0], [1.0,-1.0], [1.0,-1.0], [1.0,-1.0], [1.0,-1.0], [1.0,-1.0]]
ENTRY 2 ExpressionStatement_3 [[0.0,0.0], [-Infinity,Infinity], [-Infinity,Infinity], [0.0,0.0], [0.0,0.0], [-Infinity,Infinity], [0.0,0.0], [43200.0,43200.0], [0.0,0.0], [-Infinity,Infinity], [0.0,0.0], [0.0,0.0], [0.0,0.0], [0.0,0.0], [0.0,0.0], [0.0,0.0], [0.0,0.0], [0.0,0.0]]
EXIT 2 ExpressionStatement_3 [[0.0,0.0], [-Infinity,Infinity], [-Infinity,Infinity], [0.0,0.0], [0.0,0.0], [-Infinity,Infinity], [0.0,0.0], [43200.0,43200.0], [0.0,0.0], [-Infinity,Infinity], [0.0,0.0], [0.0,0.0], [0.0,0.0], [0.0,0.0], [0.0,0.0], [0.0,0.0], [0.0,0.0], [0.0,0.0]]
ENTRY 2 ExpressionStatement_4 [[0.0,0.0], [-Infinity,Infinity], [-Infinity,Infinity], [0.0,0.0], [0.0,0.0], [-Infinity,Infinity], [0.0,0.0], [43200.0,43200.0], [0.0,0.0], [-Infinity,Infinity], [0.0,0.0], [0.0,0.0], [0.0,0.0], [0.0,0.0], [0.0,0.0], [0.0,0.0], [0.0,0.0], [0.0,0.0]]
EXIT 2 ExpressionStatement_4 [[0.0,0.0], [-Infinity,Infinity], [-Infinity,Infinity], [0.0,0.0], [0.0,0.0], [-Infinity,Infinity], [0.0,0.0], [43200.0,43200.0], [0.0,0.0], [-Infinity,Infinity], [0.0,0.0], [0.0,0.0], [0.0,0.0], [0.0,0.0], [0.0,0.0], [0.0,0.0], [0.0,0.0], [0.0,0.0]]
ENTRY 2 ExpressionStatement_5 [[0.0,0.0], [-Infinity,Infinity], [-Infinity,Infinity], [0.0,0.0], [0.0,0.0], [-Infinity,Infinity], [0.0,0.0], [43200.0,43200.0], [0.0,0.0], [-Infinity,Infinity], [0.0,0.0], [0.0,0.0], [0.0,0.0], [0.0,0.0], [0.0,0.0], [0.0,0.0], [0.0,0.0], [0.0,0.0]]
EXIT 2 ExpressionStatement_5 [[0.0,0.0], [-Infinity,Infinity], [-Infinity,Infinity], [0.0,0.0], [0.0,0.0], [-Infinity,Infinity], [0.0,0.0], [43200.0,43200.0], [0.0,0.0], [-Infinity,Infinity], [0.0,0.0], [0.0,0.0], [0.0,0.0], [0.0,0.0], [0.0,0.0], [0.0,0.0], [0.0,0.0], [0.0,0.0]]
ENTRY 2 ExpressionStatement_6 [[0.0,0.0], [-Infinity,Infinity], [-Infinity,Infinity], [0.0,0.0], [0.0,0.0], [-Infinity,Infinity], [0.0,0.0], [43200.0,43200.0], [0.0,0.0], [-Infinity,Infinity], [0.0,0.0], [0.0,0.0], [0.0,0.0], [0.0,0.0], [0.0,0.0], [0.0,0.0], [0.0,0.0], [0.0,0.0]]
EXIT 2 ExpressionStatement_6 [[0.0,0.0], [-Infinity,Infinity], [-Infinity,Infinity], [0.0,0.0], [0.0,0.0], [-Infinity,Infinity], [0.0,0.0], [43200.0,43200.0], [0.0,0.0], [-Infinity,Infinity], [0.0,0.0], [0.0,0.0], [0.0,0.0], [0.0,0.0], [0.0,0.0], [0.0,0.0], [0.0,0.0], [0.0,0.0]]
ENTRY 2 ExpressionStatement_7 [[0.0,0.0], [-Infinity,Infinity], [-Infinity,Infinity], [0.0,0.0], [0.0,0.0], [-Infinity,Infinity], [0.0,0.0], [43200.0,43200.0], [0.0,0.0], [-Infinity,Infinity], [0.0,0.0], [0.0,0.0], [0.0,0.0], [0.0,0.0], [0.0,0.0], [0.0,0.0], [0.0,0.0], [0.0,0.0]]
EXIT 2 ExpressionStatement_7 [[0.0,0.0], [-Infinity,Infinity], [-Infinity,Infinity], [0.0,0.0], [0.0,0.0], [-Infinity,Infinity], [0.0,0.0], [43200.0,43200.0], [0.0,0.0], [-Infinity,Infinity], [0.0,0.0], [0.0,0.0], [0.0,0.0], [0.0,0.0], [0.0,0.0], [0.0,0.0], [0.0,0.0], [0.0,0.0]]
ENTRY 2 ExpressionStatement_8 [[0.0,0.0], [-Infinity,Infinity], [-Infinity,Infinity], [0.0,0.0], [0.0,0.0], [-Infinity,Infinity], [0.0,0.0], [43200.0,43200.0], [0.0,0.0], [-Infinity,Infinity], [0.0,0.0], [0.0,0.0], [0.0,0.0], [0.0,0.0], [0.0,0.0], [0.0,0.0], [0.0,0.0], [0.0,0.0]]
EXIT 2 ExpressionStatement_8 [[0.0,0.0], [-Infinity,Infinity], [0.0,0.0], [0.0,0.0], [0.0,0.0], [-Infinity,Infinity], [0.0,0.0], [43200.0,43200.0], [0.0,0.0], [-Infinity,Infinity], [0.0,0.0], [0.0,0.0], [0.0,0.0], [0.0,0.0], [0.0,0.0], [0.0,0.0], [0.0,0.0], [0.0,0.0]]
ENTRY 2 ExpressionStatement_9 [[0.0,0.0], [-Infinity,Infinity], [0.0,0.0], [0.0,0.0], [0.0,0.0], [-Infinity,Infinity], [0.0,0.0], [43200.0,43200.0], [0.0,0.0], [-Infinity,Infinity], [0.0,0.0], [0.0,0.0], [0.0,0.0], [0.0,0.0], [0.0,0.0], [0.0,0.0], [0.0,0.0], [0.0,0.0]]
EXIT 2 ExpressionStatement_9 [[0.0,0.0], [-Infinity,Infinity], [0.0,0.0], [-Infinity,Infinity], [0.0,0.0], [-Infinity,Infinity], [0.0,0.0], [43200.0,43200.0], [0.0,0.0], [-Infinity,Infinity], [0.0,0.0], [0.0,0.0], [0.0,0.0], [0.0,0.0], [0.0,0.0], [0.0,0.0], [0.0,0.0], [0.0,0.0]]
ENTRY 2 ExpressionStatement_10 [[0.0,0.0], [-Infinity,Infinity], [0.0,0.0], [-Infinity,Infinity], [0.0,0.0], [-Infinity,Infinity], [0.0,0.0], [43200.0,43200.0], [0.0,0.0], [-Infinity,Infinity], [0.0,0.0], [0.0,0.0], [0.0,0.0], [0.0,0.0], [0.0,0.0], [0.0,0.0], [0.0,0.0], [0.0,0.0]]
EXIT 2 ExpressionStatement_10 [[0.0,0.0], [-Infinity,Infinity], [0.0,0.0], [-Infinity,Infinity], [-Infinity,Infinity], [-Infinity,Infinity], [0.0,0.0], [43200.0,43200.0], [0.0,0.0], [-Infinity,Infinity], [0.0,0.0], [0.0,0.0], [0.0,0.0], [0.0,0.0], [0.0,0.0], [0.0,0.0], [0.0,0.0], [0.0,0.0]]
ENTRY 2 ExpressionStatement_11 [[0.0,0.0], [-Infinity,Infinity], [0.0,0.0], [-Infinity,Infinity], [-Infinity,Infinity], [-Infinity,Infinity], [0.0,0.0], [43200.0,43200.0], [0.0,0.0], [-Infinity,Infinity], [0.0,0.0], [0.0,0.0], [0.0,0.0], [0.0,0.0], [0.0,0.0], [0.0,0.0], [0.0,0.0], [0.0,0.0]]
EXIT 2 ExpressionStatement_11 [[0.0,0.0], [-Infinity,Infinity], [0.0,0.0], [-Infinity,Infinity], [-Infinity,Infinity], [-Infinity,Infinity], [0.0,0.0], [43200.0,43200.0], [1.0,1.0], [-Infinity,Infinity], [0.0,0.0], [0.0,0.0], [0.0,0.0], [0.0,0.0], [0.0,0.0], [0.0,0.0], [0.0,0.0], [0.0,0.0]]
ENTRY 2 Return_0 [[0.0,0.0], [-Infinity,Infinity], [0.0,0.0], [-Infinity,Infinity], [-Infinity,Infinity], [-Infinity,Infinity], [0.0,0.0], [43200.0,43200.0], [1.0,1.0], [-Infinity,Infinity], [0.0,0.0], [0.0,0.0], [0.0,0.0], [0.0,0.0], [0.0,0.0], [0.0,0.0], [0.0,0.0], [0.0,0.0]]
EXIT 2 Return_0 [[0.0,0.0], [-Infinity,Infinity], [0.0,0.0], [-Infinity,Infinity], [-Infinity,Infinity], [-Infinity,Infinity], [0.0,0.0], [43200.0,43200.0], [1.0,1.0], [-Infinity,Infinity], [0.0,0.0], [0.0,0.0], [0.0,0.0], [0.0,0.0], [0.0,0.0], [0.0,0.0], [0.0,0.0], [0.0,0.0]]
ENTRY 2 IfConditionJoin_0 [[0.0,1.0], [-Infinity,Infinity], [-Infinity,Infinity], [-Infinity,Infinity], [-Infinity,Infinity], [-Infinity,Infinity], [-Infinity,Infinity], [0.0,43200.0], [0.0,1.0], [-Infinity,Infinity], [0.0,0.0], [0.0,0.0], [0.0,0.0], [0.0,0.0], [0.0,0.0], [0.0,0.0], [0.0,0.0], [0.0,0.0]]
EXIT 2 IfConditionJoin_0 [[0.0,1.0], [-Infinity,Infinity], [-Infinity,Infinity], [-Infinity,Infinity], [-Infinity,Infinity], [-Infinity,Infinity], [-Infinity,Infinity], [0.0,43200.0], [0.0,1.0], [-Infinity,Infinity], [0.0,0.0], [0.0,0.0], [0.0,0.0], [0.0,0.0], [0.0,0.0], [0.0,0.0], [0.0,0.0], [0.0,0.0]]
ENTRY 2 FunctionExit_1 [[0.0,1.0], [-Infinity,Infinity], [-Infinity,Infinity], [-Infinity,Infinity], [-Infinity,Infinity], [-Infinity,Infinity], [-Infinity,Infinity], [0.0,43200.0], [0.0,1.0], [-Infinity,Infinity], [0.0,0.0], [0.0,0.0], [0.0,0.0], [0.0,0.0], [0.0,0.0], [0.0,0.0], [0.0,0.0], [0.0,0.0]]
EXIT 2 FunctionExit_1 [[0.0,1.0], [-Infinity,Infinity], [-Infinity,Infinity], [-Infinity,Infinity], [-Infinity,Infinity], [-Infinity,Infinity], [-Infinity,Infinity], [0.0,43200.0], [0.0,1.0], [-Infinity,Infinity], [0.0,0.0], [0.0,0.0], [0.0,0.0], [0.0,0.0], [0.0,0.0], [0.0,0.0], [0.0,0.0], [0.0,0.0]]
ENTRY 2 IfStatement_1 [[0.0,0.0], [-Infinity,Infinity], [-Infinity,Infinity], [0.0,0.0], [0.0,0.0], [-Infinity,Infinity], [0.0,0.0], [43200.0,43200.0], [0.0,0.0], [-Infinity,Infinity], [0.0,0.0], [0.0,0.0], [0.0,0.0], [0.0,0.0], [0.0,0.0], [0.0,0.0], [0.0,0.0], [0.0,0.0]]
EXIT 2 IfStatement_1 [[1.0,-1.0], [1.0,-1.0], [1.0,-1.0], [1.0,-1.0], [1.0,-1.0], [1.0,-1.0], [1.0,-1.0], [1.0,-1.0], [1.0,-1.0], [1.0,-1.0], [1.0,-1.0], [1.0,-1.0], [1.0,-1.0], [1.0,-1.0], [1.0,-1.0], [1.0,-1.0], [1.0,-1.0], [1.0,-1.0]]
ENTRY 2 ExpressionStatement_12 [[0.0,0.0], [-Infinity,Infinity], [-Infinity,Infinity], [0.0,0.0], [0.0,0.0], [-Infinity,Infinity], [0.0,0.0], [43200.0,43200.0], [0.0,0.0], [-Infinity,Infinity], [0.0,0.0], [0.0,0.0], [0.0,0.0], [0.0,0.0], [0.0,0.0], [0.0,0.0], [0.0,0.0], [0.0,0.0]]
EXIT 2 ExpressionStatement_12 [[0.0,0.0], [-Infinity,Infinity], [-Infinity,Infinity], [0.0,0.0], [0.0,0.0], [-Infinity,Infinity], [0.0,0.0], [43200.0,43200.0], [0.0,0.0], [-Infinity,Infinity], [0.0,0.0], [0.0,0.0], [0.0,0.0], [0.0,0.0], [0.0,0.0], [0.0,0.0], [0.0,0.0], [0.0,0.0]]
ENTRY 2 ExpressionStatement_13 [[0.0,0.0], [-Infinity,Infinity], [-Infinity,Infinity], [0.0,0.0], [0.0,0.0], [-Infinity,Infinity], [0.0,0.0], [43200.0,43200.0], [0.0,0.0], [-Infinity,Infinity], [0.0,0.0], [0.0,0.0], [0.0,0.0], [0.0,0.0], [0.0,0.0], [0.0,0.0], [0.0,0.0], [0.0,0.0]]
EXIT 2 ExpressionStatement_13 [[0.0,0.0], [-Infinity,Infinity], [-Infinity,Infinity], [0.0,0.0], [0.0,0.0], [-Infinity,Infinity], [0.0,0.0], [43200.0,43200.0], [0.0,0.0], [-Infinity,Infinity], [0.0,0.0], [0.0,0.0], [0.0,0.0], [0.0,0.0], [0.0,0.0], [0.0,0.0], [0.0,0.0], [0.0,0.0]]
ENTRY 2 ExpressionStatement_14 [[0.0,0.0], [-Infinity,Infinity], [-Infinity,Infinity], [0.0,0.0], [0.0,0.0], [-Infinity,Infinity], [0.0,0.0], [43200.0,43200.0], [0.0,0.0], [-Infinity,Infinity], [0.0,0.0], [0.0,0.0], [0.0,0.0], [0.0,0.0], [0.0,0.0], [0.0,0.0], [0.0,0.0], [0.0,0.0]]
EXIT 2 ExpressionStatement_14 [[0.0,0.0], [-Infinity,Infinity], [-Infinity,Infinity], [0.0,0.0], [0.0,0.0], [-Infinity,Infinity], [0.0,0.0], [43200.0,43200.0], [0.0,0.0], [-Infinity,Infinity], [0.0,0.0], [0.0,0.0], [0.0,0.0], [0.0,0.0], [0.0,0.0], [0.0,0.0], [0.0,0.0], [0.0,0.0]]
ENTRY 2 ExpressionStatement_15 [[0.0,0.0], [-Infinity,Infinity], [-Infinity,Infinity], [0.0,0.0], [0.0,0.0], [-Infinity,Infinity], [0.0,0.0], [43200.0,43200.0], [0.0,0.0], [-Infinity,Infinity], [0.0,0.0], [0.0,0.0], [0.0,0.0], [0.0,0.0], [0.0,0.0], [0.0,0.0], [0.0,0.0], [0.0,0.0]]
EXIT 2 ExpressionStatement_15 [[0.0,0.0], [-Infinity,Infinity], [-Infinity,Infinity], [0.0,0.0], [0.0,0.0], [-Infinity,Infinity], [0.0,0.0], [43200.0,43200.0], [0.0,0.0], [-Infinity,Infinity], [0.0,0.0], [0.0,0.0], [0.0,0.0], [0.0,0.0], [0.0,0.0], [0.0,0.0], [0.0,0.0], [0.0,0.0]]
ENTRY 2 IfStatement_2 [[0.0,0.0], [-Infinity,Infinity], [-Infinity,Infinity], [0.0,0.0], [0.0,0.0], [-Infinity,Infinity], [0.0,0.0], [43200.0,43200.0], [0.0,0.0], [-Infinity,Infinity], [0.0,0.0], [0.0,0.0], [0.0,0.0], [0.0,0.0], [0.0,0.0], [0.0,0.0], [0.0,0.0], [0.0,0.0]]
EXIT 2 IfStatement_2 [[1.0,-1.0], [1.0,-1.0], [1.0,-1.0], [1.0,-1.0], [1.0,-1.0], [1.0,-1.0], [1.0,-1.0], [1.0,-1.0], [1.0,-1.0], [1.0,-1.0], [1.0,-1.0], [1.0,-1.0], [1.0,-1.0], [1.0,-1.0], [1.0,-1.0], [1.0,-1.0], [1.0,-1.0], [1.0,-1.0]]
ENTRY 2 ExpressionStatement_16 [[0.0,0.0], [-Infinity,Infinity], [-Infinity,Infinity], [0.0,0.0], [0.0,0.0], [-Infinity,Infinity], [0.0,0.0], [43200.0,43200.0], [0.0,0.0], [-Infinity,Infinity], [0.0,0.0], [0.0,0.0], [0.0,0.0], [0.0,0.0], [0.0,0.0], [0.0,0.0], [0.0,0.0], [0.0,0.0]]
EXIT 2 ExpressionStatement_16 [[0.0,0.0], [-Infinity,Infinity], [-Infinity,Infinity], [0.0,0.0], [0.0,0.0], [-Infinity,Infinity], [0.0,0.0], [43200.0,43200.0], [0.0,0.0], [-Infinity,Infinity], [0.0,0.0], [0.0,0.0], [0.0,0.0], [0.0,0.0], [0.0,0.0], [0.0,0.0], [0.0,0.0], [0.0,0.0]]
ENTRY 2 IfConditionJoin_2 [[0.0,0.0], [-Infinity,Infinity], [-Infinity,Infinity], [0.0,0.0], [0.0,0.0], [-Infinity,Infinity], [0.0,0.0], [43200.0,43200.0], [0.0,0.0], [-Infinity,Infinity], [0.0,0.0], [0.0,0.0], [0.0,0.0], [0.0,0.0], [0.0,0.0], [0.0,0.0], [0.0,0.0], [0.0,0.0]]
EXIT 2 IfConditionJoin_2 [[0.0,0.0], [-Infinity,Infinity], [-Infinity,Infinity], [0.0,0.0], [0.0,0.0], [-Infinity,Infinity], [0.0,0.0], [43200.0,43200.0], [0.0,0.0], [-Infinity,Infinity], [0.0,0.0], [0.0,0.0], [0.0,0.0], [0.0,0.0], [0.0,0.0], [0.0,0.0], [0.0,0.0], [0.0,0.0]]
ENTRY 2 IfStatement_3 [[0.0,0.0], [-Infinity,Infinity], [-Infinity,Infinity], [0.0,0.0], [0.0,0.0], [-Infinity,Infinity], [0.0,0.0], [43200.0,43200.0], [0.0,0.0], [-Infinity,Infinity], [0.0,0.0], [0.0,0.0], [0.0,0.0], [0.0,0.0], [0.0,0.0], [0.0,0.0], [0.0,0.0], [0.0,0.0]]
EXIT 2 IfStatement_3 [[1.0,-1.0], [1.0,-1.0], [1.0,-1.0], [1.0,-1.0], [1.0,-1.0], [1.0,-1.0], [1.0,-1.0], [1.0,-1.0], [1.0,-1.0], [1.0,-1.0], [1.0,-1.0], [1.0,-1.0], [1.0,-1.0], [1.0,-1.0], [1.0,-1.0], [1.0,-1.0], [1.0,-1.0], [1.0,-1.0]]
ENTRY 2 ExpressionStatement_17 [[0.0,0.0], [-Infinity,Infinity], [-Infinity,Infinity], [0.0,0.0], [0.0,0.0], [-Infinity,Infinity], [0.0,0.0], [43200.0,43200.0], [0.0,0.0], [-Infinity,Infinity], [0.0,0.0], [0.0,0.0], [0.0,0.0], [0.0,0.0], [0.0,0.0], [0.0,0.0], [0.0,0.0], [0.0,0.0]]
EXIT 2 ExpressionStatement_17 [[0.0,0.0], [-Infinity,Infinity], [-Infinity,Infinity], [0.0,0.0], [0.0,0.0], [-Infinity,Infinity], [0.0,0.0], [43200.0,43200.0], [0.0,0.0], [-Infinity,Infinity], [0.0,0.0], [0.0,0.0], [0.0,0.0], [0.0,0.0], [0.0,0.0], [0.0,0.0], [0.0,0.0], [0.0,0.0]]
ENTRY 2 IfConditionJoin_3 [[0.0,0.0], [-Infinity,Infinity], [-Infinity,Infinity], [0.0,0.0], [0.0,0.0], [-Infinity,Infinity], [0.0,0.0], [43200.0,43200.0], [0.0,0.0], [-Infinity,Infinity], [0.0,0.0], [0.0,0.0], [0.0,0.0], [0.0,0.0], [0.0,0.0], [0.0,0.0], [0.0,0.0], [0.0,0.0]]
EXIT 2 IfConditionJoin_3 [[0.0,0.0], [-Infinity,Infinity], [-Infinity,Infinity], [0.0,0.0], [0.0,0.0], [-Infinity,Infinity], [0.0,0.0], [43200.0,43200.0], [0.0,0.0], [-Infinity,Infinity], [0.0,0.0], [0.0,0.0], [0.0,0.0], [0.0,0.0], [0.0,0.0], [0.0,0.0], [0.0,0.0], [0.0,0.0]]
ENTRY 2 ExpressionStatement_18 [[0.0,0.0], [-Infinity,Infinity], [-Infinity,Infinity], [0.0,0.0], [0.0,0.0], [-Infinity,Infinity], [0.0,0.0], [43200.0,43200.0], [0.0,0.0], [-Infinity,Infinity], [0.0,0.0], [0.0,0.0], [0.0,0.0], [0.0,0.0], [0.0,0.0], [0.0,0.0], [0.0,0.0], [0.0,0.0]]
EXIT 2 ExpressionStatement_18 [[0.0,0.0], [-Infinity,Infinity], [-Infinity,Infinity], [0.0,0.0], [0.0,0.0], [-Infinity,Infinity], [-Infinity,Infinity], [43200.0,43200.0], [0.0,0.0], [-Infinity,Infinity], [0.0,0.0], [0.0,0.0], [0.0,0.0], [0.0,0.0], [0.0,0.0], [0.0,0.0], [0.0,0.0], [0.0,0.0]]
ENTRY 2 IfStatement_4 [[0.0,0.0], [-Infinity,Infinity], [-Infinity,Infinity], [0.0,0.0], [0.0,0.0], [-Infinity,Infinity], [-Infinity,Infinity], [43200.0,43200.0], [0.0,0.0], [-Infinity,Infinity], [0.0,0.0], [0.0,0.0], [0.0,0.0], [0.0,0.0], [0.0,0.0], [0.0,0.0], [0.0,0.0], [0.0,0.0]]
EXIT 2 IfStatement_4 [[1.0,-1.0], [1.0,-1.0], [1.0,-1.0], [1.0,-1.0], [1.0,-1.0], [1.0,-1.0], [1.0,-1.0], [1.0,-1.0], [1.0,-1.0], [1.0,-1.0], [1.0,-1.0], [1.0,-1.0], [1.0,-1.0], [1.0,-1.0], [1.0,-1.0], [1.0,-1.0], [1.0,-1.0], [1.0,-1.0]]
ENTRY 2 ExpressionStatement_19 [[0.0,0.0], [-Infinity,Infinity], [-Infinity,Infinity], [0.0,0.0], [0.0,0.0], [-Infinity,Infinity], [-Infinity,Infinity], [43200.0,43200.0], [0.0,0.0], [-Infinity,Infinity], [0.0,0.0], [0.0,0.0], [0.0,0.0], [0.0,0.0], [0.0,0.0], [0.0,0.0], [0.0,0.0], [0.0,0.0]]
EXIT 2 ExpressionStatement_19 [[0.0,0.0], [-Infinity,Infinity], [-Infinity,Infinity], [0.0,0.0], [0.0,0.0], [-Infinity,Infinity], [-Infinity,Infinity], [43200.0,43200.0], [0.0,0.0], [-Infinity,Infinity], [0.0,0.0], [0.0,0.0], [0.0,0.0], [0.0,0.0], [0.0,0.0], [0.0,0.0], [0.0,0.0], [0.0,0.0]]
ENTRY 2 ExpressionStatement_20 [[0.0,0.0], [-Infinity,Infinity], [-Infinity,Infinity], [0.0,0.0], [0.0,0.0], [-Infinity,Infinity], [-Infinity,Infinity], [43200.0,43200.0], [0.0,0.0], [-Infinity,Infinity], [0.0,0.0], [0.0,0.0], [0.0,0.0], [0.0,0.0], [0.0,0.0], [0.0,0.0], [0.0,0.0], [0.0,0.0]]
EXIT 2 ExpressionStatement_20 [[0.0,0.0], [-Infinity,Infinity], [-Infinity,Infinity], [-Infinity,Infinity], [0.0,0.0], [-Infinity,Infinity], [-Infinity,Infinity], [43200.0,43200.0], [0.0,0.0], [-Infinity,Infinity], [0.0,0.0], [0.0,0.0], [0.0,0.0], [0.0,0.0], [0.0,0.0], [0.0,0.0], [0.0,0.0], [0.0,0.0]]
ENTRY 2 ExpressionStatement_21 [[0.0,0.0], [-Infinity,Infinity], [-Infinity,Infinity], [-Infinity,Infinity], [0.0,0.0], [-Infinity,Infinity], [-Infinity,Infinity], [43200.0,43200.0], [0.0,0.0], [-Infinity,Infinity], [0.0,0.0], [0.0,0.0], [0.0,0.0], [0.0,0.0], [0.0,0.0], [0.0,0.0], [0.0,0.0], [0.0,0.0]]
EXIT 2 ExpressionStatement_21 [[1.0,1.0], [-Infinity,Infinity], [-Infinity,Infinity], [-Infinity,Infinity], [0.0,0.0], [-Infinity,Infinity], [-Infinity,Infinity], [43200.0,43200.0], [0.0,0.0], [-Infinity,Infinity], [0.0,0.0], [0.0,0.0], [0.0,0.0], [0.0,0.0], [0.0,0.0], [0.0,0.0], [0.0,0.0], [0.0,0.0]]
ENTRY 2 IfConditionJoin_4 [[0.0,1.0], [-Infinity,Infinity], [-Infinity,Infinity], [-Infinity,Infinity], [0.0,0.0], [-Infinity,Infinity], [-Infinity,Infinity], [43200.0,43200.0], [0.0,0.0], [-Infinity,Infinity], [0.0,0.0], [0.0,0.0], [0.0,0.0], [0.0,0.0], [0.0,0.0], [0.0,0.0], [0.0,0.0], [0.0,0.0]]
EXIT 2 IfConditionJoin_4 [[0.0,1.0], [-Infinity,Infinity], [-Infinity,Infinity], [-Infinity,Infinity], [0.0,0.0], [-Infinity,Infinity], [-Infinity,Infinity], [43200.0,43200.0], [0.0,0.0], [-Infinity,Infinity], [0.0,0.0], [0.0,0.0], [0.0,0.0], [0.0,0.0], [0.0,0.0], [0.0,0.0], [0.0,0.0], [0.0,0.0]]
ENTRY 2 Return_1 [[0.0,1.0], [-Infinity,Infinity], [-Infinity,Infinity], [-Infinity,Infinity], [0.0,0.0], [-Infinity,Infinity], [-Infinity,Infinity], [43200.0,43200.0], [0.0,0.0], [-Infinity,Infinity], [0.0,0.0], [0.0,0.0], [0.0,0.0], [0.0,0.0], [0.0,0.0], [0.0,0.0], [0.0,0.0], [0.0,0.0]]
EXIT 2 Return_1 [[0.0,1.0], [-Infinity,Infinity], [-Infinity,Infinity], [-Infinity,Infinity], [0.0,0.0], [-Infinity,Infinity], [-Infinity,Infinity], [43200.0,43200.0], [0.0,0.0], [-Infinity,Infinity], [0.0,0.0], [0.0,0.0], [0.0,0.0], [0.0,0.0], [0.0,0.0], [0.0,0.0], [0.0,0.0], [0.0,0.0]]
ENTRY 2 IfConditionJoin_1 [[0.0,1.0], [-Infinity,Infinity], [-Infinity,Infinity], [-Infinity,Infinity], [0.0,0.0], [-Infinity,Infinity], [-Infinity,Infinity], [0.0,43200.0], [0.0,0.0], [-Infinity,Infinity], [0.0,0.0], [0.0,0.0], [0.0,0.0], [0.0,0.0], [0.0,0.0], [0.0,0.0], [0.0,0.0], [0.0,0.0]]
EXIT 2 IfConditionJoin_1 [[0.0,1.0], [-Infinity,Infinity], [-Infinity,Infinity], [-Infinity,Infinity], [0.0,0.0], [-Infinity,Infinity], [-Infinity,Infinity], [0.0,43200.0], [0.0,0.0], [-Infinity,Infinity], [0.0,0.0], [0.0,0.0], [0.0,0.0], [0.0,0.0], [0.0,0.0], [0.0,0.0], [0.0,0.0], [0.0,0.0]]
ENTRY 2 ExpressionStatement_22 [[0.0,0.0], [-Infinity,Infinity], [-Infinity,Infinity], [0.0,0.0], [0.0,0.0], [-Infinity,Infinity], [0.0,0.0], [43200.0,43200.0], [0.0,0.0], [-Infinity,Infinity], [0.0,0.0], [0.0,0.0], [0.0,0.0], [0.0,0.0], [0.0,0.0], [0.0,0.0], [0.0,0.0], [0.0,0.0]]
EXIT 2 ExpressionStatement_22 [[0.0,0.0], [-Infinity,Infinity], [-Infinity,Infinity], [0.0,0.0], [0.0,0.0], [-Infinity,Infinity], [0.0,0.0], [43200.0,43200.0], [0.0,0.0], [-Infinity,Infinity], [0.0,0.0], [0.0,0.0], [0.0,0.0], [0.0,0.0], [0.0,0.0], [0.0,0.0], [0.0,0.0], [0.0,0.0]]
ENTRY 2 Return_2 [[0.0,0.0], [-Infinity,Infinity], [-Infinity,Infinity], [0.0,0.0], [0.0,0.0], [-Infinity,Infinity], [0.0,0.0], [43200.0,43200.0], [0.0,0.0], [-Infinity,Infinity], [0.0,0.0], [0.0,0.0], [0.0,0.0], [0.0,0.0], [0.0,0.0], [0.0,0.0], [0.0,0.0], [0.0,0.0]]
EXIT 2 Return_2 [[0.0,0.0], [-Infinity,Infinity], [-Infinity,Infinity], [0.0,0.0], [0.0,0.0], [-Infinity,Infinity], [0.0,0.0], [43200.0,43200.0], [0.0,0.0], [-Infinity,Infinity], [0.0,0.0], [0.0,0.0], [0.0,0.0], [0.0,0.0], [0.0,0.0], [0.0,0.0], [0.0,0.0], [0.0,0.0]]
ENTRY 2 FunctionDefinition_2 [[0.0,1.0], [-Infinity,Infinity], [-Infinity,Infinity], [-Infinity,Infinity], [-Infinity,Infinity], [-Infinity,Infinity], [-Infinity,Infinity], [0.0,43200.0], [0.0,1.0], [0.0,0.0], [0.0,0.0], [0.0,0.0], [0.0,0.0], [0.0,0.0], [0.0,0.0], [0.0,0.0], [0.0,0.0], [0.0,0.0]]
EXIT 2 FunctionDefinition_2 [[0.0,1.0], [-Infinity,Infinity], [-Infinity,Infinity], [-Infinity,Infinity], [-Infinity,Infinity], [-Infinity,Infinity], [-Infinity,Infinity], [0.0,43200.0], [0.0,1.0], [0.0,0.0], [0.0,0.0], [0.0,0.0], [0.0,0.0], [0.0,0.0], [0.0,0.0], [0.0,0.0], [0.0,0.0], [0.0,0.0]]
ENTRY 2 FunctionEntry_2 [[0.0,1.0], [-Infinity,Infinity], [-Infinity,Infinity], [-Infinity,Infinity], [-Infinity,Infinity], [-Infinity,Infinity], [-Infinity,Infinity], [0.0,43200.0], [0.0,1.0], [0.0,0.0], [0.0,0.0], [0.0,0.0], [0.0,0.0], [0.0,0.0], [0.0,0.0], [0.0,0.0], [0.0,0.0], [0.0,0.0]]
EXIT 2 FunctionEntry_2 [[0.0,1.0], [-Infinity,Infinity], [-Infinity,Infinity], [-Infinity,Infinity], [-Infinity,Infinity], [-Infinity,Infinity], [-Infinity,Infinity], [0.0,43200.0], [0.0,1.0], [0.0,0.0], [0.0,0.0], [0.0,0.0], [0.0,0.0], [0.0,0.0], [0.0,0.0], [0.0,0.0], [0.0,0.0], [0.0,0.0]]
ENTRY 2 ExpressionStatement_23 [[0.0,1.0], [-Infinity,Infinity], [-Infinity,Infinity], [-Infinity,Infinity], [-Infinity,Infinity], [-Infinity,Infinity], [-Infinity,Infinity], [0.0,43200.0], [0.0,1.0], [0.0,0.0], [0.0,0.0], [0.0,0.0], [0.0,0.0], [0.0,0.0], [0.0,0.0], [0.0,0.0], [0.0,0.0], [0.0,0.0]]
EXIT 2 ExpressionStatement_23 [[0.0,1.0], [-Infinity,Infinity], [-Infinity,Infinity], [-Infinity,Infinity], [-Infinity,Infinity], [-Infinity,Infinity], [-Infinity,Infinity], [0.0,43200.0], [0.0,1.0], [0.0,0.0], [0.0,0.0], [0.0,0.0], [0.0,0.0], [0.0,0.0], [0.0,0.0], [0.0,0.0], [0.0,0.0], [0.0,0.0]]
ENTRY 2 FunctionExit_2 [[0.0,1.0], [-Infinity,Infinity], [-Infinity,Infinity], [-Infinity,Infinity], [-Infinity,Infinity], [-Infinity,Infinity], [-Infinity,Infinity], [0.0,43200.0], [0.0,1.0], [0.0,0.0], [0.0,0.0], [0.0,0.0], [0.0,0.0], [0.0,0.0], [0.0,0.0], [0.0,0.0], [0.0,0.0], [0.0,0.0]]
EXIT 2 FunctionExit_2 [[0.0,1.0], [-Infinity,Infinity], [-Infinity,Infinity], [-Infinity,Infinity], [-Infinity,Infinity], [-Infinity,Infinity], [-Infinity,Infinity], [0.0,43200.0], [0.0,1.0], [0.0,0.0], [0.0,0.0], [0.0,0.0], [0.0,0.0], [0.0,0.0], [0.0,0.0], [0.0,0.0], [0.0,0.0], [0.0,0.0]]
ENTRY 2 FunctionDefinition_3 [[0.0,1.0], [-Infinity,Infinity], [-Infinity,Infinity], [-Infinity,Infinity], [-Infinity,Infinity], [-Infinity,Infinity], [-Infinity,Infinity], [0.0,43200.0], [0.0,1.0], [0.0,0.0], [0.0,0.0], [0.0,0.0], [0.0,0.0], [0.0,0.0], [0.0,0.0], [0.0,0.0], [0.0,0.0], [0.0,0.0]]
EXIT 2 FunctionDefinition_3 [[0.0,1.0], [-Infinity,Infinity], [-Infinity,Infinity], [-Infinity,Infinity], [-Infinity,Infinity], [-Infinity,Infinity], [-Infinity,Infinity], [0.0,43200.0], [0.0,1.0], [0.0,0.0], [0.0,0.0], [0.0,0.0], [0.0,0.0], [0.0,0.0], [0.0,0.0], [0.0,0.0], [0.0,0.0], [0.0,0.0]]
ENTRY 2 FunctionEntry_3 [[0.0,1.0], [-Infinity,Infinity], [-Infinity,Infinity], [-Infinity,Infinity], [-Infinity,Infinity], [-Infinity,Infinity], [-Infinity,Infinity], [0.0,43200.0], [0.0,1.0], [0.0,0.0], [0.0,0.0], [0.0,0.0], [0.0,0.0], [0.0,0.0], [0.0,0.0], [0.0,0.0], [0.0,0.0], [0.0,0.0]]
EXIT 2 FunctionEntry_3 [[0.0,1.0], [-Infinity,Infinity], [-Infinity,Infinity], [-Infinity,Infinity], [-Infinity,Infinity], [-Infinity,Infinity], [-Infinity,Infinity], [0.0,43200.0], [0.0,1.0], [0.0,0.0], [0.0,0.0], [0.0,0.0], [0.0,0.0], [0.0,0.0], [0.0,0.0], [0.0,0.0], [0.0,0.0], [0.0,0.0]]
ENTRY 2 VariableDeclarationStatement_1 [[0.0,1.0], [-Infinity,Infinity], [-Infinity,Infinity], [-Infinity,Infinity], [-Infinity,Infinity], [-Infinity,Infinity], [-Infinity,Infinity], [0.0,43200.0], [0.0,1.0], [0.0,0.0], [0.0,0.0], [0.0,0.0], [0.0,0.0], [0.0,0.0], [0.0,0.0], [0.0,0.0], [0.0,0.0], [0.0,0.0]]
EXIT 2 VariableDeclarationStatement_1 [[0.0,1.0], [-Infinity,Infinity], [-Infinity,Infinity], [-Infinity,Infinity], [-Infinity,Infinity], [-Infinity,Infinity], [-Infinity,Infinity], [0.0,43200.0], [0.0,1.0], [0.0,0.0], [0.0,0.0], [0.0,0.0], [0.0,0.0], [0.0,0.0], [0.0,0.0], [0.0,1.0], [0.0,0.0], [0.0,0.0]]
ENTRY 2 ForLoopContinue_0 [[0.0,Infinity], [-Infinity,Infinity], [-Infinity,Infinity], [-Infinity,Infinity], [-Infinity,Infinity], [-Infinity,Infinity], [-Infinity,Infinity], [0.0,Infinity], [-Infinity,1.0], [0.0,0.0], [0.0,0.0], [0.0,0.0], [0.0,0.0], [0.0,0.0], [0.0,0.0], [0.0,Infinity], [-Infinity,Infinity], [0.0,0.0]]
EXIT 2 ForLoopContinue_0 [[0.0,Infinity], [-Infinity,Infinity], [-Infinity,Infinity], [-Infinity,Infinity], [-Infinity,Infinity], [-Infinity,Infinity], [-Infinity,Infinity], [0.0,Infinity], [-Infinity,1.0], [0.0,0.0], [0.0,0.0], [0.0,0.0], [0.0,0.0], [0.0,0.0], [0.0,0.0], [0.0,Infinity], [-Infinity,Infinity], [0.0,0.0]]
ENTRY 2 ForStatement_0 [[0.0,Infinity], [-Infinity,Infinity], [-Infinity,Infinity], [-Infinity,Infinity], [-Infinity,Infinity], [-Infinity,Infinity], [-Infinity,Infinity], [0.0,Infinity], [-Infinity,1.0], [0.0,0.0], [0.0,0.0], [0.0,0.0], [0.0,0.0], [0.0,0.0], [0.0,0.0], [0.0,Infinity], [-Infinity,Infinity], [0.0,0.0]]
EXIT 2 ForStatement_0 [[1.0,-1.0], [1.0,-1.0], [1.0,-1.0], [1.0,-1.0], [1.0,-1.0], [1.0,-1.0], [1.0,-1.0], [1.0,-1.0], [1.0,-1.0], [1.0,-1.0], [1.0,-1.0], [1.0,-1.0], [1.0,-1.0], [1.0,-1.0], [1.0,-1.0], [1.0,-1.0], [1.0,-1.0], [1.0,-1.0]]
ENTRY 2 ForLoopJoin_0 [[0.0,Infinity], [-Infinity,Infinity], [-Infinity,Infinity], [-Infinity,Infinity], [-Infinity,Infinity], [-Infinity,Infinity], [-Infinity,Infinity], [0.0,Infinity], [-Infinity,1.0], [0.0,0.0], [0.0,0.0], [0.0,0.0], [0.0,0.0], [0.0,0.0], [0.0,0.0], [0.0,Infinity], [-Infinity,Infinity], [0.0,0.0]]
EXIT 2 ForLoopJoin_0 [[0.0,Infinity], [-Infinity,Infinity], [-Infinity,Infinity], [-Infinity,Infinity], [-Infinity,Infinity], [-Infinity,Infinity], [-Infinity,Infinity], [0.0,Infinity], [-Infinity,1.0], [0.0,0.0], [0.0,0.0], [0.0,0.0], [0.0,0.0], [0.0,0.0], [0.0,0.0], [0.0,Infinity], [-Infinity,Infinity], [0.0,0.0]]
ENTRY 2 FunctionExit_3 [[0.0,Infinity], [-Infinity,Infinity], [-Infinity,Infinity], [-Infinity,Infinity], [-Infinity,Infinity], [-Infinity,Infinity], [-Infinity,Infinity], [0.0,Infinity], [-Infinity,1.0], [0.0,0.0], [0.0,0.0], [0.0,0.0], [0.0,0.0], [0.0,0.0], [0.0,0.0], [0.0,Infinity], [-Infinity,Infinity], [0.0,0.0]]
EXIT 2 FunctionExit_3 [[0.0,Infinity], [-Infinity,Infinity], [-Infinity,Infinity], [-Infinity,Infinity], [-Infinity,Infinity], [-Infinity,Infinity], [-Infinity,Infinity], [0.0,Infinity], [-Infinity,1.0], [0.0,0.0], [0.0,0.0], [0.0,0.0], [0.0,0.0], [0.0,0.0], [0.0,0.0], [0.0,Infinity], [-Infinity,Infinity], [0.0,0.0]]
ENTRY 2 ExpressionStatement_24 [[0.0,Infinity], [-Infinity,Infinity], [-Infinity,Infinity], [-Infinity,Infinity], [-Infinity,Infinity], [-Infinity,Infinity], [-Infinity,Infinity], [0.0,Infinity], [-Infinity,1.0], [0.0,0.0], [0.0,0.0], [0.0,0.0], [0.0,0.0], [0.0,0.0], [0.0,0.0], [0.0,Infinity], [-Infinity,Infinity], [0.0,0.0]]
EXIT 2 ExpressionStatement_24 [[0.0,Infinity], [-Infinity,Infinity], [-Infinity,Infinity], [-Infinity,Infinity], [-Infinity,Infinity], [-Infinity,Infinity], [-Infinity,Infinity], [0.0,Infinity], [-Infinity,1.0], [0.0,0.0], [0.0,0.0], [0.0,0.0], [0.0,0.0], [0.0,0.0], [0.0,0.0], [0.0,Infinity], [-Infinity,Infinity], [0.0,0.0]]
ENTRY 2 ExpressionStatement_25 [[0.0,Infinity], [-Infinity,Infinity], [-Infinity,Infinity], [-Infinity,Infinity], [-Infinity,Infinity], [-Infinity,Infinity], [-Infinity,Infinity], [0.0,Infinity], [-Infinity,1.0], [0.0,0.0], [0.0,0.0], [0.0,0.0], [0.0,0.0], [0.0,0.0], [0.0,0.0], [0.0,Infinity], [-Infinity,Infinity], [0.0,0.0]]
EXIT 2 ExpressionStatement_25 [[0.0,Infinity], [-Infinity,Infinity], [-Infinity,Infinity], [-Infinity,Infinity], [-Infinity,Infinity], [-Infinity,Infinity], [-Infinity,Infinity], [0.0,Infinity], [-Infinity,1.0], [0.0,0.0], [0.0,0.0], [0.0,0.0], [0.0,0.0], [0.0,0.0], [0.0,0.0], [1.0,Infinity], [-Infinity,Infinity], [0.0,0.0]]
ENTRY 2 FunctionDefinition_4 [[0.0,Infinity], [-Infinity,Infinity], [-Infinity,Infinity], [-Infinity,Infinity], [-Infinity,Infinity], [-Infinity,Infinity], [-Infinity,Infinity], [0.0,Infinity], [-Infinity,1.0], [0.0,0.0], [0.0,0.0], [0.0,0.0], [0.0,0.0], [0.0,0.0], [0.0,0.0], [0.0,0.0], [0.0,0.0], [0.0,0.0]]
EXIT 2 FunctionDefinition_4 [[0.0,Infinity], [-Infinity,Infinity], [-Infinity,Infinity], [-Infinity,Infinity], [-Infinity,Infinity], [-Infinity,Infinity], [-Infinity,Infinity], [0.0,Infinity], [-Infinity,1.0], [0.0,0.0], [0.0,0.0], [0.0,0.0], [0.0,0.0], [0.0,0.0], [0.0,0.0], [0.0,0.0], [0.0,0.0], [0.0,0.0]]
ENTRY 2 FunctionEntry_4 [[0.0,Infinity], [-Infinity,Infinity], [-Infinity,Infinity], [-Infinity,Infinity], [-Infinity,Infinity], [-Infinity,Infinity], [-Infinity,Infinity], [0.0,Infinity], [-Infinity,1.0], [0.0,0.0], [0.0,0.0], [0.0,0.0], [0.0,0.0], [0.0,0.0], [0.0,0.0], [0.0,0.0], [0.0,0.0], [0.0,0.0]]
EXIT 2 FunctionEntry_4 [[0.0,Infinity], [-Infinity,Infinity], [-Infinity,Infinity], [-Infinity,Infinity], [-Infinity,Infinity], [-Infinity,Infinity], [-Infinity,Infinity], [0.0,Infinity], [-Infinity,1.0], [0.0,0.0], [0.0,0.0], [0.0,0.0], [0.0,0.0], [0.0,0.0], [0.0,0.0], [0.0,0.0], [0.0,0.0], [0.0,0.0]]
ENTRY 2 VariableDeclarationStatement_2 [[0.0,Infinity], [-Infinity,Infinity], [-Infinity,Infinity], [-Infinity,Infinity], [-Infinity,Infinity], [-Infinity,Infinity], [-Infinity,Infinity], [0.0,Infinity], [-Infinity,1.0], [0.0,0.0], [0.0,0.0], [0.0,0.0], [0.0,0.0], [0.0,0.0], [0.0,0.0], [0.0,0.0], [0.0,0.0], [0.0,0.0]]
EXIT 2 VariableDeclarationStatement_2 [[0.0,Infinity], [-Infinity,Infinity], [-Infinity,Infinity], [-Infinity,Infinity], [-Infinity,Infinity], [-Infinity,Infinity], [-Infinity,Infinity], [0.0,Infinity], [-Infinity,1.0], [0.0,0.0], [0.0,0.0], [0.0,0.0], [0.0,0.0], [0.0,0.0], [0.0,0.0], [0.0,0.0], [0.0,0.0], [0.0,0.0]]
ENTRY 2 ForLoopContinue_1 [[0.0,Infinity], [-Infinity,Infinity], [-Infinity,Infinity], [-Infinity,Infinity], [-Infinity,Infinity], [-Infinity,Infinity], [-Infinity,Infinity], [0.0,Infinity], [-Infinity,1.0], [0.0,0.0], [0.0,0.0], [0.0,0.0], [0.0,0.0], [0.0,0.0], [0.0,0.0], [0.0,Infinity], [0.0,0.0], [-Infinity,Infinity]]
EXIT 2 ForLoopContinue_1 [[0.0,Infinity], [-Infinity,Infinity], [-Infinity,Infinity], [-Infinity,Infinity], [-Infinity,Infinity], [-Infinity,Infinity], [-Infinity,Infinity], [0.0,Infinity], [-Infinity,1.0], [0.0,0.0], [0.0,0.0], [0.0,0.0], [0.0,0.0], [0.0,0.0], [0.0,0.0], [0.0,Infinity], [0.0,0.0], [-Infinity,Infinity]]
ENTRY 2 ForStatement_1 [[0.0,Infinity], [-Infinity,Infinity], [-Infinity,Infinity], [-Infinity,Infinity], [-Infinity,Infinity], [-Infinity,Infinity], [-Infinity,Infinity], [0.0,Infinity], [-Infinity,1.0], [0.0,0.0], [0.0,0.0], [0.0,0.0], [0.0,0.0], [0.0,0.0], [0.0,0.0], [0.0,Infinity], [0.0,0.0], [-Infinity,Infinity]]
EXIT 2 ForStatement_1 [[1.0,-1.0], [1.0,-1.0], [1.0,-1.0], [1.0,-1.0], [1.0,-1.0], [1.0,-1.0], [1.0,-1.0], [1.0,-1.0], [1.0,-1.0], [1.0,-1.0], [1.0,-1.0], [1.0,-1.0], [1.0,-1.0], [1.0,-1.0], [1.0,-1.0], [1.0,-1.0], [1.0,-1.0], [1.0,-1.0]]
ENTRY 2 ForLoopJoin_1 [[0.0,Infinity], [-Infinity,Infinity], [-Infinity,Infinity], [-Infinity,Infinity], [-Infinity,Infinity], [-Infinity,Infinity], [-Infinity,Infinity], [0.0,Infinity], [-Infinity,1.0], [0.0,0.0], [0.0,0.0], [0.0,0.0], [0.0,0.0], [0.0,0.0], [0.0,0.0], [0.0,Infinity], [0.0,0.0], [-Infinity,Infinity]]
EXIT 2 ForLoopJoin_1 [[0.0,Infinity], [-Infinity,Infinity], [-Infinity,Infinity], [-Infinity,Infinity], [-Infinity,Infinity], [-Infinity,Infinity], [-Infinity,Infinity], [0.0,Infinity], [-Infinity,1.0], [0.0,0.0], [0.0,0.0], [0.0,0.0], [0.0,0.0], [0.0,0.0], [0.0,0.0], [0.0,Infinity], [0.0,0.0], [-Infinity,Infinity]]
ENTRY 2 FunctionExit_4 [[0.0,Infinity], [-Infinity,Infinity], [-Infinity,Infinity], [-Infinity,Infinity], [-Infinity,Infinity], [-Infinity,Infinity], [-Infinity,Infinity], [0.0,Infinity], [-Infinity,1.0], [0.0,0.0], [0.0,0.0], [0.0,0.0], [0.0,0.0], [0.0,0.0], [0.0,0.0], [0.0,Infinity], [0.0,0.0], [-Infinity,Infinity]]
EXIT 2 FunctionExit_4 [[0.0,Infinity], [-Infinity,Infinity], [-Infinity,Infinity], [-Infinity,Infinity], [-Infinity,Infinity], [-Infinity,Infinity], [-Infinity,Infinity], [0.0,Infinity], [-Infinity,1.0], [0.0,0.0], [0.0,0.0], [0.0,0.0], [0.0,0.0], [0.0,0.0], [0.0,0.0], [0.0,Infinity], [0.0,0.0], [-Infinity,Infinity]]
ENTRY 2 ExpressionStatement_26 [[0.0,Infinity], [-Infinity,Infinity], [-Infinity,Infinity], [-Infinity,Infinity], [-Infinity,Infinity], [-Infinity,Infinity], [-Infinity,Infinity], [0.0,Infinity], [-Infinity,1.0], [0.0,0.0], [0.0,0.0], [0.0,0.0], [0.0,0.0], [0.0,0.0], [0.0,0.0], [0.0,Infinity], [0.0,0.0], [-Infinity,Infinity]]
EXIT 2 ExpressionStatement_26 [[0.0,Infinity], [-Infinity,Infinity], [-Infinity,Infinity], [-Infinity,Infinity], [-Infinity,Infinity], [-Infinity,Infinity], [-Infinity,Infinity], [0.0,Infinity], [-Infinity,1.0], [0.0,0.0], [0.0,0.0], [0.0,0.0], [0.0,0.0], [0.0,0.0], [0.0,0.0], [0.0,Infinity], [0.0,0.0], [-Infinity,Infinity]]
ENTRY 2 ExpressionStatement_27 [[0.0,Infinity], [-Infinity,Infinity], [-Infinity,Infinity], [-Infinity,Infinity], [-Infinity,Infinity], [-Infinity,Infinity], [-Infinity,Infinity], [0.0,Infinity], [-Infinity,1.0], [0.0,0.0], [0.0,0.0], [0.0,0.0], [0.0,0.0], [0.0,0.0], [0.0,0.0], [0.0,Infinity], [0.0,0.0], [-Infinity,Infinity]]
EXIT 2 ExpressionStatement_27 [[0.0,Infinity], [-Infinity,Infinity], [-Infinity,Infinity], [-Infinity,Infinity], [-Infinity,Infinity], [-Infinity,Infinity], [-Infinity,Infinity], [0.0,Infinity], [-Infinity,1.0], [0.0,0.0], [0.0,0.0], [0.0,0.0], [0.0,0.0], [0.0,0.0], [0.0,0.0], [1.0,Infinity], [0.0,0.0], [-Infinity,Infinity]]
ENTRY 2 FunctionDefinition_5 [[0.0,Infinity], [-Infinity,Infinity], [-Infinity,Infinity], [-Infinity,Infinity], [-Infinity,Infinity], [-Infinity,Infinity], [-Infinity,Infinity], [0.0,Infinity], [-Infinity,1.0], [0.0,0.0], [0.0,0.0], [0.0,0.0], [0.0,0.0], [0.0,0.0], [0.0,0.0], [0.0,0.0], [0.0,0.0], [0.0,0.0]]
EXIT 2 FunctionDefinition_5 [[0.0,Infinity], [-Infinity,Infinity], [-Infinity,Infinity], [-Infinity,Infinity], [-Infinity,Infinity], [-Infinity,Infinity], [-Infinity,Infinity], [0.0,Infinity], [-Infinity,1.0], [0.0,0.0], [0.0,0.0], [0.0,0.0], [0.0,0.0], [0.0,0.0], [0.0,0.0], [0.0,0.0], [0.0,0.0], [0.0,0.0]]
ENTRY 2 FunctionEntry_5 [[0.0,Infinity], [-Infinity,Infinity], [-Infinity,Infinity], [-Infinity,Infinity], [-Infinity,Infinity], [-Infinity,Infinity], [-Infinity,Infinity], [0.0,Infinity], [-Infinity,1.0], [0.0,0.0], [0.0,0.0], [0.0,0.0], [0.0,0.0], [0.0,0.0], [0.0,0.0], [0.0,0.0], [0.0,0.0], [0.0,0.0]]
EXIT 2 FunctionEntry_5 [[0.0,Infinity], [-Infinity,Infinity], [-Infinity,Infinity], [-Infinity,Infinity], [-Infinity,Infinity], [-Infinity,Infinity], [-Infinity,Infinity], [0.0,Infinity], [-Infinity,1.0], [0.0,0.0], [0.0,0.0], [0.0,0.0], [0.0,0.0], [0.0,0.0], [0.0,0.0], [0.0,0.0], [0.0,0.0], [0.0,0.0]]
ENTRY 2 ExpressionStatement_28 [[0.0,Infinity], [-Infinity,Infinity], [-Infinity,Infinity], [-Infinity,Infinity], [-Infinity,Infinity], [-Infinity,Infinity], [-Infinity,Infinity], [0.0,Infinity], [-Infinity,1.0], [0.0,0.0], [0.0,0.0], [0.0,0.0], [0.0,0.0], [0.0,0.0], [0.0,0.0], [0.0,0.0], [0.0,0.0], [0.0,0.0]]
EXIT 2 ExpressionStatement_28 [[0.0,Infinity], [-Infinity,Infinity], [-Infinity,Infinity], [-Infinity,Infinity], [-Infinity,Infinity], [-Infinity,Infinity], [-Infinity,Infinity], [0.0,Infinity], [-Infinity,1.0], [0.0,0.0], [0.0,0.0], [0.0,0.0], [0.0,0.0], [0.0,0.0], [0.0,0.0], [0.0,0.0], [0.0,0.0], [0.0,0.0]]
ENTRY 2 FunctionExit_5 [[0.0,Infinity], [-Infinity,Infinity], [-Infinity,Infinity], [-Infinity,Infinity], [-Infinity,Infinity], [-Infinity,Infinity], [-Infinity,Infinity], [0.0,Infinity], [-Infinity,1.0], [0.0,0.0], [0.0,0.0], [0.0,0.0], [0.0,0.0], [0.0,0.0], [0.0,0.0], [0.0,0.0], [0.0,0.0], [0.0,0.0]]
EXIT 2 FunctionExit_5 [[0.0,Infinity], [-Infinity,Infinity], [-Infinity,Infinity], [-Infinity,Infinity], [-Infinity,Infinity], [-Infinity,Infinity], [-Infinity,Infinity], [0.0,Infinity], [-Infinity,1.0], [0.0,0.0], [0.0,0.0], [0.0,0.0], [0.0,0.0], [0.0,0.0], [0.0,0.0], [0.0,0.0], [0.0,0.0], [0.0,0.0]]
ENTRY 2 FunctionDefinition_6 [[0.0,Infinity], [-Infinity,Infinity], [-Infinity,Infinity], [-Infinity,Infinity], [-Infinity,Infinity], [-Infinity,Infinity], [-Infinity,Infinity], [0.0,Infinity], [-Infinity,1.0], [0.0,0.0], [0.0,0.0], [0.0,0.0], [0.0,0.0], [0.0,0.0], [0.0,0.0], [0.0,0.0], [0.0,0.0], [0.0,0.0]]
EXIT 2 FunctionDefinition_6 [[0.0,Infinity], [-Infinity,Infinity], [-Infinity,Infinity], [-Infinity,Infinity], [-Infinity,Infinity], [-Infinity,Infinity], [-Infinity,Infinity], [0.0,Infinity], [-Infinity,1.0], [0.0,0.0], [0.0,0.0], [0.0,0.0], [0.0,0.0], [0.0,0.0], [0.0,0.0], [0.0,0.0], [0.0,0.0], [0.0,0.0]]
ENTRY 2 FunctionEntry_6 [[0.0,Infinity], [-Infinity,Infinity], [-Infinity,Infinity], [-Infinity,Infinity], [-Infinity,Infinity], [-Infinity,Infinity], [-Infinity,Infinity], [0.0,Infinity], [-Infinity,1.0], [0.0,0.0], [0.0,0.0], [0.0,0.0], [0.0,0.0], [0.0,0.0], [0.0,0.0], [0.0,0.0], [0.0,0.0], [0.0,0.0]]
EXIT 2 FunctionEntry_6 [[0.0,Infinity], [-Infinity,Infinity], [-Infinity,Infinity], [-Infinity,Infinity], [-Infinity,Infinity], [-Infinity,Infinity], [-Infinity,Infinity], [0.0,Infinity], [-Infinity,1.0], [0.0,0.0], [0.0,0.0], [0.0,0.0], [0.0,0.0], [0.0,0.0], [0.0,0.0], [0.0,0.0], [0.0,0.0], [0.0,0.0]]
ENTRY 2 IfStatement_5 [[0.0,Infinity], [-Infinity,Infinity], [-Infinity,Infinity], [-Infinity,Infinity], [-Infinity,Infinity], [-Infinity,Infinity], [-Infinity,Infinity], [0.0,Infinity], [-Infinity,1.0], [0.0,0.0], [0.0,0.0], [0.0,0.0], [0.0,0.0], [0.0,0.0], [0.0,0.0], [0.0,0.0], [0.0,0.0], [0.0,0.0]]
EXIT 2 IfStatement_5 [[1.0,-1.0], [1.0,-1.0], [1.0,-1.0], [1.0,-1.0], [1.0,-1.0], [1.0,-1.0], [1.0,-1.0], [1.0,-1.0], [1.0,-1.0], [1.0,-1.0], [1.0,-1.0], [1.0,-1.0], [1.0,-1.0], [1.0,-1.0], [1.0,-1.0], [1.0,-1.0], [1.0,-1.0], [1.0,-1.0]]
ENTRY 2 ExpressionStatement_29 [[0.0,Infinity], [-Infinity,Infinity], [-Infinity,Infinity], [-Infinity,Infinity], [-Infinity,Infinity], [-Infinity,Infinity], [-Infinity,Infinity], [0.0,Infinity], [-Infinity,1.0], [0.0,0.0], [0.0,0.0], [0.0,0.0], [0.0,0.0], [0.0,0.0], [0.0,0.0], [0.0,0.0], [0.0,0.0], [0.0,0.0]]
EXIT 2 ExpressionStatement_29 [[0.0,Infinity], [-Infinity,Infinity], [-Infinity,Infinity], [-Infinity,Infinity], [-Infinity,Infinity], [-Infinity,Infinity], [-Infinity,Infinity], [0.0,Infinity], [-Infinity,1.0], [0.0,0.0], [0.0,0.0], [0.0,0.0], [0.0,0.0], [0.0,0.0], [0.0,0.0], [0.0,0.0], [0.0,0.0], [0.0,0.0]]
ENTRY 2 IfConditionJoin_5 [[0.0,Infinity], [-Infinity,Infinity], [-Infinity,Infinity], [-Infinity,Infinity], [-Infinity,Infinity], [-Infinity,Infinity], [-Infinity,Infinity], [0.0,Infinity], [-Infinity,1.0], [0.0,0.0], [0.0,0.0], [0.0,0.0], [0.0,0.0], [0.0,0.0], [0.0,0.0], [0.0,0.0], [0.0,0.0], [0.0,0.0]]
EXIT 2 IfConditionJoin_5 [[0.0,Infinity], [-Infinity,Infinity], [-Infinity,Infinity], [-Infinity,Infinity], [-Infinity,Infinity], [-Infinity,Infinity], [-Infinity,Infinity], [0.0,Infinity], [-Infinity,1.0], [0.0,0.0], [0.0,0.0], [0.0,0.0], [0.0,0.0], [0.0,0.0], [0.0,0.0], [0.0,0.0], [0.0,0.0], [0.0,0.0]]
ENTRY 2 FunctionExit_6 [[0.0,Infinity], [-Infinity,Infinity], [-Infinity,Infinity], [-Infinity,Infinity], [-Infinity,Infinity], [-Infinity,Infinity], [-Infinity,Infinity], [0.0,Infinity], [-Infinity,1.0], [0.0,0.0], [0.0,0.0], [0.0,0.0], [0.0,0.0], [0.0,0.0], [0.0,0.0], [0.0,0.0], [0.0,0.0], [0.0,0.0]]
EXIT 2 FunctionExit_6 [[0.0,Infinity], [-Infinity,Infinity], [-Infinity,Infinity], [-Infinity,Infinity], [-Infinity,Infinity], [-Infinity,Infinity], [-Infinity,Infinity], [0.0,Infinity], [-Infinity,1.0], [0.0,0.0], [0.0,0.0], [0.0,0.0], [0.0,0.0], [0.0,0.0], [0.0,0.0], [0.0,0.0], [0.0,0.0], [0.0,0.0]]
ENTRY 2 FunctionDefinition_7 [[0.0,Infinity], [-Infinity,Infinity], [-Infinity,Infinity], [-Infinity,Infinity], [-Infinity,Infinity], [-Infinity,Infinity], [-Infinity,Infinity], [0.0,Infinity], [-Infinity,1.0], [0.0,0.0], [0.0,0.0], [0.0,0.0], [0.0,0.0], [0.0,0.0], [0.0,0.0], [0.0,0.0], [0.0,0.0], [0.0,0.0]]
EXIT 2 FunctionDefinition_7 [[0.0,Infinity], [-Infinity,Infinity], [-Infinity,Infinity], [-Infinity,Infinity], [-Infinity,Infinity], [-Infinity,Infinity], [-Infinity,Infinity], [0.0,Infinity], [-Infinity,1.0], [0.0,0.0], [0.0,0.0], [0.0,0.0], [0.0,0.0], [0.0,0.0], [0.0,0.0], [0.0,0.0], [0.0,0.0], [0.0,0.0]]
ENTRY 2 FunctionEntry_7 [[0.0,Infinity], [-Infinity,Infinity], [-Infinity,Infinity], [-Infinity,Infinity], [-Infinity,Infinity], [-Infinity,Infinity], [-Infinity,Infinity], [0.0,Infinity], [-Infinity,1.0], [0.0,0.0], [0.0,0.0], [0.0,0.0], [0.0,0.0], [0.0,0.0], [0.0,0.0], [0.0,0.0], [0.0,0.0], [0.0,0.0]]
EXIT 2 FunctionEntry_7 [[0.0,Infinity], [-Infinity,Infinity], [-Infinity,Infinity], [-Infinity,Infinity], [-Infinity,Infinity], [-Infinity,Infinity], [-Infinity,Infinity], [0.0,Infinity], [-Infinity,1.0], [0.0,0.0], [0.0,0.0], [0.0,0.0], [0.0,0.0], [0.0,0.0], [0.0,0.0], [0.0,0.0], [0.0,0.0], [0.0,0.0]]
ENTRY 2 Return_3 [[0.0,Infinity], [-Infinity,Infinity], [-Infinity,Infinity], [-Infinity,Infinity], [-Infinity,Infinity], [-Infinity,Infinity], [-Infinity,Infinity], [0.0,Infinity], [-Infinity,1.0], [0.0,0.0], [0.0,0.0], [0.0,0.0], [0.0,0.0], [0.0,0.0], [0.0,0.0], [0.0,0.0], [0.0,0.0], [0.0,0.0]]
EXIT 2 Return_3 [[0.0,Infinity], [-Infinity,Infinity], [-Infinity,Infinity], [-Infinity,Infinity], [-Infinity,Infinity], [-Infinity,Infinity], [-Infinity,Infinity], [0.0,Infinity], [-Infinity,1.0], [0.0,0.0], [0.0,0.0], [0.0,0.0], [0.0,0.0], [0.0,0.0], [0.0,0.0], [0.0,0.0], [0.0,0.0], [0.0,0.0]]
ENTRY 2 FunctionExit_7 [[0.0,Infinity], [-Infinity,Infinity], [-Infinity,Infinity], [-Infinity,Infinity], [-Infinity,Infinity], [-Infinity,Infinity], [-Infinity,Infinity], [0.0,Infinity], [-Infinity,1.0], [0.0,0.0], [0.0,0.0], [0.0,0.0], [0.0,0.0], [0.0,0.0], [0.0,0.0], [0.0,0.0], [0.0,0.0], [0.0,0.0]]
EXIT 2 FunctionExit_7 [[0.0,Infinity], [-Infinity,Infinity], [-Infinity,Infinity], [-Infinity,Infinity], [-Infinity,Infinity], [-Infinity,Infinity], [-Infinity,Infinity], [0.0,Infinity], [-Infinity,1.0], [0.0,0.0], [0.0,0.0], [0.0,0.0], [0.0,0.0], [0.0,0.0], [0.0,0.0], [0.0,0.0], [0.0,0.0], [0.0,0.0]]
ENTRY 2 FunctionDefinition_8 [[0.0,Infinity], [-Infinity,Infinity], [-Infinity,Infinity], [-Infinity,Infinity], [-Infinity,Infinity], [-Infinity,Infinity], [-Infinity,Infinity], [0.0,Infinity], [-Infinity,1.0], [0.0,0.0], [0.0,0.0], [0.0,0.0], [0.0,0.0], [0.0,0.0], [0.0,0.0], [0.0,0.0], [0.0,0.0], [0.0,0.0]]
EXIT 2 FunctionDefinition_8 [[0.0,Infinity], [-Infinity,Infinity], [-Infinity,Infinity], [-Infinity,Infinity], [-Infinity,Infinity], [-Infinity,Infinity], [-Infinity,Infinity], [0.0,Infinity], [-Infinity,1.0], [0.0,0.0], [0.0,0.0], [0.0,0.0], [0.0,0.0], [0.0,0.0], [0.0,0.0], [0.0,0.0], [0.0,0.0], [0.0,0.0]]
ENTRY 2 FunctionEntry_8 [[0.0,Infinity], [-Infinity,Infinity], [-Infinity,Infinity], [-Infinity,Infinity], [-Infinity,Infinity], [-Infinity,Infinity], [-Infinity,Infinity], [0.0,Infinity], [-Infinity,1.0], [0.0,0.0], [0.0,0.0], [0.0,0.0], [0.0,0.0], [0.0,0.0], [0.0,0.0], [0.0,0.0], [0.0,0.0], [0.0,0.0]]
EXIT 2 FunctionEntry_8 [[0.0,Infinity], [-Infinity,Infinity], [-Infinity,Infinity], [-Infinity,Infinity], [-Infinity,Infinity], [-Infinity,Infinity], [-Infinity,Infinity], [0.0,Infinity], [-Infinity,1.0], [0.0,0.0], [0.0,0.0], [0.0,0.0], [0.0,0.0], [0.0,0.0], [0.0,0.0], [0.0,0.0], [0.0,0.0], [0.0,0.0]]
ENTRY 2 Return_4 [[0.0,Infinity], [-Infinity,Infinity], [-Infinity,Infinity], [-Infinity,Infinity], [-Infinity,Infinity], [-Infinity,Infinity], [-Infinity,Infinity], [0.0,Infinity], [-Infinity,1.0], [0.0,0.0], [0.0,0.0], [0.0,0.0], [0.0,0.0], [0.0,0.0], [0.0,0.0], [0.0,0.0], [0.0,0.0], [0.0,0.0]]
EXIT 2 Return_4 [[0.0,Infinity], [-Infinity,Infinity], [-Infinity,Infinity], [-Infinity,Infinity], [-Infinity,Infinity], [-Infinity,Infinity], [-Infinity,Infinity], [0.0,Infinity], [-Infinity,1.0], [0.0,0.0], [0.0,0.0], [0.0,0.0], [0.0,0.0], [0.0,0.0], [0.0,0.0], [0.0,0.0], [0.0,0.0], [0.0,0.0]]
ENTRY 2 FunctionExit_8 [[0.0,Infinity], [-Infinity,Infinity], [-Infinity,Infinity], [-Infinity,Infinity], [-Infinity,Infinity], [-Infinity,Infinity], [-Infinity,Infinity], [0.0,Infinity], [-Infinity,1.0], [0.0,0.0], [0.0,0.0], [0.0,0.0], [0.0,0.0], [0.0,0.0], [0.0,0.0], [0.0,0.0], [0.0,0.0], [0.0,0.0]]
EXIT 2 FunctionExit_8 [[0.0,Infinity], [-Infinity,Infinity], [-Infinity,Infinity], [-Infinity,Infinity], [-Infinity,Infinity], [-Infinity,Infinity], [-Infinity,Infinity], [0.0,Infinity], [-Infinity,1.0], [0.0,0.0], [0.0,0.0], [0.0,0.0], [0.0,0.0], [0.0,0.0], [0.0,0.0], [0.0,0.0], [0.0,0.0], [0.0,0.0]]
ENTRY 3 SourceEntry_0 [[0.0,0.0], [0.0,0.0], [0.0,0.0], [0.0,0.0], [0.0,0.0], [0.0,0.0], [0.0,0.0], [0.0,0.0], [0.0,0.0], [0.0,0.0], [0.0,0.0], [0.0,0.0], [0.0,0.0], [0.0,0.0], [0.0,0.0], [0.0,0.0], [0.0,0.0], [0.0,0.0]]
EXIT 3 SourceEntry_0 [[0.0,0.0], [0.0,0.0], [0.0,0.0], [0.0,0.0], [0.0,0.0], [0.0,0.0], [0.0,0.0], [43200.0,43200.0], [0.0,0.0], [0.0,0.0], [0.0,0.0], [0.0,0.0], [0.0,0.0], [0.0,0.0], [0.0,0.0], [0.0,0.0], [0.0,0.0], [0.0,0.0]]
ENTRY 3 SourceUnit_0 [[0.0,0.0], [0.0,0.0], [0.0,0.0], [0.0,0.0], [0.0,0.0], [0.0,0.0], [0.0,0.0], [43200.0,43200.0], [0.0,0.0], [0.0,0.0], [0.0,0.0], [0.0,0.0], [0.0,0.0], [0.0,0.0], [0.0,0.0], [0.0,0.0], [0.0,0.0], [0.0,0.0]]
EXIT 3 SourceUnit_0 [[0.0,0.0], [0.0,0.0], [0.0,0.0], [0.0,0.0], [0.0,0.0], [0.0,0.0], [0.0,0.0], [43200.0,43200.0], [0.0,0.0], [0.0,0.0], [0.0,0.0], [0.0,0.0], [0.0,0.0], [0.0,0.0], [0.0,0.0], [0.0,0.0], [0.0,0.0], [0.0,0.0]]
ENTRY 3 PragmaDirective_0 [[0.0,0.0], [0.0,0.0], [0.0,0.0], [0.0,0.0], [0.0,0.0], [0.0,0.0], [0.0,0.0], [43200.0,43200.0], [0.0,0.0], [0.0,0.0], [0.0,0.0], [0.0,0.0], [0.0,0.0], [0.0,0.0], [0.0,0.0], [0.0,0.0], [0.0,0.0], [0.0,0.0]]
EXIT 3 PragmaDirective_0 [[0.0,0.0], [0.0,0.0], [0.0,0.0], [0.0,0.0], [0.0,0.0], [0.0,0.0], [0.0,0.0], [43200.0,43200.0], [0.0,0.0], [0.0,0.0], [0.0,0.0], [0.0,0.0], [0.0,0.0], [0.0,0.0], [0.0,0.0], [0.0,0.0], [0.0,0.0], [0.0,0.0]]
ENTRY 3 SourceExit_0 [[0.0,Infinity], [-Infinity,Infinity], [-Infinity,Infinity], [-Infinity,Infinity], [-Infinity,Infinity], [-Infinity,Infinity], [-Infinity,Infinity], [0.0,Infinity], [-Infinity,1.0], [-Infinity,Infinity], [0.0,0.0], [0.0,0.0], [0.0,0.0], [0.0,0.0], [0.0,0.0], [0.0,Infinity], [-Infinity,Infinity], [-Infinity,Infinity]]
EXIT 3 SourceExit_0 [[0.0,0.0], [0.0,0.0], [0.0,0.0], [0.0,0.0], [0.0,0.0], [0.0,0.0], [0.0,0.0], [43200.0,43200.0], [0.0,0.0], [-Infinity,Infinity], [0.0,0.0], [0.0,0.0], [0.0,0.0], [0.0,0.0], [0.0,0.0], [0.0,Infinity], [-Infinity,Infinity], [-Infinity,Infinity]]
ENTRY 3 ContractDefinition_0 [[0.0,0.0], [0.0,0.0], [0.0,0.0], [0.0,0.0], [0.0,0.0], [0.0,0.0], [0.0,0.0], [43200.0,43200.0], [0.0,0.0], [0.0,0.0], [0.0,0.0], [0.0,0.0], [0.0,0.0], [0.0,0.0], [0.0,0.0], [0.0,0.0], [0.0,0.0], [0.0,0.0]]
EXIT 3 ContractDefinition_0 [[0.0,0.0], [0.0,0.0], [0.0,0.0], [0.0,0.0], [0.0,0.0], [0.0,0.0], [0.0,0.0], [43200.0,43200.0], [0.0,0.0], [0.0,0.0], [0.0,0.0], [0.0,0.0], [0.0,0.0], [0.0,0.0], [0.0,0.0], [0.0,0.0], [0.0,0.0], [0.0,0.0]]
ENTRY 3 VariableDeclaration_0 [[0.0,0.0], [0.0,0.0], [0.0,0.0], [0.0,0.0], [0.0,0.0], [0.0,0.0], [0.0,0.0], [43200.0,43200.0], [0.0,0.0], [0.0,0.0], [0.0,0.0], [0.0,0.0], [0.0,0.0], [0.0,0.0], [0.0,0.0], [0.0,0.0], [0.0,0.0], [0.0,0.0]]
EXIT 3 VariableDeclaration_0 [[0.0,0.0], [0.0,0.0], [0.0,0.0], [0.0,0.0], [0.0,0.0], [0.0,0.0], [0.0,0.0], [43200.0,43200.0], [0.0,0.0], [0.0,0.0], [0.0,0.0], [0.0,0.0], [0.0,0.0], [0.0,0.0], [0.0,0.0], [0.0,0.0], [0.0,0.0], [0.0,0.0]]
ENTRY 3 VariableDeclaration_1 [[0.0,0.0], [0.0,0.0], [0.0,0.0], [0.0,0.0], [0.0,0.0], [0.0,0.0], [0.0,0.0], [43200.0,43200.0], [0.0,0.0], [0.0,0.0], [0.0,0.0], [0.0,0.0], [0.0,0.0], [0.0,0.0], [0.0,0.0], [0.0,0.0], [0.0,0.0], [0.0,0.0]]
EXIT 3 VariableDeclaration_1 [[0.0,0.0], [0.0,0.0], [0.0,0.0], [0.0,0.0], [0.0,0.0], [0.0,0.0], [0.0,0.0], [43200.0,43200.0], [0.0,0.0], [0.0,0.0], [0.0,0.0], [0.0,0.0], [0.0,0.0], [0.0,0.0], [0.0,0.0], [0.0,0.0], [0.0,0.0], [0.0,0.0]]
ENTRY 3 VariableDeclaration_2 [[0.0,0.0], [0.0,0.0], [0.0,0.0], [0.0,0.0], [0.0,0.0], [0.0,0.0], [0.0,0.0], [43200.0,43200.0], [0.0,0.0], [0.0,0.0], [0.0,0.0], [0.0,0.0], [0.0,0.0], [0.0,0.0], [0.0,0.0], [0.0,0.0], [0.0,0.0], [0.0,0.0]]
EXIT 3 VariableDeclaration_2 [[0.0,0.0], [0.0,0.0], [0.0,0.0], [0.0,0.0], [0.0,0.0], [0.0,0.0], [0.0,0.0], [43200.0,43200.0], [0.0,0.0], [0.0,0.0], [0.0,0.0], [0.0,0.0], [0.0,0.0], [0.0,0.0], [0.0,0.0], [0.0,0.0], [0.0,0.0], [0.0,0.0]]
ENTRY 3 VariableDeclaration_3 [[0.0,0.0], [0.0,0.0], [0.0,0.0], [0.0,0.0], [0.0,0.0], [0.0,0.0], [0.0,0.0], [43200.0,43200.0], [0.0,0.0], [0.0,0.0], [0.0,0.0], [0.0,0.0], [0.0,0.0], [0.0,0.0], [0.0,0.0], [0.0,0.0], [0.0,0.0], [0.0,0.0]]
EXIT 3 VariableDeclaration_3 [[0.0,0.0], [0.0,0.0], [0.0,0.0], [0.0,0.0], [0.0,0.0], [0.0,0.0], [0.0,0.0], [43200.0,43200.0], [0.0,0.0], [0.0,0.0], [0.0,0.0], [0.0,0.0], [0.0,0.0], [0.0,0.0], [0.0,0.0], [0.0,0.0], [0.0,0.0], [0.0,0.0]]
ENTRY 3 VariableDeclaration_4 [[0.0,0.0], [0.0,0.0], [0.0,0.0], [0.0,0.0], [0.0,0.0], [0.0,0.0], [0.0,0.0], [43200.0,43200.0], [0.0,0.0], [0.0,0.0], [0.0,0.0], [0.0,0.0], [0.0,0.0], [0.0,0.0], [0.0,0.0], [0.0,0.0], [0.0,0.0], [0.0,0.0]]
EXIT 3 VariableDeclaration_4 [[0.0,0.0], [0.0,0.0], [0.0,0.0], [0.0,0.0], [0.0,0.0], [0.0,0.0], [0.0,0.0], [43200.0,43200.0], [0.0,0.0], [0.0,0.0], [0.0,0.0], [0.0,0.0], [0.0,0.0], [0.0,0.0], [0.0,0.0], [0.0,0.0], [0.0,0.0], [0.0,0.0]]
ENTRY 3 VariableDeclaration_5 [[0.0,0.0], [0.0,0.0], [0.0,0.0], [0.0,0.0], [0.0,0.0], [0.0,0.0], [0.0,0.0], [43200.0,43200.0], [0.0,0.0], [0.0,0.0], [0.0,0.0], [0.0,0.0], [0.0,0.0], [0.0,0.0], [0.0,0.0], [0.0,0.0], [0.0,0.0], [0.0,0.0]]
EXIT 3 VariableDeclaration_5 [[0.0,0.0], [0.0,0.0], [0.0,0.0], [0.0,0.0], [0.0,0.0], [0.0,0.0], [0.0,0.0], [43200.0,43200.0], [0.0,0.0], [0.0,0.0], [0.0,0.0], [0.0,0.0], [0.0,0.0], [0.0,0.0], [0.0,0.0], [0.0,0.0], [0.0,0.0], [0.0,0.0]]
ENTRY 3 VariableDeclaration_6 [[0.0,0.0], [0.0,0.0], [0.0,0.0], [0.0,0.0], [0.0,0.0], [0.0,0.0], [0.0,0.0], [43200.0,43200.0], [0.0,0.0], [0.0,0.0], [0.0,0.0], [0.0,0.0], [0.0,0.0], [0.0,0.0], [0.0,0.0], [0.0,0.0], [0.0,0.0], [0.0,0.0]]
EXIT 3 VariableDeclaration_6 [[0.0,0.0], [0.0,0.0], [0.0,0.0], [0.0,0.0], [0.0,0.0], [0.0,0.0], [0.0,0.0], [43200.0,43200.0], [0.0,0.0], [0.0,0.0], [0.0,0.0], [0.0,0.0], [0.0,0.0], [0.0,0.0], [0.0,0.0], [0.0,0.0], [0.0,0.0], [0.0,0.0]]
ENTRY 3 VariableDeclaration_7 [[0.0,0.0], [0.0,0.0], [0.0,0.0], [0.0,0.0], [0.0,0.0], [0.0,0.0], [0.0,0.0], [43200.0,43200.0], [0.0,0.0], [0.0,0.0], [0.0,0.0], [0.0,0.0], [0.0,0.0], [0.0,0.0], [0.0,0.0], [0.0,0.0], [0.0,0.0], [0.0,0.0]]
EXIT 3 VariableDeclaration_7 [[0.0,0.0], [0.0,0.0], [0.0,0.0], [0.0,0.0], [0.0,0.0], [0.0,0.0], [0.0,0.0], [43200.0,43200.0], [0.0,0.0], [0.0,0.0], [0.0,0.0], [0.0,0.0], [0.0,0.0], [0.0,0.0], [0.0,0.0], [0.0,0.0], [0.0,0.0], [0.0,0.0]]
ENTRY 3 VariableDeclaration_8 [[0.0,0.0], [0.0,0.0], [0.0,0.0], [0.0,0.0], [0.0,0.0], [0.0,0.0], [0.0,0.0], [43200.0,43200.0], [0.0,0.0], [0.0,0.0], [0.0,0.0], [0.0,0.0], [0.0,0.0], [0.0,0.0], [0.0,0.0], [0.0,0.0], [0.0,0.0], [0.0,0.0]]
EXIT 3 VariableDeclaration_8 [[0.0,0.0], [0.0,0.0], [0.0,0.0], [0.0,0.0], [0.0,0.0], [0.0,0.0], [0.0,0.0], [43200.0,43200.0], [0.0,0.0], [0.0,0.0], [0.0,0.0], [0.0,0.0], [0.0,0.0], [0.0,0.0], [0.0,0.0], [0.0,0.0], [0.0,0.0], [0.0,0.0]]
ENTRY 3 FunctionDefinition_0 [[0.0,0.0], [0.0,0.0], [0.0,0.0], [0.0,0.0], [0.0,0.0], [0.0,0.0], [0.0,0.0], [43200.0,43200.0], [0.0,0.0], [0.0,0.0], [0.0,0.0], [0.0,0.0], [0.0,0.0], [0.0,0.0], [0.0,0.0], [0.0,0.0], [0.0,0.0], [0.0,0.0]]
EXIT 3 FunctionDefinition_0 [[0.0,0.0], [0.0,0.0], [0.0,0.0], [0.0,0.0], [0.0,0.0], [0.0,0.0], [0.0,0.0], [43200.0,43200.0], [0.0,0.0], [0.0,0.0], [0.0,0.0], [0.0,0.0], [0.0,0.0], [0.0,0.0], [0.0,0.0], [0.0,0.0], [0.0,0.0], [0.0,0.0]]
ENTRY 3 FunctionEntry_0 [[0.0,0.0], [0.0,0.0], [0.0,0.0], [0.0,0.0], [0.0,0.0], [0.0,0.0], [0.0,0.0], [43200.0,43200.0], [0.0,0.0], [0.0,0.0], [0.0,0.0], [0.0,0.0], [0.0,0.0], [0.0,0.0], [0.0,0.0], [0.0,0.0], [0.0,0.0], [0.0,0.0]]
EXIT 3 FunctionEntry_0 [[0.0,0.0], [0.0,0.0], [0.0,0.0], [0.0,0.0], [0.0,0.0], [0.0,0.0], [0.0,0.0], [43200.0,43200.0], [0.0,0.0], [0.0,0.0], [0.0,0.0], [0.0,0.0], [0.0,0.0], [0.0,0.0], [0.0,0.0], [0.0,0.0], [0.0,0.0], [0.0,0.0]]
ENTRY 3 ExpressionStatement_0 [[0.0,0.0], [0.0,0.0], [0.0,0.0], [0.0,0.0], [0.0,0.0], [0.0,0.0], [0.0,0.0], [43200.0,43200.0], [0.0,0.0], [0.0,0.0], [0.0,0.0], [0.0,0.0], [0.0,0.0], [0.0,0.0], [0.0,0.0], [0.0,0.0], [0.0,0.0], [0.0,0.0]]
EXIT 3 ExpressionStatement_0 [[0.0,0.0], [0.0,0.0], [-Infinity,Infinity], [0.0,0.0], [0.0,0.0], [0.0,0.0], [0.0,0.0], [43200.0,43200.0], [0.0,0.0], [0.0,0.0], [0.0,0.0], [0.0,0.0], [0.0,0.0], [0.0,0.0], [0.0,0.0], [0.0,0.0], [0.0,0.0], [0.0,0.0]]
ENTRY 3 ExpressionStatement_1 [[0.0,0.0], [0.0,0.0], [-Infinity,Infinity], [0.0,0.0], [0.0,0.0], [0.0,0.0], [0.0,0.0], [43200.0,43200.0], [0.0,0.0], [0.0,0.0], [0.0,0.0], [0.0,0.0], [0.0,0.0], [0.0,0.0], [0.0,0.0], [0.0,0.0], [0.0,0.0], [0.0,0.0]]
EXIT 3 ExpressionStatement_1 [[0.0,0.0], [0.0,0.0], [-Infinity,Infinity], [0.0,0.0], [0.0,0.0], [-Infinity,Infinity], [0.0,0.0], [43200.0,43200.0], [0.0,0.0], [0.0,0.0], [0.0,0.0], [0.0,0.0], [0.0,0.0], [0.0,0.0], [0.0,0.0], [0.0,0.0], [0.0,0.0], [0.0,0.0]]
ENTRY 3 ExpressionStatement_2 [[0.0,0.0], [0.0,0.0], [-Infinity,Infinity], [0.0,0.0], [0.0,0.0], [-Infinity,Infinity], [0.0,0.0], [43200.0,43200.0], [0.0,0.0], [0.0,0.0], [0.0,0.0], [0.0,0.0], [0.0,0.0], [0.0,0.0], [0.0,0.0], [0.0,0.0], [0.0,0.0], [0.0,0.0]]
EXIT 3 ExpressionStatement_2 [[0.0,0.0], [-Infinity,Infinity], [-Infinity,Infinity], [0.0,0.0], [0.0,0.0], [-Infinity,Infinity], [0.0,0.0], [43200.0,43200.0], [0.0,0.0], [0.0,0.0], [0.0,0.0], [0.0,0.0], [0.0,0.0], [0.0,0.0], [0.0,0.0], [0.0,0.0], [0.0,0.0], [0.0,0.0]]
ENTRY 3 FunctionExit_0 [[0.0,0.0], [-Infinity,Infinity], [-Infinity,Infinity], [0.0,0.0], [0.0,0.0], [-Infinity,Infinity], [0.0,0.0], [43200.0,43200.0], [0.0,0.0], [0.0,0.0], [0.0,0.0], [0.0,0.0], [0.0,0.0], [0.0,0.0], [0.0,0.0], [0.0,0.0], [0.0,0.0], [0.0,0.0]]
EXIT 3 FunctionExit_0 [[0.0,0.0], [-Infinity,Infinity], [-Infinity,Infinity], [0.0,0.0], [0.0,0.0], [-Infinity,Infinity], [0.0,0.0], [43200.0,43200.0], [0.0,0.0], [0.0,0.0], [0.0,0.0], [0.0,0.0], [0.0,0.0], [0.0,0.0], [0.0,0.0], [0.0,0.0], [0.0,0.0], [0.0,0.0]]
ENTRY 3 FunctionDefinition_1 [[0.0,0.0], [-Infinity,Infinity], [-Infinity,Infinity], [0.0,0.0], [0.0,0.0], [-Infinity,Infinity], [0.0,0.0], [43200.0,43200.0], [0.0,0.0], [0.0,0.0], [0.0,0.0], [0.0,0.0], [0.0,0.0], [0.0,0.0], [0.0,0.0], [0.0,0.0], [0.0,0.0], [0.0,0.0]]
EXIT 3 FunctionDefinition_1 [[0.0,0.0], [-Infinity,Infinity], [-Infinity,Infinity], [0.0,0.0], [0.0,0.0], [-Infinity,Infinity], [0.0,0.0], [43200.0,43200.0], [0.0,0.0], [0.0,0.0], [0.0,0.0], [0.0,0.0], [0.0,0.0], [0.0,0.0], [0.0,0.0], [0.0,0.0], [0.0,0.0], [0.0,0.0]]
ENTRY 3 FunctionEntry_1 [[0.0,0.0], [-Infinity,Infinity], [-Infinity,Infinity], [0.0,0.0], [0.0,0.0], [-Infinity,Infinity], [0.0,0.0], [43200.0,43200.0], [0.0,0.0], [0.0,0.0], [0.0,0.0], [0.0,0.0], [0.0,0.0], [0.0,0.0], [0.0,0.0], [0.0,0.0], [0.0,0.0], [0.0,0.0]]
EXIT 3 FunctionEntry_1 [[0.0,0.0], [-Infinity,Infinity], [-Infinity,Infinity], [0.0,0.0], [0.0,0.0], [-Infinity,Infinity], [0.0,0.0], [43200.0,43200.0], [0.0,0.0], [0.0,0.0], [0.0,0.0], [0.0,0.0], [0.0,0.0], [0.0,0.0], [0.0,0.0], [0.0,0.0], [0.0,0.0], [0.0,0.0]]
ENTRY 3 VariableDeclarationStatement_0 [[0.0,0.0], [-Infinity,Infinity], [-Infinity,Infinity], [0.0,0.0], [0.0,0.0], [-Infinity,Infinity], [0.0,0.0], [43200.0,43200.0], [0.0,0.0], [0.0,0.0], [0.0,0.0], [0.0,0.0], [0.0,0.0], [0.0,0.0], [0.0,0.0], [0.0,0.0], [0.0,0.0], [0.0,0.0]]
EXIT 3 VariableDeclarationStatement_0 [[0.0,0.0], [-Infinity,Infinity], [-Infinity,Infinity], [0.0,0.0], [0.0,0.0], [-Infinity,Infinity], [0.0,0.0], [43200.0,43200.0], [0.0,0.0], [-Infinity,Infinity], [0.0,0.0], [0.0,0.0], [0.0,0.0], [0.0,0.0], [0.0,0.0], [0.0,0.0], [0.0,0.0], [0.0,0.0]]
ENTRY 3 IfStatement_0 [[0.0,0.0], [-Infinity,Infinity], [-Infinity,Infinity], [0.0,0.0], [0.0,0.0], [-Infinity,Infinity], [0.0,0.0], [43200.0,43200.0], [0.0,0.0], [-Infinity,Infinity], [0.0,0.0], [0.0,0.0], [0.0,0.0], [0.0,0.0], [0.0,0.0], [0.0,0.0], [0.0,0.0], [0.0,0.0]]
EXIT 3 IfStatement_0 [[1.0,-1.0], [1.0,-1.0], [1.0,-1.0], [1.0,-1.0], [1.0,-1.0], [1.0,-1.0], [1.0,-1.0], [1.0,-1.0], [1.0,-1.0], [1.0,-1.0], [1.0,-1.0], [1.0,-1.0], [1.0,-1.0], [1.0,-1.0], [1.0,-1.0], [1.0,-1.0], [1.0,-1.0], [1.0,-1.0]]
ENTRY 3 ExpressionStatement_3 [[0.0,0.0], [-Infinity,Infinity], [-Infinity,Infinity], [0.0,0.0], [0.0,0.0], [-Infinity,Infinity], [0.0,0.0], [43200.0,43200.0], [0.0,0.0], [-Infinity,Infinity], [0.0,0.0], [0.0,0.0], [0.0,0.0], [0.0,0.0], [0.0,0.0], [0.0,0.0], [0.0,0.0], [0.0,0.0]]
EXIT 3 ExpressionStatement_3 [[0.0,0.0], [-Infinity,Infinity], [-Infinity,Infinity], [0.0,0.0], [0.0,0.0], [-Infinity,Infinity], [0.0,0.0], [43200.0,43200.0], [0.0,0.0], [-Infinity,Infinity], [0.0,0.0], [0.0,0.0], [0.0,0.0], [0.0,0.0], [0.0,0.0], [0.0,0.0], [0.0,0.0], [0.0,0.0]]
ENTRY 3 ExpressionStatement_4 [[0.0,0.0], [-Infinity,Infinity], [-Infinity,Infinity], [0.0,0.0], [0.0,0.0], [-Infinity,Infinity], [0.0,0.0], [43200.0,43200.0], [0.0,0.0], [-Infinity,Infinity], [0.0,0.0], [0.0,0.0], [0.0,0.0], [0.0,0.0], [0.0,0.0], [0.0,0.0], [0.0,0.0], [0.0,0.0]]
EXIT 3 ExpressionStatement_4 [[0.0,0.0], [-Infinity,Infinity], [-Infinity,Infinity], [0.0,0.0], [0.0,0.0], [-Infinity,Infinity], [0.0,0.0], [43200.0,43200.0], [0.0,0.0], [-Infinity,Infinity], [0.0,0.0], [0.0,0.0], [0.0,0.0], [0.0,0.0], [0.0,0.0], [0.0,0.0], [0.0,0.0], [0.0,0.0]]
ENTRY 3 ExpressionStatement_5 [[0.0,0.0], [-Infinity,Infinity], [-Infinity,Infinity], [0.0,0.0], [0.0,0.0], [-Infinity,Infinity], [0.0,0.0], [43200.0,43200.0], [0.0,0.0], [-Infinity,Infinity], [0.0,0.0], [0.0,0.0], [0.0,0.0], [0.0,0.0], [0.0,0.0], [0.0,0.0], [0.0,0.0], [0.0,0.0]]
EXIT 3 ExpressionStatement_5 [[0.0,0.0], [-Infinity,Infinity], [-Infinity,Infinity], [0.0,0.0], [0.0,0.0], [-Infinity,Infinity], [0.0,0.0], [43200.0,43200.0], [0.0,0.0], [-Infinity,Infinity], [0.0,0.0], [0.0,0.0], [0.0,0.0], [0.0,0.0], [0.0,0.0], [0.0,0.0], [0.0,0.0], [0.0,0.0]]
ENTRY 3 ExpressionStatement_6 [[0.0,0.0], [-Infinity,Infinity], [-Infinity,Infinity], [0.0,0.0], [0.0,0.0], [-Infinity,Infinity], [0.0,0.0], [43200.0,43200.0], [0.0,0.0], [-Infinity,Infinity], [0.0,0.0], [0.0,0.0], [0.0,0.0], [0.0,0.0], [0.0,0.0], [0.0,0.0], [0.0,0.0], [0.0,0.0]]
EXIT 3 ExpressionStatement_6 [[0.0,0.0], [-Infinity,Infinity], [-Infinity,Infinity], [0.0,0.0], [0.0,0.0], [-Infinity,Infinity], [0.0,0.0], [43200.0,43200.0], [0.0,0.0], [-Infinity,Infinity], [0.0,0.0], [0.0,0.0], [0.0,0.0], [0.0,0.0], [0.0,0.0], [0.0,0.0], [0.0,0.0], [0.0,0.0]]
ENTRY 3 ExpressionStatement_7 [[0.0,0.0], [-Infinity,Infinity], [-Infinity,Infinity], [0.0,0.0], [0.0,0.0], [-Infinity,Infinity], [0.0,0.0], [43200.0,43200.0], [0.0,0.0], [-Infinity,Infinity], [0.0,0.0], [0.0,0.0], [0.0,0.0], [0.0,0.0], [0.0,0.0], [0.0,0.0], [0.0,0.0], [0.0,0.0]]
EXIT 3 ExpressionStatement_7 [[0.0,0.0], [-Infinity,Infinity], [-Infinity,Infinity], [0.0,0.0], [0.0,0.0], [-Infinity,Infinity], [0.0,0.0], [43200.0,43200.0], [0.0,0.0], [-Infinity,Infinity], [0.0,0.0], [0.0,0.0], [0.0,0.0], [0.0,0.0], [0.0,0.0], [0.0,0.0], [0.0,0.0], [0.0,0.0]]
ENTRY 3 ExpressionStatement_8 [[0.0,0.0], [-Infinity,Infinity], [-Infinity,Infinity], [0.0,0.0], [0.0,0.0], [-Infinity,Infinity], [0.0,0.0], [43200.0,43200.0], [0.0,0.0], [-Infinity,Infinity], [0.0,0.0], [0.0,0.0], [0.0,0.0], [0.0,0.0], [0.0,0.0], [0.0,0.0], [0.0,0.0], [0.0,0.0]]
EXIT 3 ExpressionStatement_8 [[0.0,0.0], [-Infinity,Infinity], [0.0,0.0], [0.0,0.0], [0.0,0.0], [-Infinity,Infinity], [0.0,0.0], [43200.0,43200.0], [0.0,0.0], [-Infinity,Infinity], [0.0,0.0], [0.0,0.0], [0.0,0.0], [0.0,0.0], [0.0,0.0], [0.0,0.0], [0.0,0.0], [0.0,0.0]]
ENTRY 3 ExpressionStatement_9 [[0.0,0.0], [-Infinity,Infinity], [0.0,0.0], [0.0,0.0], [0.0,0.0], [-Infinity,Infinity], [0.0,0.0], [43200.0,43200.0], [0.0,0.0], [-Infinity,Infinity], [0.0,0.0], [0.0,0.0], [0.0,0.0], [0.0,0.0], [0.0,0.0], [0.0,0.0], [0.0,0.0], [0.0,0.0]]
EXIT 3 ExpressionStatement_9 [[0.0,0.0], [-Infinity,Infinity], [0.0,0.0], [-Infinity,Infinity], [0.0,0.0], [-Infinity,Infinity], [0.0,0.0], [43200.0,43200.0], [0.0,0.0], [-Infinity,Infinity], [0.0,0.0], [0.0,0.0], [0.0,0.0], [0.0,0.0], [0.0,0.0], [0.0,0.0], [0.0,0.0], [0.0,0.0]]
ENTRY 3 ExpressionStatement_10 [[0.0,0.0], [-Infinity,Infinity], [0.0,0.0], [-Infinity,Infinity], [0.0,0.0], [-Infinity,Infinity], [0.0,0.0], [43200.0,43200.0], [0.0,0.0], [-Infinity,Infinity], [0.0,0.0], [0.0,0.0], [0.0,0.0], [0.0,0.0], [0.0,0.0], [0.0,0.0], [0.0,0.0], [0.0,0.0]]
EXIT 3 ExpressionStatement_10 [[0.0,0.0], [-Infinity,Infinity], [0.0,0.0], [-Infinity,Infinity], [-Infinity,Infinity], [-Infinity,Infinity], [0.0,0.0], [43200.0,43200.0], [0.0,0.0], [-Infinity,Infinity], [0.0,0.0], [0.0,0.0], [0.0,0.0], [0.0,0.0], [0.0,0.0], [0.0,0.0], [0.0,0.0], [0.0,0.0]]
ENTRY 3 ExpressionStatement_11 [[0.0,0.0], [-Infinity,Infinity], [0.0,0.0], [-Infinity,Infinity], [-Infinity,Infinity], [-Infinity,Infinity], [0.0,0.0], [43200.0,43200.0], [0.0,0.0], [-Infinity,Infinity], [0.0,0.0], [0.0,0.0], [0.0,0.0], [0.0,0.0], [0.0,0.0], [0.0,0.0], [0.0,0.0], [0.0,0.0]]
EXIT 3 ExpressionStatement_11 [[0.0,0.0], [-Infinity,Infinity], [0.0,0.0], [-Infinity,Infinity], [-Infinity,Infinity], [-Infinity,Infinity], [0.0,0.0], [43200.0,43200.0], [1.0,1.0], [-Infinity,Infinity], [0.0,0.0], [0.0,0.0], [0.0,0.0], [0.0,0.0], [0.0,0.0], [0.0,0.0], [0.0,0.0], [0.0,0.0]]
ENTRY 3 Return_0 [[0.0,0.0], [-Infinity,Infinity], [0.0,0.0], [-Infinity,Infinity], [-Infinity,Infinity], [-Infinity,Infinity], [0.0,0.0], [43200.0,43200.0], [1.0,1.0], [-Infinity,Infinity], [0.0,0.0], [0.0,0.0], [0.0,0.0], [0.0,0.0], [0.0,0.0], [0.0,0.0], [0.0,0.0], [0.0,0.0]]
EXIT 3 Return_0 [[0.0,0.0], [-Infinity,Infinity], [0.0,0.0], [-Infinity,Infinity], [-Infinity,Infinity], [-Infinity,Infinity], [0.0,0.0], [43200.0,43200.0], [1.0,1.0], [-Infinity,Infinity], [0.0,0.0], [0.0,0.0], [0.0,0.0], [0.0,0.0], [0.0,0.0], [0.0,0.0], [0.0,0.0], [0.0,0.0]]
ENTRY 3 IfConditionJoin_0 [[0.0,1.0], [-Infinity,Infinity], [-Infinity,Infinity], [-Infinity,Infinity], [-Infinity,Infinity], [-Infinity,Infinity], [-Infinity,Infinity], [0.0,43200.0], [0.0,1.0], [-Infinity,Infinity], [0.0,0.0], [0.0,0.0], [0.0,0.0], [0.0,0.0], [0.0,0.0], [0.0,0.0], [0.0,0.0], [0.0,0.0]]
EXIT 3 IfConditionJoin_0 [[0.0,1.0], [-Infinity,Infinity], [-Infinity,Infinity], [-Infinity,Infinity], [-Infinity,Infinity], [-Infinity,Infinity], [-Infinity,Infinity], [0.0,43200.0], [0.0,1.0], [-Infinity,Infinity], [0.0,0.0], [0.0,0.0], [0.0,0.0], [0.0,0.0], [0.0,0.0], [0.0,0.0], [0.0,0.0], [0.0,0.0]]
ENTRY 3 FunctionExit_1 [[0.0,1.0], [-Infinity,Infinity], [-Infinity,Infinity], [-Infinity,Infinity], [-Infinity,Infinity], [-Infinity,Infinity], [-Infinity,Infinity], [0.0,43200.0], [0.0,1.0], [-Infinity,Infinity], [0.0,0.0], [0.0,0.0], [0.0,0.0], [0.0,0.0], [0.0,0.0], [0.0,0.0], [0.0,0.0], [0.0,0.0]]
EXIT 3 FunctionExit_1 [[0.0,1.0], [-Infinity,Infinity], [-Infinity,Infinity], [-Infinity,Infinity], [-Infinity,Infinity], [-Infinity,Infinity], [-Infinity,Infinity], [0.0,43200.0], [0.0,1.0], [-Infinity,Infinity], [0.0,0.0], [0.0,0.0], [0.0,0.0], [0.0,0.0], [0.0,0.0], [0.0,0.0], [0.0,0.0], [0.0,0.0]]
ENTRY 3 IfStatement_1 [[0.0,0.0], [-Infinity,Infinity], [-Infinity,Infinity], [0.0,0.0], [0.0,0.0], [-Infinity,Infinity], [0.0,0.0], [43200.0,43200.0], [0.0,0.0], [-Infinity,Infinity], [0.0,0.0], [0.0,0.0], [0.0,0.0], [0.0,0.0], [0.0,0.0], [0.0,0.0], [0.0,0.0], [0.0,0.0]]
EXIT 3 IfStatement_1 [[1.0,-1.0], [1.0,-1.0], [1.0,-1.0], [1.0,-1.0], [1.0,-1.0], [1.0,-1.0], [1.0,-1.0], [1.0,-1.0], [1.0,-1.0], [1.0,-1.0], [1.0,-1.0], [1.0,-1.0], [1.0,-1.0], [1.0,-1.0], [1.0,-1.0], [1.0,-1.0], [1.0,-1.0], [1.0,-1.0]]
ENTRY 3 ExpressionStatement_12 [[0.0,0.0], [-Infinity,Infinity], [-Infinity,Infinity], [0.0,0.0], [0.0,0.0], [-Infinity,Infinity], [0.0,0.0], [43200.0,43200.0], [0.0,0.0], [-Infinity,Infinity], [0.0,0.0], [0.0,0.0], [0.0,0.0], [0.0,0.0], [0.0,0.0], [0.0,0.0], [0.0,0.0], [0.0,0.0]]
EXIT 3 ExpressionStatement_12 [[0.0,0.0], [-Infinity,Infinity], [-Infinity,Infinity], [0.0,0.0], [0.0,0.0], [-Infinity,Infinity], [0.0,0.0], [43200.0,43200.0], [0.0,0.0], [-Infinity,Infinity], [0.0,0.0], [0.0,0.0], [0.0,0.0], [0.0,0.0], [0.0,0.0], [0.0,0.0], [0.0,0.0], [0.0,0.0]]
ENTRY 3 ExpressionStatement_13 [[0.0,0.0], [-Infinity,Infinity], [-Infinity,Infinity], [0.0,0.0], [0.0,0.0], [-Infinity,Infinity], [0.0,0.0], [43200.0,43200.0], [0.0,0.0], [-Infinity,Infinity], [0.0,0.0], [0.0,0.0], [0.0,0.0], [0.0,0.0], [0.0,0.0], [0.0,0.0], [0.0,0.0], [0.0,0.0]]
EXIT 3 ExpressionStatement_13 [[0.0,0.0], [-Infinity,Infinity], [-Infinity,Infinity], [0.0,0.0], [0.0,0.0], [-Infinity,Infinity], [0.0,0.0], [43200.0,43200.0], [0.0,0.0], [-Infinity,Infinity], [0.0,0.0], [0.0,0.0], [0.0,0.0], [0.0,0.0], [0.0,0.0], [0.0,0.0], [0.0,0.0], [0.0,0.0]]
ENTRY 3 ExpressionStatement_14 [[0.0,0.0], [-Infinity,Infinity], [-Infinity,Infinity], [0.0,0.0], [0.0,0.0], [-Infinity,Infinity], [0.0,0.0], [43200.0,43200.0], [0.0,0.0], [-Infinity,Infinity], [0.0,0.0], [0.0,0.0], [0.0,0.0], [0.0,0.0], [0.0,0.0], [0.0,0.0], [0.0,0.0], [0.0,0.0]]
EXIT 3 ExpressionStatement_14 [[0.0,0.0], [-Infinity,Infinity], [-Infinity,Infinity], [0.0,0.0], [0.0,0.0], [-Infinity,Infinity], [0.0,0.0], [43200.0,43200.0], [0.0,0.0], [-Infinity,Infinity], [0.0,0.0], [0.0,0.0], [0.0,0.0], [0.0,0.0], [0.0,0.0], [0.0,0.0], [0.0,0.0], [0.0,0.0]]
ENTRY 3 ExpressionStatement_15 [[0.0,0.0], [-Infinity,Infinity], [-Infinity,Infinity], [0.0,0.0], [0.0,0.0], [-Infinity,Infinity], [0.0,0.0], [43200.0,43200.0], [0.0,0.0], [-Infinity,Infinity], [0.0,0.0], [0.0,0.0], [0.0,0.0], [0.0,0.0], [0.0,0.0], [0.0,0.0], [0.0,0.0], [0.0,0.0]]
EXIT 3 ExpressionStatement_15 [[0.0,0.0], [-Infinity,Infinity], [-Infinity,Infinity], [0.0,0.0], [0.0,0.0], [-Infinity,Infinity], [0.0,0.0], [43200.0,43200.0], [0.0,0.0], [-Infinity,Infinity], [0.0,0.0], [0.0,0.0], [0.0,0.0], [0.0,0.0], [0.0,0.0], [0.0,0.0], [0.0,0.0], [0.0,0.0]]
ENTRY 3 IfStatement_2 [[0.0,0.0], [-Infinity,Infinity], [-Infinity,Infinity], [0.0,0.0], [0.0,0.0], [-Infinity,Infinity], [0.0,0.0], [43200.0,43200.0], [0.0,0.0], [-Infinity,Infinity], [0.0,0.0], [0.0,0.0], [0.0,0.0], [0.0,0.0], [0.0,0.0], [0.0,0.0], [0.0,0.0], [0.0,0.0]]
EXIT 3 IfStatement_2 [[1.0,-1.0], [1.0,-1.0], [1.0,-1.0], [1.0,-1.0], [1.0,-1.0], [1.0,-1.0], [1.0,-1.0], [1.0,-1.0], [1.0,-1.0], [1.0,-1.0], [1.0,-1.0], [1.0,-1.0], [1.0,-1.0], [1.0,-1.0], [1.0,-1.0], [1.0,-1.0], [1.0,-1.0], [1.0,-1.0]]
ENTRY 3 ExpressionStatement_16 [[0.0,0.0], [-Infinity,Infinity], [-Infinity,Infinity], [0.0,0.0], [0.0,0.0], [-Infinity,Infinity], [0.0,0.0], [43200.0,43200.0], [0.0,0.0], [-Infinity,Infinity], [0.0,0.0], [0.0,0.0], [0.0,0.0], [0.0,0.0], [0.0,0.0], [0.0,0.0], [0.0,0.0], [0.0,0.0]]
EXIT 3 ExpressionStatement_16 [[0.0,0.0], [-Infinity,Infinity], [-Infinity,Infinity], [0.0,0.0], [0.0,0.0], [-Infinity,Infinity], [0.0,0.0], [43200.0,43200.0], [0.0,0.0], [-Infinity,Infinity], [0.0,0.0], [0.0,0.0], [0.0,0.0], [0.0,0.0], [0.0,0.0], [0.0,0.0], [0.0,0.0], [0.0,0.0]]
ENTRY 3 IfConditionJoin_2 [[0.0,0.0], [-Infinity,Infinity], [-Infinity,Infinity], [0.0,0.0], [0.0,0.0], [-Infinity,Infinity], [0.0,0.0], [43200.0,43200.0], [0.0,0.0], [-Infinity,Infinity], [0.0,0.0], [0.0,0.0], [0.0,0.0], [0.0,0.0], [0.0,0.0], [0.0,0.0], [0.0,0.0], [0.0,0.0]]
EXIT 3 IfConditionJoin_2 [[0.0,0.0], [-Infinity,Infinity], [-Infinity,Infinity], [0.0,0.0], [0.0,0.0], [-Infinity,Infinity], [0.0,0.0], [43200.0,43200.0], [0.0,0.0], [-Infinity,Infinity], [0.0,0.0], [0.0,0.0], [0.0,0.0], [0.0,0.0], [0.0,0.0], [0.0,0.0], [0.0,0.0], [0.0,0.0]]
ENTRY 3 IfStatement_3 [[0.0,0.0], [-Infinity,Infinity], [-Infinity,Infinity], [0.0,0.0], [0.0,0.0], [-Infinity,Infinity], [0.0,0.0], [43200.0,43200.0], [0.0,0.0], [-Infinity,Infinity], [0.0,0.0], [0.0,0.0], [0.0,0.0], [0.0,0.0], [0.0,0.0], [0.0,0.0], [0.0,0.0], [0.0,0.0]]
EXIT 3 IfStatement_3 [[1.0,-1.0], [1.0,-1.0], [1.0,-1.0], [1.0,-1.0], [1.0,-1.0], [1.0,-1.0], [1.0,-1.0], [1.0,-1.0], [1.0,-1.0], [1.0,-1.0], [1.0,-1.0], [1.0,-1.0], [1.0,-1.0], [1.0,-1.0], [1.0,-1.0], [1.0,-1.0], [1.0,-1.0], [1.0,-1.0]]
ENTRY 3 ExpressionStatement_17 [[0.0,0.0], [-Infinity,Infinity], [-Infinity,Infinity], [0.0,0.0], [0.0,0.0], [-Infinity,Infinity], [0.0,0.0], [43200.0,43200.0], [0.0,0.0], [-Infinity,Infinity], [0.0,0.0], [0.0,0.0], [0.0,0.0], [0.0,0.0], [0.0,0.0], [0.0,0.0], [0.0,0.0], [0.0,0.0]]
EXIT 3 ExpressionStatement_17 [[0.0,0.0], [-Infinity,Infinity], [-Infinity,Infinity], [0.0,0.0], [0.0,0.0], [-Infinity,Infinity], [0.0,0.0], [43200.0,43200.0], [0.0,0.0], [-Infinity,Infinity], [0.0,0.0], [0.0,0.0], [0.0,0.0], [0.0,0.0], [0.0,0.0], [0.0,0.0], [0.0,0.0], [0.0,0.0]]
ENTRY 3 IfConditionJoin_3 [[0.0,0.0], [-Infinity,Infinity], [-Infinity,Infinity], [0.0,0.0], [0.0,0.0], [-Infinity,Infinity], [0.0,0.0], [43200.0,43200.0], [0.0,0.0], [-Infinity,Infinity], [0.0,0.0], [0.0,0.0], [0.0,0.0], [0.0,0.0], [0.0,0.0], [0.0,0.0], [0.0,0.0], [0.0,0.0]]
EXIT 3 IfConditionJoin_3 [[0.0,0.0], [-Infinity,Infinity], [-Infinity,Infinity], [0.0,0.0], [0.0,0.0], [-Infinity,Infinity], [0.0,0.0], [43200.0,43200.0], [0.0,0.0], [-Infinity,Infinity], [0.0,0.0], [0.0,0.0], [0.0,0.0], [0.0,0.0], [0.0,0.0], [0.0,0.0], [0.0,0.0], [0.0,0.0]]
ENTRY 3 ExpressionStatement_18 [[0.0,0.0], [-Infinity,Infinity], [-Infinity,Infinity], [0.0,0.0], [0.0,0.0], [-Infinity,Infinity], [0.0,0.0], [43200.0,43200.0], [0.0,0.0], [-Infinity,Infinity], [0.0,0.0], [0.0,0.0], [0.0,0.0], [0.0,0.0], [0.0,0.0], [0.0,0.0], [0.0,0.0], [0.0,0.0]]
EXIT 3 ExpressionStatement_18 [[0.0,0.0], [-Infinity,Infinity], [-Infinity,Infinity], [0.0,0.0], [0.0,0.0], [-Infinity,Infinity], [-Infinity,Infinity], [43200.0,43200.0], [0.0,0.0], [-Infinity,Infinity], [0.0,0.0], [0.0,0.0], [0.0,0.0], [0.0,0.0], [0.0,0.0], [0.0,0.0], [0.0,0.0], [0.0,0.0]]
ENTRY 3 IfStatement_4 [[0.0,0.0], [-Infinity,Infinity], [-Infinity,Infinity], [0.0,0.0], [0.0,0.0], [-Infinity,Infinity], [-Infinity,Infinity], [43200.0,43200.0], [0.0,0.0], [-Infinity,Infinity], [0.0,0.0], [0.0,0.0], [0.0,0.0], [0.0,0.0], [0.0,0.0], [0.0,0.0], [0.0,0.0], [0.0,0.0]]
EXIT 3 IfStatement_4 [[1.0,-1.0], [1.0,-1.0], [1.0,-1.0], [1.0,-1.0], [1.0,-1.0], [1.0,-1.0], [1.0,-1.0], [1.0,-1.0], [1.0,-1.0], [1.0,-1.0], [1.0,-1.0], [1.0,-1.0], [1.0,-1.0], [1.0,-1.0], [1.0,-1.0], [1.0,-1.0], [1.0,-1.0], [1.0,-1.0]]
ENTRY 3 ExpressionStatement_19 [[0.0,0.0], [-Infinity,Infinity], [-Infinity,Infinity], [0.0,0.0], [0.0,0.0], [-Infinity,Infinity], [-Infinity,Infinity], [43200.0,43200.0], [0.0,0.0], [-Infinity,Infinity], [0.0,0.0], [0.0,0.0], [0.0,0.0], [0.0,0.0], [0.0,0.0], [0.0,0.0], [0.0,0.0], [0.0,0.0]]
EXIT 3 ExpressionStatement_19 [[0.0,0.0], [-Infinity,Infinity], [-Infinity,Infinity], [0.0,0.0], [0.0,0.0], [-Infinity,Infinity], [-Infinity,Infinity], [43200.0,43200.0], [0.0,0.0], [-Infinity,Infinity], [0.0,0.0], [0.0,0.0], [0.0,0.0], [0.0,0.0], [0.0,0.0], [0.0,0.0], [0.0,0.0], [0.0,0.0]]
ENTRY 3 ExpressionStatement_20 [[0.0,0.0], [-Infinity,Infinity], [-Infinity,Infinity], [0.0,0.0], [0.0,0.0], [-Infinity,Infinity], [-Infinity,Infinity], [43200.0,43200.0], [0.0,0.0], [-Infinity,Infinity], [0.0,0.0], [0.0,0.0], [0.0,0.0], [0.0,0.0], [0.0,0.0], [0.0,0.0], [0.0,0.0], [0.0,0.0]]
EXIT 3 ExpressionStatement_20 [[0.0,0.0], [-Infinity,Infinity], [-Infinity,Infinity], [-Infinity,Infinity], [0.0,0.0], [-Infinity,Infinity], [-Infinity,Infinity], [43200.0,43200.0], [0.0,0.0], [-Infinity,Infinity], [0.0,0.0], [0.0,0.0], [0.0,0.0], [0.0,0.0], [0.0,0.0], [0.0,0.0], [0.0,0.0], [0.0,0.0]]
ENTRY 3 ExpressionStatement_21 [[0.0,0.0], [-Infinity,Infinity], [-Infinity,Infinity], [-Infinity,Infinity], [0.0,0.0], [-Infinity,Infinity], [-Infinity,Infinity], [43200.0,43200.0], [0.0,0.0], [-Infinity,Infinity], [0.0,0.0], [0.0,0.0], [0.0,0.0], [0.0,0.0], [0.0,0.0], [0.0,0.0], [0.0,0.0], [0.0,0.0]]
EXIT 3 ExpressionStatement_21 [[1.0,1.0], [-Infinity,Infinity], [-Infinity,Infinity], [-Infinity,Infinity], [0.0,0.0], [-Infinity,Infinity], [-Infinity,Infinity], [43200.0,43200.0], [0.0,0.0], [-Infinity,Infinity], [0.0,0.0], [0.0,0.0], [0.0,0.0], [0.0,0.0], [0.0,0.0], [0.0,0.0], [0.0,0.0], [0.0,0.0]]
ENTRY 3 IfConditionJoin_4 [[0.0,1.0], [-Infinity,Infinity], [-Infinity,Infinity], [-Infinity,Infinity], [0.0,0.0], [-Infinity,Infinity], [-Infinity,Infinity], [43200.0,43200.0], [0.0,0.0], [-Infinity,Infinity], [0.0,0.0], [0.0,0.0], [0.0,0.0], [0.0,0.0], [0.0,0.0], [0.0,0.0], [0.0,0.0], [0.0,0.0]]
EXIT 3 IfConditionJoin_4 [[0.0,1.0], [-Infinity,Infinity], [-Infinity,Infinity], [-Infinity,Infinity], [0.0,0.0], [-Infinity,Infinity], [-Infinity,Infinity], [43200.0,43200.0], [0.0,0.0], [-Infinity,Infinity], [0.0,0.0], [0.0,0.0], [0.0,0.0], [0.0,0.0], [0.0,0.0], [0.0,0.0], [0.0,0.0], [0.0,0.0]]
ENTRY 3 Return_1 [[0.0,1.0], [-Infinity,Infinity], [-Infinity,Infinity], [-Infinity,Infinity], [0.0,0.0], [-Infinity,Infinity], [-Infinity,Infinity], [43200.0,43200.0], [0.0,0.0], [-Infinity,Infinity], [0.0,0.0], [0.0,0.0], [0.0,0.0], [0.0,0.0], [0.0,0.0], [0.0,0.0], [0.0,0.0], [0.0,0.0]]
EXIT 3 Return_1 [[0.0,1.0], [-Infinity,Infinity], [-Infinity,Infinity], [-Infinity,Infinity], [0.0,0.0], [-Infinity,Infinity], [-Infinity,Infinity], [43200.0,43200.0], [0.0,0.0], [-Infinity,Infinity], [0.0,0.0], [0.0,0.0], [0.0,0.0], [0.0,0.0], [0.0,0.0], [0.0,0.0], [0.0,0.0], [0.0,0.0]]
ENTRY 3 IfConditionJoin_1 [[0.0,1.0], [-Infinity,Infinity], [-Infinity,Infinity], [-Infinity,Infinity], [0.0,0.0], [-Infinity,Infinity], [-Infinity,Infinity], [43200.0,43200.0], [0.0,0.0], [-Infinity,Infinity], [0.0,0.0], [0.0,0.0], [0.0,0.0], [0.0,0.0], [0.0,0.0], [0.0,0.0], [0.0,0.0], [0.0,0.0]]
EXIT 3 IfConditionJoin_1 [[0.0,1.0], [-Infinity,Infinity], [-Infinity,Infinity], [-Infinity,Infinity], [0.0,0.0], [-Infinity,Infinity], [-Infinity,Infinity], [43200.0,43200.0], [0.0,0.0], [-Infinity,Infinity], [0.0,0.0], [0.0,0.0], [0.0,0.0], [0.0,0.0], [0.0,0.0], [0.0,0.0], [0.0,0.0], [0.0,0.0]]
ENTRY 3 ExpressionStatement_22 [[0.0,0.0], [-Infinity,Infinity], [-Infinity,Infinity], [0.0,0.0], [0.0,0.0], [-Infinity,Infinity], [0.0,0.0], [43200.0,43200.0], [0.0,0.0], [-Infinity,Infinity], [0.0,0.0], [0.0,0.0], [0.0,0.0], [0.0,0.0], [0.0,0.0], [0.0,0.0], [0.0,0.0], [0.0,0.0]]
EXIT 3 ExpressionStatement_22 [[0.0,0.0], [-Infinity,Infinity], [-Infinity,Infinity], [0.0,0.0], [0.0,0.0], [-Infinity,Infinity], [0.0,0.0], [43200.0,43200.0], [0.0,0.0], [-Infinity,Infinity], [0.0,0.0], [0.0,0.0], [0.0,0.0], [0.0,0.0], [0.0,0.0], [0.0,0.0], [0.0,0.0], [0.0,0.0]]
ENTRY 3 Return_2 [[0.0,0.0], [-Infinity,Infinity], [-Infinity,Infinity], [0.0,0.0], [0.0,0.0], [-Infinity,Infinity], [0.0,0.0], [43200.0,43200.0], [0.0,0.0], [-Infinity,Infinity], [0.0,0.0], [0.0,0.0], [0.0,0.0], [0.0,0.0], [0.0,0.0], [0.0,0.0], [0.0,0.0], [0.0,0.0]]
EXIT 3 Return_2 [[0.0,0.0], [-Infinity,Infinity], [-Infinity,Infinity], [0.0,0.0], [0.0,0.0], [-Infinity,Infinity], [0.0,0.0], [43200.0,43200.0], [0.0,0.0], [-Infinity,Infinity], [0.0,0.0], [0.0,0.0], [0.0,0.0], [0.0,0.0], [0.0,0.0], [0.0,0.0], [0.0,0.0], [0.0,0.0]]
ENTRY 3 FunctionDefinition_2 [[0.0,1.0], [-Infinity,Infinity], [-Infinity,Infinity], [-Infinity,Infinity], [-Infinity,Infinity], [-Infinity,Infinity], [-Infinity,Infinity], [0.0,43200.0], [0.0,1.0], [0.0,0.0], [0.0,0.0], [0.0,0.0], [0.0,0.0], [0.0,0.0], [0.0,0.0], [0.0,0.0], [0.0,0.0], [0.0,0.0]]
EXIT 3 FunctionDefinition_2 [[0.0,1.0], [-Infinity,Infinity], [-Infinity,Infinity], [-Infinity,Infinity], [-Infinity,Infinity], [-Infinity,Infinity], [-Infinity,Infinity], [0.0,43200.0], [0.0,1.0], [0.0,0.0], [0.0,0.0], [0.0,0.0], [0.0,0.0], [0.0,0.0], [0.0,0.0], [0.0,0.0], [0.0,0.0], [0.0,0.0]]
ENTRY 3 FunctionEntry_2 [[0.0,1.0], [-Infinity,Infinity], [-Infinity,Infinity], [-Infinity,Infinity], [-Infinity,Infinity], [-Infinity,Infinity], [-Infinity,Infinity], [0.0,43200.0], [0.0,1.0], [0.0,0.0], [0.0,0.0], [0.0,0.0], [0.0,0.0], [0.0,0.0], [0.0,0.0], [0.0,0.0], [0.0,0.0], [0.0,0.0]]
EXIT 3 FunctionEntry_2 [[0.0,1.0], [-Infinity,Infinity], [-Infinity,Infinity], [-Infinity,Infinity], [-Infinity,Infinity], [-Infinity,Infinity], [-Infinity,Infinity], [0.0,43200.0], [0.0,1.0], [0.0,0.0], [0.0,0.0], [0.0,0.0], [0.0,0.0], [0.0,0.0], [0.0,0.0], [0.0,0.0], [0.0,0.0], [0.0,0.0]]
ENTRY 3 ExpressionStatement_23 [[0.0,1.0], [-Infinity,Infinity], [-Infinity,Infinity], [-Infinity,Infinity], [-Infinity,Infinity], [-Infinity,Infinity], [-Infinity,Infinity], [0.0,43200.0], [0.0,1.0], [0.0,0.0], [0.0,0.0], [0.0,0.0], [0.0,0.0], [0.0,0.0], [0.0,0.0], [0.0,0.0], [0.0,0.0], [0.0,0.0]]
EXIT 3 ExpressionStatement_23 [[0.0,1.0], [-Infinity,Infinity], [-Infinity,Infinity], [-Infinity,Infinity], [-Infinity,Infinity], [-Infinity,Infinity], [-Infinity,Infinity], [0.0,43200.0], [0.0,1.0], [0.0,0.0], [0.0,0.0], [0.0,0.0], [0.0,0.0], [0.0,0.0], [0.0,0.0], [0.0,0.0], [0.0,0.0], [0.0,0.0]]
ENTRY 3 FunctionExit_2 [[0.0,1.0], [-Infinity,Infinity], [-Infinity,Infinity], [-Infinity,Infinity], [-Infinity,Infinity], [-Infinity,Infinity], [-Infinity,Infinity], [0.0,43200.0], [0.0,1.0], [0.0,0.0], [0.0,0.0], [0.0,0.0], [0.0,0.0], [0.0,0.0], [0.0,0.0], [0.0,0.0], [0.0,0.0], [0.0,0.0]]
EXIT 3 FunctionExit_2 [[0.0,1.0], [-Infinity,Infinity], [-Infinity,Infinity], [-Infinity,Infinity], [-Infinity,Infinity], [-Infinity,Infinity], [-Infinity,Infinity], [0.0,43200.0], [0.0,1.0], [0.0,0.0], [0.0,0.0], [0.0,0.0], [0.0,0.0], [0.0,0.0], [0.0,0.0], [0.0,0.0], [0.0,0.0], [0.0,0.0]]
ENTRY 3 FunctionDefinition_3 [[0.0,1.0], [-Infinity,Infinity], [-Infinity,Infinity], [-Infinity,Infinity], [-Infinity,Infinity], [-Infinity,Infinity], [-Infinity,Infinity], [0.0,43200.0], [0.0,1.0], [0.0,0.0], [0.0,0.0], [0.0,0.0], [0.0,0.0], [0.0,0.0], [0.0,0.0], [0.0,0.0], [0.0,0.0], [0.0,0.0]]
EXIT 3 FunctionDefinition_3 [[0.0,1.0], [-Infinity,Infinity], [-Infinity,Infinity], [-Infinity,Infinity], [-Infinity,Infinity], [-Infinity,Infinity], [-Infinity,Infinity], [0.0,43200.0], [0.0,1.0], [0.0,0.0], [0.0,0.0], [0.0,0.0], [0.0,0.0], [0.0,0.0], [0.0,0.0], [0.0,0.0], [0.0,0.0], [0.0,0.0]]
ENTRY 3 FunctionEntry_3 [[0.0,1.0], [-Infinity,Infinity], [-Infinity,Infinity], [-Infinity,Infinity], [-Infinity,Infinity], [-Infinity,Infinity], [-Infinity,Infinity], [0.0,43200.0], [0.0,1.0], [0.0,0.0], [0.0,0.0], [0.0,0.0], [0.0,0.0], [0.0,0.0], [0.0,0.0], [0.0,0.0], [0.0,0.0], [0.0,0.0]]
EXIT 3 FunctionEntry_3 [[0.0,1.0], [-Infinity,Infinity], [-Infinity,Infinity], [-Infinity,Infinity], [-Infinity,Infinity], [-Infinity,Infinity], [-Infinity,Infinity], [0.0,43200.0], [0.0,1.0], [0.0,0.0], [0.0,0.0], [0.0,0.0], [0.0,0.0], [0.0,0.0], [0.0,0.0], [0.0,0.0], [0.0,0.0], [0.0,0.0]]
ENTRY 3 VariableDeclarationStatement_1 [[0.0,1.0], [-Infinity,Infinity], [-Infinity,Infinity], [-Infinity,Infinity], [-Infinity,Infinity], [-Infinity,Infinity], [-Infinity,Infinity], [0.0,43200.0], [0.0,1.0], [0.0,0.0], [0.0,0.0], [0.0,0.0], [0.0,0.0], [0.0,0.0], [0.0,0.0], [0.0,0.0], [0.0,0.0], [0.0,0.0]]
EXIT 3 VariableDeclarationStatement_1 [[0.0,1.0], [-Infinity,Infinity], [-Infinity,Infinity], [-Infinity,Infinity], [-Infinity,Infinity], [-Infinity,Infinity], [-Infinity,Infinity], [0.0,43200.0], [0.0,1.0], [0.0,0.0], [0.0,0.0], [0.0,0.0], [0.0,0.0], [0.0,0.0], [0.0,0.0], [0.0,1.0], [0.0,0.0], [0.0,0.0]]
ENTRY 3 ForLoopContinue_0 [[0.0,Infinity], [-Infinity,Infinity], [-Infinity,Infinity], [-Infinity,Infinity], [-Infinity,Infinity], [-Infinity,Infinity], [-Infinity,Infinity], [0.0,Infinity], [-Infinity,1.0], [0.0,0.0], [0.0,0.0], [0.0,0.0], [0.0,0.0], [0.0,0.0], [0.0,0.0], [0.0,Infinity], [-Infinity,Infinity], [0.0,0.0]]
EXIT 3 ForLoopContinue_0 [[0.0,Infinity], [-Infinity,Infinity], [-Infinity,Infinity], [-Infinity,Infinity], [-Infinity,Infinity], [-Infinity,Infinity], [-Infinity,Infinity], [0.0,Infinity], [-Infinity,1.0], [0.0,0.0], [0.0,0.0], [0.0,0.0], [0.0,0.0], [0.0,0.0], [0.0,0.0], [0.0,Infinity], [-Infinity,Infinity], [0.0,0.0]]
ENTRY 3 ForStatement_0 [[0.0,Infinity], [-Infinity,Infinity], [-Infinity,Infinity], [-Infinity,Infinity], [-Infinity,Infinity], [-Infinity,Infinity], [-Infinity,Infinity], [0.0,Infinity], [-Infinity,1.0], [0.0,0.0], [0.0,0.0], [0.0,0.0], [0.0,0.0], [0.0,0.0], [0.0,0.0], [0.0,Infinity], [-Infinity,Infinity], [0.0,0.0]]
EXIT 3 ForStatement_0 [[1.0,-1.0], [1.0,-1.0], [1.0,-1.0], [1.0,-1.0], [1.0,-1.0], [1.0,-1.0], [1.0,-1.0], [1.0,-1.0], [1.0,-1.0], [1.0,-1.0], [1.0,-1.0], [1.0,-1.0], [1.0,-1.0], [1.0,-1.0], [1.0,-1.0], [1.0,-1.0], [1.0,-1.0], [1.0,-1.0]]
ENTRY 3 ForLoopJoin_0 [[0.0,Infinity], [-Infinity,Infinity], [-Infinity,Infinity], [-Infinity,Infinity], [-Infinity,Infinity], [-Infinity,Infinity], [-Infinity,Infinity], [0.0,Infinity], [-Infinity,1.0], [0.0,0.0], [0.0,0.0], [0.0,0.0], [0.0,0.0], [0.0,0.0], [0.0,0.0], [0.0,Infinity], [-Infinity,Infinity], [0.0,0.0]]
EXIT 3 ForLoopJoin_0 [[0.0,Infinity], [-Infinity,Infinity], [-Infinity,Infinity], [-Infinity,Infinity], [-Infinity,Infinity], [-Infinity,Infinity], [-Infinity,Infinity], [0.0,Infinity], [-Infinity,1.0], [0.0,0.0], [0.0,0.0], [0.0,0.0], [0.0,0.0], [0.0,0.0], [0.0,0.0], [0.0,Infinity], [-Infinity,Infinity], [0.0,0.0]]
ENTRY 3 FunctionExit_3 [[0.0,Infinity], [-Infinity,Infinity], [-Infinity,Infinity], [-Infinity,Infinity], [-Infinity,Infinity], [-Infinity,Infinity], [-Infinity,Infinity], [0.0,Infinity], [-Infinity,1.0], [0.0,0.0], [0.0,0.0], [0.0,0.0], [0.0,0.0], [0.0,0.0], [0.0,0.0], [0.0,Infinity], [-Infinity,Infinity], [0.0,0.0]]
EXIT 3 FunctionExit_3 [[0.0,Infinity], [-Infinity,Infinity], [-Infinity,Infinity], [-Infinity,Infinity], [-Infinity,Infinity], [-Infinity,Infinity], [-Infinity,Infinity], [0.0,Infinity], [-Infinity,1.0], [0.0,0.0], [0.0,0.0], [0.0,0.0], [0.0,0.0], [0.0,0.0], [0.0,0.0], [0.0,Infinity], [-Infinity,Infinity], [0.0,0.0]]
ENTRY 3 ExpressionStatement_24 [[0.0,Infinity], [-Infinity,Infinity], [-Infinity,Infinity], [-Infinity,Infinity], [-Infinity,Infinity], [-Infinity,Infinity], [-Infinity,Infinity], [0.0,Infinity], [-Infinity,1.0], [0.0,0.0], [0.0,0.0], [0.0,0.0], [0.0,0.0], [0.0,0.0], [0.0,0.0], [0.0,Infinity], [-Infinity,Infinity], [0.0,0.0]]
EXIT 3 ExpressionStatement_24 [[0.0,Infinity], [-Infinity,Infinity], [-Infinity,Infinity], [-Infinity,Infinity], [-Infinity,Infinity], [-Infinity,Infinity], [-Infinity,Infinity], [0.0,Infinity], [-Infinity,1.0], [0.0,0.0], [0.0,0.0], [0.0,0.0], [0.0,0.0], [0.0,0.0], [0.0,0.0], [0.0,Infinity], [-Infinity,Infinity], [0.0,0.0]]
ENTRY 3 ExpressionStatement_25 [[0.0,Infinity], [-Infinity,Infinity], [-Infinity,Infinity], [-Infinity,Infinity], [-Infinity,Infinity], [-Infinity,Infinity], [-Infinity,Infinity], [0.0,Infinity], [-Infinity,1.0], [0.0,0.0], [0.0,0.0], [0.0,0.0], [0.0,0.0], [0.0,0.0], [0.0,0.0], [0.0,Infinity], [-Infinity,Infinity], [0.0,0.0]]
EXIT 3 ExpressionStatement_25 [[0.0,Infinity], [-Infinity,Infinity], [-Infinity,Infinity], [-Infinity,Infinity], [-Infinity,Infinity], [-Infinity,Infinity], [-Infinity,Infinity], [0.0,Infinity], [-Infinity,1.0], [0.0,0.0], [0.0,0.0], [0.0,0.0], [0.0,0.0], [0.0,0.0], [0.0,0.0], [1.0,Infinity], [-Infinity,Infinity], [0.0,0.0]]
ENTRY 3 FunctionDefinition_4 [[0.0,Infinity], [-Infinity,Infinity], [-Infinity,Infinity], [-Infinity,Infinity], [-Infinity,Infinity], [-Infinity,Infinity], [-Infinity,Infinity], [0.0,Infinity], [-Infinity,1.0], [0.0,0.0], [0.0,0.0], [0.0,0.0], [0.0,0.0], [0.0,0.0], [0.0,0.0], [0.0,0.0], [0.0,0.0], [0.0,0.0]]
EXIT 3 FunctionDefinition_4 [[0.0,Infinity], [-Infinity,Infinity], [-Infinity,Infinity], [-Infinity,Infinity], [-Infinity,Infinity], [-Infinity,Infinity], [-Infinity,Infinity], [0.0,Infinity], [-Infinity,1.0], [0.0,0.0], [0.0,0.0], [0.0,0.0], [0.0,0.0], [0.0,0.0], [0.0,0.0], [0.0,0.0], [0.0,0.0], [0.0,0.0]]
ENTRY 3 FunctionEntry_4 [[0.0,Infinity], [-Infinity,Infinity], [-Infinity,Infinity], [-Infinity,Infinity], [-Infinity,Infinity], [-Infinity,Infinity], [-Infinity,Infinity], [0.0,Infinity], [-Infinity,1.0], [0.0,0.0], [0.0,0.0], [0.0,0.0], [0.0,0.0], [0.0,0.0], [0.0,0.0], [0.0,0.0], [0.0,0.0], [0.0,0.0]]
EXIT 3 FunctionEntry_4 [[0.0,Infinity], [-Infinity,Infinity], [-Infinity,Infinity], [-Infinity,Infinity], [-Infinity,Infinity], [-Infinity,Infinity], [-Infinity,Infinity], [0.0,Infinity], [-Infinity,1.0], [0.0,0.0], [0.0,0.0], [0.0,0.0], [0.0,0.0], [0.0,0.0], [0.0,0.0], [0.0,0.0], [0.0,0.0], [0.0,0.0]]
ENTRY 3 VariableDeclarationStatement_2 [[0.0,Infinity], [-Infinity,Infinity], [-Infinity,Infinity], [-Infinity,Infinity], [-Infinity,Infinity], [-Infinity,Infinity], [-Infinity,Infinity], [0.0,Infinity], [-Infinity,1.0], [0.0,0.0], [0.0,0.0], [0.0,0.0], [0.0,0.0], [0.0,0.0], [0.0,0.0], [0.0,0.0], [0.0,0.0], [0.0,0.0]]
EXIT 3 VariableDeclarationStatement_2 [[0.0,Infinity], [-Infinity,Infinity], [-Infinity,Infinity], [-Infinity,Infinity], [-Infinity,Infinity], [-Infinity,Infinity], [-Infinity,Infinity], [0.0,Infinity], [-Infinity,1.0], [0.0,0.0], [0.0,0.0], [0.0,0.0], [0.0,0.0], [0.0,0.0], [0.0,0.0], [0.0,0.0], [0.0,0.0], [0.0,0.0]]
ENTRY 3 ForLoopContinue_1 [[0.0,Infinity], [-Infinity,Infinity], [-Infinity,Infinity], [-Infinity,Infinity], [-Infinity,Infinity], [-Infinity,Infinity], [-Infinity,Infinity], [0.0,Infinity], [-Infinity,1.0], [0.0,0.0], [0.0,0.0], [0.0,0.0], [0.0,0.0], [0.0,0.0], [0.0,0.0], [0.0,Infinity], [0.0,0.0], [-Infinity,Infinity]]
EXIT 3 ForLoopContinue_1 [[0.0,Infinity], [-Infinity,Infinity], [-Infinity,Infinity], [-Infinity,Infinity], [-Infinity,Infinity], [-Infinity,Infinity], [-Infinity,Infinity], [0.0,Infinity], [-Infinity,1.0], [0.0,0.0], [0.0,0.0], [0.0,0.0], [0.0,0.0], [0.0,0.0], [0.0,0.0], [0.0,Infinity], [0.0,0.0], [-Infinity,Infinity]]
ENTRY 3 ForStatement_1 [[0.0,Infinity], [-Infinity,Infinity], [-Infinity,Infinity], [-Infinity,Infinity], [-Infinity,Infinity], [-Infinity,Infinity], [-Infinity,Infinity], [0.0,Infinity], [-Infinity,1.0], [0.0,0.0], [0.0,0.0], [0.0,0.0], [0.0,0.0], [0.0,0.0], [0.0,0.0], [0.0,Infinity], [0.0,0.0], [-Infinity,Infinity]]
EXIT 3 ForStatement_1 [[1.0,-1.0], [1.0,-1.0], [1.0,-1.0], [1.0,-1.0], [1.0,-1.0], [1.0,-1.0], [1.0,-1.0], [1.0,-1.0], [1.0,-1.0], [1.0,-1.0], [1.0,-1.0], [1.0,-1.0], [1.0,-1.0], [1.0,-1.0], [1.0,-1.0], [1.0,-1.0], [1.0,-1.0], [1.0,-1.0]]
ENTRY 3 ForLoopJoin_1 [[0.0,Infinity], [-Infinity,Infinity], [-Infinity,Infinity], [-Infinity,Infinity], [-Infinity,Infinity], [-Infinity,Infinity], [-Infinity,Infinity], [0.0,Infinity], [-Infinity,1.0], [0.0,0.0], [0.0,0.0], [0.0,0.0], [0.0,0.0], [0.0,0.0], [0.0,0.0], [0.0,Infinity], [0.0,0.0], [-Infinity,Infinity]]
EXIT 3 ForLoopJoin_1 [[0.0,Infinity], [-Infinity,Infinity], [-Infinity,Infinity], [-Infinity,Infinity], [-Infinity,Infinity], [-Infinity,Infinity], [-Infinity,Infinity], [0.0,Infinity], [-Infinity,1.0], [0.0,0.0], [0.0,0.0], [0.0,0.0], [0.0,0.0], [0.0,0.0], [0.0,0.0], [0.0,Infinity], [0.0,0.0], [-Infinity,Infinity]]
ENTRY 3 FunctionExit_4 [[0.0,Infinity], [-Infinity,Infinity], [-Infinity,Infinity], [-Infinity,Infinity], [-Infinity,Infinity], [-Infinity,Infinity], [-Infinity,Infinity], [0.0,Infinity], [-Infinity,1.0], [0.0,0.0], [0.0,0.0], [0.0,0.0], [0.0,0.0], [0.0,0.0], [0.0,0.0], [0.0,Infinity], [0.0,0.0], [-Infinity,Infinity]]
EXIT 3 FunctionExit_4 [[0.0,Infinity], [-Infinity,Infinity], [-Infinity,Infinity], [-Infinity,Infinity], [-Infinity,Infinity], [-Infinity,Infinity], [-Infinity,Infinity], [0.0,Infinity], [-Infinity,1.0], [0.0,0.0], [0.0,0.0], [0.0,0.0], [0.0,0.0], [0.0,0.0], [0.0,0.0], [0.0,Infinity], [0.0,0.0], [-Infinity,Infinity]]
ENTRY 3 ExpressionStatement_26 [[0.0,Infinity], [-Infinity,Infinity], [-Infinity,Infinity], [-Infinity,Infinity], [-Infinity,Infinity], [-Infinity,Infinity], [-Infinity,Infinity], [0.0,Infinity], [-Infinity,1.0], [0.0,0.0], [0.0,0.0], [0.0,0.0], [0.0,0.0], [0.0,0.0], [0.0,0.0], [0.0,Infinity], [0.0,0.0], [-Infinity,Infinity]]
EXIT 3 ExpressionStatement_26 [[0.0,Infinity], [-Infinity,Infinity], [-Infinity,Infinity], [-Infinity,Infinity], [-Infinity,Infinity], [-Infinity,Infinity], [-Infinity,Infinity], [0.0,Infinity], [-Infinity,1.0], [0.0,0.0], [0.0,0.0], [0.0,0.0], [0.0,0.0], [0.0,0.0], [0.0,0.0], [0.0,Infinity], [0.0,0.0], [-Infinity,Infinity]]
ENTRY 3 ExpressionStatement_27 [[0.0,Infinity], [-Infinity,Infinity], [-Infinity,Infinity], [-Infinity,Infinity], [-Infinity,Infinity], [-Infinity,Infinity], [-Infinity,Infinity], [0.0,Infinity], [-Infinity,1.0], [0.0,0.0], [0.0,0.0], [0.0,0.0], [0.0,0.0], [0.0,0.0], [0.0,0.0], [0.0,Infinity], [0.0,0.0], [-Infinity,Infinity]]
EXIT 3 ExpressionStatement_27 [[0.0,Infinity], [-Infinity,Infinity], [-Infinity,Infinity], [-Infinity,Infinity], [-Infinity,Infinity], [-Infinity,Infinity], [-Infinity,Infinity], [0.0,Infinity], [-Infinity,1.0], [0.0,0.0], [0.0,0.0], [0.0,0.0], [0.0,0.0], [0.0,0.0], [0.0,0.0], [1.0,Infinity], [0.0,0.0], [-Infinity,Infinity]]
ENTRY 3 FunctionDefinition_5 [[0.0,Infinity], [-Infinity,Infinity], [-Infinity,Infinity], [-Infinity,Infinity], [-Infinity,Infinity], [-Infinity,Infinity], [-Infinity,Infinity], [0.0,Infinity], [-Infinity,1.0], [0.0,0.0], [0.0,0.0], [0.0,0.0], [0.0,0.0], [0.0,0.0], [0.0,0.0], [0.0,0.0], [0.0,0.0], [0.0,0.0]]
EXIT 3 FunctionDefinition_5 [[0.0,Infinity], [-Infinity,Infinity], [-Infinity,Infinity], [-Infinity,Infinity], [-Infinity,Infinity], [-Infinity,Infinity], [-Infinity,Infinity], [0.0,Infinity], [-Infinity,1.0], [0.0,0.0], [0.0,0.0], [0.0,0.0], [0.0,0.0], [0.0,0.0], [0.0,0.0], [0.0,0.0], [0.0,0.0], [0.0,0.0]]
ENTRY 3 FunctionEntry_5 [[0.0,Infinity], [-Infinity,Infinity], [-Infinity,Infinity], [-Infinity,Infinity], [-Infinity,Infinity], [-Infinity,Infinity], [-Infinity,Infinity], [0.0,Infinity], [-Infinity,1.0], [0.0,0.0], [0.0,0.0], [0.0,0.0], [0.0,0.0], [0.0,0.0], [0.0,0.0], [0.0,0.0], [0.0,0.0], [0.0,0.0]]
EXIT 3 FunctionEntry_5 [[0.0,Infinity], [-Infinity,Infinity], [-Infinity,Infinity], [-Infinity,Infinity], [-Infinity,Infinity], [-Infinity,Infinity], [-Infinity,Infinity], [0.0,Infinity], [-Infinity,1.0], [0.0,0.0], [0.0,0.0], [0.0,0.0], [0.0,0.0], [0.0,0.0], [0.0,0.0], [0.0,0.0], [0.0,0.0], [0.0,0.0]]
ENTRY 3 ExpressionStatement_28 [[0.0,Infinity], [-Infinity,Infinity], [-Infinity,Infinity], [-Infinity,Infinity], [-Infinity,Infinity], [-Infinity,Infinity], [-Infinity,Infinity], [0.0,Infinity], [-Infinity,1.0], [0.0,0.0], [0.0,0.0], [0.0,0.0], [0.0,0.0], [0.0,0.0], [0.0,0.0], [0.0,0.0], [0.0,0.0], [0.0,0.0]]
EXIT 3 ExpressionStatement_28 [[0.0,Infinity], [-Infinity,Infinity], [-Infinity,Infinity], [-Infinity,Infinity], [-Infinity,Infinity], [-Infinity,Infinity], [-Infinity,Infinity], [0.0,Infinity], [-Infinity,1.0], [0.0,0.0], [0.0,0.0], [0.0,0.0], [0.0,0.0], [0.0,0.0], [0.0,0.0], [0.0,0.0], [0.0,0.0], [0.0,0.0]]
ENTRY 3 FunctionExit_5 [[0.0,Infinity], [-Infinity,Infinity], [-Infinity,Infinity], [-Infinity,Infinity], [-Infinity,Infinity], [-Infinity,Infinity], [-Infinity,Infinity], [0.0,Infinity], [-Infinity,1.0], [0.0,0.0], [0.0,0.0], [0.0,0.0], [0.0,0.0], [0.0,0.0], [0.0,0.0], [0.0,0.0], [0.0,0.0], [0.0,0.0]]
EXIT 3 FunctionExit_5 [[0.0,Infinity], [-Infinity,Infinity], [-Infinity,Infinity], [-Infinity,Infinity], [-Infinity,Infinity], [-Infinity,Infinity], [-Infinity,Infinity], [0.0,Infinity], [-Infinity,1.0], [0.0,0.0], [0.0,0.0], [0.0,0.0], [0.0,0.0], [0.0,0.0], [0.0,0.0], [0.0,0.0], [0.0,0.0], [0.0,0.0]]
ENTRY 3 FunctionDefinition_6 [[0.0,Infinity], [-Infinity,Infinity], [-Infinity,Infinity], [-Infinity,Infinity], [-Infinity,Infinity], [-Infinity,Infinity], [-Infinity,Infinity], [0.0,Infinity], [-Infinity,1.0], [0.0,0.0], [0.0,0.0], [0.0,0.0], [0.0,0.0], [0.0,0.0], [0.0,0.0], [0.0,0.0], [0.0,0.0], [0.0,0.0]]
EXIT 3 FunctionDefinition_6 [[0.0,Infinity], [-Infinity,Infinity], [-Infinity,Infinity], [-Infinity,Infinity], [-Infinity,Infinity], [-Infinity,Infinity], [-Infinity,Infinity], [0.0,Infinity], [-Infinity,1.0], [0.0,0.0], [0.0,0.0], [0.0,0.0], [0.0,0.0], [0.0,0.0], [0.0,0.0], [0.0,0.0], [0.0,0.0], [0.0,0.0]]
ENTRY 3 FunctionEntry_6 [[0.0,Infinity], [-Infinity,Infinity], [-Infinity,Infinity], [-Infinity,Infinity], [-Infinity,Infinity], [-Infinity,Infinity], [-Infinity,Infinity], [0.0,Infinity], [-Infinity,1.0], [0.0,0.0], [0.0,0.0], [0.0,0.0], [0.0,0.0], [0.0,0.0], [0.0,0.0], [0.0,0.0], [0.0,0.0], [0.0,0.0]]
EXIT 3 FunctionEntry_6 [[0.0,Infinity], [-Infinity,Infinity], [-Infinity,Infinity], [-Infinity,Infinity], [-Infinity,Infinity], [-Infinity,Infinity], [-Infinity,Infinity], [0.0,Infinity], [-Infinity,1.0], [0.0,0.0], [0.0,0.0], [0.0,0.0], [0.0,0.0], [0.0,0.0], [0.0,0.0], [0.0,0.0], [0.0,0.0], [0.0,0.0]]
ENTRY 3 IfStatement_5 [[0.0,Infinity], [-Infinity,Infinity], [-Infinity,Infinity], [-Infinity,Infinity], [-Infinity,Infinity], [-Infinity,Infinity], [-Infinity,Infinity], [0.0,Infinity], [-Infinity,1.0], [0.0,0.0], [0.0,0.0], [0.0,0.0], [0.0,0.0], [0.0,0.0], [0.0,0.0], [0.0,0.0], [0.0,0.0], [0.0,0.0]]
EXIT 3 IfStatement_5 [[1.0,-1.0], [1.0,-1.0], [1.0,-1.0], [1.0,-1.0], [1.0,-1.0], [1.0,-1.0], [1.0,-1.0], [1.0,-1.0], [1.0,-1.0], [1.0,-1.0], [1.0,-1.0], [1.0,-1.0], [1.0,-1.0], [1.0,-1.0], [1.0,-1.0], [1.0,-1.0], [1.0,-1.0], [1.0,-1.0]]
ENTRY 3 ExpressionStatement_29 [[0.0,Infinity], [-Infinity,Infinity], [-Infinity,Infinity], [-Infinity,Infinity], [-Infinity,Infinity], [-Infinity,Infinity], [-Infinity,Infinity], [0.0,Infinity], [-Infinity,1.0], [0.0,0.0], [0.0,0.0], [0.0,0.0], [0.0,0.0], [0.0,0.0], [0.0,0.0], [0.0,0.0], [0.0,0.0], [0.0,0.0]]
EXIT 3 ExpressionStatement_29 [[0.0,Infinity], [-Infinity,Infinity], [-Infinity,Infinity], [-Infinity,Infinity], [-Infinity,Infinity], [-Infinity,Infinity], [-Infinity,Infinity], [0.0,Infinity], [-Infinity,1.0], [0.0,0.0], [0.0,0.0], [0.0,0.0], [0.0,0.0], [0.0,0.0], [0.0,0.0], [0.0,0.0], [0.0,0.0], [0.0,0.0]]
ENTRY 3 IfConditionJoin_5 [[0.0,Infinity], [-Infinity,Infinity], [-Infinity,Infinity], [-Infinity,Infinity], [-Infinity,Infinity], [-Infinity,Infinity], [-Infinity,Infinity], [0.0,Infinity], [-Infinity,1.0], [0.0,0.0], [0.0,0.0], [0.0,0.0], [0.0,0.0], [0.0,0.0], [0.0,0.0], [0.0,0.0], [0.0,0.0], [0.0,0.0]]
EXIT 3 IfConditionJoin_5 [[0.0,Infinity], [-Infinity,Infinity], [-Infinity,Infinity], [-Infinity,Infinity], [-Infinity,Infinity], [-Infinity,Infinity], [-Infinity,Infinity], [0.0,Infinity], [-Infinity,1.0], [0.0,0.0], [0.0,0.0], [0.0,0.0], [0.0,0.0], [0.0,0.0], [0.0,0.0], [0.0,0.0], [0.0,0.0], [0.0,0.0]]
ENTRY 3 FunctionExit_6 [[0.0,Infinity], [-Infinity,Infinity], [-Infinity,Infinity], [-Infinity,Infinity], [-Infinity,Infinity], [-Infinity,Infinity], [-Infinity,Infinity], [0.0,Infinity], [-Infinity,1.0], [0.0,0.0], [0.0,0.0], [0.0,0.0], [0.0,0.0], [0.0,0.0], [0.0,0.0], [0.0,0.0], [0.0,0.0], [0.0,0.0]]
EXIT 3 FunctionExit_6 [[0.0,Infinity], [-Infinity,Infinity], [-Infinity,Infinity], [-Infinity,Infinity], [-Infinity,Infinity], [-Infinity,Infinity], [-Infinity,Infinity], [0.0,Infinity], [-Infinity,1.0], [0.0,0.0], [0.0,0.0], [0.0,0.0], [0.0,0.0], [0.0,0.0], [0.0,0.0], [0.0,0.0], [0.0,0.0], [0.0,0.0]]
ENTRY 3 FunctionDefinition_7 [[0.0,Infinity], [-Infinity,Infinity], [-Infinity,Infinity], [-Infinity,Infinity], [-Infinity,Infinity], [-Infinity,Infinity], [-Infinity,Infinity], [0.0,Infinity], [-Infinity,1.0], [0.0,0.0], [0.0,0.0], [0.0,0.0], [0.0,0.0], [0.0,0.0], [0.0,0.0], [0.0,0.0], [0.0,0.0], [0.0,0.0]]
EXIT 3 FunctionDefinition_7 [[0.0,Infinity], [-Infinity,Infinity], [-Infinity,Infinity], [-Infinity,Infinity], [-Infinity,Infinity], [-Infinity,Infinity], [-Infinity,Infinity], [0.0,Infinity], [-Infinity,1.0], [0.0,0.0], [0.0,0.0], [0.0,0.0], [0.0,0.0], [0.0,0.0], [0.0,0.0], [0.0,0.0], [0.0,0.0], [0.0,0.0]]
ENTRY 3 FunctionEntry_7 [[0.0,Infinity], [-Infinity,Infinity], [-Infinity,Infinity], [-Infinity,Infinity], [-Infinity,Infinity], [-Infinity,Infinity], [-Infinity,Infinity], [0.0,Infinity], [-Infinity,1.0], [0.0,0.0], [0.0,0.0], [0.0,0.0], [0.0,0.0], [0.0,0.0], [0.0,0.0], [0.0,0.0], [0.0,0.0], [0.0,0.0]]
EXIT 3 FunctionEntry_7 [[0.0,Infinity], [-Infinity,Infinity], [-Infinity,Infinity], [-Infinity,Infinity], [-Infinity,Infinity], [-Infinity,Infinity], [-Infinity,Infinity], [0.0,Infinity], [-Infinity,1.0], [0.0,0.0], [0.0,0.0], [0.0,0.0], [0.0,0.0], [0.0,0.0], [0.0,0.0], [0.0,0.0], [0.0,0.0], [0.0,0.0]]
ENTRY 3 Return_3 [[0.0,Infinity], [-Infinity,Infinity], [-Infinity,Infinity], [-Infinity,Infinity], [-Infinity,Infinity], [-Infinity,Infinity], [-Infinity,Infinity], [0.0,Infinity], [-Infinity,1.0], [0.0,0.0], [0.0,0.0], [0.0,0.0], [0.0,0.0], [0.0,0.0], [0.0,0.0], [0.0,0.0], [0.0,0.0], [0.0,0.0]]
EXIT 3 Return_3 [[0.0,Infinity], [-Infinity,Infinity], [-Infinity,Infinity], [-Infinity,Infinity], [-Infinity,Infinity], [-Infinity,Infinity], [-Infinity,Infinity], [0.0,Infinity], [-Infinity,1.0], [0.0,0.0], [0.0,0.0], [0.0,0.0], [0.0,0.0], [0.0,0.0], [0.0,0.0], [0.0,0.0], [0.0,0.0], [0.0,0.0]]
ENTRY 3 FunctionExit_7 [[0.0,Infinity], [-Infinity,Infinity], [-Infinity,Infinity], [-Infinity,Infinity], [-Infinity,Infinity], [-Infinity,Infinity], [-Infinity,Infinity], [0.0,Infinity], [-Infinity,1.0], [0.0,0.0], [0.0,0.0], [0.0,0.0], [0.0,0.0], [0.0,0.0], [0.0,0.0], [0.0,0.0], [0.0,0.0], [0.0,0.0]]
EXIT 3 FunctionExit_7 [[0.0,Infinity], [-Infinity,Infinity], [-Infinity,Infinity], [-Infinity,Infinity], [-Infinity,Infinity], [-Infinity,Infinity], [-Infinity,Infinity], [0.0,Infinity], [-Infinity,1.0], [0.0,0.0], [0.0,0.0], [0.0,0.0], [0.0,0.0], [0.0,0.0], [0.0,0.0], [0.0,0.0], [0.0,0.0], [0.0,0.0]]
ENTRY 3 FunctionDefinition_8 [[0.0,Infinity], [-Infinity,Infinity], [-Infinity,Infinity], [-Infinity,Infinity], [-Infinity,Infinity], [-Infinity,Infinity], [-Infinity,Infinity], [0.0,Infinity], [-Infinity,1.0], [0.0,0.0], [0.0,0.0], [0.0,0.0], [0.0,0.0], [0.0,0.0], [0.0,0.0], [0.0,0.0], [0.0,0.0], [0.0,0.0]]
EXIT 3 FunctionDefinition_8 [[0.0,Infinity], [-Infinity,Infinity], [-Infinity,Infinity], [-Infinity,Infinity], [-Infinity,Infinity], [-Infinity,Infinity], [-Infinity,Infinity], [0.0,Infinity], [-Infinity,1.0], [0.0,0.0], [0.0,0.0], [0.0,0.0], [0.0,0.0], [0.0,0.0], [0.0,0.0], [0.0,0.0], [0.0,0.0], [0.0,0.0]]
ENTRY 3 FunctionEntry_8 [[0.0,Infinity], [-Infinity,Infinity], [-Infinity,Infinity], [-Infinity,Infinity], [-Infinity,Infinity], [-Infinity,Infinity], [-Infinity,Infinity], [0.0,Infinity], [-Infinity,1.0], [0.0,0.0], [0.0,0.0], [0.0,0.0], [0.0,0.0], [0.0,0.0], [0.0,0.0], [0.0,0.0], [0.0,0.0], [0.0,0.0]]
EXIT 3 FunctionEntry_8 [[0.0,Infinity], [-Infinity,Infinity], [-Infinity,Infinity], [-Infinity,Infinity], [-Infinity,Infinity], [-Infinity,Infinity], [-Infinity,Infinity], [0.0,Infinity], [-Infinity,1.0], [0.0,0.0], [0.0,0.0], [0.0,0.0], [0.0,0.0], [0.0,0.0], [0.0,0.0], [0.0,0.0], [0.0,0.0], [0.0,0.0]]
ENTRY 3 Return_4 [[0.0,Infinity], [-Infinity,Infinity], [-Infinity,Infinity], [-Infinity,Infinity], [-Infinity,Infinity], [-Infinity,Infinity], [-Infinity,Infinity], [0.0,Infinity], [-Infinity,1.0], [0.0,0.0], [0.0,0.0], [0.0,0.0], [0.0,0.0], [0.0,0.0], [0.0,0.0], [0.0,0.0], [0.0,0.0], [0.0,0.0]]
EXIT 3 Return_4 [[0.0,Infinity], [-Infinity,Infinity], [-Infinity,Infinity], [-Infinity,Infinity], [-Infinity,Infinity], [-Infinity,Infinity], [-Infinity,Infinity], [0.0,Infinity], [-Infinity,1.0], [0.0,0.0], [0.0,0.0], [0.0,0.0], [0.0,0.0], [0.0,0.0], [0.0,0.0], [0.0,0.0], [0.0,0.0], [0.0,0.0]]
ENTRY 3 FunctionExit_8 [[0.0,Infinity], [-Infinity,Infinity], [-Infinity,Infinity], [-Infinity,Infinity], [-Infinity,Infinity], [-Infinity,Infinity], [-Infinity,Infinity], [0.0,Infinity], [-Infinity,1.0], [0.0,0.0], [0.0,0.0], [0.0,0.0], [0.0,0.0], [0.0,0.0], [0.0,0.0], [0.0,0.0], [0.0,0.0], [0.0,0.0]]
EXIT 3 FunctionExit_8 [[0.0,Infinity], [-Infinity,Infinity], [-Infinity,Infinity], [-Infinity,Infinity], [-Infinity,Infinity], [-Infinity,Infinity], [-Infinity,Infinity], [0.0,Infinity], [-Infinity,1.0], [0.0,0.0], [0.0,0.0], [0.0,0.0], [0.0,0.0], [0.0,0.0], [0.0,0.0], [0.0,0.0], [0.0,0.0], [0.0,0.0]]
ENTRY 4 SourceEntry_0 [[0.0,0.0], [0.0,0.0], [0.0,0.0], [0.0,0.0], [0.0,0.0], [0.0,0.0], [0.0,0.0], [0.0,0.0], [0.0,0.0], [0.0,0.0], [0.0,0.0], [0.0,0.0], [0.0,0.0], [0.0,0.0], [0.0,0.0], [0.0,0.0], [0.0,0.0], [0.0,0.0]]
EXIT 4 SourceEntry_0 [[0.0,0.0], [0.0,0.0], [0.0,0.0], [0.0,0.0], [0.0,0.0], [0.0,0.0], [0.0,0.0], [43200.0,43200.0], [0.0,0.0], [0.0,0.0], [0.0,0.0], [0.0,0.0], [0.0,0.0], [0.0,0.0], [0.0,0.0], [0.0,0.0], [0.0,0.0], [0.0,0.0]]
ENTRY 4 SourceUnit_0 [[0.0,0.0], [0.0,0.0], [0.0,0.0], [0.0,0.0], [0.0,0.0], [0.0,0.0], [0.0,0.0], [43200.0,43200.0], [0.0,0.0], [0.0,0.0], [0.0,0.0], [0.0,0.0], [0.0,0.0], [0.0,0.0], [0.0,0.0], [0.0,0.0], [0.0,0.0], [0.0,0.0]]
EXIT 4 SourceUnit_0 [[0.0,0.0], [0.0,0.0], [0.0,0.0], [0.0,0.0], [0.0,0.0], [0.0,0.0], [0.0,0.0], [43200.0,43200.0], [0.0,0.0], [0.0,0.0], [0.0,0.0], [0.0,0.0], [0.0,0.0], [0.0,0.0], [0.0,0.0], [0.0,0.0], [0.0,0.0], [0.0,0.0]]
ENTRY 4 PragmaDirective_0 [[0.0,0.0], [0.0,0.0], [0.0,0.0], [0.0,0.0], [0.0,0.0], [0.0,0.0], [0.0,0.0], [43200.0,43200.0], [0.0,0.0], [0.0,0.0], [0.0,0.0], [0.0,0.0], [0.0,0.0], [0.0,0.0], [0.0,0.0], [0.0,0.0], [0.0,0.0], [0.0,0.0]]
EXIT 4 PragmaDirective_0 [[0.0,0.0], [0.0,0.0], [0.0,0.0], [0.0,0.0], [0.0,0.0], [0.0,0.0], [0.0,0.0], [43200.0,43200.0], [0.0,0.0], [0.0,0.0], [0.0,0.0], [0.0,0.0], [0.0,0.0], [0.0,0.0], [0.0,0.0], [0.0,0.0], [0.0,0.0], [0.0,0.0]]
ENTRY 4 SourceExit_0 [[0.0,Infinity], [-Infinity,Infinity], [-Infinity,Infinity], [-Infinity,Infinity], [-Infinity,Infinity], [-Infinity,Infinity], [-Infinity,Infinity], [0.0,Infinity], [-Infinity,1.0], [-Infinity,Infinity], [0.0,0.0], [0.0,0.0], [0.0,0.0], [0.0,0.0], [0.0,0.0], [0.0,Infinity], [-Infinity,Infinity], [-Infinity,Infinity]]
EXIT 4 SourceExit_0 [[0.0,0.0], [0.0,0.0], [0.0,0.0], [0.0,0.0], [0.0,0.0], [0.0,0.0], [0.0,0.0], [43200.0,43200.0], [0.0,0.0], [-Infinity,Infinity], [0.0,0.0], [0.0,0.0], [0.0,0.0], [0.0,0.0], [0.0,0.0], [0.0,Infinity], [-Infinity,Infinity], [-Infinity,Infinity]]
ENTRY 4 ContractDefinition_0 [[0.0,0.0], [0.0,0.0], [0.0,0.0], [0.0,0.0], [0.0,0.0], [0.0,0.0], [0.0,0.0], [43200.0,43200.0], [0.0,0.0], [0.0,0.0], [0.0,0.0], [0.0,0.0], [0.0,0.0], [0.0,0.0], [0.0,0.0], [0.0,0.0], [0.0,0.0], [0.0,0.0]]
EXIT 4 ContractDefinition_0 [[0.0,0.0], [0.0,0.0], [0.0,0.0], [0.0,0.0], [0.0,0.0], [0.0,0.0], [0.0,0.0], [43200.0,43200.0], [0.0,0.0], [0.0,0.0], [0.0,0.0], [0.0,0.0], [0.0,0.0], [0.0,0.0], [0.0,0.0], [0.0,0.0], [0.0,0.0], [0.0,0.0]]
ENTRY 4 VariableDeclaration_0 [[0.0,0.0], [0.0,0.0], [0.0,0.0], [0.0,0.0], [0.0,0.0], [0.0,0.0], [0.0,0.0], [43200.0,43200.0], [0.0,0.0], [0.0,0.0], [0.0,0.0], [0.0,0.0], [0.0,0.0], [0.0,0.0], [0.0,0.0], [0.0,0.0], [0.0,0.0], [0.0,0.0]]
EXIT 4 VariableDeclaration_0 [[0.0,0.0], [0.0,0.0], [0.0,0.0], [0.0,0.0], [0.0,0.0], [0.0,0.0], [0.0,0.0], [43200.0,43200.0], [0.0,0.0], [0.0,0.0], [0.0,0.0], [0.0,0.0], [0.0,0.0], [0.0,0.0], [0.0,0.0], [0.0,0.0], [0.0,0.0], [0.0,0.0]]
ENTRY 4 VariableDeclaration_1 [[0.0,0.0], [0.0,0.0], [0.0,0.0], [0.0,0.0], [0.0,0.0], [0.0,0.0], [0.0,0.0], [43200.0,43200.0], [0.0,0.0], [0.0,0.0], [0.0,0.0], [0.0,0.0], [0.0,0.0], [0.0,0.0], [0.0,0.0], [0.0,0.0], [0.0,0.0], [0.0,0.0]]
EXIT 4 VariableDeclaration_1 [[0.0,0.0], [0.0,0.0], [0.0,0.0], [0.0,0.0], [0.0,0.0], [0.0,0.0], [0.0,0.0], [43200.0,43200.0], [0.0,0.0], [0.0,0.0], [0.0,0.0], [0.0,0.0], [0.0,0.0], [0.0,0.0], [0.0,0.0], [0.0,0.0], [0.0,0.0], [0.0,0.0]]
ENTRY 4 VariableDeclaration_2 [[0.0,0.0], [0.0,0.0], [0.0,0.0], [0.0,0.0], [0.0,0.0], [0.0,0.0], [0.0,0.0], [43200.0,43200.0], [0.0,0.0], [0.0,0.0], [0.0,0.0], [0.0,0.0], [0.0,0.0], [0.0,0.0], [0.0,0.0], [0.0,0.0], [0.0,0.0], [0.0,0.0]]
EXIT 4 VariableDeclaration_2 [[0.0,0.0], [0.0,0.0], [0.0,0.0], [0.0,0.0], [0.0,0.0], [0.0,0.0], [0.0,0.0], [43200.0,43200.0], [0.0,0.0], [0.0,0.0], [0.0,0.0], [0.0,0.0], [0.0,0.0], [0.0,0.0], [0.0,0.0], [0.0,0.0], [0.0,0.0], [0.0,0.0]]
ENTRY 4 VariableDeclaration_3 [[0.0,0.0], [0.0,0.0], [0.0,0.0], [0.0,0.0], [0.0,0.0], [0.0,0.0], [0.0,0.0], [43200.0,43200.0], [0.0,0.0], [0.0,0.0], [0.0,0.0], [0.0,0.0], [0.0,0.0], [0.0,0.0], [0.0,0.0], [0.0,0.0], [0.0,0.0], [0.0,0.0]]
EXIT 4 VariableDeclaration_3 [[0.0,0.0], [0.0,0.0], [0.0,0.0], [0.0,0.0], [0.0,0.0], [0.0,0.0], [0.0,0.0], [43200.0,43200.0], [0.0,0.0], [0.0,0.0], [0.0,0.0], [0.0,0.0], [0.0,0.0], [0.0,0.0], [0.0,0.0], [0.0,0.0], [0.0,0.0], [0.0,0.0]]
ENTRY 4 VariableDeclaration_4 [[0.0,0.0], [0.0,0.0], [0.0,0.0], [0.0,0.0], [0.0,0.0], [0.0,0.0], [0.0,0.0], [43200.0,43200.0], [0.0,0.0], [0.0,0.0], [0.0,0.0], [0.0,0.0], [0.0,0.0], [0.0,0.0], [0.0,0.0], [0.0,0.0], [0.0,0.0], [0.0,0.0]]
EXIT 4 VariableDeclaration_4 [[0.0,0.0], [0.0,0.0], [0.0,0.0], [0.0,0.0], [0.0,0.0], [0.0,0.0], [0.0,0.0], [43200.0,43200.0], [0.0,0.0], [0.0,0.0], [0.0,0.0], [0.0,0.0], [0.0,0.0], [0.0,0.0], [0.0,0.0], [0.0,0.0], [0.0,0.0], [0.0,0.0]]
ENTRY 4 VariableDeclaration_5 [[0.0,0.0], [0.0,0.0], [0.0,0.0], [0.0,0.0], [0.0,0.0], [0.0,0.0], [0.0,0.0], [43200.0,43200.0], [0.0,0.0], [0.0,0.0], [0.0,0.0], [0.0,0.0], [0.0,0.0], [0.0,0.0], [0.0,0.0], [0.0,0.0], [0.0,0.0], [0.0,0.0]]
EXIT 4 VariableDeclaration_5 [[0.0,0.0], [0.0,0.0], [0.0,0.0], [0.0,0.0], [0.0,0.0], [0.0,0.0], [0.0,0.0], [43200.0,43200.0], [0.0,0.0], [0.0,0.0], [0.0,0.0], [0.0,0.0], [0.0,0.0], [0.0,0.0], [0.0,0.0], [0.0,0.0], [0.0,0.0], [0.0,0.0]]
ENTRY 4 VariableDeclaration_6 [[0.0,0.0], [0.0,0.0], [0.0,0.0], [0.0,0.0], [0.0,0.0], [0.0,0.0], [0.0,0.0], [43200.0,43200.0], [0.0,0.0], [0.0,0.0], [0.0,0.0], [0.0,0.0], [0.0,0.0], [0.0,0.0], [0.0,0.0], [0.0,0.0], [0.0,0.0], [0.0,0.0]]
EXIT 4 VariableDeclaration_6 [[0.0,0.0], [0.0,0.0], [0.0,0.0], [0.0,0.0], [0.0,0.0], [0.0,0.0], [0.0,0.0], [43200.0,43200.0], [0.0,0.0], [0.0,0.0], [0.0,0.0], [0.0,0.0], [0.0,0.0], [0.0,0.0], [0.0,0.0], [0.0,0.0], [0.0,0.0], [0.0,0.0]]
ENTRY 4 VariableDeclaration_7 [[0.0,0.0], [0.0,0.0], [0.0,0.0], [0.0,0.0], [0.0,0.0], [0.0,0.0], [0.0,0.0], [43200.0,43200.0], [0.0,0.0], [0.0,0.0], [0.0,0.0], [0.0,0.0], [0.0,0.0], [0.0,0.0], [0.0,0.0], [0.0,0.0], [0.0,0.0], [0.0,0.0]]
EXIT 4 VariableDeclaration_7 [[0.0,0.0], [0.0,0.0], [0.0,0.0], [0.0,0.0], [0.0,0.0], [0.0,0.0], [0.0,0.0], [43200.0,43200.0], [0.0,0.0], [0.0,0.0], [0.0,0.0], [0.0,0.0], [0.0,0.0], [0.0,0.0], [0.0,0.0], [0.0,0.0], [0.0,0.0], [0.0,0.0]]
ENTRY 4 VariableDeclaration_8 [[0.0,0.0], [0.0,0.0], [0.0,0.0], [0.0,0.0], [0.0,0.0], [0.0,0.0], [0.0,0.0], [43200.0,43200.0], [0.0,0.0], [0.0,0.0], [0.0,0.0], [0.0,0.0], [0.0,0.0], [0.0,0.0], [0.0,0.0], [0.0,0.0], [0.0,0.0], [0.0,0.0]]
EXIT 4 VariableDeclaration_8 [[0.0,0.0], [0.0,0.0], [0.0,0.0], [0.0,0.0], [0.0,0.0], [0.0,0.0], [0.0,0.0], [43200.0,43200.0], [0.0,0.0], [0.0,0.0], [0.0,0.0], [0.0,0.0], [0.0,0.0], [0.0,0.0], [0.0,0.0], [0.0,0.0], [0.0,0.0], [0.0,0.0]]
ENTRY 4 FunctionDefinition_0 [[0.0,0.0], [0.0,0.0], [0.0,0.0], [0.0,0.0], [0.0,0.0], [0.0,0.0], [0.0,0.0], [43200.0,43200.0], [0.0,0.0], [0.0,0.0], [0.0,0.0], [0.0,0.0], [0.0,0.0], [0.0,0.0], [0.0,0.0], [0.0,0.0], [0.0,0.0], [0.0,0.0]]
EXIT 4 FunctionDefinition_0 [[0.0,0.0], [0.0,0.0], [0.0,0.0], [0.0,0.0], [0.0,0.0], [0.0,0.0], [0.0,0.0], [43200.0,43200.0], [0.0,0.0], [0.0,0.0], [0.0,0.0], [0.0,0.0], [0.0,0.0], [0.0,0.0], [0.0,0.0], [0.0,0.0], [0.0,0.0], [0.0,0.0]]
ENTRY 4 FunctionEntry_0 [[0.0,0.0], [0.0,0.0], [0.0,0.0], [0.0,0.0], [0.0,0.0], [0.0,0.0], [0.0,0.0], [43200.0,43200.0], [0.0,0.0], [0.0,0.0], [0.0,0.0], [0.0,0.0], [0.0,0.0], [0.0,0.0], [0.0,0.0], [0.0,0.0], [0.0,0.0], [0.0,0.0]]
EXIT 4 FunctionEntry_0 [[0.0,0.0], [0.0,0.0], [0.0,0.0], [0.0,0.0], [0.0,0.0], [0.0,0.0], [0.0,0.0], [43200.0,43200.0], [0.0,0.0], [0.0,0.0], [0.0,0.0], [0.0,0.0], [0.0,0.0], [0.0,0.0], [0.0,0.0], [0.0,0.0], [0.0,0.0], [0.0,0.0]]
ENTRY 4 ExpressionStatement_0 [[0.0,0.0], [0.0,0.0], [0.0,0.0], [0.0,0.0], [0.0,0.0], [0.0,0.0], [0.0,0.0], [43200.0,43200.0], [0.0,0.0], [0.0,0.0], [0.0,0.0], [0.0,0.0], [0.0,0.0], [0.0,0.0], [0.0,0.0], [0.0,0.0], [0.0,0.0], [0.0,0.0]]
EXIT 4 ExpressionStatement_0 [[0.0,0.0], [0.0,0.0], [-Infinity,Infinity], [0.0,0.0], [0.0,0.0], [0.0,0.0], [0.0,0.0], [43200.0,43200.0], [0.0,0.0], [0.0,0.0], [0.0,0.0], [0.0,0.0], [0.0,0.0], [0.0,0.0], [0.0,0.0], [0.0,0.0], [0.0,0.0], [0.0,0.0]]
ENTRY 4 ExpressionStatement_1 [[0.0,0.0], [0.0,0.0], [-Infinity,Infinity], [0.0,0.0], [0.0,0.0], [0.0,0.0], [0.0,0.0], [43200.0,43200.0], [0.0,0.0], [0.0,0.0], [0.0,0.0], [0.0,0.0], [0.0,0.0], [0.0,0.0], [0.0,0.0], [0.0,0.0], [0.0,0.0], [0.0,0.0]]
EXIT 4 ExpressionStatement_1 [[0.0,0.0], [0.0,0.0], [-Infinity,Infinity], [0.0,0.0], [0.0,0.0], [-Infinity,Infinity], [0.0,0.0], [43200.0,43200.0], [0.0,0.0], [0.0,0.0], [0.0,0.0], [0.0,0.0], [0.0,0.0], [0.0,0.0], [0.0,0.0], [0.0,0.0], [0.0,0.0], [0.0,0.0]]
ENTRY 4 ExpressionStatement_2 [[0.0,0.0], [0.0,0.0], [-Infinity,Infinity], [0.0,0.0], [0.0,0.0], [-Infinity,Infinity], [0.0,0.0], [43200.0,43200.0], [0.0,0.0], [0.0,0.0], [0.0,0.0], [0.0,0.0], [0.0,0.0], [0.0,0.0], [0.0,0.0], [0.0,0.0], [0.0,0.0], [0.0,0.0]]
EXIT 4 ExpressionStatement_2 [[0.0,0.0], [-Infinity,Infinity], [-Infinity,Infinity], [0.0,0.0], [0.0,0.0], [-Infinity,Infinity], [0.0,0.0], [43200.0,43200.0], [0.0,0.0], [0.0,0.0], [0.0,0.0], [0.0,0.0], [0.0,0.0], [0.0,0.0], [0.0,0.0], [0.0,0.0], [0.0,0.0], [0.0,0.0]]
ENTRY 4 FunctionExit_0 [[0.0,0.0], [-Infinity,Infinity], [-Infinity,Infinity], [0.0,0.0], [0.0,0.0], [-Infinity,Infinity], [0.0,0.0], [43200.0,43200.0], [0.0,0.0], [0.0,0.0], [0.0,0.0], [0.0,0.0], [0.0,0.0], [0.0,0.0], [0.0,0.0], [0.0,0.0], [0.0,0.0], [0.0,0.0]]
EXIT 4 FunctionExit_0 [[0.0,0.0], [-Infinity,Infinity], [-Infinity,Infinity], [0.0,0.0], [0.0,0.0], [-Infinity,Infinity], [0.0,0.0], [43200.0,43200.0], [0.0,0.0], [0.0,0.0], [0.0,0.0], [0.0,0.0], [0.0,0.0], [0.0,0.0], [0.0,0.0], [0.0,0.0], [0.0,0.0], [0.0,0.0]]
ENTRY 4 FunctionDefinition_1 [[0.0,0.0], [-Infinity,Infinity], [-Infinity,Infinity], [0.0,0.0], [0.0,0.0], [-Infinity,Infinity], [0.0,0.0], [43200.0,43200.0], [0.0,0.0], [0.0,0.0], [0.0,0.0], [0.0,0.0], [0.0,0.0], [0.0,0.0], [0.0,0.0], [0.0,0.0], [0.0,0.0], [0.0,0.0]]
EXIT 4 FunctionDefinition_1 [[0.0,0.0], [-Infinity,Infinity], [-Infinity,Infinity], [0.0,0.0], [0.0,0.0], [-Infinity,Infinity], [0.0,0.0], [43200.0,43200.0], [0.0,0.0], [0.0,0.0], [0.0,0.0], [0.0,0.0], [0.0,0.0], [0.0,0.0], [0.0,0.0], [0.0,0.0], [0.0,0.0], [0.0,0.0]]
ENTRY 4 FunctionEntry_1 [[0.0,0.0], [-Infinity,Infinity], [-Infinity,Infinity], [0.0,0.0], [0.0,0.0], [-Infinity,Infinity], [0.0,0.0], [43200.0,43200.0], [0.0,0.0], [0.0,0.0], [0.0,0.0], [0.0,0.0], [0.0,0.0], [0.0,0.0], [0.0,0.0], [0.0,0.0], [0.0,0.0], [0.0,0.0]]
EXIT 4 FunctionEntry_1 [[0.0,0.0], [-Infinity,Infinity], [-Infinity,Infinity], [0.0,0.0], [0.0,0.0], [-Infinity,Infinity], [0.0,0.0], [43200.0,43200.0], [0.0,0.0], [0.0,0.0], [0.0,0.0], [0.0,0.0], [0.0,0.0], [0.0,0.0], [0.0,0.0], [0.0,0.0], [0.0,0.0], [0.0,0.0]]
ENTRY 4 VariableDeclarationStatement_0 [[0.0,0.0], [-Infinity,Infinity], [-Infinity,Infinity], [0.0,0.0], [0.0,0.0], [-Infinity,Infinity], [0.0,0.0], [43200.0,43200.0], [0.0,0.0], [0.0,0.0], [0.0,0.0], [0.0,0.0], [0.0,0.0], [0.0,0.0], [0.0,0.0], [0.0,0.0], [0.0,0.0], [0.0,0.0]]
EXIT 4 VariableDeclarationStatement_0 [[0.0,0.0], [-Infinity,Infinity], [-Infinity,Infinity], [0.0,0.0], [0.0,0.0], [-Infinity,Infinity], [0.0,0.0], [43200.0,43200.0], [0.0,0.0], [-Infinity,Infinity], [0.0,0.0], [0.0,0.0], [0.0,0.0], [0.0,0.0], [0.0,0.0], [0.0,0.0], [0.0,0.0], [0.0,0.0]]
ENTRY 4 IfStatement_0 [[0.0,0.0], [-Infinity,Infinity], [-Infinity,Infinity], [0.0,0.0], [0.0,0.0], [-Infinity,Infinity], [0.0,0.0], [43200.0,43200.0], [0.0,0.0], [-Infinity,Infinity], [0.0,0.0], [0.0,0.0], [0.0,0.0], [0.0,0.0], [0.0,0.0], [0.0,0.0], [0.0,0.0], [0.0,0.0]]
EXIT 4 IfStatement_0 [[1.0,-1.0], [1.0,-1.0], [1.0,-1.0], [1.0,-1.0], [1.0,-1.0], [1.0,-1.0], [1.0,-1.0], [1.0,-1.0], [1.0,-1.0], [1.0,-1.0], [1.0,-1.0], [1.0,-1.0], [1.0,-1.0], [1.0,-1.0], [1.0,-1.0], [1.0,-1.0], [1.0,-1.0], [1.0,-1.0]]
ENTRY 4 ExpressionStatement_3 [[0.0,0.0], [-Infinity,Infinity], [-Infinity,Infinity], [0.0,0.0], [0.0,0.0], [-Infinity,Infinity], [0.0,0.0], [43200.0,43200.0], [0.0,0.0], [-Infinity,Infinity], [0.0,0.0], [0.0,0.0], [0.0,0.0], [0.0,0.0], [0.0,0.0], [0.0,0.0], [0.0,0.0], [0.0,0.0]]
EXIT 4 ExpressionStatement_3 [[0.0,0.0], [-Infinity,Infinity], [-Infinity,Infinity], [0.0,0.0], [0.0,0.0], [-Infinity,Infinity], [0.0,0.0], [43200.0,43200.0], [0.0,0.0], [-Infinity,Infinity], [0.0,0.0], [0.0,0.0], [0.0,0.0], [0.0,0.0], [0.0,0.0], [0.0,0.0], [0.0,0.0], [0.0,0.0]]
ENTRY 4 ExpressionStatement_4 [[0.0,0.0], [-Infinity,Infinity], [-Infinity,Infinity], [0.0,0.0], [0.0,0.0], [-Infinity,Infinity], [0.0,0.0], [43200.0,43200.0], [0.0,0.0], [-Infinity,Infinity], [0.0,0.0], [0.0,0.0], [0.0,0.0], [0.0,0.0], [0.0,0.0], [0.0,0.0], [0.0,0.0], [0.0,0.0]]
EXIT 4 ExpressionStatement_4 [[0.0,0.0], [-Infinity,Infinity], [-Infinity,Infinity], [0.0,0.0], [0.0,0.0], [-Infinity,Infinity], [0.0,0.0], [43200.0,43200.0], [0.0,0.0], [-Infinity,Infinity], [0.0,0.0], [0.0,0.0], [0.0,0.0], [0.0,0.0], [0.0,0.0], [0.0,0.0], [0.0,0.0], [0.0,0.0]]
ENTRY 4 ExpressionStatement_5 [[0.0,0.0], [-Infinity,Infinity], [-Infinity,Infinity], [0.0,0.0], [0.0,0.0], [-Infinity,Infinity], [0.0,0.0], [43200.0,43200.0], [0.0,0.0], [-Infinity,Infinity], [0.0,0.0], [0.0,0.0], [0.0,0.0], [0.0,0.0], [0.0,0.0], [0.0,0.0], [0.0,0.0], [0.0,0.0]]
EXIT 4 ExpressionStatement_5 [[0.0,0.0], [-Infinity,Infinity], [-Infinity,Infinity], [0.0,0.0], [0.0,0.0], [-Infinity,Infinity], [0.0,0.0], [43200.0,43200.0], [0.0,0.0], [-Infinity,Infinity], [0.0,0.0], [0.0,0.0], [0.0,0.0], [0.0,0.0], [0.0,0.0], [0.0,0.0], [0.0,0.0], [0.0,0.0]]
ENTRY 4 ExpressionStatement_6 [[0.0,0.0], [-Infinity,Infinity], [-Infinity,Infinity], [0.0,0.0], [0.0,0.0], [-Infinity,Infinity], [0.0,0.0], [43200.0,43200.0], [0.0,0.0], [-Infinity,Infinity], [0.0,0.0], [0.0,0.0], [0.0,0.0], [0.0,0.0], [0.0,0.0], [0.0,0.0], [0.0,0.0], [0.0,0.0]]
EXIT 4 ExpressionStatement_6 [[0.0,0.0], [-Infinity,Infinity], [-Infinity,Infinity], [0.0,0.0], [0.0,0.0], [-Infinity,Infinity], [0.0,0.0], [43200.0,43200.0], [0.0,0.0], [-Infinity,Infinity], [0.0,0.0], [0.0,0.0], [0.0,0.0], [0.0,0.0], [0.0,0.0], [0.0,0.0], [0.0,0.0], [0.0,0.0]]
ENTRY 4 ExpressionStatement_7 [[0.0,0.0], [-Infinity,Infinity], [-Infinity,Infinity], [0.0,0.0], [0.0,0.0], [-Infinity,Infinity], [0.0,0.0], [43200.0,43200.0], [0.0,0.0], [-Infinity,Infinity], [0.0,0.0], [0.0,0.0], [0.0,0.0], [0.0,0.0], [0.0,0.0], [0.0,0.0], [0.0,0.0], [0.0,0.0]]
EXIT 4 ExpressionStatement_7 [[0.0,0.0], [-Infinity,Infinity], [-Infinity,Infinity], [0.0,0.0], [0.0,0.0], [-Infinity,Infinity], [0.0,0.0], [43200.0,43200.0], [0.0,0.0], [-Infinity,Infinity], [0.0,0.0], [0.0,0.0], [0.0,0.0], [0.0,0.0], [0.0,0.0], [0.0,0.0], [0.0,0.0], [0.0,0.0]]
ENTRY 4 ExpressionStatement_8 [[0.0,0.0], [-Infinity,Infinity], [-Infinity,Infinity], [0.0,0.0], [0.0,0.0], [-Infinity,Infinity], [0.0,0.0], [43200.0,43200.0], [0.0,0.0], [-Infinity,Infinity], [0.0,0.0], [0.0,0.0], [0.0,0.0], [0.0,0.0], [0.0,0.0], [0.0,0.0], [0.0,0.0], [0.0,0.0]]
EXIT 4 ExpressionStatement_8 [[0.0,0.0], [-Infinity,Infinity], [0.0,0.0], [0.0,0.0], [0.0,0.0], [-Infinity,Infinity], [0.0,0.0], [43200.0,43200.0], [0.0,0.0], [-Infinity,Infinity], [0.0,0.0], [0.0,0.0], [0.0,0.0], [0.0,0.0], [0.0,0.0], [0.0,0.0], [0.0,0.0], [0.0,0.0]]
ENTRY 4 ExpressionStatement_9 [[0.0,0.0], [-Infinity,Infinity], [0.0,0.0], [0.0,0.0], [0.0,0.0], [-Infinity,Infinity], [0.0,0.0], [43200.0,43200.0], [0.0,0.0], [-Infinity,Infinity], [0.0,0.0], [0.0,0.0], [0.0,0.0], [0.0,0.0], [0.0,0.0], [0.0,0.0], [0.0,0.0], [0.0,0.0]]
EXIT 4 ExpressionStatement_9 [[0.0,0.0], [-Infinity,Infinity], [0.0,0.0], [-Infinity,Infinity], [0.0,0.0], [-Infinity,Infinity], [0.0,0.0], [43200.0,43200.0], [0.0,0.0], [-Infinity,Infinity], [0.0,0.0], [0.0,0.0], [0.0,0.0], [0.0,0.0], [0.0,0.0], [0.0,0.0], [0.0,0.0], [0.0,0.0]]
ENTRY 4 ExpressionStatement_10 [[0.0,0.0], [-Infinity,Infinity], [0.0,0.0], [-Infinity,Infinity], [0.0,0.0], [-Infinity,Infinity], [0.0,0.0], [43200.0,43200.0], [0.0,0.0], [-Infinity,Infinity], [0.0,0.0], [0.0,0.0], [0.0,0.0], [0.0,0.0], [0.0,0.0], [0.0,0.0], [0.0,0.0], [0.0,0.0]]
EXIT 4 ExpressionStatement_10 [[0.0,0.0], [-Infinity,Infinity], [0.0,0.0], [-Infinity,Infinity], [-Infinity,Infinity], [-Infinity,Infinity], [0.0,0.0], [43200.0,43200.0], [0.0,0.0], [-Infinity,Infinity], [0.0,0.0], [0.0,0.0], [0.0,0.0], [0.0,0.0], [0.0,0.0], [0.0,0.0], [0.0,0.0], [0.0,0.0]]
ENTRY 4 ExpressionStatement_11 [[0.0,0.0], [-Infinity,Infinity], [0.0,0.0], [-Infinity,Infinity], [-Infinity,Infinity], [-Infinity,Infinity], [0.0,0.0], [43200.0,43200.0], [0.0,0.0], [-Infinity,Infinity], [0.0,0.0], [0.0,0.0], [0.0,0.0], [0.0,0.0], [0.0,0.0], [0.0,0.0], [0.0,0.0], [0.0,0.0]]
EXIT 4 ExpressionStatement_11 [[0.0,0.0], [-Infinity,Infinity], [0.0,0.0], [-Infinity,Infinity], [-Infinity,Infinity], [-Infinity,Infinity], [0.0,0.0], [43200.0,43200.0], [1.0,1.0], [-Infinity,Infinity], [0.0,0.0], [0.0,0.0], [0.0,0.0], [0.0,0.0], [0.0,0.0], [0.0,0.0], [0.0,0.0], [0.0,0.0]]
ENTRY 4 Return_0 [[0.0,0.0], [-Infinity,Infinity], [0.0,0.0], [-Infinity,Infinity], [-Infinity,Infinity], [-Infinity,Infinity], [0.0,0.0], [43200.0,43200.0], [1.0,1.0], [-Infinity,Infinity], [0.0,0.0], [0.0,0.0], [0.0,0.0], [0.0,0.0], [0.0,0.0], [0.0,0.0], [0.0,0.0], [0.0,0.0]]
EXIT 4 Return_0 [[0.0,0.0], [-Infinity,Infinity], [0.0,0.0], [-Infinity,Infinity], [-Infinity,Infinity], [-Infinity,Infinity], [0.0,0.0], [43200.0,43200.0], [1.0,1.0], [-Infinity,Infinity], [0.0,0.0], [0.0,0.0], [0.0,0.0], [0.0,0.0], [0.0,0.0], [0.0,0.0], [0.0,0.0], [0.0,0.0]]
ENTRY 4 IfConditionJoin_0 [[0.0,1.0], [-Infinity,Infinity], [-Infinity,Infinity], [-Infinity,Infinity], [-Infinity,Infinity], [-Infinity,Infinity], [-Infinity,Infinity], [43200.0,43200.0], [0.0,1.0], [-Infinity,Infinity], [0.0,0.0], [0.0,0.0], [0.0,0.0], [0.0,0.0], [0.0,0.0], [0.0,0.0], [0.0,0.0], [0.0,0.0]]
EXIT 4 IfConditionJoin_0 [[0.0,1.0], [-Infinity,Infinity], [-Infinity,Infinity], [-Infinity,Infinity], [-Infinity,Infinity], [-Infinity,Infinity], [-Infinity,Infinity], [43200.0,43200.0], [0.0,1.0], [-Infinity,Infinity], [0.0,0.0], [0.0,0.0], [0.0,0.0], [0.0,0.0], [0.0,0.0], [0.0,0.0], [0.0,0.0], [0.0,0.0]]
ENTRY 4 FunctionExit_1 [[0.0,1.0], [-Infinity,Infinity], [-Infinity,Infinity], [-Infinity,Infinity], [-Infinity,Infinity], [-Infinity,Infinity], [-Infinity,Infinity], [43200.0,43200.0], [0.0,1.0], [-Infinity,Infinity], [0.0,0.0], [0.0,0.0], [0.0,0.0], [0.0,0.0], [0.0,0.0], [0.0,0.0], [0.0,0.0], [0.0,0.0]]
EXIT 4 FunctionExit_1 [[0.0,1.0], [-Infinity,Infinity], [-Infinity,Infinity], [-Infinity,Infinity], [-Infinity,Infinity], [-Infinity,Infinity], [-Infinity,Infinity], [43200.0,43200.0], [0.0,1.0], [-Infinity,Infinity], [0.0,0.0], [0.0,0.0], [0.0,0.0], [0.0,0.0], [0.0,0.0], [0.0,0.0], [0.0,0.0], [0.0,0.0]]
ENTRY 4 IfStatement_1 [[0.0,0.0], [-Infinity,Infinity], [-Infinity,Infinity], [0.0,0.0], [0.0,0.0], [-Infinity,Infinity], [0.0,0.0], [43200.0,43200.0], [0.0,0.0], [-Infinity,Infinity], [0.0,0.0], [0.0,0.0], [0.0,0.0], [0.0,0.0], [0.0,0.0], [0.0,0.0], [0.0,0.0], [0.0,0.0]]
EXIT 4 IfStatement_1 [[1.0,-1.0], [1.0,-1.0], [1.0,-1.0], [1.0,-1.0], [1.0,-1.0], [1.0,-1.0], [1.0,-1.0], [1.0,-1.0], [1.0,-1.0], [1.0,-1.0], [1.0,-1.0], [1.0,-1.0], [1.0,-1.0], [1.0,-1.0], [1.0,-1.0], [1.0,-1.0], [1.0,-1.0], [1.0,-1.0]]
ENTRY 4 ExpressionStatement_12 [[0.0,0.0], [-Infinity,Infinity], [-Infinity,Infinity], [0.0,0.0], [0.0,0.0], [-Infinity,Infinity], [0.0,0.0], [43200.0,43200.0], [0.0,0.0], [-Infinity,Infinity], [0.0,0.0], [0.0,0.0], [0.0,0.0], [0.0,0.0], [0.0,0.0], [0.0,0.0], [0.0,0.0], [0.0,0.0]]
EXIT 4 ExpressionStatement_12 [[0.0,0.0], [-Infinity,Infinity], [-Infinity,Infinity], [0.0,0.0], [0.0,0.0], [-Infinity,Infinity], [0.0,0.0], [43200.0,43200.0], [0.0,0.0], [-Infinity,Infinity], [0.0,0.0], [0.0,0.0], [0.0,0.0], [0.0,0.0], [0.0,0.0], [0.0,0.0], [0.0,0.0], [0.0,0.0]]
ENTRY 4 ExpressionStatement_13 [[0.0,0.0], [-Infinity,Infinity], [-Infinity,Infinity], [0.0,0.0], [0.0,0.0], [-Infinity,Infinity], [0.0,0.0], [43200.0,43200.0], [0.0,0.0], [-Infinity,Infinity], [0.0,0.0], [0.0,0.0], [0.0,0.0], [0.0,0.0], [0.0,0.0], [0.0,0.0], [0.0,0.0], [0.0,0.0]]
EXIT 4 ExpressionStatement_13 [[0.0,0.0], [-Infinity,Infinity], [-Infinity,Infinity], [0.0,0.0], [0.0,0.0], [-Infinity,Infinity], [0.0,0.0], [43200.0,43200.0], [0.0,0.0], [-Infinity,Infinity], [0.0,0.0], [0.0,0.0], [0.0,0.0], [0.0,0.0], [0.0,0.0], [0.0,0.0], [0.0,0.0], [0.0,0.0]]
ENTRY 4 ExpressionStatement_14 [[0.0,0.0], [-Infinity,Infinity], [-Infinity,Infinity], [0.0,0.0], [0.0,0.0], [-Infinity,Infinity], [0.0,0.0], [43200.0,43200.0], [0.0,0.0], [-Infinity,Infinity], [0.0,0.0], [0.0,0.0], [0.0,0.0], [0.0,0.0], [0.0,0.0], [0.0,0.0], [0.0,0.0], [0.0,0.0]]
EXIT 4 ExpressionStatement_14 [[0.0,0.0], [-Infinity,Infinity], [-Infinity,Infinity], [0.0,0.0], [0.0,0.0], [-Infinity,Infinity], [0.0,0.0], [43200.0,43200.0], [0.0,0.0], [-Infinity,Infinity], [0.0,0.0], [0.0,0.0], [0.0,0.0], [0.0,0.0], [0.0,0.0], [0.0,0.0], [0.0,0.0], [0.0,0.0]]
ENTRY 4 ExpressionStatement_15 [[0.0,0.0], [-Infinity,Infinity], [-Infinity,Infinity], [0.0,0.0], [0.0,0.0], [-Infinity,Infinity], [0.0,0.0], [43200.0,43200.0], [0.0,0.0], [-Infinity,Infinity], [0.0,0.0], [0.0,0.0], [0.0,0.0], [0.0,0.0], [0.0,0.0], [0.0,0.0], [0.0,0.0], [0.0,0.0]]
EXIT 4 ExpressionStatement_15 [[0.0,0.0], [-Infinity,Infinity], [-Infinity,Infinity], [0.0,0.0], [0.0,0.0], [-Infinity,Infinity], [0.0,0.0], [43200.0,43200.0], [0.0,0.0], [-Infinity,Infinity], [0.0,0.0], [0.0,0.0], [0.0,0.0], [0.0,0.0], [0.0,0.0], [0.0,0.0], [0.0,0.0], [0.0,0.0]]
ENTRY 4 IfStatement_2 [[0.0,0.0], [-Infinity,Infinity], [-Infinity,Infinity], [0.0,0.0], [0.0,0.0], [-Infinity,Infinity], [0.0,0.0], [43200.0,43200.0], [0.0,0.0], [-Infinity,Infinity], [0.0,0.0], [0.0,0.0], [0.0,0.0], [0.0,0.0], [0.0,0.0], [0.0,0.0], [0.0,0.0], [0.0,0.0]]
EXIT 4 IfStatement_2 [[1.0,-1.0], [1.0,-1.0], [1.0,-1.0], [1.0,-1.0], [1.0,-1.0], [1.0,-1.0], [1.0,-1.0], [1.0,-1.0], [1.0,-1.0], [1.0,-1.0], [1.0,-1.0], [1.0,-1.0], [1.0,-1.0], [1.0,-1.0], [1.0,-1.0], [1.0,-1.0], [1.0,-1.0], [1.0,-1.0]]
ENTRY 4 ExpressionStatement_16 [[0.0,0.0], [-Infinity,Infinity], [-Infinity,Infinity], [0.0,0.0], [0.0,0.0], [-Infinity,Infinity], [0.0,0.0], [43200.0,43200.0], [0.0,0.0], [-Infinity,Infinity], [0.0,0.0], [0.0,0.0], [0.0,0.0], [0.0,0.0], [0.0,0.0], [0.0,0.0], [0.0,0.0], [0.0,0.0]]
EXIT 4 ExpressionStatement_16 [[0.0,0.0], [-Infinity,Infinity], [-Infinity,Infinity], [0.0,0.0], [0.0,0.0], [-Infinity,Infinity], [0.0,0.0], [43200.0,43200.0], [0.0,0.0], [-Infinity,Infinity], [0.0,0.0], [0.0,0.0], [0.0,0.0], [0.0,0.0], [0.0,0.0], [0.0,0.0], [0.0,0.0], [0.0,0.0]]
ENTRY 4 IfConditionJoin_2 [[0.0,0.0], [-Infinity,Infinity], [-Infinity,Infinity], [0.0,0.0], [0.0,0.0], [-Infinity,Infinity], [0.0,0.0], [43200.0,43200.0], [0.0,0.0], [-Infinity,Infinity], [0.0,0.0], [0.0,0.0], [0.0,0.0], [0.0,0.0], [0.0,0.0], [0.0,0.0], [0.0,0.0], [0.0,0.0]]
EXIT 4 IfConditionJoin_2 [[0.0,0.0], [-Infinity,Infinity], [-Infinity,Infinity], [0.0,0.0], [0.0,0.0], [-Infinity,Infinity], [0.0,0.0], [43200.0,43200.0], [0.0,0.0], [-Infinity,Infinity], [0.0,0.0], [0.0,0.0], [0.0,0.0], [0.0,0.0], [0.0,0.0], [0.0,0.0], [0.0,0.0], [0.0,0.0]]
ENTRY 4 IfStatement_3 [[0.0,0.0], [-Infinity,Infinity], [-Infinity,Infinity], [0.0,0.0], [0.0,0.0], [-Infinity,Infinity], [0.0,0.0], [43200.0,43200.0], [0.0,0.0], [-Infinity,Infinity], [0.0,0.0], [0.0,0.0], [0.0,0.0], [0.0,0.0], [0.0,0.0], [0.0,0.0], [0.0,0.0], [0.0,0.0]]
EXIT 4 IfStatement_3 [[1.0,-1.0], [1.0,-1.0], [1.0,-1.0], [1.0,-1.0], [1.0,-1.0], [1.0,-1.0], [1.0,-1.0], [1.0,-1.0], [1.0,-1.0], [1.0,-1.0], [1.0,-1.0], [1.0,-1.0], [1.0,-1.0], [1.0,-1.0], [1.0,-1.0], [1.0,-1.0], [1.0,-1.0], [1.0,-1.0]]
ENTRY 4 ExpressionStatement_17 [[0.0,0.0], [-Infinity,Infinity], [-Infinity,Infinity], [0.0,0.0], [0.0,0.0], [-Infinity,Infinity], [0.0,0.0], [43200.0,43200.0], [0.0,0.0], [-Infinity,Infinity], [0.0,0.0], [0.0,0.0], [0.0,0.0], [0.0,0.0], [0.0,0.0], [0.0,0.0], [0.0,0.0], [0.0,0.0]]
EXIT 4 ExpressionStatement_17 [[0.0,0.0], [-Infinity,Infinity], [-Infinity,Infinity], [0.0,0.0], [0.0,0.0], [-Infinity,Infinity], [0.0,0.0], [43200.0,43200.0], [0.0,0.0], [-Infinity,Infinity], [0.0,0.0], [0.0,0.0], [0.0,0.0], [0.0,0.0], [0.0,0.0], [0.0,0.0], [0.0,0.0], [0.0,0.0]]
ENTRY 4 IfConditionJoin_3 [[0.0,0.0], [-Infinity,Infinity], [-Infinity,Infinity], [0.0,0.0], [0.0,0.0], [-Infinity,Infinity], [0.0,0.0], [43200.0,43200.0], [0.0,0.0], [-Infinity,Infinity], [0.0,0.0], [0.0,0.0], [0.0,0.0], [0.0,0.0], [0.0,0.0], [0.0,0.0], [0.0,0.0], [0.0,0.0]]
EXIT 4 IfConditionJoin_3 [[0.0,0.0], [-Infinity,Infinity], [-Infinity,Infinity], [0.0,0.0], [0.0,0.0], [-Infinity,Infinity], [0.0,0.0], [43200.0,43200.0], [0.0,0.0], [-Infinity,Infinity], [0.0,0.0], [0.0,0.0], [0.0,0.0], [0.0,0.0], [0.0,0.0], [0.0,0.0], [0.0,0.0], [0.0,0.0]]
ENTRY 4 ExpressionStatement_18 [[0.0,0.0], [-Infinity,Infinity], [-Infinity,Infinity], [0.0,0.0], [0.0,0.0], [-Infinity,Infinity], [0.0,0.0], [43200.0,43200.0], [0.0,0.0], [-Infinity,Infinity], [0.0,0.0], [0.0,0.0], [0.0,0.0], [0.0,0.0], [0.0,0.0], [0.0,0.0], [0.0,0.0], [0.0,0.0]]
EXIT 4 ExpressionStatement_18 [[0.0,0.0], [-Infinity,Infinity], [-Infinity,Infinity], [0.0,0.0], [0.0,0.0], [-Infinity,Infinity], [-Infinity,Infinity], [43200.0,43200.0], [0.0,0.0], [-Infinity,Infinity], [0.0,0.0], [0.0,0.0], [0.0,0.0], [0.0,0.0], [0.0,0.0], [0.0,0.0], [0.0,0.0], [0.0,0.0]]
ENTRY 4 IfStatement_4 [[0.0,0.0], [-Infinity,Infinity], [-Infinity,Infinity], [0.0,0.0], [0.0,0.0], [-Infinity,Infinity], [-Infinity,Infinity], [43200.0,43200.0], [0.0,0.0], [-Infinity,Infinity], [0.0,0.0], [0.0,0.0], [0.0,0.0], [0.0,0.0], [0.0,0.0], [0.0,0.0], [0.0,0.0], [0.0,0.0]]
EXIT 4 IfStatement_4 [[1.0,-1.0], [1.0,-1.0], [1.0,-1.0], [1.0,-1.0], [1.0,-1.0], [1.0,-1.0], [1.0,-1.0], [1.0,-1.0], [1.0,-1.0], [1.0,-1.0], [1.0,-1.0], [1.0,-1.0], [1.0,-1.0], [1.0,-1.0], [1.0,-1.0], [1.0,-1.0], [1.0,-1.0], [1.0,-1.0]]
ENTRY 4 ExpressionStatement_19 [[0.0,0.0], [-Infinity,Infinity], [-Infinity,Infinity], [0.0,0.0], [0.0,0.0], [-Infinity,Infinity], [-Infinity,Infinity], [43200.0,43200.0], [0.0,0.0], [-Infinity,Infinity], [0.0,0.0], [0.0,0.0], [0.0,0.0], [0.0,0.0], [0.0,0.0], [0.0,0.0], [0.0,0.0], [0.0,0.0]]
EXIT 4 ExpressionStatement_19 [[0.0,0.0], [-Infinity,Infinity], [-Infinity,Infinity], [0.0,0.0], [0.0,0.0], [-Infinity,Infinity], [-Infinity,Infinity], [43200.0,43200.0], [0.0,0.0], [-Infinity,Infinity], [0.0,0.0], [0.0,0.0], [0.0,0.0], [0.0,0.0], [0.0,0.0], [0.0,0.0], [0.0,0.0], [0.0,0.0]]
ENTRY 4 ExpressionStatement_20 [[0.0,0.0], [-Infinity,Infinity], [-Infinity,Infinity], [0.0,0.0], [0.0,0.0], [-Infinity,Infinity], [-Infinity,Infinity], [43200.0,43200.0], [0.0,0.0], [-Infinity,Infinity], [0.0,0.0], [0.0,0.0], [0.0,0.0], [0.0,0.0], [0.0,0.0], [0.0,0.0], [0.0,0.0], [0.0,0.0]]
EXIT 4 ExpressionStatement_20 [[0.0,0.0], [-Infinity,Infinity], [-Infinity,Infinity], [-Infinity,Infinity], [0.0,0.0], [-Infinity,Infinity], [-Infinity,Infinity], [43200.0,43200.0], [0.0,0.0], [-Infinity,Infinity], [0.0,0.0], [0.0,0.0], [0.0,0.0], [0.0,0.0], [0.0,0.0], [0.0,0.0], [0.0,0.0], [0.0,0.0]]
ENTRY 4 ExpressionStatement_21 [[0.0,0.0], [-Infinity,Infinity], [-Infinity,Infinity], [-Infinity,Infinity], [0.0,0.0], [-Infinity,Infinity], [-Infinity,Infinity], [43200.0,43200.0], [0.0,0.0], [-Infinity,Infinity], [0.0,0.0], [0.0,0.0], [0.0,0.0], [0.0,0.0], [0.0,0.0], [0.0,0.0], [0.0,0.0], [0.0,0.0]]
EXIT 4 ExpressionStatement_21 [[1.0,1.0], [-Infinity,Infinity], [-Infinity,Infinity], [-Infinity,Infinity], [0.0,0.0], [-Infinity,Infinity], [-Infinity,Infinity], [43200.0,43200.0], [0.0,0.0], [-Infinity,Infinity], [0.0,0.0], [0.0,0.0], [0.0,0.0], [0.0,0.0], [0.0,0.0], [0.0,0.0], [0.0,0.0], [0.0,0.0]]
ENTRY 4 IfConditionJoin_4 [[0.0,1.0], [-Infinity,Infinity], [-Infinity,Infinity], [-Infinity,Infinity], [0.0,0.0], [-Infinity,Infinity], [-Infinity,Infinity], [43200.0,43200.0], [0.0,0.0], [-Infinity,Infinity], [0.0,0.0], [0.0,0.0], [0.0,0.0], [0.0,0.0], [0.0,0.0], [0.0,0.0], [0.0,0.0], [0.0,0.0]]
EXIT 4 IfConditionJoin_4 [[0.0,1.0], [-Infinity,Infinity], [-Infinity,Infinity], [-Infinity,Infinity], [0.0,0.0], [-Infinity,Infinity], [-Infinity,Infinity], [43200.0,43200.0], [0.0,0.0], [-Infinity,Infinity], [0.0,0.0], [0.0,0.0], [0.0,0.0], [0.0,0.0], [0.0,0.0], [0.0,0.0], [0.0,0.0], [0.0,0.0]]
ENTRY 4 Return_1 [[0.0,1.0], [-Infinity,Infinity], [-Infinity,Infinity], [-Infinity,Infinity], [0.0,0.0], [-Infinity,Infinity], [-Infinity,Infinity], [43200.0,43200.0], [0.0,0.0], [-Infinity,Infinity], [0.0,0.0], [0.0,0.0], [0.0,0.0], [0.0,0.0], [0.0,0.0], [0.0,0.0], [0.0,0.0], [0.0,0.0]]
EXIT 4 Return_1 [[0.0,1.0], [-Infinity,Infinity], [-Infinity,Infinity], [-Infinity,Infinity], [0.0,0.0], [-Infinity,Infinity], [-Infinity,Infinity], [43200.0,43200.0], [0.0,0.0], [-Infinity,Infinity], [0.0,0.0], [0.0,0.0], [0.0,0.0], [0.0,0.0], [0.0,0.0], [0.0,0.0], [0.0,0.0], [0.0,0.0]]
ENTRY 4 IfConditionJoin_1 [[0.0,1.0], [-Infinity,Infinity], [-Infinity,Infinity], [-Infinity,Infinity], [0.0,0.0], [-Infinity,Infinity], [-Infinity,Infinity], [43200.0,43200.0], [0.0,0.0], [-Infinity,Infinity], [0.0,0.0], [0.0,0.0], [0.0,0.0], [0.0,0.0], [0.0,0.0], [0.0,0.0], [0.0,0.0], [0.0,0.0]]
EXIT 4 IfConditionJoin_1 [[0.0,1.0], [-Infinity,Infinity], [-Infinity,Infinity], [-Infinity,Infinity], [0.0,0.0], [-Infinity,Infinity], [-Infinity,Infinity], [43200.0,43200.0], [0.0,0.0], [-Infinity,Infinity], [0.0,0.0], [0.0,0.0], [0.0,0.0], [0.0,0.0], [0.0,0.0], [0.0,0.0], [0.0,0.0], [0.0,0.0]]
ENTRY 4 ExpressionStatement_22 [[0.0,0.0], [-Infinity,Infinity], [-Infinity,Infinity], [0.0,0.0], [0.0,0.0], [-Infinity,Infinity], [0.0,0.0], [43200.0,43200.0], [0.0,0.0], [-Infinity,Infinity], [0.0,0.0], [0.0,0.0], [0.0,0.0], [0.0,0.0], [0.0,0.0], [0.0,0.0], [0.0,0.0], [0.0,0.0]]
EXIT 4 ExpressionStatement_22 [[0.0,0.0], [-Infinity,Infinity], [-Infinity,Infinity], [0.0,0.0], [0.0,0.0], [-Infinity,Infinity], [0.0,0.0], [43200.0,43200.0], [0.0,0.0], [-Infinity,Infinity], [0.0,0.0], [0.0,0.0], [0.0,0.0], [0.0,0.0], [0.0,0.0], [0.0,0.0], [0.0,0.0], [0.0,0.0]]
ENTRY 4 Return_2 [[0.0,0.0], [-Infinity,Infinity], [-Infinity,Infinity], [0.0,0.0], [0.0,0.0], [-Infinity,Infinity], [0.0,0.0], [43200.0,43200.0], [0.0,0.0], [-Infinity,Infinity], [0.0,0.0], [0.0,0.0], [0.0,0.0], [0.0,0.0], [0.0,0.0], [0.0,0.0], [0.0,0.0], [0.0,0.0]]
EXIT 4 Return_2 [[0.0,0.0], [-Infinity,Infinity], [-Infinity,Infinity], [0.0,0.0], [0.0,0.0], [-Infinity,Infinity], [0.0,0.0], [43200.0,43200.0], [0.0,0.0], [-Infinity,Infinity], [0.0,0.0], [0.0,0.0], [0.0,0.0], [0.0,0.0], [0.0,0.0], [0.0,0.0], [0.0,0.0], [0.0,0.0]]
ENTRY 4 FunctionDefinition_2 [[0.0,1.0], [-Infinity,Infinity], [-Infinity,Infinity], [-Infinity,Infinity], [-Infinity,Infinity], [-Infinity,Infinity], [-Infinity,Infinity], [43200.0,43200.0], [0.0,1.0], [0.0,0.0], [0.0,0.0], [0.0,0.0], [0.0,0.0], [0.0,0.0], [0.0,0.0], [0.0,0.0], [0.0,0.0], [0.0,0.0]]
EXIT 4 FunctionDefinition_2 [[0.0,1.0], [-Infinity,Infinity], [-Infinity,Infinity], [-Infinity,Infinity], [-Infinity,Infinity], [-Infinity,Infinity], [-Infinity,Infinity], [43200.0,43200.0], [0.0,1.0], [0.0,0.0], [0.0,0.0], [0.0,0.0], [0.0,0.0], [0.0,0.0], [0.0,0.0], [0.0,0.0], [0.0,0.0], [0.0,0.0]]
ENTRY 4 FunctionEntry_2 [[0.0,1.0], [-Infinity,Infinity], [-Infinity,Infinity], [-Infinity,Infinity], [-Infinity,Infinity], [-Infinity,Infinity], [-Infinity,Infinity], [43200.0,43200.0], [0.0,1.0], [0.0,0.0], [0.0,0.0], [0.0,0.0], [0.0,0.0], [0.0,0.0], [0.0,0.0], [0.0,0.0], [0.0,0.0], [0.0,0.0]]
EXIT 4 FunctionEntry_2 [[0.0,1.0], [-Infinity,Infinity], [-Infinity,Infinity], [-Infinity,Infinity], [-Infinity,Infinity], [-Infinity,Infinity], [-Infinity,Infinity], [43200.0,43200.0], [0.0,1.0], [0.0,0.0], [0.0,0.0], [0.0,0.0], [0.0,0.0], [0.0,0.0], [0.0,0.0], [0.0,0.0], [0.0,0.0], [0.0,0.0]]
ENTRY 4 ExpressionStatement_23 [[0.0,1.0], [-Infinity,Infinity], [-Infinity,Infinity], [-Infinity,Infinity], [-Infinity,Infinity], [-Infinity,Infinity], [-Infinity,Infinity], [43200.0,43200.0], [0.0,1.0], [0.0,0.0], [0.0,0.0], [0.0,0.0], [0.0,0.0], [0.0,0.0], [0.0,0.0], [0.0,0.0], [0.0,0.0], [0.0,0.0]]
EXIT 4 ExpressionStatement_23 [[0.0,1.0], [-Infinity,Infinity], [-Infinity,Infinity], [-Infinity,Infinity], [-Infinity,Infinity], [-Infinity,Infinity], [-Infinity,Infinity], [43200.0,43200.0], [0.0,1.0], [0.0,0.0], [0.0,0.0], [0.0,0.0], [0.0,0.0], [0.0,0.0], [0.0,0.0], [0.0,0.0], [0.0,0.0], [0.0,0.0]]
ENTRY 4 FunctionExit_2 [[0.0,1.0], [-Infinity,Infinity], [-Infinity,Infinity], [-Infinity,Infinity], [-Infinity,Infinity], [-Infinity,Infinity], [-Infinity,Infinity], [43200.0,43200.0], [0.0,1.0], [0.0,0.0], [0.0,0.0], [0.0,0.0], [0.0,0.0], [0.0,0.0], [0.0,0.0], [0.0,0.0], [0.0,0.0], [0.0,0.0]]
EXIT 4 FunctionExit_2 [[0.0,1.0], [-Infinity,Infinity], [-Infinity,Infinity], [-Infinity,Infinity], [-Infinity,Infinity], [-Infinity,Infinity], [-Infinity,Infinity], [43200.0,43200.0], [0.0,1.0], [0.0,0.0], [0.0,0.0], [0.0,0.0], [0.0,0.0], [0.0,0.0], [0.0,0.0], [0.0,0.0], [0.0,0.0], [0.0,0.0]]
ENTRY 4 FunctionDefinition_3 [[0.0,1.0], [-Infinity,Infinity], [-Infinity,Infinity], [-Infinity,Infinity], [-Infinity,Infinity], [-Infinity,Infinity], [-Infinity,Infinity], [43200.0,43200.0], [0.0,1.0], [0.0,0.0], [0.0,0.0], [0.0,0.0], [0.0,0.0], [0.0,0.0], [0.0,0.0], [0.0,0.0], [0.0,0.0], [0.0,0.0]]
EXIT 4 FunctionDefinition_3 [[0.0,1.0], [-Infinity,Infinity], [-Infinity,Infinity], [-Infinity,Infinity], [-Infinity,Infinity], [-Infinity,Infinity], [-Infinity,Infinity], [43200.0,43200.0], [0.0,1.0], [0.0,0.0], [0.0,0.0], [0.0,0.0], [0.0,0.0], [0.0,0.0], [0.0,0.0], [0.0,0.0], [0.0,0.0], [0.0,0.0]]
ENTRY 4 FunctionEntry_3 [[0.0,1.0], [-Infinity,Infinity], [-Infinity,Infinity], [-Infinity,Infinity], [-Infinity,Infinity], [-Infinity,Infinity], [-Infinity,Infinity], [43200.0,43200.0], [0.0,1.0], [0.0,0.0], [0.0,0.0], [0.0,0.0], [0.0,0.0], [0.0,0.0], [0.0,0.0], [0.0,0.0], [0.0,0.0], [0.0,0.0]]
EXIT 4 FunctionEntry_3 [[0.0,1.0], [-Infinity,Infinity], [-Infinity,Infinity], [-Infinity,Infinity], [-Infinity,Infinity], [-Infinity,Infinity], [-Infinity,Infinity], [43200.0,43200.0], [0.0,1.0], [0.0,0.0], [0.0,0.0], [0.0,0.0], [0.0,0.0], [0.0,0.0], [0.0,0.0], [0.0,0.0], [0.0,0.0], [0.0,0.0]]
ENTRY 4 VariableDeclarationStatement_1 [[0.0,1.0], [-Infinity,Infinity], [-Infinity,Infinity], [-Infinity,Infinity], [-Infinity,Infinity], [-Infinity,Infinity], [-Infinity,Infinity], [43200.0,43200.0], [0.0,1.0], [0.0,0.0], [0.0,0.0], [0.0,0.0], [0.0,0.0], [0.0,0.0], [0.0,0.0], [0.0,0.0], [0.0,0.0], [0.0,0.0]]
EXIT 4 VariableDeclarationStatement_1 [[0.0,1.0], [-Infinity,Infinity], [-Infinity,Infinity], [-Infinity,Infinity], [-Infinity,Infinity], [-Infinity,Infinity], [-Infinity,Infinity], [43200.0,43200.0], [0.0,1.0], [0.0,0.0], [0.0,0.0], [0.0,0.0], [0.0,0.0], [0.0,0.0], [0.0,0.0], [0.0,1.0], [0.0,0.0], [0.0,0.0]]
ENTRY 4 ForLoopContinue_0 [[0.0,Infinity], [-Infinity,Infinity], [-Infinity,Infinity], [-Infinity,Infinity], [-Infinity,Infinity], [-Infinity,Infinity], [-Infinity,Infinity], [0.0,Infinity], [-Infinity,1.0], [0.0,0.0], [0.0,0.0], [0.0,0.0], [0.0,0.0], [0.0,0.0], [0.0,0.0], [0.0,Infinity], [-Infinity,Infinity], [0.0,0.0]]
EXIT 4 ForLoopContinue_0 [[0.0,Infinity], [-Infinity,Infinity], [-Infinity,Infinity], [-Infinity,Infinity], [-Infinity,Infinity], [-Infinity,Infinity], [-Infinity,Infinity], [0.0,Infinity], [-Infinity,1.0], [0.0,0.0], [0.0,0.0], [0.0,0.0], [0.0,0.0], [0.0,0.0], [0.0,0.0], [0.0,Infinity], [-Infinity,Infinity], [0.0,0.0]]
ENTRY 4 ForStatement_0 [[0.0,Infinity], [-Infinity,Infinity], [-Infinity,Infinity], [-Infinity,Infinity], [-Infinity,Infinity], [-Infinity,Infinity], [-Infinity,Infinity], [0.0,Infinity], [-Infinity,1.0], [0.0,0.0], [0.0,0.0], [0.0,0.0], [0.0,0.0], [0.0,0.0], [0.0,0.0], [0.0,Infinity], [-Infinity,Infinity], [0.0,0.0]]
EXIT 4 ForStatement_0 [[1.0,-1.0], [1.0,-1.0], [1.0,-1.0], [1.0,-1.0], [1.0,-1.0], [1.0,-1.0], [1.0,-1.0], [1.0,-1.0], [1.0,-1.0], [1.0,-1.0], [1.0,-1.0], [1.0,-1.0], [1.0,-1.0], [1.0,-1.0], [1.0,-1.0], [1.0,-1.0], [1.0,-1.0], [1.0,-1.0]]
ENTRY 4 ForLoopJoin_0 [[0.0,Infinity], [-Infinity,Infinity], [-Infinity,Infinity], [-Infinity,Infinity], [-Infinity,Infinity], [-Infinity,Infinity], [-Infinity,Infinity], [0.0,Infinity], [-Infinity,1.0], [0.0,0.0], [0.0,0.0], [0.0,0.0], [0.0,0.0], [0.0,0.0], [0.0,0.0], [0.0,Infinity], [-Infinity,Infinity], [0.0,0.0]]
EXIT 4 ForLoopJoin_0 [[0.0,Infinity], [-Infinity,Infinity], [-Infinity,Infinity], [-Infinity,Infinity], [-Infinity,Infinity], [-Infinity,Infinity], [-Infinity,Infinity], [0.0,Infinity], [-Infinity,1.0], [0.0,0.0], [0.0,0.0], [0.0,0.0], [0.0,0.0], [0.0,0.0], [0.0,0.0], [0.0,Infinity], [-Infinity,Infinity], [0.0,0.0]]
ENTRY 4 FunctionExit_3 [[0.0,Infinity], [-Infinity,Infinity], [-Infinity,Infinity], [-Infinity,Infinity], [-Infinity,Infinity], [-Infinity,Infinity], [-Infinity,Infinity], [0.0,Infinity], [-Infinity,1.0], [0.0,0.0], [0.0,0.0], [0.0,0.0], [0.0,0.0], [0.0,0.0], [0.0,0.0], [0.0,Infinity], [-Infinity,Infinity], [0.0,0.0]]
EXIT 4 FunctionExit_3 [[0.0,Infinity], [-Infinity,Infinity], [-Infinity,Infinity], [-Infinity,Infinity], [-Infinity,Infinity], [-Infinity,Infinity], [-Infinity,Infinity], [0.0,Infinity], [-Infinity,1.0], [0.0,0.0], [0.0,0.0], [0.0,0.0], [0.0,0.0], [0.0,0.0], [0.0,0.0], [0.0,Infinity], [-Infinity,Infinity], [0.0,0.0]]
ENTRY 4 ExpressionStatement_24 [[0.0,Infinity], [-Infinity,Infinity], [-Infinity,Infinity], [-Infinity,Infinity], [-Infinity,Infinity], [-Infinity,Infinity], [-Infinity,Infinity], [0.0,Infinity], [-Infinity,1.0], [0.0,0.0], [0.0,0.0], [0.0,0.0], [0.0,0.0], [0.0,0.0], [0.0,0.0], [0.0,Infinity], [-Infinity,Infinity], [0.0,0.0]]
EXIT 4 ExpressionStatement_24 [[0.0,Infinity], [-Infinity,Infinity], [-Infinity,Infinity], [-Infinity,Infinity], [-Infinity,Infinity], [-Infinity,Infinity], [-Infinity,Infinity], [0.0,Infinity], [-Infinity,1.0], [0.0,0.0], [0.0,0.0], [0.0,0.0], [0.0,0.0], [0.0,0.0], [0.0,0.0], [0.0,Infinity], [-Infinity,Infinity], [0.0,0.0]]
ENTRY 4 ExpressionStatement_25 [[0.0,Infinity], [-Infinity,Infinity], [-Infinity,Infinity], [-Infinity,Infinity], [-Infinity,Infinity], [-Infinity,Infinity], [-Infinity,Infinity], [0.0,Infinity], [-Infinity,1.0], [0.0,0.0], [0.0,0.0], [0.0,0.0], [0.0,0.0], [0.0,0.0], [0.0,0.0], [0.0,Infinity], [-Infinity,Infinity], [0.0,0.0]]
EXIT 4 ExpressionStatement_25 [[0.0,Infinity], [-Infinity,Infinity], [-Infinity,Infinity], [-Infinity,Infinity], [-Infinity,Infinity], [-Infinity,Infinity], [-Infinity,Infinity], [0.0,Infinity], [-Infinity,1.0], [0.0,0.0], [0.0,0.0], [0.0,0.0], [0.0,0.0], [0.0,0.0], [0.0,0.0], [1.0,Infinity], [-Infinity,Infinity], [0.0,0.0]]
ENTRY 4 FunctionDefinition_4 [[0.0,Infinity], [-Infinity,Infinity], [-Infinity,Infinity], [-Infinity,Infinity], [-Infinity,Infinity], [-Infinity,Infinity], [-Infinity,Infinity], [0.0,Infinity], [-Infinity,1.0], [0.0,0.0], [0.0,0.0], [0.0,0.0], [0.0,0.0], [0.0,0.0], [0.0,0.0], [0.0,0.0], [0.0,0.0], [0.0,0.0]]
EXIT 4 FunctionDefinition_4 [[0.0,Infinity], [-Infinity,Infinity], [-Infinity,Infinity], [-Infinity,Infinity], [-Infinity,Infinity], [-Infinity,Infinity], [-Infinity,Infinity], [0.0,Infinity], [-Infinity,1.0], [0.0,0.0], [0.0,0.0], [0.0,0.0], [0.0,0.0], [0.0,0.0], [0.0,0.0], [0.0,0.0], [0.0,0.0], [0.0,0.0]]
ENTRY 4 FunctionEntry_4 [[0.0,Infinity], [-Infinity,Infinity], [-Infinity,Infinity], [-Infinity,Infinity], [-Infinity,Infinity], [-Infinity,Infinity], [-Infinity,Infinity], [0.0,Infinity], [-Infinity,1.0], [0.0,0.0], [0.0,0.0], [0.0,0.0], [0.0,0.0], [0.0,0.0], [0.0,0.0], [0.0,0.0], [0.0,0.0], [0.0,0.0]]
EXIT 4 FunctionEntry_4 [[0.0,Infinity], [-Infinity,Infinity], [-Infinity,Infinity], [-Infinity,Infinity], [-Infinity,Infinity], [-Infinity,Infinity], [-Infinity,Infinity], [0.0,Infinity], [-Infinity,1.0], [0.0,0.0], [0.0,0.0], [0.0,0.0], [0.0,0.0], [0.0,0.0], [0.0,0.0], [0.0,0.0], [0.0,0.0], [0.0,0.0]]
ENTRY 4 VariableDeclarationStatement_2 [[0.0,Infinity], [-Infinity,Infinity], [-Infinity,Infinity], [-Infinity,Infinity], [-Infinity,Infinity], [-Infinity,Infinity], [-Infinity,Infinity], [0.0,Infinity], [-Infinity,1.0], [0.0,0.0], [0.0,0.0], [0.0,0.0], [0.0,0.0], [0.0,0.0], [0.0,0.0], [0.0,0.0], [0.0,0.0], [0.0,0.0]]
EXIT 4 VariableDeclarationStatement_2 [[0.0,Infinity], [-Infinity,Infinity], [-Infinity,Infinity], [-Infinity,Infinity], [-Infinity,Infinity], [-Infinity,Infinity], [-Infinity,Infinity], [0.0,Infinity], [-Infinity,1.0], [0.0,0.0], [0.0,0.0], [0.0,0.0], [0.0,0.0], [0.0,0.0], [0.0,0.0], [0.0,0.0], [0.0,0.0], [0.0,0.0]]
ENTRY 4 ForLoopContinue_1 [[0.0,Infinity], [-Infinity,Infinity], [-Infinity,Infinity], [-Infinity,Infinity], [-Infinity,Infinity], [-Infinity,Infinity], [-Infinity,Infinity], [0.0,Infinity], [-Infinity,1.0], [0.0,0.0], [0.0,0.0], [0.0,0.0], [0.0,0.0], [0.0,0.0], [0.0,0.0], [0.0,Infinity], [0.0,0.0], [-Infinity,Infinity]]
EXIT 4 ForLoopContinue_1 [[0.0,Infinity], [-Infinity,Infinity], [-Infinity,Infinity], [-Infinity,Infinity], [-Infinity,Infinity], [-Infinity,Infinity], [-Infinity,Infinity], [0.0,Infinity], [-Infinity,1.0], [0.0,0.0], [0.0,0.0], [0.0,0.0], [0.0,0.0], [0.0,0.0], [0.0,0.0], [0.0,Infinity], [0.0,0.0], [-Infinity,Infinity]]
ENTRY 4 ForStatement_1 [[0.0,Infinity], [-Infinity,Infinity], [-Infinity,Infinity], [-Infinity,Infinity], [-Infinity,Infinity], [-Infinity,Infinity], [-Infinity,Infinity], [0.0,Infinity], [-Infinity,1.0], [0.0,0.0], [0.0,0.0], [0.0,0.0], [0.0,0.0], [0.0,0.0], [0.0,0.0], [0.0,Infinity], [0.0,0.0], [-Infinity,Infinity]]
EXIT 4 ForStatement_1 [[1.0,-1.0], [1.0,-1.0], [1.0,-1.0], [1.0,-1.0], [1.0,-1.0], [1.0,-1.0], [1.0,-1.0], [1.0,-1.0], [1.0,-1.0], [1.0,-1.0], [1.0,-1.0], [1.0,-1.0], [1.0,-1.0], [1.0,-1.0], [1.0,-1.0], [1.0,-1.0], [1.0,-1.0], [1.0,-1.0]]
ENTRY 4 ForLoopJoin_1 [[0.0,Infinity], [-Infinity,Infinity], [-Infinity,Infinity], [-Infinity,Infinity], [-Infinity,Infinity], [-Infinity,Infinity], [-Infinity,Infinity], [0.0,Infinity], [-Infinity,1.0], [0.0,0.0], [0.0,0.0], [0.0,0.0], [0.0,0.0], [0.0,0.0], [0.0,0.0], [0.0,Infinity], [0.0,0.0], [-Infinity,Infinity]]
EXIT 4 ForLoopJoin_1 [[0.0,Infinity], [-Infinity,Infinity], [-Infinity,Infinity], [-Infinity,Infinity], [-Infinity,Infinity], [-Infinity,Infinity], [-Infinity,Infinity], [0.0,Infinity], [-Infinity,1.0], [0.0,0.0], [0.0,0.0], [0.0,0.0], [0.0,0.0], [0.0,0.0], [0.0,0.0], [0.0,Infinity], [0.0,0.0], [-Infinity,Infinity]]
ENTRY 4 FunctionExit_4 [[0.0,Infinity], [-Infinity,Infinity], [-Infinity,Infinity], [-Infinity,Infinity], [-Infinity,Infinity], [-Infinity,Infinity], [-Infinity,Infinity], [0.0,Infinity], [-Infinity,1.0], [0.0,0.0], [0.0,0.0], [0.0,0.0], [0.0,0.0], [0.0,0.0], [0.0,0.0], [0.0,Infinity], [0.0,0.0], [-Infinity,Infinity]]
EXIT 4 FunctionExit_4 [[0.0,Infinity], [-Infinity,Infinity], [-Infinity,Infinity], [-Infinity,Infinity], [-Infinity,Infinity], [-Infinity,Infinity], [-Infinity,Infinity], [0.0,Infinity], [-Infinity,1.0], [0.0,0.0], [0.0,0.0], [0.0,0.0], [0.0,0.0], [0.0,0.0], [0.0,0.0], [0.0,Infinity], [0.0,0.0], [-Infinity,Infinity]]
ENTRY 4 ExpressionStatement_26 [[0.0,Infinity], [-Infinity,Infinity], [-Infinity,Infinity], [-Infinity,Infinity], [-Infinity,Infinity], [-Infinity,Infinity], [-Infinity,Infinity], [0.0,Infinity], [-Infinity,1.0], [0.0,0.0], [0.0,0.0], [0.0,0.0], [0.0,0.0], [0.0,0.0], [0.0,0.0], [0.0,Infinity], [0.0,0.0], [-Infinity,Infinity]]
EXIT 4 ExpressionStatement_26 [[0.0,Infinity], [-Infinity,Infinity], [-Infinity,Infinity], [-Infinity,Infinity], [-Infinity,Infinity], [-Infinity,Infinity], [-Infinity,Infinity], [0.0,Infinity], [-Infinity,1.0], [0.0,0.0], [0.0,0.0], [0.0,0.0], [0.0,0.0], [0.0,0.0], [0.0,0.0], [0.0,Infinity], [0.0,0.0], [-Infinity,Infinity]]
ENTRY 4 ExpressionStatement_27 [[0.0,Infinity], [-Infinity,Infinity], [-Infinity,Infinity], [-Infinity,Infinity], [-Infinity,Infinity], [-Infinity,Infinity], [-Infinity,Infinity], [0.0,Infinity], [-Infinity,1.0], [0.0,0.0], [0.0,0.0], [0.0,0.0], [0.0,0.0], [0.0,0.0], [0.0,0.0], [0.0,Infinity], [0.0,0.0], [-Infinity,Infinity]]
EXIT 4 ExpressionStatement_27 [[0.0,Infinity], [-Infinity,Infinity], [-Infinity,Infinity], [-Infinity,Infinity], [-Infinity,Infinity], [-Infinity,Infinity], [-Infinity,Infinity], [0.0,Infinity], [-Infinity,1.0], [0.0,0.0], [0.0,0.0], [0.0,0.0], [0.0,0.0], [0.0,0.0], [0.0,0.0], [1.0,Infinity], [0.0,0.0], [-Infinity,Infinity]]
ENTRY 4 FunctionDefinition_5 [[0.0,Infinity], [-Infinity,Infinity], [-Infinity,Infinity], [-Infinity,Infinity], [-Infinity,Infinity], [-Infinity,Infinity], [-Infinity,Infinity], [0.0,Infinity], [-Infinity,1.0], [0.0,0.0], [0.0,0.0], [0.0,0.0], [0.0,0.0], [0.0,0.0], [0.0,0.0], [0.0,0.0], [0.0,0.0], [0.0,0.0]]
EXIT 4 FunctionDefinition_5 [[0.0,Infinity], [-Infinity,Infinity], [-Infinity,Infinity], [-Infinity,Infinity], [-Infinity,Infinity], [-Infinity,Infinity], [-Infinity,Infinity], [0.0,Infinity], [-Infinity,1.0], [0.0,0.0], [0.0,0.0], [0.0,0.0], [0.0,0.0], [0.0,0.0], [0.0,0.0], [0.0,0.0], [0.0,0.0], [0.0,0.0]]
ENTRY 4 FunctionEntry_5 [[0.0,Infinity], [-Infinity,Infinity], [-Infinity,Infinity], [-Infinity,Infinity], [-Infinity,Infinity], [-Infinity,Infinity], [-Infinity,Infinity], [0.0,Infinity], [-Infinity,1.0], [0.0,0.0], [0.0,0.0], [0.0,0.0], [0.0,0.0], [0.0,0.0], [0.0,0.0], [0.0,0.0], [0.0,0.0], [0.0,0.0]]
EXIT 4 FunctionEntry_5 [[0.0,Infinity], [-Infinity,Infinity], [-Infinity,Infinity], [-Infinity,Infinity], [-Infinity,Infinity], [-Infinity,Infinity], [-Infinity,Infinity], [0.0,Infinity], [-Infinity,1.0], [0.0,0.0], [0.0,0.0], [0.0,0.0], [0.0,0.0], [0.0,0.0], [0.0,0.0], [0.0,0.0], [0.0,0.0], [0.0,0.0]]
ENTRY 4 ExpressionStatement_28 [[0.0,Infinity], [-Infinity,Infinity], [-Infinity,Infinity], [-Infinity,Infinity], [-Infinity,Infinity], [-Infinity,Infinity], [-Infinity,Infinity], [0.0,Infinity], [-Infinity,1.0], [0.0,0.0], [0.0,0.0], [0.0,0.0], [0.0,0.0], [0.0,0.0], [0.0,0.0], [0.0,0.0], [0.0,0.0], [0.0,0.0]]
EXIT 4 ExpressionStatement_28 [[0.0,Infinity], [-Infinity,Infinity], [-Infinity,Infinity], [-Infinity,Infinity], [-Infinity,Infinity], [-Infinity,Infinity], [-Infinity,Infinity], [0.0,Infinity], [-Infinity,1.0], [0.0,0.0], [0.0,0.0], [0.0,0.0], [0.0,0.0], [0.0,0.0], [0.0,0.0], [0.0,0.0], [0.0,0.0], [0.0,0.0]]
ENTRY 4 FunctionExit_5 [[0.0,Infinity], [-Infinity,Infinity], [-Infinity,Infinity], [-Infinity,Infinity], [-Infinity,Infinity], [-Infinity,Infinity], [-Infinity,Infinity], [0.0,Infinity], [-Infinity,1.0], [0.0,0.0], [0.0,0.0], [0.0,0.0], [0.0,0.0], [0.0,0.0], [0.0,0.0], [0.0,0.0], [0.0,0.0], [0.0,0.0]]
EXIT 4 FunctionExit_5 [[0.0,Infinity], [-Infinity,Infinity], [-Infinity,Infinity], [-Infinity,Infinity], [-Infinity,Infinity], [-Infinity,Infinity], [-Infinity,Infinity], [0.0,Infinity], [-Infinity,1.0], [0.0,0.0], [0.0,0.0], [0.0,0.0], [0.0,0.0], [0.0,0.0], [0.0,0.0], [0.0,0.0], [0.0,0.0], [0.0,0.0]]
ENTRY 4 FunctionDefinition_6 [[0.0,Infinity], [-Infinity,Infinity], [-Infinity,Infinity], [-Infinity,Infinity], [-Infinity,Infinity], [-Infinity,Infinity], [-Infinity,Infinity], [0.0,Infinity], [-Infinity,1.0], [0.0,0.0], [0.0,0.0], [0.0,0.0], [0.0,0.0], [0.0,0.0], [0.0,0.0], [0.0,0.0], [0.0,0.0], [0.0,0.0]]
EXIT 4 FunctionDefinition_6 [[0.0,Infinity], [-Infinity,Infinity], [-Infinity,Infinity], [-Infinity,Infinity], [-Infinity,Infinity], [-Infinity,Infinity], [-Infinity,Infinity], [0.0,Infinity], [-Infinity,1.0], [0.0,0.0], [0.0,0.0], [0.0,0.0], [0.0,0.0], [0.0,0.0], [0.0,0.0], [0.0,0.0], [0.0,0.0], [0.0,0.0]]
ENTRY 4 FunctionEntry_6 [[0.0,Infinity], [-Infinity,Infinity], [-Infinity,Infinity], [-Infinity,Infinity], [-Infinity,Infinity], [-Infinity,Infinity], [-Infinity,Infinity], [0.0,Infinity], [-Infinity,1.0], [0.0,0.0], [0.0,0.0], [0.0,0.0], [0.0,0.0], [0.0,0.0], [0.0,0.0], [0.0,0.0], [0.0,0.0], [0.0,0.0]]
EXIT 4 FunctionEntry_6 [[0.0,Infinity], [-Infinity,Infinity], [-Infinity,Infinity], [-Infinity,Infinity], [-Infinity,Infinity], [-Infinity,Infinity], [-Infinity,Infinity], [0.0,Infinity], [-Infinity,1.0], [0.0,0.0], [0.0,0.0], [0.0,0.0], [0.0,0.0], [0.0,0.0], [0.0,0.0], [0.0,0.0], [0.0,0.0], [0.0,0.0]]
ENTRY 4 IfStatement_5 [[0.0,Infinity], [-Infinity,Infinity], [-Infinity,Infinity], [-Infinity,Infinity], [-Infinity,Infinity], [-Infinity,Infinity], [-Infinity,Infinity], [0.0,Infinity], [-Infinity,1.0], [0.0,0.0], [0.0,0.0], [0.0,0.0], [0.0,0.0], [0.0,0.0], [0.0,0.0], [0.0,0.0], [0.0,0.0], [0.0,0.0]]
EXIT 4 IfStatement_5 [[1.0,-1.0], [1.0,-1.0], [1.0,-1.0], [1.0,-1.0], [1.0,-1.0], [1.0,-1.0], [1.0,-1.0], [1.0,-1.0], [1.0,-1.0], [1.0,-1.0], [1.0,-1.0], [1.0,-1.0], [1.0,-1.0], [1.0,-1.0], [1.0,-1.0], [1.0,-1.0], [1.0,-1.0], [1.0,-1.0]]
ENTRY 4 ExpressionStatement_29 [[0.0,Infinity], [-Infinity,Infinity], [-Infinity,Infinity], [-Infinity,Infinity], [-Infinity,Infinity], [-Infinity,Infinity], [-Infinity,Infinity], [0.0,Infinity], [-Infinity,1.0], [0.0,0.0], [0.0,0.0], [0.0,0.0], [0.0,0.0], [0.0,0.0], [0.0,0.0], [0.0,0.0], [0.0,0.0], [0.0,0.0]]
EXIT 4 ExpressionStatement_29 [[0.0,Infinity], [-Infinity,Infinity], [-Infinity,Infinity], [-Infinity,Infinity], [-Infinity,Infinity], [-Infinity,Infinity], [-Infinity,Infinity], [0.0,Infinity], [-Infinity,1.0], [0.0,0.0], [0.0,0.0], [0.0,0.0], [0.0,0.0], [0.0,0.0], [0.0,0.0], [0.0,0.0], [0.0,0.0], [0.0,0.0]]
ENTRY 4 IfConditionJoin_5 [[0.0,Infinity], [-Infinity,Infinity], [-Infinity,Infinity], [-Infinity,Infinity], [-Infinity,Infinity], [-Infinity,Infinity], [-Infinity,Infinity], [0.0,Infinity], [-Infinity,1.0], [0.0,0.0], [0.0,0.0], [0.0,0.0], [0.0,0.0], [0.0,0.0], [0.0,0.0], [0.0,0.0], [0.0,0.0], [0.0,0.0]]
EXIT 4 IfConditionJoin_5 [[0.0,Infinity], [-Infinity,Infinity], [-Infinity,Infinity], [-Infinity,Infinity], [-Infinity,Infinity], [-Infinity,Infinity], [-Infinity,Infinity], [0.0,Infinity], [-Infinity,1.0], [0.0,0.0], [0.0,0.0], [0.0,0.0], [0.0,0.0], [0.0,0.0], [0.0,0.0], [0.0,0.0], [0.0,0.0], [0.0,0.0]]
ENTRY 4 FunctionExit_6 [[0.0,Infinity], [-Infinity,Infinity], [-Infinity,Infinity], [-Infinity,Infinity], [-Infinity,Infinity], [-Infinity,Infinity], [-Infinity,Infinity], [0.0,Infinity], [-Infinity,1.0], [0.0,0.0], [0.0,0.0], [0.0,0.0], [0.0,0.0], [0.0,0.0], [0.0,0.0], [0.0,0.0], [0.0,0.0], [0.0,0.0]]
EXIT 4 FunctionExit_6 [[0.0,Infinity], [-Infinity,Infinity], [-Infinity,Infinity], [-Infinity,Infinity], [-Infinity,Infinity], [-Infinity,Infinity], [-Infinity,Infinity], [0.0,Infinity], [-Infinity,1.0], [0.0,0.0], [0.0,0.0], [0.0,0.0], [0.0,0.0], [0.0,0.0], [0.0,0.0], [0.0,0.0], [0.0,0.0], [0.0,0.0]]
ENTRY 4 FunctionDefinition_7 [[0.0,Infinity], [-Infinity,Infinity], [-Infinity,Infinity], [-Infinity,Infinity], [-Infinity,Infinity], [-Infinity,Infinity], [-Infinity,Infinity], [0.0,Infinity], [-Infinity,1.0], [0.0,0.0], [0.0,0.0], [0.0,0.0], [0.0,0.0], [0.0,0.0], [0.0,0.0], [0.0,0.0], [0.0,0.0], [0.0,0.0]]
EXIT 4 FunctionDefinition_7 [[0.0,Infinity], [-Infinity,Infinity], [-Infinity,Infinity], [-Infinity,Infinity], [-Infinity,Infinity], [-Infinity,Infinity], [-Infinity,Infinity], [0.0,Infinity], [-Infinity,1.0], [0.0,0.0], [0.0,0.0], [0.0,0.0], [0.0,0.0], [0.0,0.0], [0.0,0.0], [0.0,0.0], [0.0,0.0], [0.0,0.0]]
ENTRY 4 FunctionEntry_7 [[0.0,Infinity], [-Infinity,Infinity], [-Infinity,Infinity], [-Infinity,Infinity], [-Infinity,Infinity], [-Infinity,Infinity], [-Infinity,Infinity], [0.0,Infinity], [-Infinity,1.0], [0.0,0.0], [0.0,0.0], [0.0,0.0], [0.0,0.0], [0.0,0.0], [0.0,0.0], [0.0,0.0], [0.0,0.0], [0.0,0.0]]
EXIT 4 FunctionEntry_7 [[0.0,Infinity], [-Infinity,Infinity], [-Infinity,Infinity], [-Infinity,Infinity], [-Infinity,Infinity], [-Infinity,Infinity], [-Infinity,Infinity], [0.0,Infinity], [-Infinity,1.0], [0.0,0.0], [0.0,0.0], [0.0,0.0], [0.0,0.0], [0.0,0.0], [0.0,0.0], [0.0,0.0], [0.0,0.0], [0.0,0.0]]
ENTRY 4 Return_3 [[0.0,Infinity], [-Infinity,Infinity], [-Infinity,Infinity], [-Infinity,Infinity], [-Infinity,Infinity], [-Infinity,Infinity], [-Infinity,Infinity], [0.0,Infinity], [-Infinity,1.0], [0.0,0.0], [0.0,0.0], [0.0,0.0], [0.0,0.0], [0.0,0.0], [0.0,0.0], [0.0,0.0], [0.0,0.0], [0.0,0.0]]
EXIT 4 Return_3 [[0.0,Infinity], [-Infinity,Infinity], [-Infinity,Infinity], [-Infinity,Infinity], [-Infinity,Infinity], [-Infinity,Infinity], [-Infinity,Infinity], [0.0,Infinity], [-Infinity,1.0], [0.0,0.0], [0.0,0.0], [0.0,0.0], [0.0,0.0], [0.0,0.0], [0.0,0.0], [0.0,0.0], [0.0,0.0], [0.0,0.0]]
ENTRY 4 FunctionExit_7 [[0.0,Infinity], [-Infinity,Infinity], [-Infinity,Infinity], [-Infinity,Infinity], [-Infinity,Infinity], [-Infinity,Infinity], [-Infinity,Infinity], [0.0,Infinity], [-Infinity,1.0], [0.0,0.0], [0.0,0.0], [0.0,0.0], [0.0,0.0], [0.0,0.0], [0.0,0.0], [0.0,0.0], [0.0,0.0], [0.0,0.0]]
EXIT 4 FunctionExit_7 [[0.0,Infinity], [-Infinity,Infinity], [-Infinity,Infinity], [-Infinity,Infinity], [-Infinity,Infinity], [-Infinity,Infinity], [-Infinity,Infinity], [0.0,Infinity], [-Infinity,1.0], [0.0,0.0], [0.0,0.0], [0.0,0.0], [0.0,0.0], [0.0,0.0], [0.0,0.0], [0.0,0.0], [0.0,0.0], [0.0,0.0]]
ENTRY 4 FunctionDefinition_8 [[0.0,Infinity], [-Infinity,Infinity], [-Infinity,Infinity], [-Infinity,Infinity], [-Infinity,Infinity], [-Infinity,Infinity], [-Infinity,Infinity], [0.0,Infinity], [-Infinity,1.0], [0.0,0.0], [0.0,0.0], [0.0,0.0], [0.0,0.0], [0.0,0.0], [0.0,0.0], [0.0,0.0], [0.0,0.0], [0.0,0.0]]
EXIT 4 FunctionDefinition_8 [[0.0,Infinity], [-Infinity,Infinity], [-Infinity,Infinity], [-Infinity,Infinity], [-Infinity,Infinity], [-Infinity,Infinity], [-Infinity,Infinity], [0.0,Infinity], [-Infinity,1.0], [0.0,0.0], [0.0,0.0], [0.0,0.0], [0.0,0.0], [0.0,0.0], [0.0,0.0], [0.0,0.0], [0.0,0.0], [0.0,0.0]]
ENTRY 4 FunctionEntry_8 [[0.0,Infinity], [-Infinity,Infinity], [-Infinity,Infinity], [-Infinity,Infinity], [-Infinity,Infinity], [-Infinity,Infinity], [-Infinity,Infinity], [0.0,Infinity], [-Infinity,1.0], [0.0,0.0], [0.0,0.0], [0.0,0.0], [0.0,0.0], [0.0,0.0], [0.0,0.0], [0.0,0.0], [0.0,0.0], [0.0,0.0]]
EXIT 4 FunctionEntry_8 [[0.0,Infinity], [-Infinity,Infinity], [-Infinity,Infinity], [-Infinity,Infinity], [-Infinity,Infinity], [-Infinity,Infinity], [-Infinity,Infinity], [0.0,Infinity], [-Infinity,1.0], [0.0,0.0], [0.0,0.0], [0.0,0.0], [0.0,0.0], [0.0,0.0], [0.0,0.0], [0.0,0.0], [0.0,0.0], [0.0,0.0]]
ENTRY 4 Return_4 [[0.0,Infinity], [-Infinity,Infinity], [-Infinity,Infinity], [-Infinity,Infinity], [-Infinity,Infinity], [-Infinity,Infinity], [-Infinity,Infinity], [0.0,Infinity], [-Infinity,1.0], [0.0,0.0], [0.0,0.0], [0.0,0.0], [0.0,0.0], [0.0,0.0], [0.0,0.0], [0.0,0.0], [0.0,0.0], [0.0,0.0]]
EXIT 4 Return_4 [[0.0,Infinity], [-Infinity,Infinity], [-Infinity,Infinity], [-Infinity,Infinity], [-Infinity,Infinity], [-Infinity,Infinity], [-Infinity,Infinity], [0.0,Infinity], [-Infinity,1.0], [0.0,0.0], [0.0,0.0], [0.0,0.0], [0.0,0.0], [0.0,0.0], [0.0,0.0], [0.0,0.0], [0.0,0.0], [0.0,0.0]]
ENTRY 4 FunctionExit_8 [[0.0,Infinity], [-Infinity,Infinity], [-Infinity,Infinity], [-Infinity,Infinity], [-Infinity,Infinity], [-Infinity,Infinity], [-Infinity,Infinity], [0.0,Infinity], [-Infinity,1.0], [0.0,0.0], [0.0,0.0], [0.0,0.0], [0.0,0.0], [0.0,0.0], [0.0,0.0], [0.0,0.0], [0.0,0.0], [0.0,0.0]]
EXIT 4 FunctionExit_8 [[0.0,Infinity], [-Infinity,Infinity], [-Infinity,Infinity], [-Infinity,Infinity], [-Infinity,Infinity], [-Infinity,Infinity], [-Infinity,Infinity], [0.0,Infinity], [-Infinity,1.0], [0.0,0.0], [0.0,0.0], [0.0,0.0], [0.0,0.0], [0.0,0.0], [0.0,0.0], [0.0,0.0], [0.0,0.0], [0.0,0.0]]
ENTRY 5 SourceEntry_0 [[0.0,0.0], [0.0,0.0], [0.0,0.0], [0.0,0.0], [0.0,0.0], [0.0,0.0], [0.0,0.0], [0.0,0.0], [0.0,0.0], [0.0,0.0], [0.0,0.0], [0.0,0.0], [0.0,0.0], [0.0,0.0], [0.0,0.0], [0.0,0.0], [0.0,0.0], [0.0,0.0]]
EXIT 5 SourceEntry_0 [[0.0,0.0], [0.0,0.0], [0.0,0.0], [0.0,0.0], [0.0,0.0], [0.0,0.0], [0.0,0.0], [43200.0,43200.0], [0.0,0.0], [0.0,0.0], [0.0,0.0], [0.0,0.0], [0.0,0.0], [0.0,0.0], [0.0,0.0], [0.0,0.0], [0.0,0.0], [0.0,0.0]]
ENTRY 5 SourceUnit_0 [[0.0,0.0], [0.0,0.0], [0.0,0.0], [0.0,0.0], [0.0,0.0], [0.0,0.0], [0.0,0.0], [43200.0,43200.0], [0.0,0.0], [0.0,0.0], [0.0,0.0], [0.0,0.0], [0.0,0.0], [0.0,0.0], [0.0,0.0], [0.0,0.0], [0.0,0.0], [0.0,0.0]]
EXIT 5 SourceUnit_0 [[0.0,0.0], [0.0,0.0], [0.0,0.0], [0.0,0.0], [0.0,0.0], [0.0,0.0], [0.0,0.0], [43200.0,43200.0], [0.0,0.0], [0.0,0.0], [0.0,0.0], [0.0,0.0], [0.0,0.0], [0.0,0.0], [0.0,0.0], [0.0,0.0], [0.0,0.0], [0.0,0.0]]
ENTRY 5 PragmaDirective_0 [[0.0,0.0], [0.0,0.0], [0.0,0.0], [0.0,0.0], [0.0,0.0], [0.0,0.0], [0.0,0.0], [43200.0,43200.0], [0.0,0.0], [0.0,0.0], [0.0,0.0], [0.0,0.0], [0.0,0.0], [0.0,0.0], [0.0,0.0], [0.0,0.0], [0.0,0.0], [0.0,0.0]]
EXIT 5 PragmaDirective_0 [[0.0,0.0], [0.0,0.0], [0.0,0.0], [0.0,0.0], [0.0,0.0], [0.0,0.0], [0.0,0.0], [43200.0,43200.0], [0.0,0.0], [0.0,0.0], [0.0,0.0], [0.0,0.0], [0.0,0.0], [0.0,0.0], [0.0,0.0], [0.0,0.0], [0.0,0.0], [0.0,0.0]]
ENTRY 5 SourceExit_0 [[0.0,Infinity], [-Infinity,Infinity], [-Infinity,Infinity], [-Infinity,Infinity], [-Infinity,Infinity], [-Infinity,Infinity], [-Infinity,Infinity], [0.0,Infinity], [-Infinity,1.0], [-Infinity,Infinity], [0.0,0.0], [0.0,0.0], [0.0,0.0], [0.0,0.0], [0.0,0.0], [0.0,Infinity], [-Infinity,Infinity], [-Infinity,Infinity]]
EXIT 5 SourceExit_0 [[0.0,0.0], [0.0,0.0], [0.0,0.0], [0.0,0.0], [0.0,0.0], [0.0,0.0], [0.0,0.0], [43200.0,43200.0], [0.0,0.0], [-Infinity,Infinity], [0.0,0.0], [0.0,0.0], [0.0,0.0], [0.0,0.0], [0.0,0.0], [0.0,Infinity], [-Infinity,Infinity], [-Infinity,Infinity]]
ENTRY 5 ContractDefinition_0 [[0.0,0.0], [0.0,0.0], [0.0,0.0], [0.0,0.0], [0.0,0.0], [0.0,0.0], [0.0,0.0], [43200.0,43200.0], [0.0,0.0], [0.0,0.0], [0.0,0.0], [0.0,0.0], [0.0,0.0], [0.0,0.0], [0.0,0.0], [0.0,0.0], [0.0,0.0], [0.0,0.0]]
EXIT 5 ContractDefinition_0 [[0.0,0.0], [0.0,0.0], [0.0,0.0], [0.0,0.0], [0.0,0.0], [0.0,0.0], [0.0,0.0], [43200.0,43200.0], [0.0,0.0], [0.0,0.0], [0.0,0.0], [0.0,0.0], [0.0,0.0], [0.0,0.0], [0.0,0.0], [0.0,0.0], [0.0,0.0], [0.0,0.0]]
ENTRY 5 VariableDeclaration_0 [[0.0,0.0], [0.0,0.0], [0.0,0.0], [0.0,0.0], [0.0,0.0], [0.0,0.0], [0.0,0.0], [43200.0,43200.0], [0.0,0.0], [0.0,0.0], [0.0,0.0], [0.0,0.0], [0.0,0.0], [0.0,0.0], [0.0,0.0], [0.0,0.0], [0.0,0.0], [0.0,0.0]]
EXIT 5 VariableDeclaration_0 [[0.0,0.0], [0.0,0.0], [0.0,0.0], [0.0,0.0], [0.0,0.0], [0.0,0.0], [0.0,0.0], [43200.0,43200.0], [0.0,0.0], [0.0,0.0], [0.0,0.0], [0.0,0.0], [0.0,0.0], [0.0,0.0], [0.0,0.0], [0.0,0.0], [0.0,0.0], [0.0,0.0]]
ENTRY 5 VariableDeclaration_1 [[0.0,0.0], [0.0,0.0], [0.0,0.0], [0.0,0.0], [0.0,0.0], [0.0,0.0], [0.0,0.0], [43200.0,43200.0], [0.0,0.0], [0.0,0.0], [0.0,0.0], [0.0,0.0], [0.0,0.0], [0.0,0.0], [0.0,0.0], [0.0,0.0], [0.0,0.0], [0.0,0.0]]
EXIT 5 VariableDeclaration_1 [[0.0,0.0], [0.0,0.0], [0.0,0.0], [0.0,0.0], [0.0,0.0], [0.0,0.0], [0.0,0.0], [43200.0,43200.0], [0.0,0.0], [0.0,0.0], [0.0,0.0], [0.0,0.0], [0.0,0.0], [0.0,0.0], [0.0,0.0], [0.0,0.0], [0.0,0.0], [0.0,0.0]]
ENTRY 5 VariableDeclaration_2 [[0.0,0.0], [0.0,0.0], [0.0,0.0], [0.0,0.0], [0.0,0.0], [0.0,0.0], [0.0,0.0], [43200.0,43200.0], [0.0,0.0], [0.0,0.0], [0.0,0.0], [0.0,0.0], [0.0,0.0], [0.0,0.0], [0.0,0.0], [0.0,0.0], [0.0,0.0], [0.0,0.0]]
EXIT 5 VariableDeclaration_2 [[0.0,0.0], [0.0,0.0], [0.0,0.0], [0.0,0.0], [0.0,0.0], [0.0,0.0], [0.0,0.0], [43200.0,43200.0], [0.0,0.0], [0.0,0.0], [0.0,0.0], [0.0,0.0], [0.0,0.0], [0.0,0.0], [0.0,0.0], [0.0,0.0], [0.0,0.0], [0.0,0.0]]
ENTRY 5 VariableDeclaration_3 [[0.0,0.0], [0.0,0.0], [0.0,0.0], [0.0,0.0], [0.0,0.0], [0.0,0.0], [0.0,0.0], [43200.0,43200.0], [0.0,0.0], [0.0,0.0], [0.0,0.0], [0.0,0.0], [0.0,0.0], [0.0,0.0], [0.0,0.0], [0.0,0.0], [0.0,0.0], [0.0,0.0]]
EXIT 5 VariableDeclaration_3 [[0.0,0.0], [0.0,0.0], [0.0,0.0], [0.0,0.0], [0.0,0.0], [0.0,0.0], [0.0,0.0], [43200.0,43200.0], [0.0,0.0], [0.0,0.0], [0.0,0.0], [0.0,0.0], [0.0,0.0], [0.0,0.0], [0.0,0.0], [0.0,0.0], [0.0,0.0], [0.0,0.0]]
ENTRY 5 VariableDeclaration_4 [[0.0,0.0], [0.0,0.0], [0.0,0.0], [0.0,0.0], [0.0,0.0], [0.0,0.0], [0.0,0.0], [43200.0,43200.0], [0.0,0.0], [0.0,0.0], [0.0,0.0], [0.0,0.0], [0.0,0.0], [0.0,0.0], [0.0,0.0], [0.0,0.0], [0.0,0.0], [0.0,0.0]]
EXIT 5 VariableDeclaration_4 [[0.0,0.0], [0.0,0.0], [0.0,0.0], [0.0,0.0], [0.0,0.0], [0.0,0.0], [0.0,0.0], [43200.0,43200.0], [0.0,0.0], [0.0,0.0], [0.0,0.0], [0.0,0.0], [0.0,0.0], [0.0,0.0], [0.0,0.0], [0.0,0.0], [0.0,0.0], [0.0,0.0]]
ENTRY 5 VariableDeclaration_5 [[0.0,0.0], [0.0,0.0], [0.0,0.0], [0.0,0.0], [0.0,0.0], [0.0,0.0], [0.0,0.0], [43200.0,43200.0], [0.0,0.0], [0.0,0.0], [0.0,0.0], [0.0,0.0], [0.0,0.0], [0.0,0.0], [0.0,0.0], [0.0,0.0], [0.0,0.0], [0.0,0.0]]
EXIT 5 VariableDeclaration_5 [[0.0,0.0], [0.0,0.0], [0.0,0.0], [0.0,0.0], [0.0,0.0], [0.0,0.0], [0.0,0.0], [43200.0,43200.0], [0.0,0.0], [0.0,0.0], [0.0,0.0], [0.0,0.0], [0.0,0.0], [0.0,0.0], [0.0,0.0], [0.0,0.0], [0.0,0.0], [0.0,0.0]]
ENTRY 5 VariableDeclaration_6 [[0.0,0.0], [0.0,0.0], [0.0,0.0], [0.0,0.0], [0.0,0.0], [0.0,0.0], [0.0,0.0], [43200.0,43200.0], [0.0,0.0], [0.0,0.0], [0.0,0.0], [0.0,0.0], [0.0,0.0], [0.0,0.0], [0.0,0.0], [0.0,0.0], [0.0,0.0], [0.0,0.0]]
EXIT 5 VariableDeclaration_6 [[0.0,0.0], [0.0,0.0], [0.0,0.0], [0.0,0.0], [0.0,0.0], [0.0,0.0], [0.0,0.0], [43200.0,43200.0], [0.0,0.0], [0.0,0.0], [0.0,0.0], [0.0,0.0], [0.0,0.0], [0.0,0.0], [0.0,0.0], [0.0,0.0], [0.0,0.0], [0.0,0.0]]
ENTRY 5 VariableDeclaration_7 [[0.0,0.0], [0.0,0.0], [0.0,0.0], [0.0,0.0], [0.0,0.0], [0.0,0.0], [0.0,0.0], [43200.0,43200.0], [0.0,0.0], [0.0,0.0], [0.0,0.0], [0.0,0.0], [0.0,0.0], [0.0,0.0], [0.0,0.0], [0.0,0.0], [0.0,0.0], [0.0,0.0]]
EXIT 5 VariableDeclaration_7 [[0.0,0.0], [0.0,0.0], [0.0,0.0], [0.0,0.0], [0.0,0.0], [0.0,0.0], [0.0,0.0], [43200.0,43200.0], [0.0,0.0], [0.0,0.0], [0.0,0.0], [0.0,0.0], [0.0,0.0], [0.0,0.0], [0.0,0.0], [0.0,0.0], [0.0,0.0], [0.0,0.0]]
ENTRY 5 VariableDeclaration_8 [[0.0,0.0], [0.0,0.0], [0.0,0.0], [0.0,0.0], [0.0,0.0], [0.0,0.0], [0.0,0.0], [43200.0,43200.0], [0.0,0.0], [0.0,0.0], [0.0,0.0], [0.0,0.0], [0.0,0.0], [0.0,0.0], [0.0,0.0], [0.0,0.0], [0.0,0.0], [0.0,0.0]]
EXIT 5 VariableDeclaration_8 [[0.0,0.0], [0.0,0.0], [0.0,0.0], [0.0,0.0], [0.0,0.0], [0.0,0.0], [0.0,0.0], [43200.0,43200.0], [0.0,0.0], [0.0,0.0], [0.0,0.0], [0.0,0.0], [0.0,0.0], [0.0,0.0], [0.0,0.0], [0.0,0.0], [0.0,0.0], [0.0,0.0]]
ENTRY 5 FunctionDefinition_0 [[0.0,0.0], [0.0,0.0], [0.0,0.0], [0.0,0.0], [0.0,0.0], [0.0,0.0], [0.0,0.0], [43200.0,43200.0], [0.0,0.0], [0.0,0.0], [0.0,0.0], [0.0,0.0], [0.0,0.0], [0.0,0.0], [0.0,0.0], [0.0,0.0], [0.0,0.0], [0.0,0.0]]
EXIT 5 FunctionDefinition_0 [[0.0,0.0], [0.0,0.0], [0.0,0.0], [0.0,0.0], [0.0,0.0], [0.0,0.0], [0.0,0.0], [43200.0,43200.0], [0.0,0.0], [0.0,0.0], [0.0,0.0], [0.0,0.0], [0.0,0.0], [0.0,0.0], [0.0,0.0], [0.0,0.0], [0.0,0.0], [0.0,0.0]]
ENTRY 5 FunctionEntry_0 [[0.0,0.0], [0.0,0.0], [0.0,0.0], [0.0,0.0], [0.0,0.0], [0.0,0.0], [0.0,0.0], [43200.0,43200.0], [0.0,0.0], [0.0,0.0], [0.0,0.0], [0.0,0.0], [0.0,0.0], [0.0,0.0], [0.0,0.0], [0.0,0.0], [0.0,0.0], [0.0,0.0]]
EXIT 5 FunctionEntry_0 [[0.0,0.0], [0.0,0.0], [0.0,0.0], [0.0,0.0], [0.0,0.0], [0.0,0.0], [0.0,0.0], [43200.0,43200.0], [0.0,0.0], [0.0,0.0], [0.0,0.0], [0.0,0.0], [0.0,0.0], [0.0,0.0], [0.0,0.0], [0.0,0.0], [0.0,0.0], [0.0,0.0]]
ENTRY 5 ExpressionStatement_0 [[0.0,0.0], [0.0,0.0], [0.0,0.0], [0.0,0.0], [0.0,0.0], [0.0,0.0], [0.0,0.0], [43200.0,43200.0], [0.0,0.0], [0.0,0.0], [0.0,0.0], [0.0,0.0], [0.0,0.0], [0.0,0.0], [0.0,0.0], [0.0,0.0], [0.0,0.0], [0.0,0.0]]
EXIT 5 ExpressionStatement_0 [[0.0,0.0], [0.0,0.0], [-Infinity,Infinity], [0.0,0.0], [0.0,0.0], [0.0,0.0], [0.0,0.0], [43200.0,43200.0], [0.0,0.0], [0.0,0.0], [0.0,0.0], [0.0,0.0], [0.0,0.0], [0.0,0.0], [0.0,0.0], [0.0,0.0], [0.0,0.0], [0.0,0.0]]
ENTRY 5 ExpressionStatement_1 [[0.0,0.0], [0.0,0.0], [-Infinity,Infinity], [0.0,0.0], [0.0,0.0], [0.0,0.0], [0.0,0.0], [43200.0,43200.0], [0.0,0.0], [0.0,0.0], [0.0,0.0], [0.0,0.0], [0.0,0.0], [0.0,0.0], [0.0,0.0], [0.0,0.0], [0.0,0.0], [0.0,0.0]]
EXIT 5 ExpressionStatement_1 [[0.0,0.0], [0.0,0.0], [-Infinity,Infinity], [0.0,0.0], [0.0,0.0], [-Infinity,Infinity], [0.0,0.0], [43200.0,43200.0], [0.0,0.0], [0.0,0.0], [0.0,0.0], [0.0,0.0], [0.0,0.0], [0.0,0.0], [0.0,0.0], [0.0,0.0], [0.0,0.0], [0.0,0.0]]
ENTRY 5 ExpressionStatement_2 [[0.0,0.0], [0.0,0.0], [-Infinity,Infinity], [0.0,0.0], [0.0,0.0], [-Infinity,Infinity], [0.0,0.0], [43200.0,43200.0], [0.0,0.0], [0.0,0.0], [0.0,0.0], [0.0,0.0], [0.0,0.0], [0.0,0.0], [0.0,0.0], [0.0,0.0], [0.0,0.0], [0.0,0.0]]
EXIT 5 ExpressionStatement_2 [[0.0,0.0], [-Infinity,Infinity], [-Infinity,Infinity], [0.0,0.0], [0.0,0.0], [-Infinity,Infinity], [0.0,0.0], [43200.0,43200.0], [0.0,0.0], [0.0,0.0], [0.0,0.0], [0.0,0.0], [0.0,0.0], [0.0,0.0], [0.0,0.0], [0.0,0.0], [0.0,0.0], [0.0,0.0]]
ENTRY 5 FunctionExit_0 [[0.0,0.0], [-Infinity,Infinity], [-Infinity,Infinity], [0.0,0.0], [0.0,0.0], [-Infinity,Infinity], [0.0,0.0], [43200.0,43200.0], [0.0,0.0], [0.0,0.0], [0.0,0.0], [0.0,0.0], [0.0,0.0], [0.0,0.0], [0.0,0.0], [0.0,0.0], [0.0,0.0], [0.0,0.0]]
EXIT 5 FunctionExit_0 [[0.0,0.0], [-Infinity,Infinity], [-Infinity,Infinity], [0.0,0.0], [0.0,0.0], [-Infinity,Infinity], [0.0,0.0], [43200.0,43200.0], [0.0,0.0], [0.0,0.0], [0.0,0.0], [0.0,0.0], [0.0,0.0], [0.0,0.0], [0.0,0.0], [0.0,0.0], [0.0,0.0], [0.0,0.0]]
ENTRY 5 FunctionDefinition_1 [[0.0,0.0], [-Infinity,Infinity], [-Infinity,Infinity], [0.0,0.0], [0.0,0.0], [-Infinity,Infinity], [0.0,0.0], [43200.0,43200.0], [0.0,0.0], [0.0,0.0], [0.0,0.0], [0.0,0.0], [0.0,0.0], [0.0,0.0], [0.0,0.0], [0.0,0.0], [0.0,0.0], [0.0,0.0]]
EXIT 5 FunctionDefinition_1 [[0.0,0.0], [-Infinity,Infinity], [-Infinity,Infinity], [0.0,0.0], [0.0,0.0], [-Infinity,Infinity], [0.0,0.0], [43200.0,43200.0], [0.0,0.0], [0.0,0.0], [0.0,0.0], [0.0,0.0], [0.0,0.0], [0.0,0.0], [0.0,0.0], [0.0,0.0], [0.0,0.0], [0.0,0.0]]
ENTRY 5 FunctionEntry_1 [[0.0,0.0], [-Infinity,Infinity], [-Infinity,Infinity], [0.0,0.0], [0.0,0.0], [-Infinity,Infinity], [0.0,0.0], [43200.0,43200.0], [0.0,0.0], [0.0,0.0], [0.0,0.0], [0.0,0.0], [0.0,0.0], [0.0,0.0], [0.0,0.0], [0.0,0.0], [0.0,0.0], [0.0,0.0]]
EXIT 5 FunctionEntry_1 [[0.0,0.0], [-Infinity,Infinity], [-Infinity,Infinity], [0.0,0.0], [0.0,0.0], [-Infinity,Infinity], [0.0,0.0], [43200.0,43200.0], [0.0,0.0], [0.0,0.0], [0.0,0.0], [0.0,0.0], [0.0,0.0], [0.0,0.0], [0.0,0.0], [0.0,0.0], [0.0,0.0], [0.0,0.0]]
ENTRY 5 VariableDeclarationStatement_0 [[0.0,0.0], [-Infinity,Infinity], [-Infinity,Infinity], [0.0,0.0], [0.0,0.0], [-Infinity,Infinity], [0.0,0.0], [43200.0,43200.0], [0.0,0.0], [0.0,0.0], [0.0,0.0], [0.0,0.0], [0.0,0.0], [0.0,0.0], [0.0,0.0], [0.0,0.0], [0.0,0.0], [0.0,0.0]]
EXIT 5 VariableDeclarationStatement_0 [[0.0,0.0], [-Infinity,Infinity], [-Infinity,Infinity], [0.0,0.0], [0.0,0.0], [-Infinity,Infinity], [0.0,0.0], [43200.0,43200.0], [0.0,0.0], [-Infinity,Infinity], [0.0,0.0], [0.0,0.0], [0.0,0.0], [0.0,0.0], [0.0,0.0], [0.0,0.0], [0.0,0.0], [0.0,0.0]]
ENTRY 5 IfStatement_0 [[0.0,0.0], [-Infinity,Infinity], [-Infinity,Infinity], [0.0,0.0], [0.0,0.0], [-Infinity,Infinity], [0.0,0.0], [43200.0,43200.0], [0.0,0.0], [-Infinity,Infinity], [0.0,0.0], [0.0,0.0], [0.0,0.0], [0.0,0.0], [0.0,0.0], [0.0,0.0], [0.0,0.0], [0.0,0.0]]
EXIT 5 IfStatement_0 [[1.0,-1.0], [1.0,-1.0], [1.0,-1.0], [1.0,-1.0], [1.0,-1.0], [1.0,-1.0], [1.0,-1.0], [1.0,-1.0], [1.0,-1.0], [1.0,-1.0], [1.0,-1.0], [1.0,-1.0], [1.0,-1.0], [1.0,-1.0], [1.0,-1.0], [1.0,-1.0], [1.0,-1.0], [1.0,-1.0]]
ENTRY 5 ExpressionStatement_3 [[0.0,0.0], [-Infinity,Infinity], [-Infinity,Infinity], [0.0,0.0], [0.0,0.0], [-Infinity,Infinity], [0.0,0.0], [43200.0,43200.0], [0.0,0.0], [-Infinity,Infinity], [0.0,0.0], [0.0,0.0], [0.0,0.0], [0.0,0.0], [0.0,0.0], [0.0,0.0], [0.0,0.0], [0.0,0.0]]
EXIT 5 ExpressionStatement_3 [[0.0,0.0], [-Infinity,Infinity], [-Infinity,Infinity], [0.0,0.0], [0.0,0.0], [-Infinity,Infinity], [0.0,0.0], [43200.0,43200.0], [0.0,0.0], [-Infinity,Infinity], [0.0,0.0], [0.0,0.0], [0.0,0.0], [0.0,0.0], [0.0,0.0], [0.0,0.0], [0.0,0.0], [0.0,0.0]]
ENTRY 5 ExpressionStatement_4 [[0.0,0.0], [-Infinity,Infinity], [-Infinity,Infinity], [0.0,0.0], [0.0,0.0], [-Infinity,Infinity], [0.0,0.0], [43200.0,43200.0], [0.0,0.0], [-Infinity,Infinity], [0.0,0.0], [0.0,0.0], [0.0,0.0], [0.0,0.0], [0.0,0.0], [0.0,0.0], [0.0,0.0], [0.0,0.0]]
EXIT 5 ExpressionStatement_4 [[0.0,0.0], [-Infinity,Infinity], [-Infinity,Infinity], [0.0,0.0], [0.0,0.0], [-Infinity,Infinity], [0.0,0.0], [43200.0,43200.0], [0.0,0.0], [-Infinity,Infinity], [0.0,0.0], [0.0,0.0], [0.0,0.0], [0.0,0.0], [0.0,0.0], [0.0,0.0], [0.0,0.0], [0.0,0.0]]
ENTRY 5 ExpressionStatement_5 [[0.0,0.0], [-Infinity,Infinity], [-Infinity,Infinity], [0.0,0.0], [0.0,0.0], [-Infinity,Infinity], [0.0,0.0], [43200.0,43200.0], [0.0,0.0], [-Infinity,Infinity], [0.0,0.0], [0.0,0.0], [0.0,0.0], [0.0,0.0], [0.0,0.0], [0.0,0.0], [0.0,0.0], [0.0,0.0]]
EXIT 5 ExpressionStatement_5 [[0.0,0.0], [-Infinity,Infinity], [-Infinity,Infinity], [0.0,0.0], [0.0,0.0], [-Infinity,Infinity], [0.0,0.0], [43200.0,43200.0], [0.0,0.0], [-Infinity,Infinity], [0.0,0.0], [0.0,0.0], [0.0,0.0], [0.0,0.0], [0.0,0.0], [0.0,0.0], [0.0,0.0], [0.0,0.0]]
ENTRY 5 ExpressionStatement_6 [[0.0,0.0], [-Infinity,Infinity], [-Infinity,Infinity], [0.0,0.0], [0.0,0.0], [-Infinity,Infinity], [0.0,0.0], [43200.0,43200.0], [0.0,0.0], [-Infinity,Infinity], [0.0,0.0], [0.0,0.0], [0.0,0.0], [0.0,0.0], [0.0,0.0], [0.0,0.0], [0.0,0.0], [0.0,0.0]]
EXIT 5 ExpressionStatement_6 [[0.0,0.0], [-Infinity,Infinity], [-Infinity,Infinity], [0.0,0.0], [0.0,0.0], [-Infinity,Infinity], [0.0,0.0], [43200.0,43200.0], [0.0,0.0], [-Infinity,Infinity], [0.0,0.0], [0.0,0.0], [0.0,0.0], [0.0,0.0], [0.0,0.0], [0.0,0.0], [0.0,0.0], [0.0,0.0]]
ENTRY 5 ExpressionStatement_7 [[0.0,0.0], [-Infinity,Infinity], [-Infinity,Infinity], [0.0,0.0], [0.0,0.0], [-Infinity,Infinity], [0.0,0.0], [43200.0,43200.0], [0.0,0.0], [-Infinity,Infinity], [0.0,0.0], [0.0,0.0], [0.0,0.0], [0.0,0.0], [0.0,0.0], [0.0,0.0], [0.0,0.0], [0.0,0.0]]
EXIT 5 ExpressionStatement_7 [[0.0,0.0], [-Infinity,Infinity], [-Infinity,Infinity], [0.0,0.0], [0.0,0.0], [-Infinity,Infinity], [0.0,0.0], [43200.0,43200.0], [0.0,0.0], [-Infinity,Infinity], [0.0,0.0], [0.0,0.0], [0.0,0.0], [0.0,0.0], [0.0,0.0], [0.0,0.0], [0.0,0.0], [0.0,0.0]]
ENTRY 5 ExpressionStatement_8 [[0.0,0.0], [-Infinity,Infinity], [-Infinity,Infinity], [0.0,0.0], [0.0,0.0], [-Infinity,Infinity], [0.0,0.0], [43200.0,43200.0], [0.0,0.0], [-Infinity,Infinity], [0.0,0.0], [0.0,0.0], [0.0,0.0], [0.0,0.0], [0.0,0.0], [0.0,0.0], [0.0,0.0], [0.0,0.0]]
EXIT 5 ExpressionStatement_8 [[0.0,0.0], [-Infinity,Infinity], [0.0,0.0], [0.0,0.0], [0.0,0.0], [-Infinity,Infinity], [0.0,0.0], [43200.0,43200.0], [0.0,0.0], [-Infinity,Infinity], [0.0,0.0], [0.0,0.0], [0.0,0.0], [0.0,0.0], [0.0,0.0], [0.0,0.0], [0.0,0.0], [0.0,0.0]]
ENTRY 5 ExpressionStatement_9 [[0.0,0.0], [-Infinity,Infinity], [0.0,0.0], [0.0,0.0], [0.0,0.0], [-Infinity,Infinity], [0.0,0.0], [43200.0,43200.0], [0.0,0.0], [-Infinity,Infinity], [0.0,0.0], [0.0,0.0], [0.0,0.0], [0.0,0.0], [0.0,0.0], [0.0,0.0], [0.0,0.0], [0.0,0.0]]
EXIT 5 ExpressionStatement_9 [[0.0,0.0], [-Infinity,Infinity], [0.0,0.0], [-Infinity,Infinity], [0.0,0.0], [-Infinity,Infinity], [0.0,0.0], [43200.0,43200.0], [0.0,0.0], [-Infinity,Infinity], [0.0,0.0], [0.0,0.0], [0.0,0.0], [0.0,0.0], [0.0,0.0], [0.0,0.0], [0.0,0.0], [0.0,0.0]]
ENTRY 5 ExpressionStatement_10 [[0.0,0.0], [-Infinity,Infinity], [0.0,0.0], [-Infinity,Infinity], [0.0,0.0], [-Infinity,Infinity], [0.0,0.0], [43200.0,43200.0], [0.0,0.0], [-Infinity,Infinity], [0.0,0.0], [0.0,0.0], [0.0,0.0], [0.0,0.0], [0.0,0.0], [0.0,0.0], [0.0,0.0], [0.0,0.0]]
EXIT 5 ExpressionStatement_10 [[0.0,0.0], [-Infinity,Infinity], [0.0,0.0], [-Infinity,Infinity], [-Infinity,Infinity], [-Infinity,Infinity], [0.0,0.0], [43200.0,43200.0], [0.0,0.0], [-Infinity,Infinity], [0.0,0.0], [0.0,0.0], [0.0,0.0], [0.0,0.0], [0.0,0.0], [0.0,0.0], [0.0,0.0], [0.0,0.0]]
ENTRY 5 ExpressionStatement_11 [[0.0,0.0], [-Infinity,Infinity], [0.0,0.0], [-Infinity,Infinity], [-Infinity,Infinity], [-Infinity,Infinity], [0.0,0.0], [43200.0,43200.0], [0.0,0.0], [-Infinity,Infinity], [0.0,0.0], [0.0,0.0], [0.0,0.0], [0.0,0.0], [0.0,0.0], [0.0,0.0], [0.0,0.0], [0.0,0.0]]
EXIT 5 ExpressionStatement_11 [[0.0,0.0], [-Infinity,Infinity], [0.0,0.0], [-Infinity,Infinity], [-Infinity,Infinity], [-Infinity,Infinity], [0.0,0.0], [43200.0,43200.0], [1.0,1.0], [-Infinity,Infinity], [0.0,0.0], [0.0,0.0], [0.0,0.0], [0.0,0.0], [0.0,0.0], [0.0,0.0], [0.0,0.0], [0.0,0.0]]
ENTRY 5 Return_0 [[0.0,0.0], [-Infinity,Infinity], [0.0,0.0], [-Infinity,Infinity], [-Infinity,Infinity], [-Infinity,Infinity], [0.0,0.0], [43200.0,43200.0], [1.0,1.0], [-Infinity,Infinity], [0.0,0.0], [0.0,0.0], [0.0,0.0], [0.0,0.0], [0.0,0.0], [0.0,0.0], [0.0,0.0], [0.0,0.0]]
EXIT 5 Return_0 [[0.0,0.0], [-Infinity,Infinity], [0.0,0.0], [-Infinity,Infinity], [-Infinity,Infinity], [-Infinity,Infinity], [0.0,0.0], [43200.0,43200.0], [1.0,1.0], [-Infinity,Infinity], [0.0,0.0], [0.0,0.0], [0.0,0.0], [0.0,0.0], [0.0,0.0], [0.0,0.0], [0.0,0.0], [0.0,0.0]]
ENTRY 5 IfConditionJoin_0 [[0.0,1.0], [-Infinity,Infinity], [-Infinity,Infinity], [-Infinity,Infinity], [-Infinity,Infinity], [-Infinity,Infinity], [-Infinity,Infinity], [43200.0,43200.0], [0.0,1.0], [-Infinity,Infinity], [0.0,0.0], [0.0,0.0], [0.0,0.0], [0.0,0.0], [0.0,0.0], [0.0,0.0], [0.0,0.0], [0.0,0.0]]
EXIT 5 IfConditionJoin_0 [[0.0,1.0], [-Infinity,Infinity], [-Infinity,Infinity], [-Infinity,Infinity], [-Infinity,Infinity], [-Infinity,Infinity], [-Infinity,Infinity], [43200.0,43200.0], [0.0,1.0], [-Infinity,Infinity], [0.0,0.0], [0.0,0.0], [0.0,0.0], [0.0,0.0], [0.0,0.0], [0.0,0.0], [0.0,0.0], [0.0,0.0]]
ENTRY 5 FunctionExit_1 [[0.0,1.0], [-Infinity,Infinity], [-Infinity,Infinity], [-Infinity,Infinity], [-Infinity,Infinity], [-Infinity,Infinity], [-Infinity,Infinity], [43200.0,43200.0], [0.0,1.0], [-Infinity,Infinity], [0.0,0.0], [0.0,0.0], [0.0,0.0], [0.0,0.0], [0.0,0.0], [0.0,0.0], [0.0,0.0], [0.0,0.0]]
EXIT 5 FunctionExit_1 [[0.0,1.0], [-Infinity,Infinity], [-Infinity,Infinity], [-Infinity,Infinity], [-Infinity,Infinity], [-Infinity,Infinity], [-Infinity,Infinity], [43200.0,43200.0], [0.0,1.0], [-Infinity,Infinity], [0.0,0.0], [0.0,0.0], [0.0,0.0], [0.0,0.0], [0.0,0.0], [0.0,0.0], [0.0,0.0], [0.0,0.0]]
ENTRY 5 IfStatement_1 [[0.0,0.0], [-Infinity,Infinity], [-Infinity,Infinity], [0.0,0.0], [0.0,0.0], [-Infinity,Infinity], [0.0,0.0], [43200.0,43200.0], [0.0,0.0], [-Infinity,Infinity], [0.0,0.0], [0.0,0.0], [0.0,0.0], [0.0,0.0], [0.0,0.0], [0.0,0.0], [0.0,0.0], [0.0,0.0]]
EXIT 5 IfStatement_1 [[1.0,-1.0], [1.0,-1.0], [1.0,-1.0], [1.0,-1.0], [1.0,-1.0], [1.0,-1.0], [1.0,-1.0], [1.0,-1.0], [1.0,-1.0], [1.0,-1.0], [1.0,-1.0], [1.0,-1.0], [1.0,-1.0], [1.0,-1.0], [1.0,-1.0], [1.0,-1.0], [1.0,-1.0], [1.0,-1.0]]
ENTRY 5 ExpressionStatement_12 [[0.0,0.0], [-Infinity,Infinity], [-Infinity,Infinity], [0.0,0.0], [0.0,0.0], [-Infinity,Infinity], [0.0,0.0], [43200.0,43200.0], [0.0,0.0], [-Infinity,Infinity], [0.0,0.0], [0.0,0.0], [0.0,0.0], [0.0,0.0], [0.0,0.0], [0.0,0.0], [0.0,0.0], [0.0,0.0]]
EXIT 5 ExpressionStatement_12 [[0.0,0.0], [-Infinity,Infinity], [-Infinity,Infinity], [0.0,0.0], [0.0,0.0], [-Infinity,Infinity], [0.0,0.0], [43200.0,43200.0], [0.0,0.0], [-Infinity,Infinity], [0.0,0.0], [0.0,0.0], [0.0,0.0], [0.0,0.0], [0.0,0.0], [0.0,0.0], [0.0,0.0], [0.0,0.0]]
ENTRY 5 ExpressionStatement_13 [[0.0,0.0], [-Infinity,Infinity], [-Infinity,Infinity], [0.0,0.0], [0.0,0.0], [-Infinity,Infinity], [0.0,0.0], [43200.0,43200.0], [0.0,0.0], [-Infinity,Infinity], [0.0,0.0], [0.0,0.0], [0.0,0.0], [0.0,0.0], [0.0,0.0], [0.0,0.0], [0.0,0.0], [0.0,0.0]]
EXIT 5 ExpressionStatement_13 [[0.0,0.0], [-Infinity,Infinity], [-Infinity,Infinity], [0.0,0.0], [0.0,0.0], [-Infinity,Infinity], [0.0,0.0], [43200.0,43200.0], [0.0,0.0], [-Infinity,Infinity], [0.0,0.0], [0.0,0.0], [0.0,0.0], [0.0,0.0], [0.0,0.0], [0.0,0.0], [0.0,0.0], [0.0,0.0]]
ENTRY 5 ExpressionStatement_14 [[0.0,0.0], [-Infinity,Infinity], [-Infinity,Infinity], [0.0,0.0], [0.0,0.0], [-Infinity,Infinity], [0.0,0.0], [43200.0,43200.0], [0.0,0.0], [-Infinity,Infinity], [0.0,0.0], [0.0,0.0], [0.0,0.0], [0.0,0.0], [0.0,0.0], [0.0,0.0], [0.0,0.0], [0.0,0.0]]
EXIT 5 ExpressionStatement_14 [[0.0,0.0], [-Infinity,Infinity], [-Infinity,Infinity], [0.0,0.0], [0.0,0.0], [-Infinity,Infinity], [0.0,0.0], [43200.0,43200.0], [0.0,0.0], [-Infinity,Infinity], [0.0,0.0], [0.0,0.0], [0.0,0.0], [0.0,0.0], [0.0,0.0], [0.0,0.0], [0.0,0.0], [0.0,0.0]]
ENTRY 5 ExpressionStatement_15 [[0.0,0.0], [-Infinity,Infinity], [-Infinity,Infinity], [0.0,0.0], [0.0,0.0], [-Infinity,Infinity], [0.0,0.0], [43200.0,43200.0], [0.0,0.0], [-Infinity,Infinity], [0.0,0.0], [0.0,0.0], [0.0,0.0], [0.0,0.0], [0.0,0.0], [0.0,0.0], [0.0,0.0], [0.0,0.0]]
EXIT 5 ExpressionStatement_15 [[0.0,0.0], [-Infinity,Infinity], [-Infinity,Infinity], [0.0,0.0], [0.0,0.0], [-Infinity,Infinity], [0.0,0.0], [43200.0,43200.0], [0.0,0.0], [-Infinity,Infinity], [0.0,0.0], [0.0,0.0], [0.0,0.0], [0.0,0.0], [0.0,0.0], [0.0,0.0], [0.0,0.0], [0.0,0.0]]
ENTRY 5 IfStatement_2 [[0.0,0.0], [-Infinity,Infinity], [-Infinity,Infinity], [0.0,0.0], [0.0,0.0], [-Infinity,Infinity], [0.0,0.0], [43200.0,43200.0], [0.0,0.0], [-Infinity,Infinity], [0.0,0.0], [0.0,0.0], [0.0,0.0], [0.0,0.0], [0.0,0.0], [0.0,0.0], [0.0,0.0], [0.0,0.0]]
EXIT 5 IfStatement_2 [[1.0,-1.0], [1.0,-1.0], [1.0,-1.0], [1.0,-1.0], [1.0,-1.0], [1.0,-1.0], [1.0,-1.0], [1.0,-1.0], [1.0,-1.0], [1.0,-1.0], [1.0,-1.0], [1.0,-1.0], [1.0,-1.0], [1.0,-1.0], [1.0,-1.0], [1.0,-1.0], [1.0,-1.0], [1.0,-1.0]]
ENTRY 5 ExpressionStatement_16 [[0.0,0.0], [-Infinity,Infinity], [-Infinity,Infinity], [0.0,0.0], [0.0,0.0], [-Infinity,Infinity], [0.0,0.0], [43200.0,43200.0], [0.0,0.0], [-Infinity,Infinity], [0.0,0.0], [0.0,0.0], [0.0,0.0], [0.0,0.0], [0.0,0.0], [0.0,0.0], [0.0,0.0], [0.0,0.0]]
EXIT 5 ExpressionStatement_16 [[0.0,0.0], [-Infinity,Infinity], [-Infinity,Infinity], [0.0,0.0], [0.0,0.0], [-Infinity,Infinity], [0.0,0.0], [43200.0,43200.0], [0.0,0.0], [-Infinity,Infinity], [0.0,0.0], [0.0,0.0], [0.0,0.0], [0.0,0.0], [0.0,0.0], [0.0,0.0], [0.0,0.0], [0.0,0.0]]
ENTRY 5 IfConditionJoin_2 [[0.0,0.0], [-Infinity,Infinity], [-Infinity,Infinity], [0.0,0.0], [0.0,0.0], [-Infinity,Infinity], [0.0,0.0], [43200.0,43200.0], [0.0,0.0], [-Infinity,Infinity], [0.0,0.0], [0.0,0.0], [0.0,0.0], [0.0,0.0], [0.0,0.0], [0.0,0.0], [0.0,0.0], [0.0,0.0]]
EXIT 5 IfConditionJoin_2 [[0.0,0.0], [-Infinity,Infinity], [-Infinity,Infinity], [0.0,0.0], [0.0,0.0], [-Infinity,Infinity], [0.0,0.0], [43200.0,43200.0], [0.0,0.0], [-Infinity,Infinity], [0.0,0.0], [0.0,0.0], [0.0,0.0], [0.0,0.0], [0.0,0.0], [0.0,0.0], [0.0,0.0], [0.0,0.0]]
ENTRY 5 IfStatement_3 [[0.0,0.0], [-Infinity,Infinity], [-Infinity,Infinity], [0.0,0.0], [0.0,0.0], [-Infinity,Infinity], [0.0,0.0], [43200.0,43200.0], [0.0,0.0], [-Infinity,Infinity], [0.0,0.0], [0.0,0.0], [0.0,0.0], [0.0,0.0], [0.0,0.0], [0.0,0.0], [0.0,0.0], [0.0,0.0]]
EXIT 5 IfStatement_3 [[1.0,-1.0], [1.0,-1.0], [1.0,-1.0], [1.0,-1.0], [1.0,-1.0], [1.0,-1.0], [1.0,-1.0], [1.0,-1.0], [1.0,-1.0], [1.0,-1.0], [1.0,-1.0], [1.0,-1.0], [1.0,-1.0], [1.0,-1.0], [1.0,-1.0], [1.0,-1.0], [1.0,-1.0], [1.0,-1.0]]
ENTRY 5 ExpressionStatement_17 [[0.0,0.0], [-Infinity,Infinity], [-Infinity,Infinity], [0.0,0.0], [0.0,0.0], [-Infinity,Infinity], [0.0,0.0], [43200.0,43200.0], [0.0,0.0], [-Infinity,Infinity], [0.0,0.0], [0.0,0.0], [0.0,0.0], [0.0,0.0], [0.0,0.0], [0.0,0.0], [0.0,0.0], [0.0,0.0]]
EXIT 5 ExpressionStatement_17 [[0.0,0.0], [-Infinity,Infinity], [-Infinity,Infinity], [0.0,0.0], [0.0,0.0], [-Infinity,Infinity], [0.0,0.0], [43200.0,43200.0], [0.0,0.0], [-Infinity,Infinity], [0.0,0.0], [0.0,0.0], [0.0,0.0], [0.0,0.0], [0.0,0.0], [0.0,0.0], [0.0,0.0], [0.0,0.0]]
ENTRY 5 IfConditionJoin_3 [[0.0,0.0], [-Infinity,Infinity], [-Infinity,Infinity], [0.0,0.0], [0.0,0.0], [-Infinity,Infinity], [0.0,0.0], [43200.0,43200.0], [0.0,0.0], [-Infinity,Infinity], [0.0,0.0], [0.0,0.0], [0.0,0.0], [0.0,0.0], [0.0,0.0], [0.0,0.0], [0.0,0.0], [0.0,0.0]]
EXIT 5 IfConditionJoin_3 [[0.0,0.0], [-Infinity,Infinity], [-Infinity,Infinity], [0.0,0.0], [0.0,0.0], [-Infinity,Infinity], [0.0,0.0], [43200.0,43200.0], [0.0,0.0], [-Infinity,Infinity], [0.0,0.0], [0.0,0.0], [0.0,0.0], [0.0,0.0], [0.0,0.0], [0.0,0.0], [0.0,0.0], [0.0,0.0]]
ENTRY 5 ExpressionStatement_18 [[0.0,0.0], [-Infinity,Infinity], [-Infinity,Infinity], [0.0,0.0], [0.0,0.0], [-Infinity,Infinity], [0.0,0.0], [43200.0,43200.0], [0.0,0.0], [-Infinity,Infinity], [0.0,0.0], [0.0,0.0], [0.0,0.0], [0.0,0.0], [0.0,0.0], [0.0,0.0], [0.0,0.0], [0.0,0.0]]
EXIT 5 ExpressionStatement_18 [[0.0,0.0], [-Infinity,Infinity], [-Infinity,Infinity], [0.0,0.0], [0.0,0.0], [-Infinity,Infinity], [-Infinity,Infinity], [43200.0,43200.0], [0.0,0.0], [-Infinity,Infinity], [0.0,0.0], [0.0,0.0], [0.0,0.0], [0.0,0.0], [0.0,0.0], [0.0,0.0], [0.0,0.0], [0.0,0.0]]
ENTRY 5 IfStatement_4 [[0.0,0.0], [-Infinity,Infinity], [-Infinity,Infinity], [0.0,0.0], [0.0,0.0], [-Infinity,Infinity], [-Infinity,Infinity], [43200.0,43200.0], [0.0,0.0], [-Infinity,Infinity], [0.0,0.0], [0.0,0.0], [0.0,0.0], [0.0,0.0], [0.0,0.0], [0.0,0.0], [0.0,0.0], [0.0,0.0]]
EXIT 5 IfStatement_4 [[1.0,-1.0], [1.0,-1.0], [1.0,-1.0], [1.0,-1.0], [1.0,-1.0], [1.0,-1.0], [1.0,-1.0], [1.0,-1.0], [1.0,-1.0], [1.0,-1.0], [1.0,-1.0], [1.0,-1.0], [1.0,-1.0], [1.0,-1.0], [1.0,-1.0], [1.0,-1.0], [1.0,-1.0], [1.0,-1.0]]
ENTRY 5 ExpressionStatement_19 [[0.0,0.0], [-Infinity,Infinity], [-Infinity,Infinity], [0.0,0.0], [0.0,0.0], [-Infinity,Infinity], [-Infinity,Infinity], [43200.0,43200.0], [0.0,0.0], [-Infinity,Infinity], [0.0,0.0], [0.0,0.0], [0.0,0.0], [0.0,0.0], [0.0,0.0], [0.0,0.0], [0.0,0.0], [0.0,0.0]]
EXIT 5 ExpressionStatement_19 [[0.0,0.0], [-Infinity,Infinity], [-Infinity,Infinity], [0.0,0.0], [0.0,0.0], [-Infinity,Infinity], [-Infinity,Infinity], [43200.0,43200.0], [0.0,0.0], [-Infinity,Infinity], [0.0,0.0], [0.0,0.0], [0.0,0.0], [0.0,0.0], [0.0,0.0], [0.0,0.0], [0.0,0.0], [0.0,0.0]]
ENTRY 5 ExpressionStatement_20 [[0.0,0.0], [-Infinity,Infinity], [-Infinity,Infinity], [0.0,0.0], [0.0,0.0], [-Infinity,Infinity], [-Infinity,Infinity], [43200.0,43200.0], [0.0,0.0], [-Infinity,Infinity], [0.0,0.0], [0.0,0.0], [0.0,0.0], [0.0,0.0], [0.0,0.0], [0.0,0.0], [0.0,0.0], [0.0,0.0]]
EXIT 5 ExpressionStatement_20 [[0.0,0.0], [-Infinity,Infinity], [-Infinity,Infinity], [-Infinity,Infinity], [0.0,0.0], [-Infinity,Infinity], [-Infinity,Infinity], [43200.0,43200.0], [0.0,0.0], [-Infinity,Infinity], [0.0,0.0], [0.0,0.0], [0.0,0.0], [0.0,0.0], [0.0,0.0], [0.0,0.0], [0.0,0.0], [0.0,0.0]]
ENTRY 5 ExpressionStatement_21 [[0.0,0.0], [-Infinity,Infinity], [-Infinity,Infinity], [-Infinity,Infinity], [0.0,0.0], [-Infinity,Infinity], [-Infinity,Infinity], [43200.0,43200.0], [0.0,0.0], [-Infinity,Infinity], [0.0,0.0], [0.0,0.0], [0.0,0.0], [0.0,0.0], [0.0,0.0], [0.0,0.0], [0.0,0.0], [0.0,0.0]]
EXIT 5 ExpressionStatement_21 [[1.0,1.0], [-Infinity,Infinity], [-Infinity,Infinity], [-Infinity,Infinity], [0.0,0.0], [-Infinity,Infinity], [-Infinity,Infinity], [43200.0,43200.0], [0.0,0.0], [-Infinity,Infinity], [0.0,0.0], [0.0,0.0], [0.0,0.0], [0.0,0.0], [0.0,0.0], [0.0,0.0], [0.0,0.0], [0.0,0.0]]
ENTRY 5 IfConditionJoin_4 [[0.0,1.0], [-Infinity,Infinity], [-Infinity,Infinity], [-Infinity,Infinity], [0.0,0.0], [-Infinity,Infinity], [-Infinity,Infinity], [43200.0,43200.0], [0.0,0.0], [-Infinity,Infinity], [0.0,0.0], [0.0,0.0], [0.0,0.0], [0.0,0.0], [0.0,0.0], [0.0,0.0], [0.0,0.0], [0.0,0.0]]
EXIT 5 IfConditionJoin_4 [[0.0,1.0], [-Infinity,Infinity], [-Infinity,Infinity], [-Infinity,Infinity], [0.0,0.0], [-Infinity,Infinity], [-Infinity,Infinity], [43200.0,43200.0], [0.0,0.0], [-Infinity,Infinity], [0.0,0.0], [0.0,0.0], [0.0,0.0], [0.0,0.0], [0.0,0.0], [0.0,0.0], [0.0,0.0], [0.0,0.0]]
ENTRY 5 Return_1 [[0.0,1.0], [-Infinity,Infinity], [-Infinity,Infinity], [-Infinity,Infinity], [0.0,0.0], [-Infinity,Infinity], [-Infinity,Infinity], [43200.0,43200.0], [0.0,0.0], [-Infinity,Infinity], [0.0,0.0], [0.0,0.0], [0.0,0.0], [0.0,0.0], [0.0,0.0], [0.0,0.0], [0.0,0.0], [0.0,0.0]]
EXIT 5 Return_1 [[0.0,1.0], [-Infinity,Infinity], [-Infinity,Infinity], [-Infinity,Infinity], [0.0,0.0], [-Infinity,Infinity], [-Infinity,Infinity], [43200.0,43200.0], [0.0,0.0], [-Infinity,Infinity], [0.0,0.0], [0.0,0.0], [0.0,0.0], [0.0,0.0], [0.0,0.0], [0.0,0.0], [0.0,0.0], [0.0,0.0]]
ENTRY 5 IfConditionJoin_1 [[0.0,1.0], [-Infinity,Infinity], [-Infinity,Infinity], [-Infinity,Infinity], [0.0,0.0], [-Infinity,Infinity], [-Infinity,Infinity], [43200.0,43200.0], [0.0,0.0], [-Infinity,Infinity], [0.0,0.0], [0.0,0.0], [0.0,0.0], [0.0,0.0], [0.0,0.0], [0.0,0.0], [0.0,0.0], [0.0,0.0]]
EXIT 5 IfConditionJoin_1 [[0.0,1.0], [-Infinity,Infinity], [-Infinity,Infinity], [-Infinity,Infinity], [0.0,0.0], [-Infinity,Infinity], [-Infinity,Infinity], [43200.0,43200.0], [0.0,0.0], [-Infinity,Infinity], [0.0,0.0], [0.0,0.0], [0.0,0.0], [0.0,0.0], [0.0,0.0], [0.0,0.0], [0.0,0.0], [0.0,0.0]]
ENTRY 5 ExpressionStatement_22 [[0.0,0.0], [-Infinity,Infinity], [-Infinity,Infinity], [0.0,0.0], [0.0,0.0], [-Infinity,Infinity], [0.0,0.0], [43200.0,43200.0], [0.0,0.0], [-Infinity,Infinity], [0.0,0.0], [0.0,0.0], [0.0,0.0], [0.0,0.0], [0.0,0.0], [0.0,0.0], [0.0,0.0], [0.0,0.0]]
EXIT 5 ExpressionStatement_22 [[0.0,0.0], [-Infinity,Infinity], [-Infinity,Infinity], [0.0,0.0], [0.0,0.0], [-Infinity,Infinity], [0.0,0.0], [43200.0,43200.0], [0.0,0.0], [-Infinity,Infinity], [0.0,0.0], [0.0,0.0], [0.0,0.0], [0.0,0.0], [0.0,0.0], [0.0,0.0], [0.0,0.0], [0.0,0.0]]
ENTRY 5 Return_2 [[0.0,0.0], [-Infinity,Infinity], [-Infinity,Infinity], [0.0,0.0], [0.0,0.0], [-Infinity,Infinity], [0.0,0.0], [43200.0,43200.0], [0.0,0.0], [-Infinity,Infinity], [0.0,0.0], [0.0,0.0], [0.0,0.0], [0.0,0.0], [0.0,0.0], [0.0,0.0], [0.0,0.0], [0.0,0.0]]
EXIT 5 Return_2 [[0.0,0.0], [-Infinity,Infinity], [-Infinity,Infinity], [0.0,0.0], [0.0,0.0], [-Infinity,Infinity], [0.0,0.0], [43200.0,43200.0], [0.0,0.0], [-Infinity,Infinity], [0.0,0.0], [0.0,0.0], [0.0,0.0], [0.0,0.0], [0.0,0.0], [0.0,0.0], [0.0,0.0], [0.0,0.0]]
ENTRY 5 FunctionDefinition_2 [[0.0,1.0], [-Infinity,Infinity], [-Infinity,Infinity], [-Infinity,Infinity], [-Infinity,Infinity], [-Infinity,Infinity], [-Infinity,Infinity], [43200.0,43200.0], [0.0,1.0], [0.0,0.0], [0.0,0.0], [0.0,0.0], [0.0,0.0], [0.0,0.0], [0.0,0.0], [0.0,0.0], [0.0,0.0], [0.0,0.0]]
EXIT 5 FunctionDefinition_2 [[0.0,1.0], [-Infinity,Infinity], [-Infinity,Infinity], [-Infinity,Infinity], [-Infinity,Infinity], [-Infinity,Infinity], [-Infinity,Infinity], [43200.0,43200.0], [0.0,1.0], [0.0,0.0], [0.0,0.0], [0.0,0.0], [0.0,0.0], [0.0,0.0], [0.0,0.0], [0.0,0.0], [0.0,0.0], [0.0,0.0]]
ENTRY 5 FunctionEntry_2 [[0.0,1.0], [-Infinity,Infinity], [-Infinity,Infinity], [-Infinity,Infinity], [-Infinity,Infinity], [-Infinity,Infinity], [-Infinity,Infinity], [43200.0,43200.0], [0.0,1.0], [0.0,0.0], [0.0,0.0], [0.0,0.0], [0.0,0.0], [0.0,0.0], [0.0,0.0], [0.0,0.0], [0.0,0.0], [0.0,0.0]]
EXIT 5 FunctionEntry_2 [[0.0,1.0], [-Infinity,Infinity], [-Infinity,Infinity], [-Infinity,Infinity], [-Infinity,Infinity], [-Infinity,Infinity], [-Infinity,Infinity], [43200.0,43200.0], [0.0,1.0], [0.0,0.0], [0.0,0.0], [0.0,0.0], [0.0,0.0], [0.0,0.0], [0.0,0.0], [0.0,0.0], [0.0,0.0], [0.0,0.0]]
ENTRY 5 ExpressionStatement_23 [[0.0,1.0], [-Infinity,Infinity], [-Infinity,Infinity], [-Infinity,Infinity], [-Infinity,Infinity], [-Infinity,Infinity], [-Infinity,Infinity], [43200.0,43200.0], [0.0,1.0], [0.0,0.0], [0.0,0.0], [0.0,0.0], [0.0,0.0], [0.0,0.0], [0.0,0.0], [0.0,0.0], [0.0,0.0], [0.0,0.0]]
EXIT 5 ExpressionStatement_23 [[0.0,1.0], [-Infinity,Infinity], [-Infinity,Infinity], [-Infinity,Infinity], [-Infinity,Infinity], [-Infinity,Infinity], [-Infinity,Infinity], [43200.0,43200.0], [0.0,1.0], [0.0,0.0], [0.0,0.0], [0.0,0.0], [0.0,0.0], [0.0,0.0], [0.0,0.0], [0.0,0.0], [0.0,0.0], [0.0,0.0]]
ENTRY 5 FunctionExit_2 [[0.0,1.0], [-Infinity,Infinity], [-Infinity,Infinity], [-Infinity,Infinity], [-Infinity,Infinity], [-Infinity,Infinity], [-Infinity,Infinity], [43200.0,43200.0], [0.0,1.0], [0.0,0.0], [0.0,0.0], [0.0,0.0], [0.0,0.0], [0.0,0.0], [0.0,0.0], [0.0,0.0], [0.0,0.0], [0.0,0.0]]
EXIT 5 FunctionExit_2 [[0.0,1.0], [-Infinity,Infinity], [-Infinity,Infinity], [-Infinity,Infinity], [-Infinity,Infinity], [-Infinity,Infinity], [-Infinity,Infinity], [43200.0,43200.0], [0.0,1.0], [0.0,0.0], [0.0,0.0], [0.0,0.0], [0.0,0.0], [0.0,0.0], [0.0,0.0], [0.0,0.0], [0.0,0.0], [0.0,0.0]]
ENTRY 5 FunctionDefinition_3 [[0.0,1.0], [-Infinity,Infinity], [-Infinity,Infinity], [-Infinity,Infinity], [-Infinity,Infinity], [-Infinity,Infinity], [-Infinity,Infinity], [43200.0,43200.0], [0.0,1.0], [0.0,0.0], [0.0,0.0], [0.0,0.0], [0.0,0.0], [0.0,0.0], [0.0,0.0], [0.0,0.0], [0.0,0.0], [0.0,0.0]]
EXIT 5 FunctionDefinition_3 [[0.0,1.0], [-Infinity,Infinity], [-Infinity,Infinity], [-Infinity,Infinity], [-Infinity,Infinity], [-Infinity,Infinity], [-Infinity,Infinity], [43200.0,43200.0], [0.0,1.0], [0.0,0.0], [0.0,0.0], [0.0,0.0], [0.0,0.0], [0.0,0.0], [0.0,0.0], [0.0,0.0], [0.0,0.0], [0.0,0.0]]
ENTRY 5 FunctionEntry_3 [[0.0,1.0], [-Infinity,Infinity], [-Infinity,Infinity], [-Infinity,Infinity], [-Infinity,Infinity], [-Infinity,Infinity], [-Infinity,Infinity], [43200.0,43200.0], [0.0,1.0], [0.0,0.0], [0.0,0.0], [0.0,0.0], [0.0,0.0], [0.0,0.0], [0.0,0.0], [0.0,0.0], [0.0,0.0], [0.0,0.0]]
EXIT 5 FunctionEntry_3 [[0.0,1.0], [-Infinity,Infinity], [-Infinity,Infinity], [-Infinity,Infinity], [-Infinity,Infinity], [-Infinity,Infinity], [-Infinity,Infinity], [43200.0,43200.0], [0.0,1.0], [0.0,0.0], [0.0,0.0], [0.0,0.0], [0.0,0.0], [0.0,0.0], [0.0,0.0], [0.0,0.0], [0.0,0.0], [0.0,0.0]]
ENTRY 5 VariableDeclarationStatement_1 [[0.0,1.0], [-Infinity,Infinity], [-Infinity,Infinity], [-Infinity,Infinity], [-Infinity,Infinity], [-Infinity,Infinity], [-Infinity,Infinity], [43200.0,43200.0], [0.0,1.0], [0.0,0.0], [0.0,0.0], [0.0,0.0], [0.0,0.0], [0.0,0.0], [0.0,0.0], [0.0,0.0], [0.0,0.0], [0.0,0.0]]
EXIT 5 VariableDeclarationStatement_1 [[0.0,1.0], [-Infinity,Infinity], [-Infinity,Infinity], [-Infinity,Infinity], [-Infinity,Infinity], [-Infinity,Infinity], [-Infinity,Infinity], [43200.0,43200.0], [0.0,1.0], [0.0,0.0], [0.0,0.0], [0.0,0.0], [0.0,0.0], [0.0,0.0], [0.0,0.0], [0.0,1.0], [0.0,0.0], [0.0,0.0]]
ENTRY 5 ForLoopContinue_0 [[0.0,Infinity], [-Infinity,Infinity], [-Infinity,Infinity], [-Infinity,Infinity], [-Infinity,Infinity], [-Infinity,Infinity], [-Infinity,Infinity], [0.0,Infinity], [-Infinity,1.0], [0.0,0.0], [0.0,0.0], [0.0,0.0], [0.0,0.0], [0.0,0.0], [0.0,0.0], [0.0,Infinity], [-Infinity,Infinity], [0.0,0.0]]
EXIT 5 ForLoopContinue_0 [[0.0,Infinity], [-Infinity,Infinity], [-Infinity,Infinity], [-Infinity,Infinity], [-Infinity,Infinity], [-Infinity,Infinity], [-Infinity,Infinity], [0.0,Infinity], [-Infinity,1.0], [0.0,0.0], [0.0,0.0], [0.0,0.0], [0.0,0.0], [0.0,0.0], [0.0,0.0], [0.0,Infinity], [-Infinity,Infinity], [0.0,0.0]]
ENTRY 5 ForStatement_0 [[0.0,Infinity], [-Infinity,Infinity], [-Infinity,Infinity], [-Infinity,Infinity], [-Infinity,Infinity], [-Infinity,Infinity], [-Infinity,Infinity], [0.0,Infinity], [-Infinity,1.0], [0.0,0.0], [0.0,0.0], [0.0,0.0], [0.0,0.0], [0.0,0.0], [0.0,0.0], [0.0,Infinity], [-Infinity,Infinity], [0.0,0.0]]
EXIT 5 ForStatement_0 [[1.0,-1.0], [1.0,-1.0], [1.0,-1.0], [1.0,-1.0], [1.0,-1.0], [1.0,-1.0], [1.0,-1.0], [1.0,-1.0], [1.0,-1.0], [1.0,-1.0], [1.0,-1.0], [1.0,-1.0], [1.0,-1.0], [1.0,-1.0], [1.0,-1.0], [1.0,-1.0], [1.0,-1.0], [1.0,-1.0]]
ENTRY 5 ForLoopJoin_0 [[0.0,Infinity], [-Infinity,Infinity], [-Infinity,Infinity], [-Infinity,Infinity], [-Infinity,Infinity], [-Infinity,Infinity], [-Infinity,Infinity], [0.0,Infinity], [-Infinity,1.0], [0.0,0.0], [0.0,0.0], [0.0,0.0], [0.0,0.0], [0.0,0.0], [0.0,0.0], [0.0,Infinity], [-Infinity,Infinity], [0.0,0.0]]
EXIT 5 ForLoopJoin_0 [[0.0,Infinity], [-Infinity,Infinity], [-Infinity,Infinity], [-Infinity,Infinity], [-Infinity,Infinity], [-Infinity,Infinity], [-Infinity,Infinity], [0.0,Infinity], [-Infinity,1.0], [0.0,0.0], [0.0,0.0], [0.0,0.0], [0.0,0.0], [0.0,0.0], [0.0,0.0], [0.0,Infinity], [-Infinity,Infinity], [0.0,0.0]]
ENTRY 5 FunctionExit_3 [[0.0,Infinity], [-Infinity,Infinity], [-Infinity,Infinity], [-Infinity,Infinity], [-Infinity,Infinity], [-Infinity,Infinity], [-Infinity,Infinity], [0.0,Infinity], [-Infinity,1.0], [0.0,0.0], [0.0,0.0], [0.0,0.0], [0.0,0.0], [0.0,0.0], [0.0,0.0], [0.0,Infinity], [-Infinity,Infinity], [0.0,0.0]]
EXIT 5 FunctionExit_3 [[0.0,Infinity], [-Infinity,Infinity], [-Infinity,Infinity], [-Infinity,Infinity], [-Infinity,Infinity], [-Infinity,Infinity], [-Infinity,Infinity], [0.0,Infinity], [-Infinity,1.0], [0.0,0.0], [0.0,0.0], [0.0,0.0], [0.0,0.0], [0.0,0.0], [0.0,0.0], [0.0,Infinity], [-Infinity,Infinity], [0.0,0.0]]
ENTRY 5 ExpressionStatement_24 [[0.0,Infinity], [-Infinity,Infinity], [-Infinity,Infinity], [-Infinity,Infinity], [-Infinity,Infinity], [-Infinity,Infinity], [-Infinity,Infinity], [0.0,Infinity], [-Infinity,1.0], [0.0,0.0], [0.0,0.0], [0.0,0.0], [0.0,0.0], [0.0,0.0], [0.0,0.0], [0.0,Infinity], [-Infinity,Infinity], [0.0,0.0]]
EXIT 5 ExpressionStatement_24 [[0.0,Infinity], [-Infinity,Infinity], [-Infinity,Infinity], [-Infinity,Infinity], [-Infinity,Infinity], [-Infinity,Infinity], [-Infinity,Infinity], [0.0,Infinity], [-Infinity,1.0], [0.0,0.0], [0.0,0.0], [0.0,0.0], [0.0,0.0], [0.0,0.0], [0.0,0.0], [0.0,Infinity], [-Infinity,Infinity], [0.0,0.0]]
ENTRY 5 ExpressionStatement_25 [[0.0,Infinity], [-Infinity,Infinity], [-Infinity,Infinity], [-Infinity,Infinity], [-Infinity,Infinity], [-Infinity,Infinity], [-Infinity,Infinity], [0.0,Infinity], [-Infinity,1.0], [0.0,0.0], [0.0,0.0], [0.0,0.0], [0.0,0.0], [0.0,0.0], [0.0,0.0], [0.0,Infinity], [-Infinity,Infinity], [0.0,0.0]]
EXIT 5 ExpressionStatement_25 [[0.0,Infinity], [-Infinity,Infinity], [-Infinity,Infinity], [-Infinity,Infinity], [-Infinity,Infinity], [-Infinity,Infinity], [-Infinity,Infinity], [0.0,Infinity], [-Infinity,1.0], [0.0,0.0], [0.0,0.0], [0.0,0.0], [0.0,0.0], [0.0,0.0], [0.0,0.0], [1.0,Infinity], [-Infinity,Infinity], [0.0,0.0]]
ENTRY 5 FunctionDefinition_4 [[0.0,Infinity], [-Infinity,Infinity], [-Infinity,Infinity], [-Infinity,Infinity], [-Infinity,Infinity], [-Infinity,Infinity], [-Infinity,Infinity], [0.0,Infinity], [-Infinity,1.0], [0.0,0.0], [0.0,0.0], [0.0,0.0], [0.0,0.0], [0.0,0.0], [0.0,0.0], [0.0,0.0], [0.0,0.0], [0.0,0.0]]
EXIT 5 FunctionDefinition_4 [[0.0,Infinity], [-Infinity,Infinity], [-Infinity,Infinity], [-Infinity,Infinity], [-Infinity,Infinity], [-Infinity,Infinity], [-Infinity,Infinity], [0.0,Infinity], [-Infinity,1.0], [0.0,0.0], [0.0,0.0], [0.0,0.0], [0.0,0.0], [0.0,0.0], [0.0,0.0], [0.0,0.0], [0.0,0.0], [0.0,0.0]]
ENTRY 5 FunctionEntry_4 [[0.0,Infinity], [-Infinity,Infinity], [-Infinity,Infinity], [-Infinity,Infinity], [-Infinity,Infinity], [-Infinity,Infinity], [-Infinity,Infinity], [0.0,Infinity], [-Infinity,1.0], [0.0,0.0], [0.0,0.0], [0.0,0.0], [0.0,0.0], [0.0,0.0], [0.0,0.0], [0.0,0.0], [0.0,0.0], [0.0,0.0]]
EXIT 5 FunctionEntry_4 [[0.0,Infinity], [-Infinity,Infinity], [-Infinity,Infinity], [-Infinity,Infinity], [-Infinity,Infinity], [-Infinity,Infinity], [-Infinity,Infinity], [0.0,Infinity], [-Infinity,1.0], [0.0,0.0], [0.0,0.0], [0.0,0.0], [0.0,0.0], [0.0,0.0], [0.0,0.0], [0.0,0.0], [0.0,0.0], [0.0,0.0]]
ENTRY 5 VariableDeclarationStatement_2 [[0.0,Infinity], [-Infinity,Infinity], [-Infinity,Infinity], [-Infinity,Infinity], [-Infinity,Infinity], [-Infinity,Infinity], [-Infinity,Infinity], [0.0,Infinity], [-Infinity,1.0], [0.0,0.0], [0.0,0.0], [0.0,0.0], [0.0,0.0], [0.0,0.0], [0.0,0.0], [0.0,0.0], [0.0,0.0], [0.0,0.0]]
EXIT 5 VariableDeclarationStatement_2 [[0.0,Infinity], [-Infinity,Infinity], [-Infinity,Infinity], [-Infinity,Infinity], [-Infinity,Infinity], [-Infinity,Infinity], [-Infinity,Infinity], [0.0,Infinity], [-Infinity,1.0], [0.0,0.0], [0.0,0.0], [0.0,0.0], [0.0,0.0], [0.0,0.0], [0.0,0.0], [0.0,0.0], [0.0,0.0], [0.0,0.0]]
ENTRY 5 ForLoopContinue_1 [[0.0,Infinity], [-Infinity,Infinity], [-Infinity,Infinity], [-Infinity,Infinity], [-Infinity,Infinity], [-Infinity,Infinity], [-Infinity,Infinity], [0.0,Infinity], [-Infinity,1.0], [0.0,0.0], [0.0,0.0], [0.0,0.0], [0.0,0.0], [0.0,0.0], [0.0,0.0], [0.0,Infinity], [0.0,0.0], [-Infinity,Infinity]]
EXIT 5 ForLoopContinue_1 [[0.0,Infinity], [-Infinity,Infinity], [-Infinity,Infinity], [-Infinity,Infinity], [-Infinity,Infinity], [-Infinity,Infinity], [-Infinity,Infinity], [0.0,Infinity], [-Infinity,1.0], [0.0,0.0], [0.0,0.0], [0.0,0.0], [0.0,0.0], [0.0,0.0], [0.0,0.0], [0.0,Infinity], [0.0,0.0], [-Infinity,Infinity]]
ENTRY 5 ForStatement_1 [[0.0,Infinity], [-Infinity,Infinity], [-Infinity,Infinity], [-Infinity,Infinity], [-Infinity,Infinity], [-Infinity,Infinity], [-Infinity,Infinity], [0.0,Infinity], [-Infinity,1.0], [0.0,0.0], [0.0,0.0], [0.0,0.0], [0.0,0.0], [0.0,0.0], [0.0,0.0], [0.0,Infinity], [0.0,0.0], [-Infinity,Infinity]]
EXIT 5 ForStatement_1 [[1.0,-1.0], [1.0,-1.0], [1.0,-1.0], [1.0,-1.0], [1.0,-1.0], [1.0,-1.0], [1.0,-1.0], [1.0,-1.0], [1.0,-1.0], [1.0,-1.0], [1.0,-1.0], [1.0,-1.0], [1.0,-1.0], [1.0,-1.0], [1.0,-1.0], [1.0,-1.0], [1.0,-1.0], [1.0,-1.0]]
ENTRY 5 ForLoopJoin_1 [[0.0,Infinity], [-Infinity,Infinity], [-Infinity,Infinity], [-Infinity,Infinity], [-Infinity,Infinity], [-Infinity,Infinity], [-Infinity,Infinity], [0.0,Infinity], [-Infinity,1.0], [0.0,0.0], [0.0,0.0], [0.0,0.0], [0.0,0.0], [0.0,0.0], [0.0,0.0], [0.0,Infinity], [0.0,0.0], [-Infinity,Infinity]]
EXIT 5 ForLoopJoin_1 [[0.0,Infinity], [-Infinity,Infinity], [-Infinity,Infinity], [-Infinity,Infinity], [-Infinity,Infinity], [-Infinity,Infinity], [-Infinity,Infinity], [0.0,Infinity], [-Infinity,1.0], [0.0,0.0], [0.0,0.0], [0.0,0.0], [0.0,0.0], [0.0,0.0], [0.0,0.0], [0.0,Infinity], [0.0,0.0], [-Infinity,Infinity]]
ENTRY 5 FunctionExit_4 [[0.0,Infinity], [-Infinity,Infinity], [-Infinity,Infinity], [-Infinity,Infinity], [-Infinity,Infinity], [-Infinity,Infinity], [-Infinity,Infinity], [0.0,Infinity], [-Infinity,1.0], [0.0,0.0], [0.0,0.0], [0.0,0.0], [0.0,0.0], [0.0,0.0], [0.0,0.0], [0.0,Infinity], [0.0,0.0], [-Infinity,Infinity]]
EXIT 5 FunctionExit_4 [[0.0,Infinity], [-Infinity,Infinity], [-Infinity,Infinity], [-Infinity,Infinity], [-Infinity,Infinity], [-Infinity,Infinity], [-Infinity,Infinity], [0.0,Infinity], [-Infinity,1.0], [0.0,0.0], [0.0,0.0], [0.0,0.0], [0.0,0.0], [0.0,0.0], [0.0,0.0], [0.0,Infinity], [0.0,0.0], [-Infinity,Infinity]]
ENTRY 5 ExpressionStatement_26 [[0.0,Infinity], [-Infinity,Infinity], [-Infinity,Infinity], [-Infinity,Infinity], [-Infinity,Infinity], [-Infinity,Infinity], [-Infinity,Infinity], [0.0,Infinity], [-Infinity,1.0], [0.0,0.0], [0.0,0.0], [0.0,0.0], [0.0,0.0], [0.0,0.0], [0.0,0.0], [0.0,Infinity], [0.0,0.0], [-Infinity,Infinity]]
EXIT 5 ExpressionStatement_26 [[0.0,Infinity], [-Infinity,Infinity], [-Infinity,Infinity], [-Infinity,Infinity], [-Infinity,Infinity], [-Infinity,Infinity], [-Infinity,Infinity], [0.0,Infinity], [-Infinity,1.0], [0.0,0.0], [0.0,0.0], [0.0,0.0], [0.0,0.0], [0.0,0.0], [0.0,0.0], [0.0,Infinity], [0.0,0.0], [-Infinity,Infinity]]
ENTRY 5 ExpressionStatement_27 [[0.0,Infinity], [-Infinity,Infinity], [-Infinity,Infinity], [-Infinity,Infinity], [-Infinity,Infinity], [-Infinity,Infinity], [-Infinity,Infinity], [0.0,Infinity], [-Infinity,1.0], [0.0,0.0], [0.0,0.0], [0.0,0.0], [0.0,0.0], [0.0,0.0], [0.0,0.0], [0.0,Infinity], [0.0,0.0], [-Infinity,Infinity]]
EXIT 5 ExpressionStatement_27 [[0.0,Infinity], [-Infinity,Infinity], [-Infinity,Infinity], [-Infinity,Infinity], [-Infinity,Infinity], [-Infinity,Infinity], [-Infinity,Infinity], [0.0,Infinity], [-Infinity,1.0], [0.0,0.0], [0.0,0.0], [0.0,0.0], [0.0,0.0], [0.0,0.0], [0.0,0.0], [1.0,Infinity], [0.0,0.0], [-Infinity,Infinity]]
ENTRY 5 FunctionDefinition_5 [[0.0,Infinity], [-Infinity,Infinity], [-Infinity,Infinity], [-Infinity,Infinity], [-Infinity,Infinity], [-Infinity,Infinity], [-Infinity,Infinity], [0.0,Infinity], [-Infinity,1.0], [0.0,0.0], [0.0,0.0], [0.0,0.0], [0.0,0.0], [0.0,0.0], [0.0,0.0], [0.0,0.0], [0.0,0.0], [0.0,0.0]]
EXIT 5 FunctionDefinition_5 [[0.0,Infinity], [-Infinity,Infinity], [-Infinity,Infinity], [-Infinity,Infinity], [-Infinity,Infinity], [-Infinity,Infinity], [-Infinity,Infinity], [0.0,Infinity], [-Infinity,1.0], [0.0,0.0], [0.0,0.0], [0.0,0.0], [0.0,0.0], [0.0,0.0], [0.0,0.0], [0.0,0.0], [0.0,0.0], [0.0,0.0]]
ENTRY 5 FunctionEntry_5 [[0.0,Infinity], [-Infinity,Infinity], [-Infinity,Infinity], [-Infinity,Infinity], [-Infinity,Infinity], [-Infinity,Infinity], [-Infinity,Infinity], [0.0,Infinity], [-Infinity,1.0], [0.0,0.0], [0.0,0.0], [0.0,0.0], [0.0,0.0], [0.0,0.0], [0.0,0.0], [0.0,0.0], [0.0,0.0], [0.0,0.0]]
EXIT 5 FunctionEntry_5 [[0.0,Infinity], [-Infinity,Infinity], [-Infinity,Infinity], [-Infinity,Infinity], [-Infinity,Infinity], [-Infinity,Infinity], [-Infinity,Infinity], [0.0,Infinity], [-Infinity,1.0], [0.0,0.0], [0.0,0.0], [0.0,0.0], [0.0,0.0], [0.0,0.0], [0.0,0.0], [0.0,0.0], [0.0,0.0], [0.0,0.0]]
ENTRY 5 ExpressionStatement_28 [[0.0,Infinity], [-Infinity,Infinity], [-Infinity,Infinity], [-Infinity,Infinity], [-Infinity,Infinity], [-Infinity,Infinity], [-Infinity,Infinity], [0.0,Infinity], [-Infinity,1.0], [0.0,0.0], [0.0,0.0], [0.0,0.0], [0.0,0.0], [0.0,0.0], [0.0,0.0], [0.0,0.0], [0.0,0.0], [0.0,0.0]]
EXIT 5 ExpressionStatement_28 [[0.0,Infinity], [-Infinity,Infinity], [-Infinity,Infinity], [-Infinity,Infinity], [-Infinity,Infinity], [-Infinity,Infinity], [-Infinity,Infinity], [0.0,Infinity], [-Infinity,1.0], [0.0,0.0], [0.0,0.0], [0.0,0.0], [0.0,0.0], [0.0,0.0], [0.0,0.0], [0.0,0.0], [0.0,0.0], [0.0,0.0]]
ENTRY 5 FunctionExit_5 [[0.0,Infinity], [-Infinity,Infinity], [-Infinity,Infinity], [-Infinity,Infinity], [-Infinity,Infinity], [-Infinity,Infinity], [-Infinity,Infinity], [0.0,Infinity], [-Infinity,1.0], [0.0,0.0], [0.0,0.0], [0.0,0.0], [0.0,0.0], [0.0,0.0], [0.0,0.0], [0.0,0.0], [0.0,0.0], [0.0,0.0]]
EXIT 5 FunctionExit_5 [[0.0,Infinity], [-Infinity,Infinity], [-Infinity,Infinity], [-Infinity,Infinity], [-Infinity,Infinity], [-Infinity,Infinity], [-Infinity,Infinity], [0.0,Infinity], [-Infinity,1.0], [0.0,0.0], [0.0,0.0], [0.0,0.0], [0.0,0.0], [0.0,0.0], [0.0,0.0], [0.0,0.0], [0.0,0.0], [0.0,0.0]]
ENTRY 5 FunctionDefinition_6 [[0.0,Infinity], [-Infinity,Infinity], [-Infinity,Infinity], [-Infinity,Infinity], [-Infinity,Infinity], [-Infinity,Infinity], [-Infinity,Infinity], [0.0,Infinity], [-Infinity,1.0], [0.0,0.0], [0.0,0.0], [0.0,0.0], [0.0,0.0], [0.0,0.0], [0.0,0.0], [0.0,0.0], [0.0,0.0], [0.0,0.0]]
EXIT 5 FunctionDefinition_6 [[0.0,Infinity], [-Infinity,Infinity], [-Infinity,Infinity], [-Infinity,Infinity], [-Infinity,Infinity], [-Infinity,Infinity], [-Infinity,Infinity], [0.0,Infinity], [-Infinity,1.0], [0.0,0.0], [0.0,0.0], [0.0,0.0], [0.0,0.0], [0.0,0.0], [0.0,0.0], [0.0,0.0], [0.0,0.0], [0.0,0.0]]
ENTRY 5 FunctionEntry_6 [[0.0,Infinity], [-Infinity,Infinity], [-Infinity,Infinity], [-Infinity,Infinity], [-Infinity,Infinity], [-Infinity,Infinity], [-Infinity,Infinity], [0.0,Infinity], [-Infinity,1.0], [0.0,0.0], [0.0,0.0], [0.0,0.0], [0.0,0.0], [0.0,0.0], [0.0,0.0], [0.0,0.0], [0.0,0.0], [0.0,0.0]]
EXIT 5 FunctionEntry_6 [[0.0,Infinity], [-Infinity,Infinity], [-Infinity,Infinity], [-Infinity,Infinity], [-Infinity,Infinity], [-Infinity,Infinity], [-Infinity,Infinity], [0.0,Infinity], [-Infinity,1.0], [0.0,0.0], [0.0,0.0], [0.0,0.0], [0.0,0.0], [0.0,0.0], [0.0,0.0], [0.0,0.0], [0.0,0.0], [0.0,0.0]]
ENTRY 5 IfStatement_5 [[0.0,Infinity], [-Infinity,Infinity], [-Infinity,Infinity], [-Infinity,Infinity], [-Infinity,Infinity], [-Infinity,Infinity], [-Infinity,Infinity], [0.0,Infinity], [-Infinity,1.0], [0.0,0.0], [0.0,0.0], [0.0,0.0], [0.0,0.0], [0.0,0.0], [0.0,0.0], [0.0,0.0], [0.0,0.0], [0.0,0.0]]
EXIT 5 IfStatement_5 [[1.0,-1.0], [1.0,-1.0], [1.0,-1.0], [1.0,-1.0], [1.0,-1.0], [1.0,-1.0], [1.0,-1.0], [1.0,-1.0], [1.0,-1.0], [1.0,-1.0], [1.0,-1.0], [1.0,-1.0], [1.0,-1.0], [1.0,-1.0], [1.0,-1.0], [1.0,-1.0], [1.0,-1.0], [1.0,-1.0]]
ENTRY 5 ExpressionStatement_29 [[0.0,Infinity], [-Infinity,Infinity], [-Infinity,Infinity], [-Infinity,Infinity], [-Infinity,Infinity], [-Infinity,Infinity], [-Infinity,Infinity], [0.0,Infinity], [-Infinity,1.0], [0.0,0.0], [0.0,0.0], [0.0,0.0], [0.0,0.0], [0.0,0.0], [0.0,0.0], [0.0,0.0], [0.0,0.0], [0.0,0.0]]
EXIT 5 ExpressionStatement_29 [[0.0,Infinity], [-Infinity,Infinity], [-Infinity,Infinity], [-Infinity,Infinity], [-Infinity,Infinity], [-Infinity,Infinity], [-Infinity,Infinity], [0.0,Infinity], [-Infinity,1.0], [0.0,0.0], [0.0,0.0], [0.0,0.0], [0.0,0.0], [0.0,0.0], [0.0,0.0], [0.0,0.0], [0.0,0.0], [0.0,0.0]]
ENTRY 5 IfConditionJoin_5 [[0.0,Infinity], [-Infinity,Infinity], [-Infinity,Infinity], [-Infinity,Infinity], [-Infinity,Infinity], [-Infinity,Infinity], [-Infinity,Infinity], [0.0,Infinity], [-Infinity,1.0], [0.0,0.0], [0.0,0.0], [0.0,0.0], [0.0,0.0], [0.0,0.0], [0.0,0.0], [0.0,0.0], [0.0,0.0], [0.0,0.0]]
EXIT 5 IfConditionJoin_5 [[0.0,Infinity], [-Infinity,Infinity], [-Infinity,Infinity], [-Infinity,Infinity], [-Infinity,Infinity], [-Infinity,Infinity], [-Infinity,Infinity], [0.0,Infinity], [-Infinity,1.0], [0.0,0.0], [0.0,0.0], [0.0,0.0], [0.0,0.0], [0.0,0.0], [0.0,0.0], [0.0,0.0], [0.0,0.0], [0.0,0.0]]
ENTRY 5 FunctionExit_6 [[0.0,Infinity], [-Infinity,Infinity], [-Infinity,Infinity], [-Infinity,Infinity], [-Infinity,Infinity], [-Infinity,Infinity], [-Infinity,Infinity], [0.0,Infinity], [-Infinity,1.0], [0.0,0.0], [0.0,0.0], [0.0,0.0], [0.0,0.0], [0.0,0.0], [0.0,0.0], [0.0,0.0], [0.0,0.0], [0.0,0.0]]
EXIT 5 FunctionExit_6 [[0.0,Infinity], [-Infinity,Infinity], [-Infinity,Infinity], [-Infinity,Infinity], [-Infinity,Infinity], [-Infinity,Infinity], [-Infinity,Infinity], [0.0,Infinity], [-Infinity,1.0], [0.0,0.0], [0.0,0.0], [0.0,0.0], [0.0,0.0], [0.0,0.0], [0.0,0.0], [0.0,0.0], [0.0,0.0], [0.0,0.0]]
ENTRY 5 FunctionDefinition_7 [[0.0,Infinity], [-Infinity,Infinity], [-Infinity,Infinity], [-Infinity,Infinity], [-Infinity,Infinity], [-Infinity,Infinity], [-Infinity,Infinity], [0.0,Infinity], [-Infinity,1.0], [0.0,0.0], [0.0,0.0], [0.0,0.0], [0.0,0.0], [0.0,0.0], [0.0,0.0], [0.0,0.0], [0.0,0.0], [0.0,0.0]]
EXIT 5 FunctionDefinition_7 [[0.0,Infinity], [-Infinity,Infinity], [-Infinity,Infinity], [-Infinity,Infinity], [-Infinity,Infinity], [-Infinity,Infinity], [-Infinity,Infinity], [0.0,Infinity], [-Infinity,1.0], [0.0,0.0], [0.0,0.0], [0.0,0.0], [0.0,0.0], [0.0,0.0], [0.0,0.0], [0.0,0.0], [0.0,0.0], [0.0,0.0]]
ENTRY 5 FunctionEntry_7 [[0.0,Infinity], [-Infinity,Infinity], [-Infinity,Infinity], [-Infinity,Infinity], [-Infinity,Infinity], [-Infinity,Infinity], [-Infinity,Infinity], [0.0,Infinity], [-Infinity,1.0], [0.0,0.0], [0.0,0.0], [0.0,0.0], [0.0,0.0], [0.0,0.0], [0.0,0.0], [0.0,0.0], [0.0,0.0], [0.0,0.0]]
EXIT 5 FunctionEntry_7 [[0.0,Infinity], [-Infinity,Infinity], [-Infinity,Infinity], [-Infinity,Infinity], [-Infinity,Infinity], [-Infinity,Infinity], [-Infinity,Infinity], [0.0,Infinity], [-Infinity,1.0], [0.0,0.0], [0.0,0.0], [0.0,0.0], [0.0,0.0], [0.0,0.0], [0.0,0.0], [0.0,0.0], [0.0,0.0], [0.0,0.0]]
ENTRY 5 Return_3 [[0.0,Infinity], [-Infinity,Infinity], [-Infinity,Infinity], [-Infinity,Infinity], [-Infinity,Infinity], [-Infinity,Infinity], [-Infinity,Infinity], [0.0,Infinity], [-Infinity,1.0], [0.0,0.0], [0.0,0.0], [0.0,0.0], [0.0,0.0], [0.0,0.0], [0.0,0.0], [0.0,0.0], [0.0,0.0], [0.0,0.0]]
EXIT 5 Return_3 [[0.0,Infinity], [-Infinity,Infinity], [-Infinity,Infinity], [-Infinity,Infinity], [-Infinity,Infinity], [-Infinity,Infinity], [-Infinity,Infinity], [0.0,Infinity], [-Infinity,1.0], [0.0,0.0], [0.0,0.0], [0.0,0.0], [0.0,0.0], [0.0,0.0], [0.0,0.0], [0.0,0.0], [0.0,0.0], [0.0,0.0]]
ENTRY 5 FunctionExit_7 [[0.0,Infinity], [-Infinity,Infinity], [-Infinity,Infinity], [-Infinity,Infinity], [-Infinity,Infinity], [-Infinity,Infinity], [-Infinity,Infinity], [0.0,Infinity], [-Infinity,1.0], [0.0,0.0], [0.0,0.0], [0.0,0.0], [0.0,0.0], [0.0,0.0], [0.0,0.0], [0.0,0.0], [0.0,0.0], [0.0,0.0]]
EXIT 5 FunctionExit_7 [[0.0,Infinity], [-Infinity,Infinity], [-Infinity,Infinity], [-Infinity,Infinity], [-Infinity,Infinity], [-Infinity,Infinity], [-Infinity,Infinity], [0.0,Infinity], [-Infinity,1.0], [0.0,0.0], [0.0,0.0], [0.0,0.0], [0.0,0.0], [0.0,0.0], [0.0,0.0], [0.0,0.0], [0.0,0.0], [0.0,0.0]]
ENTRY 5 FunctionDefinition_8 [[0.0,Infinity], [-Infinity,Infinity], [-Infinity,Infinity], [-Infinity,Infinity], [-Infinity,Infinity], [-Infinity,Infinity], [-Infinity,Infinity], [0.0,Infinity], [-Infinity,1.0], [0.0,0.0], [0.0,0.0], [0.0,0.0], [0.0,0.0], [0.0,0.0], [0.0,0.0], [0.0,0.0], [0.0,0.0], [0.0,0.0]]
EXIT 5 FunctionDefinition_8 [[0.0,Infinity], [-Infinity,Infinity], [-Infinity,Infinity], [-Infinity,Infinity], [-Infinity,Infinity], [-Infinity,Infinity], [-Infinity,Infinity], [0.0,Infinity], [-Infinity,1.0], [0.0,0.0], [0.0,0.0], [0.0,0.0], [0.0,0.0], [0.0,0.0], [0.0,0.0], [0.0,0.0], [0.0,0.0], [0.0,0.0]]
ENTRY 5 FunctionEntry_8 [[0.0,Infinity], [-Infinity,Infinity], [-Infinity,Infinity], [-Infinity,Infinity], [-Infinity,Infinity], [-Infinity,Infinity], [-Infinity,Infinity], [0.0,Infinity], [-Infinity,1.0], [0.0,0.0], [0.0,0.0], [0.0,0.0], [0.0,0.0], [0.0,0.0], [0.0,0.0], [0.0,0.0], [0.0,0.0], [0.0,0.0]]
EXIT 5 FunctionEntry_8 [[0.0,Infinity], [-Infinity,Infinity], [-Infinity,Infinity], [-Infinity,Infinity], [-Infinity,Infinity], [-Infinity,Infinity], [-Infinity,Infinity], [0.0,Infinity], [-Infinity,1.0], [0.0,0.0], [0.0,0.0], [0.0,0.0], [0.0,0.0], [0.0,0.0], [0.0,0.0], [0.0,0.0], [0.0,0.0], [0.0,0.0]]
ENTRY 5 Return_4 [[0.0,Infinity], [-Infinity,Infinity], [-Infinity,Infinity], [-Infinity,Infinity], [-Infinity,Infinity], [-Infinity,Infinity], [-Infinity,Infinity], [0.0,Infinity], [-Infinity,1.0], [0.0,0.0], [0.0,0.0], [0.0,0.0], [0.0,0.0], [0.0,0.0], [0.0,0.0], [0.0,0.0], [0.0,0.0], [0.0,0.0]]
EXIT 5 Return_4 [[0.0,Infinity], [-Infinity,Infinity], [-Infinity,Infinity], [-Infinity,Infinity], [-Infinity,Infinity], [-Infinity,Infinity], [-Infinity,Infinity], [0.0,Infinity], [-Infinity,1.0], [0.0,0.0], [0.0,0.0], [0.0,0.0], [0.0,0.0], [0.0,0.0], [0.0,0.0], [0.0,0.0], [0.0,0.0], [0.0,0.0]]
ENTRY 5 FunctionExit_8 [[0.0,Infinity], [-Infinity,Infinity], [-Infinity,Infinity], [-Infinity,Infinity], [-Infinity,Infinity], [-Infinity,Infinity], [-Infinity,Infinity], [0.0,Infinity], [-Infinity,1.0], [0.0,0.0], [0.0,0.0], [0.0,0.0], [0.0,0.0], [0.0,0.0], [0.0,0.0], [0.0,0.0], [0.0,0.0], [0.0,0.0]]
EXIT 5 FunctionExit_8 [[0.0,Infinity], [-Infinity,Infinity], [-Infinity,Infinity], [-Infinity,Infinity], [-Infinity,Infinity], [-Infinity,Infinity], [-Infinity,Infinity], [0.0,Infinity], [-Infinity,1.0], [0.0,0.0], [0.0,0.0], [0.0,0.0], [0.0,0.0], [0.0,0.0], [0.0,0.0], [0.0,0.0], [0.0,0.0], [0.0,0.0]]
