
===== OVERFLOW / UNDERFLOW (Box domain, original source) =====
ENTRY 1 SourceEntry_0 [[0.0,0.0], [0.0,0.0], [0.0,0.0], [0.0,0.0], [0.0,0.0], [0.0,0.0], [0.0,0.0], [0.0,0.0], [0.0,0.0], [0.0,0.0], [0.0,0.0], [0.0,0.0], [0.0,0.0], [0.0,0.0], [0.0,0.0], [0.0,0.0], [0.0,0.0], [0.0,0.0], [0.0,0.0], [0.0,0.0], [0.0,0.0], [0.0,0.0], [0.0,0.0], [0.0,0.0], [0.0,0.0], [0.0,0.0], [0.0,0.0], [0.0,0.0], [0.0,0.0], [0.0,0.0], [0.0,0.0], [0.0,0.0], [0.0,0.0], [0.0,0.0], [0.0,0.0]]
EXIT 1 SourceEntry_0 [[0.0,0.0], [0.0,0.0], [0.0,0.0], [0.0,0.0], [0.0,0.0], [0.0,0.0], [0.0,0.0], [0.0,0.0], [0.0,0.0], [0.0,0.0], [0.0,0.0], [0.0,0.0], [0.0,0.0], [0.0,0.0], [0.0,0.0], [0.0,0.0], [0.0,0.0], [0.0,0.0], [0.0,0.0], [0.0,0.0], [0.0,0.0], [0.0,0.0], [0.0,0.0], [0.0,0.0], [0.0,0.0], [0.0,0.0], [0.0,0.0], [0.0,0.0], [0.0,0.0], [0.0,0.0], [0.0,0.0], [0.0,0.0], [0.0,0.0], [0.0,0.0], [0.0,0.0]]
ENTRY 1 SourceUnit_0 [[0.0,0.0], [0.0,0.0], [0.0,0.0], [0.0,0.0], [0.0,0.0], [0.0,0.0], [0.0,0.0], [0.0,0.0], [0.0,0.0], [0.0,0.0], [0.0,0.0], [0.0,0.0], [0.0,0.0], [0.0,0.0], [0.0,0.0], [0.0,0.0], [0.0,0.0], [0.0,0.0], [0.0,0.0], [0.0,0.0], [0.0,0.0], [0.0,0.0], [0.0,0.0], [0.0,0.0], [0.0,0.0], [0.0,0.0], [0.0,0.0], [0.0,0.0], [0.0,0.0], [0.0,0.0], [0.0,0.0], [0.0,0.0], [0.0,0.0], [0.0,0.0], [0.0,0.0]]
EXIT 1 SourceUnit_0 [[0.0,0.0], [0.0,0.0], [0.0,0.0], [0.0,0.0], [0.0,0.0], [0.0,0.0], [0.0,0.0], [0.0,0.0], [0.0,0.0], [0.0,0.0], [0.0,0.0], [0.0,0.0], [0.0,0.0], [0.0,0.0], [0.0,0.0], [0.0,0.0], [0.0,0.0], [0.0,0.0], [0.0,0.0], [0.0,0.0], [0.0,0.0], [0.0,0.0], [0.0,0.0], [0.0,0.0], [0.0,0.0], [0.0,0.0], [0.0,0.0], [0.0,0.0], [0.0,0.0], [0.0,0.0], [0.0,0.0], [0.0,0.0], [0.0,0.0], [0.0,0.0], [0.0,0.0]]
ENTRY 1 PragmaDirective_0 [[0.0,0.0], [0.0,0.0], [0.0,0.0], [0.0,0.0], [0.0,0.0], [0.0,0.0], [0.0,0.0], [0.0,0.0], [0.0,0.0], [0.0,0.0], [0.0,0.0], [0.0,0.0], [0.0,0.0], [0.0,0.0], [0.0,0.0], [0.0,0.0], [0.0,0.0], [0.0,0.0], [0.0,0.0], [0.0,0.0], [0.0,0.0], [0.0,0.0], [0.0,0.0], [0.0,0.0], [0.0,0.0], [0.0,0.0], [0.0,0.0], [0.0,0.0], [0.0,0.0], [0.0,0.0], [0.0,0.0], [0.0,0.0], [0.0,0.0], [0.0,0.0], [0.0,0.0]]
EXIT 1 PragmaDirective_0 [[0.0,0.0], [0.0,0.0], [0.0,0.0], [0.0,0.0], [0.0,0.0], [0.0,0.0], [0.0,0.0], [0.0,0.0], [0.0,0.0], [0.0,0.0], [0.0,0.0], [0.0,0.0], [0.0,0.0], [0.0,0.0], [0.0,0.0], [0.0,0.0], [0.0,0.0], [0.0,0.0], [0.0,0.0], [0.0,0.0], [0.0,0.0], [0.0,0.0], [0.0,0.0], [0.0,0.0], [0.0,0.0], [0.0,0.0], [0.0,0.0], [0.0,0.0], [0.0,0.0], [0.0,0.0], [0.0,0.0], [0.0,0.0], [0.0,0.0], [0.0,0.0], [0.0,0.0]]
ENTRY 1 SourceExit_0 [[0.0,0.0], [0.0,0.0], [0.0,0.0], [0.0,0.0], [0.0,0.0], [0.0,0.0], [0.0,0.0], [0.0,0.0], [0.0,0.0], [0.0,0.0], [0.0,0.0], [0.0,0.0], [0.0,0.0], [0.0,0.0], [0.0,0.0], [0.0,0.0], [0.0,0.0], [0.0,0.0], [0.0,0.0], [0.0,0.0], [0.0,0.0], [0.0,0.0], [0.0,0.0], [0.0,0.0], [0.0,0.0], [0.0,0.0], [0.0,0.0], [0.0,0.0], [0.0,0.0], [0.0,0.0], [0.0,0.0], [0.0,0.0], [0.0,0.0], [0.0,0.0], [0.0,0.0]]
EXIT 1 SourceExit_0 [[0.0,0.0], [0.0,0.0], [0.0,0.0], [0.0,0.0], [0.0,0.0], [0.0,0.0], [0.0,0.0], [0.0,0.0], [0.0,0.0], [0.0,0.0], [0.0,0.0], [0.0,0.0], [0.0,0.0], [0.0,0.0], [0.0,0.0], [0.0,0.0], [0.0,0.0], [0.0,0.0], [0.0,0.0], [0.0,0.0], [0.0,0.0], [0.0,0.0], [0.0,0.0], [0.0,0.0], [0.0,0.0], [0.0,0.0], [0.0,0.0], [0.0,0.0], [0.0,0.0], [0.0,0.0], [0.0,0.0], [0.0,0.0], [0.0,0.0], [0.0,0.0], [0.0,0.0]]
ENTRY 1 ContractDefinition_0 [[0.0,0.0], [0.0,0.0], [0.0,0.0], [0.0,0.0], [0.0,0.0], [0.0,0.0], [0.0,0.0], [0.0,0.0], [0.0,0.0], [0.0,0.0], [0.0,0.0], [0.0,0.0], [0.0,0.0], [0.0,0.0], [0.0,0.0], [0.0,0.0], [0.0,0.0], [0.0,0.0], [0.0,0.0], [0.0,0.0], [0.0,0.0], [0.0,0.0], [0.0,0.0], [0.0,0.0], [0.0,0.0], [0.0,0.0], [0.0,0.0], [0.0,0.0], [0.0,0.0], [0.0,0.0], [0.0,0.0], [0.0,0.0], [0.0,0.0], [0.0,0.0], [0.0,0.0]]
EXIT 1 ContractDefinition_0 [[0.0,0.0], [0.0,0.0], [0.0,0.0], [0.0,0.0], [0.0,0.0], [0.0,0.0], [0.0,0.0], [0.0,0.0], [0.0,0.0], [0.0,0.0], [0.0,0.0], [0.0,0.0], [0.0,0.0], [0.0,0.0], [0.0,0.0], [0.0,0.0], [0.0,0.0], [0.0,0.0], [0.0,0.0], [0.0,0.0], [0.0,0.0], [0.0,0.0], [0.0,0.0], [0.0,0.0], [0.0,0.0], [0.0,0.0], [0.0,0.0], [0.0,0.0], [0.0,0.0], [0.0,0.0], [0.0,0.0], [0.0,0.0], [0.0,0.0], [0.0,0.0], [0.0,0.0]]
ENTRY 1 VariableDeclaration_0 [[0.0,0.0], [0.0,0.0], [0.0,0.0], [0.0,0.0], [0.0,0.0], [0.0,0.0], [0.0,0.0], [0.0,0.0], [0.0,0.0], [0.0,0.0], [0.0,0.0], [0.0,0.0], [0.0,0.0], [0.0,0.0], [0.0,0.0], [0.0,0.0], [0.0,0.0], [0.0,0.0], [0.0,0.0], [0.0,0.0], [0.0,0.0], [0.0,0.0], [0.0,0.0], [0.0,0.0], [0.0,0.0], [0.0,0.0], [0.0,0.0], [0.0,0.0], [0.0,0.0], [0.0,0.0], [0.0,0.0], [0.0,0.0], [0.0,0.0], [0.0,0.0], [0.0,0.0]]
EXIT 1 VariableDeclaration_0 [[0.0,0.0], [0.0,0.0], [0.0,0.0], [0.0,0.0], [0.0,0.0], [0.0,0.0], [0.0,0.0], [0.0,0.0], [0.0,0.0], [0.0,0.0], [0.0,0.0], [0.0,0.0], [0.0,0.0], [0.0,0.0], [0.0,0.0], [0.0,0.0], [0.0,0.0], [0.0,0.0], [0.0,0.0], [0.0,0.0], [0.0,0.0], [0.0,0.0], [0.0,0.0], [0.0,0.0], [0.0,0.0], [0.0,0.0], [0.0,0.0], [0.0,0.0], [0.0,0.0], [0.0,0.0], [0.0,0.0], [0.0,0.0], [0.0,0.0], [0.0,0.0], [0.0,0.0]]
ENTRY 1 VariableDeclaration_1 [[0.0,0.0], [0.0,0.0], [0.0,0.0], [0.0,0.0], [0.0,0.0], [0.0,0.0], [0.0,0.0], [0.0,0.0], [0.0,0.0], [0.0,0.0], [0.0,0.0], [0.0,0.0], [0.0,0.0], [0.0,0.0], [0.0,0.0], [0.0,0.0], [0.0,0.0], [0.0,0.0], [0.0,0.0], [0.0,0.0], [0.0,0.0], [0.0,0.0], [0.0,0.0], [0.0,0.0], [0.0,0.0], [0.0,0.0], [0.0,0.0], [0.0,0.0], [0.0,0.0], [0.0,0.0], [0.0,0.0], [0.0,0.0], [0.0,0.0], [0.0,0.0], [0.0,0.0]]
EXIT 1 VariableDeclaration_1 [[0.0,0.0], [0.0,0.0], [0.0,0.0], [0.0,0.0], [0.0,0.0], [0.0,0.0], [0.0,0.0], [0.0,0.0], [0.0,0.0], [0.0,0.0], [0.0,0.0], [0.0,0.0], [0.0,0.0], [0.0,0.0], [0.0,0.0], [0.0,0.0], [0.0,0.0], [0.0,0.0], [0.0,0.0], [0.0,0.0], [0.0,0.0], [0.0,0.0], [0.0,0.0], [0.0,0.0], [0.0,0.0], [0.0,0.0], [0.0,0.0], [0.0,0.0], [0.0,0.0], [0.0,0.0], [0.0,0.0], [0.0,0.0], [0.0,0.0], [0.0,0.0], [0.0,0.0]]
ENTRY 1 VariableDeclaration_2 [[0.0,0.0], [0.0,0.0], [0.0,0.0], [0.0,0.0], [0.0,0.0], [0.0,0.0], [0.0,0.0], [0.0,0.0], [0.0,0.0], [0.0,0.0], [0.0,0.0], [0.0,0.0], [0.0,0.0], [0.0,0.0], [0.0,0.0], [0.0,0.0], [0.0,0.0], [0.0,0.0], [0.0,0.0], [0.0,0.0], [0.0,0.0], [0.0,0.0], [0.0,0.0], [0.0,0.0], [0.0,0.0], [0.0,0.0], [0.0,0.0], [0.0,0.0], [0.0,0.0], [0.0,0.0], [0.0,0.0], [0.0,0.0], [0.0,0.0], [0.0,0.0], [0.0,0.0]]
EXIT 1 VariableDeclaration_2 [[0.0,0.0], [0.0,0.0], [5.0,5.0], [0.0,0.0], [0.0,0.0], [0.0,0.0], [0.0,0.0], [0.0,0.0], [0.0,0.0], [0.0,0.0], [0.0,0.0], [0.0,0.0], [0.0,0.0], [0.0,0.0], [0.0,0.0], [0.0,0.0], [0.0,0.0], [0.0,0.0], [0.0,0.0], [0.0,0.0], [0.0,0.0], [0.0,0.0], [0.0,0.0], [0.0,0.0], [0.0,0.0], [0.0,0.0], [0.0,0.0], [0.0,0.0], [0.0,0.0], [0.0,0.0], [0.0,0.0], [0.0,0.0], [0.0,0.0], [0.0,0.0], [0.0,0.0]]
ENTRY 1 VariableDeclaration_3 [[0.0,0.0], [0.0,0.0], [0.0,0.0], [0.0,0.0], [0.0,0.0], [0.0,0.0], [0.0,0.0], [0.0,0.0], [0.0,0.0], [0.0,0.0], [0.0,0.0], [0.0,0.0], [0.0,0.0], [0.0,0.0], [0.0,0.0], [0.0,0.0], [0.0,0.0], [0.0,0.0], [0.0,0.0], [0.0,0.0], [0.0,0.0], [0.0,0.0], [0.0,0.0], [0.0,0.0], [0.0,0.0], [0.0,0.0], [0.0,0.0], [0.0,0.0], [0.0,0.0], [0.0,0.0], [0.0,0.0], [0.0,0.0], [0.0,0.0], [0.0,0.0], [0.0,0.0]]
EXIT 1 VariableDeclaration_3 [[0.0,0.0], [0.0,0.0], [0.0,0.0], [125.0,125.0], [0.0,0.0], [0.0,0.0], [0.0,0.0], [0.0,0.0], [0.0,0.0], [0.0,0.0], [0.0,0.0], [0.0,0.0], [0.0,0.0], [0.0,0.0], [0.0,0.0], [0.0,0.0], [0.0,0.0], [0.0,0.0], [0.0,0.0], [0.0,0.0], [0.0,0.0], [0.0,0.0], [0.0,0.0], [0.0,0.0], [0.0,0.0], [0.0,0.0], [0.0,0.0], [0.0,0.0], [0.0,0.0], [0.0,0.0], [0.0,0.0], [0.0,0.0], [0.0,0.0], [0.0,0.0], [0.0,0.0]]
ENTRY 1 VariableDeclaration_4 [[0.0,0.0], [0.0,0.0], [0.0,0.0], [0.0,0.0], [0.0,0.0], [0.0,0.0], [0.0,0.0], [0.0,0.0], [0.0,0.0], [0.0,0.0], [0.0,0.0], [0.0,0.0], [0.0,0.0], [0.0,0.0], [0.0,0.0], [0.0,0.0], [0.0,0.0], [0.0,0.0], [0.0,0.0], [0.0,0.0], [0.0,0.0], [0.0,0.0], [0.0,0.0], [0.0,0.0], [0.0,0.0], [0.0,0.0], [0.0,0.0], [0.0,0.0], [0.0,0.0], [0.0,0.0], [0.0,0.0], [0.0,0.0], [0.0,0.0], [0.0,0.0], [0.0,0.0]]
EXIT 1 VariableDeclaration_4 [[0.0,0.0], [0.0,0.0], [0.0,0.0], [0.0,0.0], [0.0,0.0], [0.0,0.0], [0.0,0.0], [0.0,0.0], [0.0,0.0], [0.0,0.0], [0.0,0.0], [0.0,0.0], [0.0,0.0], [0.0,0.0], [0.0,0.0], [0.0,0.0], [0.0,0.0], [0.0,0.0], [0.0,0.0], [0.0,0.0], [0.0,0.0], [0.0,0.0], [0.0,0.0], [0.0,0.0], [0.0,0.0], [0.0,0.0], [0.0,0.0], [0.0,0.0], [0.0,0.0], [0.0,0.0], [0.0,0.0], [0.0,0.0], [0.0,0.0], [0.0,0.0], [0.0,0.0]]
ENTRY 1 VariableDeclaration_5 [[0.0,0.0], [0.0,0.0], [0.0,0.0], [0.0,0.0], [0.0,0.0], [0.0,0.0], [0.0,0.0], [0.0,0.0], [0.0,0.0], [0.0,0.0], [0.0,0.0], [0.0,0.0], [0.0,0.0], [0.0,0.0], [0.0,0.0], [0.0,0.0], [0.0,0.0], [0.0,0.0], [0.0,0.0], [0.0,0.0], [0.0,0.0], [0.0,0.0], [0.0,0.0], [0.0,0.0], [0.0,0.0], [0.0,0.0], [0.0,0.0], [0.0,0.0], [0.0,0.0], [0.0,0.0], [0.0,0.0], [0.0,0.0], [0.0,0.0], [0.0,0.0], [0.0,0.0]]
EXIT 1 VariableDeclaration_5 [[0.0,0.0], [0.0,0.0], [0.0,0.0], [0.0,0.0], [0.0,0.0], [0.0,0.0], [0.0,0.0], [0.0,0.0], [0.0,0.0], [0.0,0.0], [0.0,0.0], [0.0,0.0], [0.0,0.0], [0.0,0.0], [0.0,0.0], [0.0,0.0], [0.0,0.0], [0.0,0.0], [0.0,0.0], [0.0,0.0], [0.0,0.0], [0.0,0.0], [0.0,0.0], [0.0,0.0], [0.0,0.0], [0.0,0.0], [0.0,0.0], [0.0,0.0], [0.0,0.0], [0.0,0.0], [0.0,0.0], [0.0,0.0], [0.0,0.0], [0.0,0.0], [0.0,0.0]]
ENTRY 1 VariableDeclaration_6 [[0.0,0.0], [0.0,0.0], [0.0,0.0], [0.0,0.0], [0.0,0.0], [0.0,0.0], [0.0,0.0], [0.0,0.0], [0.0,0.0], [0.0,0.0], [0.0,0.0], [0.0,0.0], [0.0,0.0], [0.0,0.0], [0.0,0.0], [0.0,0.0], [0.0,0.0], [0.0,0.0], [0.0,0.0], [0.0,0.0], [0.0,0.0], [0.0,0.0], [0.0,0.0], [0.0,0.0], [0.0,0.0], [0.0,0.0], [0.0,0.0], [0.0,0.0], [0.0,0.0], [0.0,0.0], [0.0,0.0], [0.0,0.0], [0.0,0.0], [0.0,0.0], [0.0,0.0]]
EXIT 1 VariableDeclaration_6 [[0.0,0.0], [0.0,0.0], [0.0,0.0], [0.0,0.0], [0.0,0.0], [0.0,0.0], [0.0,0.0], [0.0,0.0], [0.0,0.0], [0.0,0.0], [0.0,0.0], [0.0,0.0], [0.0,0.0], [0.0,0.0], [0.0,0.0], [0.0,0.0], [0.0,0.0], [0.0,0.0], [0.0,0.0], [0.0,0.0], [0.0,0.0], [0.0,0.0], [0.0,0.0], [0.0,0.0], [0.0,0.0], [0.0,0.0], [0.0,0.0], [0.0,0.0], [0.0,0.0], [0.0,0.0], [0.0,0.0], [0.0,0.0], [0.0,0.0], [0.0,0.0], [0.0,0.0]]
ENTRY 1 FunctionDefinition_0 [[0.0,0.0], [0.0,0.0], [0.0,0.0], [0.0,0.0], [0.0,0.0], [0.0,0.0], [0.0,0.0], [0.0,0.0], [0.0,0.0], [0.0,0.0], [0.0,0.0], [0.0,0.0], [0.0,0.0], [0.0,0.0], [0.0,0.0], [0.0,0.0], [0.0,0.0], [0.0,0.0], [0.0,0.0], [0.0,0.0], [0.0,0.0], [0.0,0.0], [0.0,0.0], [0.0,0.0], [0.0,0.0], [0.0,0.0], [0.0,0.0], [0.0,0.0], [0.0,0.0], [0.0,0.0], [0.0,0.0], [0.0,0.0], [0.0,0.0], [0.0,0.0], [0.0,0.0]]
EXIT 1 FunctionDefinition_0 [[0.0,0.0], [0.0,0.0], [0.0,0.0], [0.0,0.0], [0.0,0.0], [0.0,0.0], [0.0,0.0], [0.0,0.0], [0.0,0.0], [0.0,0.0], [0.0,0.0], [0.0,0.0], [0.0,0.0], [0.0,0.0], [0.0,0.0], [0.0,0.0], [0.0,0.0], [0.0,0.0], [0.0,0.0], [0.0,0.0], [0.0,0.0], [0.0,0.0], [0.0,0.0], [0.0,0.0], [0.0,0.0], [0.0,0.0], [0.0,0.0], [0.0,0.0], [0.0,0.0], [0.0,0.0], [0.0,0.0], [0.0,0.0], [0.0,0.0], [0.0,0.0], [0.0,0.0]]
ENTRY 1 FunctionEntry_0 [[0.0,0.0], [0.0,0.0], [0.0,0.0], [0.0,0.0], [0.0,0.0], [0.0,0.0], [0.0,0.0], [0.0,0.0], [0.0,0.0], [0.0,0.0], [0.0,0.0], [0.0,0.0], [0.0,0.0], [0.0,0.0], [0.0,0.0], [0.0,0.0], [0.0,0.0], [0.0,0.0], [0.0,0.0], [0.0,0.0], [0.0,0.0], [0.0,0.0], [0.0,0.0], [0.0,0.0], [0.0,0.0], [0.0,0.0], [0.0,0.0], [0.0,0.0], [0.0,0.0], [0.0,0.0], [0.0,0.0], [0.0,0.0], [0.0,0.0], [0.0,0.0], [0.0,0.0]]
EXIT 1 FunctionEntry_0 [[0.0,0.0], [0.0,0.0], [0.0,0.0], [0.0,0.0], [0.0,0.0], [0.0,0.0], [0.0,0.0], [0.0,0.0], [0.0,0.0], [0.0,0.0], [0.0,0.0], [0.0,0.0], [0.0,0.0], [0.0,0.0], [0.0,0.0], [0.0,0.0], [0.0,0.0], [0.0,0.0], [0.0,0.0], [0.0,0.0], [0.0,0.0], [0.0,0.0], [0.0,0.0], [0.0,0.0], [0.0,0.0], [0.0,0.0], [0.0,0.0], [0.0,0.0], [0.0,0.0], [0.0,0.0], [0.0,0.0], [0.0,0.0], [0.0,0.0], [0.0,0.0], [0.0,0.0]]
ENTRY 1 ExpressionStatement_0 [[0.0,0.0], [0.0,0.0], [0.0,0.0], [0.0,0.0], [0.0,0.0], [0.0,0.0], [0.0,0.0], [0.0,0.0], [0.0,0.0], [0.0,0.0], [0.0,0.0], [0.0,0.0], [0.0,0.0], [0.0,0.0], [0.0,0.0], [0.0,0.0], [0.0,0.0], [0.0,0.0], [0.0,0.0], [0.0,0.0], [0.0,0.0], [0.0,0.0], [0.0,0.0], [0.0,0.0], [0.0,0.0], [0.0,0.0], [0.0,0.0], [0.0,0.0], [0.0,0.0], [0.0,0.0], [0.0,0.0], [0.0,0.0], [0.0,0.0], [0.0,0.0], [0.0,0.0]]
EXIT 1 ExpressionStatement_0 [[-Infinity,Infinity], [0.0,0.0], [0.0,0.0], [0.0,0.0], [0.0,0.0], [0.0,0.0], [0.0,0.0], [0.0,0.0], [0.0,0.0], [0.0,0.0], [0.0,0.0], [0.0,0.0], [0.0,0.0], [0.0,0.0], [0.0,0.0], [0.0,0.0], [0.0,0.0], [0.0,0.0], [0.0,0.0], [0.0,0.0], [0.0,0.0], [0.0,0.0], [0.0,0.0], [0.0,0.0], [0.0,0.0], [0.0,0.0], [0.0,0.0], [0.0,0.0], [0.0,0.0], [0.0,0.0], [0.0,0.0], [0.0,0.0], [0.0,0.0], [0.0,0.0], [0.0,0.0]]
ENTRY 1 FunctionExit_0 [[-Infinity,Infinity], [0.0,0.0], [0.0,0.0], [0.0,0.0], [0.0,0.0], [0.0,0.0], [0.0,0.0], [0.0,0.0], [0.0,0.0], [0.0,0.0], [0.0,0.0], [0.0,0.0], [0.0,0.0], [0.0,0.0], [0.0,0.0], [0.0,0.0], [0.0,0.0], [0.0,0.0], [0.0,0.0], [0.0,0.0], [0.0,0.0], [0.0,0.0], [0.0,0.0], [0.0,0.0], [0.0,0.0], [0.0,0.0], [0.0,0.0], [0.0,0.0], [0.0,0.0], [0.0,0.0], [0.0,0.0], [0.0,0.0], [0.0,0.0], [0.0,0.0], [0.0,0.0]]
EXIT 1 FunctionExit_0 [[-Infinity,Infinity], [0.0,0.0], [0.0,0.0], [0.0,0.0], [0.0,0.0], [0.0,0.0], [0.0,0.0], [0.0,0.0], [0.0,0.0], [0.0,0.0], [0.0,0.0], [0.0,0.0], [0.0,0.0], [0.0,0.0], [0.0,0.0], [0.0,0.0], [0.0,0.0], [0.0,0.0], [0.0,0.0], [0.0,0.0], [0.0,0.0], [0.0,0.0], [0.0,0.0], [0.0,0.0], [0.0,0.0], [0.0,0.0], [0.0,0.0], [0.0,0.0], [0.0,0.0], [0.0,0.0], [0.0,0.0], [0.0,0.0], [0.0,0.0], [0.0,0.0], [0.0,0.0]]
ENTRY 1 ModifierDefinition_0 [[0.0,0.0], [0.0,0.0], [0.0,0.0], [0.0,0.0], [0.0,0.0], [0.0,0.0], [0.0,0.0], [0.0,0.0], [0.0,0.0], [0.0,0.0], [0.0,0.0], [0.0,0.0], [0.0,0.0], [0.0,0.0], [0.0,0.0], [0.0,0.0], [0.0,0.0], [0.0,0.0], [0.0,0.0], [0.0,0.0], [0.0,0.0], [0.0,0.0], [0.0,0.0], [0.0,0.0], [0.0,0.0], [0.0,0.0], [0.0,0.0], [0.0,0.0], [0.0,0.0], [0.0,0.0], [0.0,0.0], [0.0,0.0], [0.0,0.0], [0.0,0.0], [0.0,0.0]]
EXIT 1 ModifierDefinition_0 [[0.0,0.0], [0.0,0.0], [5.0,5.0], [125.0,125.0], [0.0,0.0], [0.0,0.0], [0.0,0.0], [0.0,0.0], [0.0,0.0], [0.0,0.0], [0.0,0.0], [0.0,0.0], [0.0,0.0], [0.0,0.0], [0.0,0.0], [0.0,0.0], [0.0,0.0], [0.0,0.0], [0.0,0.0], [0.0,0.0], [0.0,0.0], [0.0,0.0], [0.0,0.0], [0.0,0.0], [0.0,0.0], [0.0,0.0], [0.0,0.0], [0.0,0.0], [0.0,0.0], [0.0,0.0], [0.0,0.0], [0.0,0.0], [0.0,0.0], [0.0,0.0], [0.0,0.0]]
ENTRY 1 StructDefinition_0 [[0.0,0.0], [0.0,0.0], [0.0,0.0], [0.0,0.0], [0.0,0.0], [0.0,0.0], [0.0,0.0], [0.0,0.0], [0.0,0.0], [0.0,0.0], [0.0,0.0], [0.0,0.0], [0.0,0.0], [0.0,0.0], [0.0,0.0], [0.0,0.0], [0.0,0.0], [0.0,0.0], [0.0,0.0], [0.0,0.0], [0.0,0.0], [0.0,0.0], [0.0,0.0], [0.0,0.0], [0.0,0.0], [0.0,0.0], [0.0,0.0], [0.0,0.0], [0.0,0.0], [0.0,0.0], [0.0,0.0], [0.0,0.0], [0.0,0.0], [0.0,0.0], [0.0,0.0]]
EXIT 1 StructDefinition_0 [[0.0,0.0], [0.0,0.0], [5.0,5.0], [125.0,125.0], [0.0,0.0], [0.0,0.0], [0.0,0.0], [0.0,0.0], [0.0,0.0], [0.0,0.0], [0.0,0.0], [0.0,0.0], [0.0,0.0], [0.0,0.0], [0.0,0.0], [0.0,0.0], [0.0,0.0], [0.0,0.0], [0.0,0.0], [0.0,0.0], [0.0,0.0], [0.0,0.0], [0.0,0.0], [0.0,0.0], [0.0,0.0], [0.0,0.0], [0.0,0.0], [0.0,0.0], [0.0,0.0], [0.0,0.0], [0.0,0.0], [0.0,0.0], [0.0,0.0], [0.0,0.0], [0.0,0.0]]
ENTRY 1 StructDefinition_1 [[0.0,0.0], [0.0,0.0], [0.0,0.0], [0.0,0.0], [0.0,0.0], [0.0,0.0], [0.0,0.0], [0.0,0.0], [0.0,0.0], [0.0,0.0], [0.0,0.0], [0.0,0.0], [0.0,0.0], [0.0,0.0], [0.0,0.0], [0.0,0.0], [0.0,0.0], [0.0,0.0], [0.0,0.0], [0.0,0.0], [0.0,0.0], [0.0,0.0], [0.0,0.0], [0.0,0.0], [0.0,0.0], [0.0,0.0], [0.0,0.0], [0.0,0.0], [0.0,0.0], [0.0,0.0], [0.0,0.0], [0.0,0.0], [0.0,0.0], [0.0,0.0], [0.0,0.0]]
EXIT 1 StructDefinition_1 [[0.0,0.0], [0.0,0.0], [5.0,5.0], [125.0,125.0], [0.0,0.0], [0.0,0.0], [0.0,0.0], [0.0,0.0], [0.0,0.0], [0.0,0.0], [0.0,0.0], [0.0,0.0], [0.0,0.0], [0.0,0.0], [0.0,0.0], [0.0,0.0], [0.0,0.0], [0.0,0.0], [0.0,0.0], [0.0,0.0], [0.0,0.0], [0.0,0.0], [0.0,0.0], [0.0,0.0], [0.0,0.0], [0.0,0.0], [0.0,0.0], [0.0,0.0], [0.0,0.0], [0.0,0.0], [0.0,0.0], [0.0,0.0], [0.0,0.0], [0.0,0.0], [0.0,0.0]]
ENTRY 1 FunctionDefinition_1 [[-Infinity,Infinity], [0.0,0.0], [0.0,0.0], [0.0,0.0], [0.0,0.0], [0.0,0.0], [0.0,0.0], [0.0,0.0], [0.0,0.0], [0.0,0.0], [0.0,0.0], [0.0,0.0], [0.0,0.0], [0.0,0.0], [0.0,0.0], [0.0,0.0], [0.0,0.0], [0.0,0.0], [0.0,0.0], [0.0,0.0], [0.0,0.0], [0.0,0.0], [0.0,0.0], [0.0,0.0], [0.0,0.0], [0.0,0.0], [0.0,0.0], [0.0,0.0], [0.0,0.0], [0.0,0.0], [0.0,0.0], [0.0,0.0], [0.0,0.0], [0.0,0.0], [0.0,0.0]]
EXIT 1 FunctionDefinition_1 [[-Infinity,Infinity], [0.0,0.0], [0.0,0.0], [0.0,0.0], [0.0,0.0], [0.0,0.0], [0.0,0.0], [0.0,0.0], [0.0,0.0], [0.0,0.0], [0.0,0.0], [0.0,0.0], [0.0,0.0], [0.0,0.0], [0.0,0.0], [0.0,0.0], [0.0,0.0], [0.0,0.0], [0.0,0.0], [0.0,0.0], [0.0,0.0], [0.0,0.0], [0.0,0.0], [0.0,0.0], [0.0,0.0], [0.0,0.0], [0.0,0.0], [0.0,0.0], [0.0,0.0], [0.0,0.0], [0.0,0.0], [0.0,0.0], [0.0,0.0], [0.0,0.0], [0.0,0.0]]
ENTRY 1 FunctionEntry_1 [[-Infinity,Infinity], [0.0,0.0], [0.0,0.0], [0.0,0.0], [0.0,0.0], [0.0,0.0], [0.0,0.0], [0.0,0.0], [0.0,0.0], [0.0,0.0], [0.0,0.0], [0.0,0.0], [0.0,0.0], [0.0,0.0], [0.0,0.0], [0.0,0.0], [0.0,0.0], [0.0,0.0], [0.0,0.0], [0.0,0.0], [0.0,0.0], [0.0,0.0], [0.0,0.0], [0.0,0.0], [0.0,0.0], [0.0,0.0], [0.0,0.0], [0.0,0.0], [0.0,0.0], [0.0,0.0], [0.0,0.0], [0.0,0.0], [0.0,0.0], [0.0,0.0], [0.0,0.0]]
EXIT 1 FunctionEntry_1 [[-Infinity,Infinity], [0.0,0.0], [0.0,0.0], [0.0,0.0], [0.0,0.0], [0.0,0.0], [0.0,0.0], [0.0,0.0], [0.0,0.0], [0.0,0.0], [0.0,0.0], [0.0,0.0], [0.0,0.0], [0.0,0.0], [0.0,0.0], [0.0,0.0], [0.0,0.0], [0.0,0.0], [0.0,0.0], [0.0,0.0], [0.0,0.0], [0.0,0.0], [0.0,0.0], [0.0,0.0], [0.0,0.0], [0.0,0.0], [0.0,0.0], [0.0,0.0], [0.0,0.0], [0.0,0.0], [0.0,0.0], [0.0,0.0], [0.0,0.0], [0.0,0.0], [0.0,0.0]]
ENTRY 1 ExpressionStatement_1 [[-Infinity,Infinity], [0.0,0.0], [0.0,0.0], [0.0,0.0], [0.0,0.0], [0.0,0.0], [0.0,0.0], [0.0,0.0], [0.0,0.0], [0.0,0.0], [0.0,0.0], [0.0,0.0], [0.0,0.0], [0.0,0.0], [0.0,0.0], [0.0,0.0], [0.0,0.0], [0.0,0.0], [0.0,0.0], [0.0,0.0], [0.0,0.0], [0.0,0.0], [0.0,0.0], [0.0,0.0], [0.0,0.0], [0.0,0.0], [0.0,0.0], [0.0,0.0], [0.0,0.0], [0.0,0.0], [0.0,0.0], [0.0,0.0], [0.0,0.0], [0.0,0.0], [0.0,0.0]]
EXIT 1 ExpressionStatement_1 [[-Infinity,Infinity], [0.0,0.0], [0.0,0.0], [0.0,0.0], [0.0,0.0], [0.0,0.0], [0.0,0.0], [0.0,0.0], [0.0,0.0], [0.0,0.0], [0.0,0.0], [0.0,0.0], [0.0,0.0], [0.0,0.0], [0.0,0.0], [0.0,0.0], [0.0,0.0], [0.0,0.0], [0.0,0.0], [0.0,0.0], [0.0,0.0], [0.0,0.0], [0.0,0.0], [0.0,0.0], [0.0,0.0], [0.0,0.0], [0.0,0.0], [0.0,0.0], [0.0,0.0], [0.0,0.0], [0.0,0.0], [0.0,0.0], [0.0,0.0], [0.0,0.0], [0.0,0.0]]
ENTRY 1 FunctionExit_1 [[-Infinity,Infinity], [0.0,0.0], [0.0,0.0], [0.0,0.0], [0.0,0.0], [0.0,0.0], [0.0,0.0], [0.0,0.0], [0.0,0.0], [0.0,0.0], [0.0,0.0], [0.0,0.0], [0.0,0.0], [0.0,0.0], [0.0,0.0], [0.0,0.0], [0.0,0.0], [0.0,0.0], [0.0,0.0], [0.0,0.0], [0.0,0.0], [0.0,0.0], [0.0,0.0], [0.0,0.0], [0.0,0.0], [0.0,0.0], [0.0,0.0], [0.0,0.0], [0.0,0.0], [0.0,0.0], [0.0,0.0], [0.0,0.0], [0.0,0.0], [0.0,0.0], [0.0,0.0]]
EXIT 1 FunctionExit_1 [[-Infinity,Infinity], [0.0,0.0], [0.0,0.0], [0.0,0.0], [0.0,0.0], [0.0,0.0], [0.0,0.0], [0.0,0.0], [0.0,0.0], [0.0,0.0], [0.0,0.0], [0.0,0.0], [0.0,0.0], [0.0,0.0], [0.0,0.0], [0.0,0.0], [0.0,0.0], [0.0,0.0], [0.0,0.0], [0.0,0.0], [0.0,0.0], [0.0,0.0], [0.0,0.0], [0.0,0.0], [0.0,0.0], [0.0,0.0], [0.0,0.0], [0.0,0.0], [0.0,0.0], [0.0,0.0], [0.0,0.0], [0.0,0.0], [0.0,0.0], [0.0,0.0], [0.0,0.0]]
ENTRY 1 FunctionDefinition_2 [[-Infinity,Infinity], [0.0,0.0], [0.0,0.0], [0.0,0.0], [0.0,0.0], [0.0,0.0], [0.0,0.0], [0.0,0.0], [0.0,0.0], [0.0,0.0], [0.0,0.0], [0.0,0.0], [0.0,0.0], [0.0,0.0], [0.0,0.0], [0.0,0.0], [0.0,0.0], [0.0,0.0], [0.0,0.0], [0.0,0.0], [0.0,0.0], [0.0,0.0], [0.0,0.0], [0.0,0.0], [0.0,0.0], [0.0,0.0], [0.0,0.0], [0.0,0.0], [0.0,0.0], [0.0,0.0], [0.0,0.0], [0.0,0.0], [0.0,0.0], [0.0,0.0], [0.0,0.0]]
EXIT 1 FunctionDefinition_2 [[-Infinity,Infinity], [0.0,0.0], [0.0,0.0], [0.0,0.0], [0.0,0.0], [0.0,0.0], [0.0,0.0], [0.0,0.0], [0.0,0.0], [0.0,0.0], [0.0,0.0], [0.0,0.0], [0.0,0.0], [0.0,0.0], [0.0,0.0], [0.0,0.0], [0.0,0.0], [0.0,0.0], [0.0,0.0], [0.0,0.0], [0.0,0.0], [0.0,0.0], [0.0,0.0], [0.0,0.0], [0.0,0.0], [0.0,0.0], [0.0,0.0], [0.0,0.0], [0.0,0.0], [0.0,0.0], [0.0,0.0], [0.0,0.0], [0.0,0.0], [0.0,0.0], [0.0,0.0]]
ENTRY 1 FunctionEntry_2 [[-Infinity,Infinity], [0.0,0.0], [0.0,0.0], [0.0,0.0], [0.0,0.0], [0.0,0.0], [0.0,0.0], [0.0,0.0], [0.0,0.0], [0.0,0.0], [0.0,0.0], [0.0,0.0], [0.0,0.0], [0.0,0.0], [0.0,0.0], [0.0,0.0], [0.0,0.0], [0.0,0.0], [0.0,0.0], [0.0,0.0], [0.0,0.0], [0.0,0.0], [0.0,0.0], [0.0,0.0], [0.0,0.0], [0.0,0.0], [0.0,0.0], [0.0,0.0], [0.0,0.0], [0.0,0.0], [0.0,0.0], [0.0,0.0], [0.0,0.0], [0.0,0.0], [0.0,0.0]]
EXIT 1 FunctionEntry_2 [[-Infinity,Infinity], [0.0,0.0], [0.0,0.0], [0.0,0.0], [0.0,0.0], [0.0,0.0], [0.0,0.0], [0.0,0.0], [0.0,0.0], [0.0,0.0], [0.0,0.0], [0.0,0.0], [0.0,0.0], [0.0,0.0], [0.0,0.0], [0.0,0.0], [0.0,0.0], [0.0,0.0], [0.0,0.0], [0.0,0.0], [0.0,0.0], [0.0,0.0], [0.0,0.0], [0.0,0.0], [0.0,0.0], [0.0,0.0], [0.0,0.0], [0.0,0.0], [0.0,0.0], [0.0,0.0], [0.0,0.0], [0.0,0.0], [0.0,0.0], [0.0,0.0], [0.0,0.0]]
ENTRY 1 IfStatement_0 [[-Infinity,Infinity], [0.0,0.0], [0.0,0.0], [0.0,0.0], [0.0,0.0], [0.0,0.0], [0.0,0.0], [0.0,0.0], [0.0,0.0], [0.0,0.0], [0.0,0.0], [0.0,0.0], [0.0,0.0], [0.0,0.0], [0.0,0.0], [0.0,0.0], [0.0,0.0], [0.0,0.0], [0.0,0.0], [0.0,0.0], [0.0,0.0], [0.0,0.0], [0.0,0.0], [0.0,0.0], [0.0,0.0], [0.0,0.0], [0.0,0.0], [0.0,0.0], [0.0,0.0], [0.0,0.0], [0.0,0.0], [0.0,0.0], [0.0,0.0], [0.0,0.0], [0.0,0.0]]
EXIT 1 IfStatement_0 [[1.0,-1.0], [1.0,-1.0], [1.0,-1.0], [1.0,-1.0], [1.0,-1.0], [1.0,-1.0], [1.0,-1.0], [1.0,-1.0], [1.0,-1.0], [1.0,-1.0], [1.0,-1.0], [1.0,-1.0], [1.0,-1.0], [1.0,-1.0], [1.0,-1.0], [1.0,-1.0], [1.0,-1.0], [1.0,-1.0], [1.0,-1.0], [1.0,-1.0], [1.0,-1.0], [1.0,-1.0], [1.0,-1.0], [1.0,-1.0], [1.0,-1.0], [1.0,-1.0], [1.0,-1.0], [1.0,-1.0], [1.0,-1.0], [1.0,-1.0], [1.0,-1.0], [1.0,-1.0], [1.0,-1.0], [1.0,-1.0], [1.0,-1.0]]
ENTRY 1 ExpressionStatement_2 [[-Infinity,Infinity], [0.0,0.0], [0.0,0.0], [0.0,0.0], [0.0,0.0], [0.0,0.0], [0.0,0.0], [0.0,0.0], [0.0,0.0], [0.0,0.0], [0.0,0.0], [0.0,0.0], [0.0,0.0], [0.0,0.0], [0.0,0.0], [0.0,0.0], [0.0,0.0], [0.0,0.0], [0.0,0.0], [0.0,0.0], [0.0,0.0], [0.0,0.0], [0.0,0.0], [0.0,0.0], [0.0,0.0], [0.0,0.0], [0.0,0.0], [0.0,0.0], [0.0,0.0], [0.0,0.0], [0.0,0.0], [0.0,0.0], [0.0,0.0], [0.0,0.0], [0.0,0.0]]
EXIT 1 ExpressionStatement_2 [[-Infinity,Infinity], [0.0,0.0], [0.0,0.0], [0.0,0.0], [0.0,0.0], [0.0,0.0], [0.0,0.0], [0.0,0.0], [0.0,0.0], [0.0,0.0], [0.0,0.0], [0.0,0.0], [0.0,0.0], [0.0,0.0], [0.0,0.0], [0.0,0.0], [0.0,0.0], [0.0,0.0], [0.0,0.0], [0.0,0.0], [0.0,0.0], [0.0,0.0], [0.0,0.0], [0.0,0.0], [0.0,0.0], [0.0,0.0], [0.0,0.0], [0.0,0.0], [0.0,0.0], [0.0,0.0], [0.0,0.0], [0.0,0.0], [0.0,0.0], [0.0,0.0], [0.0,0.0]]
ENTRY 1 Return_0 [[-Infinity,Infinity], [0.0,0.0], [0.0,0.0], [0.0,0.0], [0.0,0.0], [0.0,0.0], [0.0,0.0], [0.0,0.0], [0.0,0.0], [0.0,0.0], [0.0,0.0], [0.0,0.0], [0.0,0.0], [0.0,0.0], [0.0,0.0], [0.0,0.0], [0.0,0.0], [0.0,0.0], [0.0,0.0], [0.0,0.0], [0.0,0.0], [0.0,0.0], [0.0,0.0], [0.0,0.0], [0.0,0.0], [0.0,0.0], [0.0,0.0], [0.0,0.0], [0.0,0.0], [0.0,0.0], [0.0,0.0], [0.0,0.0], [0.0,0.0], [0.0,0.0], [0.0,0.0]]
EXIT 1 Return_0 [[-Infinity,Infinity], [0.0,0.0], [0.0,0.0], [0.0,0.0], [0.0,0.0], [0.0,0.0], [0.0,0.0], [0.0,0.0], [0.0,0.0], [0.0,0.0], [0.0,0.0], [0.0,0.0], [0.0,0.0], [0.0,0.0], [0.0,0.0], [0.0,0.0], [0.0,0.0], [0.0,0.0], [0.0,0.0], [0.0,0.0], [0.0,0.0], [0.0,0.0], [0.0,0.0], [0.0,0.0], [0.0,0.0], [0.0,0.0], [0.0,0.0], [0.0,0.0], [0.0,0.0], [0.0,0.0], [0.0,0.0], [0.0,0.0], [0.0,0.0], [0.0,0.0], [0.0,0.0]]
ENTRY 1 IfConditionJoin_0 [[-Infinity,Infinity], [0.0,0.0], [0.0,0.0], [0.0,0.0], [0.0,0.0], [0.0,0.0], [0.0,0.0], [0.0,0.0], [0.0,0.0], [0.0,0.0], [0.0,0.0], [0.0,0.0], [0.0,0.0], [0.0,0.0], [0.0,0.0], [0.0,0.0], [0.0,0.0], [0.0,0.0], [0.0,0.0], [0.0,0.0], [0.0,0.0], [0.0,0.0], [0.0,0.0], [0.0,0.0], [0.0,0.0], [0.0,0.0], [0.0,0.0], [0.0,0.0], [0.0,0.0], [0.0,0.0], [0.0,0.0], [0.0,0.0], [0.0,0.0], [0.0,0.0], [0.0,0.0]]
EXIT 1 IfConditionJoin_0 [[-Infinity,Infinity], [0.0,0.0], [0.0,0.0], [0.0,0.0], [0.0,0.0], [0.0,0.0], [0.0,0.0], [0.0,0.0], [0.0,0.0], [0.0,0.0], [0.0,0.0], [0.0,0.0], [0.0,0.0], [0.0,0.0], [0.0,0.0], [0.0,0.0], [0.0,0.0], [0.0,0.0], [0.0,0.0], [0.0,0.0], [0.0,0.0], [0.0,0.0], [0.0,0.0], [0.0,0.0], [0.0,0.0], [0.0,0.0], [0.0,0.0], [0.0,0.0], [0.0,0.0], [0.0,0.0], [0.0,0.0], [0.0,0.0], [0.0,0.0], [0.0,0.0], [0.0,0.0]]
ENTRY 1 ExpressionStatement_3 [[-Infinity,Infinity], [0.0,0.0], [0.0,0.0], [0.0,0.0], [0.0,0.0], [0.0,0.0], [0.0,0.0], [0.0,0.0], [0.0,0.0], [0.0,0.0], [0.0,0.0], [0.0,0.0], [0.0,0.0], [0.0,0.0], [0.0,0.0], [0.0,0.0], [0.0,0.0], [0.0,0.0], [0.0,0.0], [0.0,0.0], [0.0,0.0], [0.0,0.0], [0.0,0.0], [0.0,0.0], [0.0,0.0], [0.0,0.0], [0.0,0.0], [0.0,0.0], [0.0,0.0], [0.0,0.0], [0.0,0.0], [0.0,0.0], [0.0,0.0], [0.0,0.0], [0.0,0.0]]
EXIT 1 ExpressionStatement_3 [[-Infinity,Infinity], [0.0,0.0], [0.0,0.0], [0.0,0.0], [0.0,0.0], [0.0,0.0], [0.0,0.0], [0.0,0.0], [0.0,0.0], [0.0,0.0], [0.0,0.0], [0.0,0.0], [0.0,0.0], [0.0,0.0], [0.0,0.0], [0.0,0.0], [0.0,0.0], [0.0,0.0], [0.0,0.0], [0.0,0.0], [0.0,0.0], [0.0,0.0], [0.0,0.0], [0.0,0.0], [0.0,0.0], [0.0,0.0], [0.0,0.0], [0.0,0.0], [0.0,0.0], [0.0,0.0], [0.0,0.0], [0.0,0.0], [0.0,0.0], [0.0,0.0], [0.0,0.0]]
ENTRY 1 FunctionExit_2 [[-Infinity,Infinity], [0.0,0.0], [0.0,0.0], [0.0,0.0], [0.0,0.0], [0.0,0.0], [0.0,0.0], [0.0,0.0], [0.0,0.0], [0.0,0.0], [0.0,0.0], [0.0,0.0], [0.0,0.0], [0.0,0.0], [0.0,0.0], [0.0,0.0], [0.0,0.0], [0.0,0.0], [0.0,0.0], [0.0,0.0], [0.0,0.0], [0.0,0.0], [0.0,0.0], [0.0,0.0], [0.0,0.0], [0.0,0.0], [0.0,0.0], [0.0,0.0], [0.0,0.0], [0.0,0.0], [0.0,0.0], [0.0,0.0], [0.0,0.0], [0.0,0.0], [0.0,0.0]]
EXIT 1 FunctionExit_2 [[-Infinity,Infinity], [0.0,0.0], [0.0,0.0], [0.0,0.0], [0.0,0.0], [0.0,0.0], [0.0,0.0], [0.0,0.0], [0.0,0.0], [0.0,0.0], [0.0,0.0], [0.0,0.0], [0.0,0.0], [0.0,0.0], [0.0,0.0], [0.0,0.0], [0.0,0.0], [0.0,0.0], [0.0,0.0], [0.0,0.0], [0.0,0.0], [0.0,0.0], [0.0,0.0], [0.0,0.0], [0.0,0.0], [0.0,0.0], [0.0,0.0], [0.0,0.0], [0.0,0.0], [0.0,0.0], [0.0,0.0], [0.0,0.0], [0.0,0.0], [0.0,0.0], [0.0,0.0]]
ENTRY 1 FunctionDefinition_3 [[-Infinity,Infinity], [0.0,0.0], [0.0,0.0], [0.0,0.0], [0.0,0.0], [0.0,0.0], [0.0,0.0], [0.0,0.0], [0.0,0.0], [0.0,0.0], [0.0,0.0], [0.0,0.0], [0.0,0.0], [0.0,0.0], [0.0,0.0], [0.0,0.0], [0.0,0.0], [0.0,0.0], [0.0,0.0], [0.0,0.0], [0.0,0.0], [0.0,0.0], [0.0,0.0], [0.0,0.0], [0.0,0.0], [0.0,0.0], [0.0,0.0], [0.0,0.0], [0.0,0.0], [0.0,0.0], [0.0,0.0], [0.0,0.0], [0.0,0.0], [0.0,0.0], [0.0,0.0]]
EXIT 1 FunctionDefinition_3 [[-Infinity,Infinity], [0.0,0.0], [0.0,0.0], [0.0,0.0], [0.0,0.0], [0.0,0.0], [0.0,0.0], [0.0,0.0], [0.0,0.0], [0.0,0.0], [0.0,0.0], [0.0,0.0], [0.0,0.0], [0.0,0.0], [0.0,0.0], [0.0,0.0], [0.0,0.0], [0.0,0.0], [0.0,0.0], [0.0,0.0], [0.0,0.0], [0.0,0.0], [0.0,0.0], [0.0,0.0], [0.0,0.0], [0.0,0.0], [0.0,0.0], [0.0,0.0], [0.0,0.0], [0.0,0.0], [0.0,0.0], [0.0,0.0], [0.0,0.0], [0.0,0.0], [0.0,0.0]]
ENTRY 1 FunctionEntry_3 [[-Infinity,Infinity], [0.0,0.0], [0.0,0.0], [0.0,0.0], [0.0,0.0], [0.0,0.0], [0.0,0.0], [0.0,0.0], [0.0,0.0], [0.0,0.0], [0.0,0.0], [0.0,0.0], [0.0,0.0], [0.0,0.0], [0.0,0.0], [0.0,0.0], [0.0,0.0], [0.0,0.0], [0.0,0.0], [0.0,0.0], [0.0,0.0], [0.0,0.0], [0.0,0.0], [0.0,0.0], [0.0,0.0], [0.0,0.0], [0.0,0.0], [0.0,0.0], [0.0,0.0], [0.0,0.0], [0.0,0.0], [0.0,0.0], [0.0,0.0], [0.0,0.0], [0.0,0.0]]
EXIT 1 FunctionEntry_3 [[-Infinity,Infinity], [0.0,0.0], [0.0,0.0], [0.0,0.0], [0.0,0.0], [0.0,0.0], [0.0,0.0], [0.0,0.0], [0.0,0.0], [0.0,0.0], [0.0,0.0], [0.0,0.0], [0.0,0.0], [0.0,0.0], [0.0,0.0], [0.0,0.0], [0.0,0.0], [0.0,0.0], [0.0,0.0], [0.0,0.0], [0.0,0.0], [0.0,0.0], [0.0,0.0], [0.0,0.0], [0.0,0.0], [0.0,0.0], [0.0,0.0], [0.0,0.0], [0.0,0.0], [0.0,0.0], [0.0,0.0], [0.0,0.0], [0.0,0.0], [0.0,0.0], [0.0,0.0]]
ENTRY 1 VariableDeclarationStatement_0 [[-Infinity,Infinity], [0.0,0.0], [0.0,0.0], [0.0,0.0], [0.0,0.0], [0.0,0.0], [0.0,0.0], [0.0,0.0], [0.0,0.0], [0.0,0.0], [0.0,0.0], [0.0,0.0], [0.0,0.0], [0.0,0.0], [0.0,0.0], [0.0,0.0], [0.0,0.0], [0.0,0.0], [0.0,0.0], [0.0,0.0], [0.0,0.0], [0.0,0.0], [0.0,0.0], [0.0,0.0], [0.0,0.0], [0.0,0.0], [0.0,0.0], [0.0,0.0], [0.0,0.0], [0.0,0.0], [0.0,0.0], [0.0,0.0], [0.0,0.0], [0.0,0.0], [0.0,0.0]]
EXIT 1 VariableDeclarationStatement_0 [[-Infinity,Infinity], [0.0,0.0], [0.0,0.0], [0.0,0.0], [0.0,0.0], [0.0,0.0], [0.0,0.0], [1.0,1.0], [0.0,0.0], [0.0,0.0], [0.0,0.0], [0.0,0.0], [0.0,0.0], [0.0,0.0], [0.0,0.0], [0.0,0.0], [0.0,0.0], [0.0,0.0], [0.0,0.0], [0.0,0.0], [0.0,0.0], [0.0,0.0], [0.0,0.0], [0.0,0.0], [0.0,0.0], [0.0,0.0], [0.0,0.0], [0.0,0.0], [0.0,0.0], [0.0,0.0], [0.0,0.0], [0.0,0.0], [0.0,0.0], [0.0,0.0], [0.0,0.0]]
ENTRY 1 IfStatement_1 [[-Infinity,Infinity], [0.0,0.0], [0.0,0.0], [0.0,0.0], [0.0,0.0], [0.0,0.0], [0.0,0.0], [1.0,1.0], [0.0,0.0], [0.0,0.0], [0.0,0.0], [0.0,0.0], [0.0,0.0], [0.0,0.0], [0.0,0.0], [0.0,0.0], [0.0,0.0], [0.0,0.0], [0.0,0.0], [0.0,0.0], [0.0,0.0], [0.0,0.0], [0.0,0.0], [0.0,0.0], [0.0,0.0], [0.0,0.0], [0.0,0.0], [0.0,0.0], [0.0,0.0], [0.0,0.0], [0.0,0.0], [0.0,0.0], [0.0,0.0], [0.0,0.0], [0.0,0.0]]
EXIT 1 IfStatement_1 [[1.0,-1.0], [1.0,-1.0], [1.0,-1.0], [1.0,-1.0], [1.0,-1.0], [1.0,-1.0], [1.0,-1.0], [1.0,-1.0], [1.0,-1.0], [1.0,-1.0], [1.0,-1.0], [1.0,-1.0], [1.0,-1.0], [1.0,-1.0], [1.0,-1.0], [1.0,-1.0], [1.0,-1.0], [1.0,-1.0], [1.0,-1.0], [1.0,-1.0], [1.0,-1.0], [1.0,-1.0], [1.0,-1.0], [1.0,-1.0], [1.0,-1.0], [1.0,-1.0], [1.0,-1.0], [1.0,-1.0], [1.0,-1.0], [1.0,-1.0], [1.0,-1.0], [1.0,-1.0], [1.0,-1.0], [1.0,-1.0], [1.0,-1.0]]
ENTRY 1 ExpressionStatement_4 [[-Infinity,Infinity], [0.0,0.0], [0.0,0.0], [0.0,0.0], [0.0,0.0], [0.0,0.0], [0.0,0.0], [1.0,1.0], [0.0,0.0], [0.0,0.0], [0.0,0.0], [0.0,0.0], [0.0,0.0], [0.0,0.0], [0.0,0.0], [0.0,0.0], [0.0,0.0], [0.0,0.0], [0.0,0.0], [0.0,0.0], [0.0,0.0], [0.0,0.0], [0.0,0.0], [0.0,0.0], [0.0,0.0], [0.0,0.0], [0.0,0.0], [0.0,0.0], [0.0,0.0], [0.0,0.0], [0.0,0.0], [0.0,0.0], [0.0,0.0], [0.0,0.0], [0.0,0.0]]
EXIT 1 ExpressionStatement_4 [[-Infinity,Infinity], [0.0,0.0], [0.0,0.0], [0.0,0.0], [0.0,0.0], [0.0,0.0], [0.0,0.0], [1.0,1.0], [0.0,0.0], [0.0,0.0], [0.0,0.0], [0.0,0.0], [0.0,0.0], [0.0,0.0], [0.0,0.0], [0.0,0.0], [0.0,0.0], [0.0,0.0], [0.0,0.0], [0.0,0.0], [0.0,0.0], [0.0,0.0], [0.0,0.0], [0.0,0.0], [0.0,0.0], [0.0,0.0], [0.0,0.0], [0.0,0.0], [0.0,0.0], [0.0,0.0], [0.0,0.0], [0.0,0.0], [0.0,0.0], [0.0,0.0], [0.0,0.0]]
ENTRY 1 ExpressionStatement_5 [[-Infinity,Infinity], [0.0,0.0], [0.0,0.0], [0.0,0.0], [0.0,0.0], [0.0,0.0], [0.0,0.0], [1.0,1.0], [0.0,0.0], [0.0,0.0], [0.0,0.0], [0.0,0.0], [0.0,0.0], [0.0,0.0], [0.0,0.0], [0.0,0.0], [0.0,0.0], [0.0,0.0], [0.0,0.0], [0.0,0.0], [0.0,0.0], [0.0,0.0], [0.0,0.0], [0.0,0.0], [0.0,0.0], [0.0,0.0], [0.0,0.0], [0.0,0.0], [0.0,0.0], [0.0,0.0], [0.0,0.0], [0.0,0.0], [0.0,0.0], [0.0,0.0], [0.0,0.0]]
EXIT 1 ExpressionStatement_5 [[-Infinity,Infinity], [0.0,0.0], [0.0,0.0], [0.0,0.0], [0.0,0.0], [0.0,0.0], [0.0,0.0], [1.0,1.0], [0.0,0.0], [0.0,0.0], [0.0,0.0], [0.0,0.0], [0.0,0.0], [0.0,0.0], [0.0,0.0], [0.0,0.0], [0.0,0.0], [0.0,0.0], [0.0,0.0], [0.0,0.0], [0.0,0.0], [0.0,0.0], [0.0,0.0], [0.0,0.0], [0.0,0.0], [0.0,0.0], [0.0,0.0], [0.0,0.0], [0.0,0.0], [0.0,0.0], [0.0,0.0], [0.0,0.0], [0.0,0.0], [0.0,0.0], [0.0,0.0]]
ENTRY 1 IfConditionJoin_1 [[-Infinity,Infinity], [0.0,0.0], [0.0,0.0], [0.0,0.0], [0.0,0.0], [0.0,0.0], [0.0,0.0], [1.0,1.0], [0.0,0.0], [0.0,0.0], [0.0,0.0], [0.0,0.0], [0.0,0.0], [0.0,0.0], [0.0,0.0], [0.0,0.0], [0.0,0.0], [0.0,0.0], [0.0,0.0], [0.0,0.0], [0.0,0.0], [0.0,0.0], [0.0,0.0], [0.0,0.0], [0.0,0.0], [0.0,0.0], [0.0,0.0], [0.0,0.0], [0.0,0.0], [0.0,0.0], [0.0,0.0], [0.0,0.0], [0.0,0.0], [0.0,0.0], [0.0,0.0]]
EXIT 1 IfConditionJoin_1 [[-Infinity,Infinity], [0.0,0.0], [0.0,0.0], [0.0,0.0], [0.0,0.0], [0.0,0.0], [0.0,0.0], [1.0,1.0], [0.0,0.0], [0.0,0.0], [0.0,0.0], [0.0,0.0], [0.0,0.0], [0.0,0.0], [0.0,0.0], [0.0,0.0], [0.0,0.0], [0.0,0.0], [0.0,0.0], [0.0,0.0], [0.0,0.0], [0.0,0.0], [0.0,0.0], [0.0,0.0], [0.0,0.0], [0.0,0.0], [0.0,0.0], [0.0,0.0], [0.0,0.0], [0.0,0.0], [0.0,0.0], [0.0,0.0], [0.0,0.0], [0.0,0.0], [0.0,0.0]]
ENTRY 1 IfStatement_2 [[-Infinity,Infinity], [0.0,0.0], [0.0,0.0], [0.0,0.0], [0.0,0.0], [0.0,0.0], [0.0,0.0], [1.0,1.0], [0.0,0.0], [0.0,0.0], [0.0,0.0], [0.0,0.0], [0.0,0.0], [0.0,0.0], [0.0,0.0], [0.0,0.0], [0.0,0.0], [0.0,0.0], [0.0,0.0], [0.0,0.0], [0.0,0.0], [0.0,0.0], [0.0,0.0], [0.0,0.0], [0.0,0.0], [0.0,0.0], [0.0,0.0], [0.0,0.0], [0.0,0.0], [0.0,0.0], [0.0,0.0], [0.0,0.0], [0.0,0.0], [0.0,0.0], [0.0,0.0]]
EXIT 1 IfStatement_2 [[1.0,-1.0], [1.0,-1.0], [1.0,-1.0], [1.0,-1.0], [1.0,-1.0], [1.0,-1.0], [1.0,-1.0], [1.0,-1.0], [1.0,-1.0], [1.0,-1.0], [1.0,-1.0], [1.0,-1.0], [1.0,-1.0], [1.0,-1.0], [1.0,-1.0], [1.0,-1.0], [1.0,-1.0], [1.0,-1.0], [1.0,-1.0], [1.0,-1.0], [1.0,-1.0], [1.0,-1.0], [1.0,-1.0], [1.0,-1.0], [1.0,-1.0], [1.0,-1.0], [1.0,-1.0], [1.0,-1.0], [1.0,-1.0], [1.0,-1.0], [1.0,-1.0], [1.0,-1.0], [1.0,-1.0], [1.0,-1.0], [1.0,-1.0]]
ENTRY 1 ExpressionStatement_6 [[-Infinity,Infinity], [0.0,0.0], [0.0,0.0], [0.0,0.0], [0.0,0.0], [0.0,0.0], [0.0,0.0], [1.0,1.0], [0.0,0.0], [0.0,0.0], [0.0,0.0], [0.0,0.0], [0.0,0.0], [0.0,0.0], [0.0,0.0], [0.0,0.0], [0.0,0.0], [0.0,0.0], [0.0,0.0], [0.0,0.0], [0.0,0.0], [0.0,0.0], [0.0,0.0], [0.0,0.0], [0.0,0.0], [0.0,0.0], [0.0,0.0], [0.0,0.0], [0.0,0.0], [0.0,0.0], [0.0,0.0], [0.0,0.0], [0.0,0.0], [0.0,0.0], [0.0,0.0]]
EXIT 1 ExpressionStatement_6 [[-Infinity,Infinity], [0.0,0.0], [0.0,0.0], [0.0,0.0], [0.0,0.0], [0.0,0.0], [0.0,0.0], [1.0,1.0], [-Infinity,Infinity], [0.0,0.0], [0.0,0.0], [0.0,0.0], [0.0,0.0], [0.0,0.0], [0.0,0.0], [0.0,0.0], [0.0,0.0], [0.0,0.0], [0.0,0.0], [0.0,0.0], [0.0,0.0], [0.0,0.0], [0.0,0.0], [0.0,0.0], [0.0,0.0], [0.0,0.0], [0.0,0.0], [0.0,0.0], [0.0,0.0], [0.0,0.0], [0.0,0.0], [0.0,0.0], [0.0,0.0], [0.0,0.0], [0.0,0.0]]
ENTRY 1 ExpressionStatement_7 [[-Infinity,Infinity], [0.0,0.0], [0.0,0.0], [0.0,0.0], [0.0,0.0], [0.0,0.0], [0.0,0.0], [1.0,1.0], [-Infinity,Infinity], [0.0,0.0], [0.0,0.0], [0.0,0.0], [0.0,0.0], [0.0,0.0], [0.0,0.0], [0.0,0.0], [0.0,0.0], [0.0,0.0], [0.0,0.0], [0.0,0.0], [0.0,0.0], [0.0,0.0], [0.0,0.0], [0.0,0.0], [0.0,0.0], [0.0,0.0], [0.0,0.0], [0.0,0.0], [0.0,0.0], [0.0,0.0], [0.0,0.0], [0.0,0.0], [0.0,0.0], [0.0,0.0], [0.0,0.0]]
EXIT 1 ExpressionStatement_7 [[-Infinity,Infinity], [0.0,0.0], [0.0,0.0], [0.0,0.0], [0.0,0.0], [0.0,0.0], [0.0,0.0], [1.0,1.0], [-Infinity,Infinity], [0.0,0.0], [0.0,0.0], [0.0,0.0], [0.0,0.0], [0.0,0.0], [0.0,0.0], [0.0,0.0], [0.0,0.0], [0.0,0.0], [0.0,0.0], [0.0,0.0], [0.0,0.0], [0.0,0.0], [0.0,0.0], [0.0,0.0], [0.0,0.0], [0.0,0.0], [0.0,0.0], [0.0,0.0], [0.0,0.0], [0.0,0.0], [0.0,0.0], [0.0,0.0], [0.0,0.0], [0.0,0.0], [0.0,0.0]]
ENTRY 1 ExpressionStatement_8 [[-Infinity,Infinity], [0.0,0.0], [0.0,0.0], [0.0,0.0], [0.0,0.0], [0.0,0.0], [0.0,0.0], [1.0,1.0], [-Infinity,Infinity], [0.0,0.0], [0.0,0.0], [0.0,0.0], [0.0,0.0], [0.0,0.0], [0.0,0.0], [0.0,0.0], [0.0,0.0], [0.0,0.0], [0.0,0.0], [0.0,0.0], [0.0,0.0], [0.0,0.0], [0.0,0.0], [0.0,0.0], [0.0,0.0], [0.0,0.0], [0.0,0.0], [0.0,0.0], [0.0,0.0], [0.0,0.0], [0.0,0.0], [0.0,0.0], [0.0,0.0], [0.0,0.0], [0.0,0.0]]
EXIT 1 ExpressionStatement_8 [[-Infinity,Infinity], [0.0,0.0], [0.0,0.0], [0.0,0.0], [0.0,0.0], [0.0,0.0], [0.0,0.0], [1.0,1.0], [-Infinity,Infinity], [0.0,0.0], [0.0,0.0], [0.0,0.0], [0.0,0.0], [0.0,0.0], [0.0,0.0], [0.0,0.0], [0.0,0.0], [0.0,0.0], [0.0,0.0], [0.0,0.0], [0.0,0.0], [0.0,0.0], [0.0,0.0], [0.0,0.0], [0.0,0.0], [0.0,0.0], [0.0,0.0], [0.0,0.0], [0.0,0.0], [0.0,0.0], [0.0,0.0], [0.0,0.0], [0.0,0.0], [0.0,0.0], [0.0,0.0]]
ENTRY 1 IfConditionJoin_2 [[-Infinity,Infinity], [0.0,0.0], [0.0,0.0], [0.0,0.0], [0.0,0.0], [0.0,0.0], [0.0,0.0], [1.0,1.0], [-Infinity,Infinity], [0.0,0.0], [0.0,0.0], [0.0,0.0], [0.0,0.0], [0.0,0.0], [0.0,0.0], [0.0,0.0], [0.0,0.0], [0.0,0.0], [0.0,0.0], [0.0,0.0], [0.0,0.0], [0.0,0.0], [0.0,0.0], [0.0,0.0], [0.0,0.0], [0.0,0.0], [0.0,0.0], [0.0,0.0], [0.0,0.0], [0.0,0.0], [0.0,0.0], [0.0,0.0], [0.0,0.0], [0.0,0.0], [0.0,0.0]]
EXIT 1 IfConditionJoin_2 [[-Infinity,Infinity], [0.0,0.0], [0.0,0.0], [0.0,0.0], [0.0,0.0], [0.0,0.0], [0.0,0.0], [1.0,1.0], [-Infinity,Infinity], [0.0,0.0], [0.0,0.0], [0.0,0.0], [0.0,0.0], [0.0,0.0], [0.0,0.0], [0.0,0.0], [0.0,0.0], [0.0,0.0], [0.0,0.0], [0.0,0.0], [0.0,0.0], [0.0,0.0], [0.0,0.0], [0.0,0.0], [0.0,0.0], [0.0,0.0], [0.0,0.0], [0.0,0.0], [0.0,0.0], [0.0,0.0], [0.0,0.0], [0.0,0.0], [0.0,0.0], [0.0,0.0], [0.0,0.0]]
ENTRY 1 ExpressionStatement_9 [[-Infinity,Infinity], [0.0,0.0], [0.0,0.0], [0.0,0.0], [0.0,0.0], [0.0,0.0], [0.0,0.0], [1.0,1.0], [-Infinity,Infinity], [0.0,0.0], [0.0,0.0], [0.0,0.0], [0.0,0.0], [0.0,0.0], [0.0,0.0], [0.0,0.0], [0.0,0.0], [0.0,0.0], [0.0,0.0], [0.0,0.0], [0.0,0.0], [0.0,0.0], [0.0,0.0], [0.0,0.0], [0.0,0.0], [0.0,0.0], [0.0,0.0], [0.0,0.0], [0.0,0.0], [0.0,0.0], [0.0,0.0], [0.0,0.0], [0.0,0.0], [0.0,0.0], [0.0,0.0]]
EXIT 1 ExpressionStatement_9 [[-Infinity,Infinity], [0.0,0.0], [0.0,0.0], [0.0,0.0], [0.0,0.0], [0.0,0.0], [0.0,0.0], [1.0,1.0], [-Infinity,Infinity], [0.0,0.0], [0.0,0.0], [0.0,0.0], [0.0,0.0], [0.0,0.0], [0.0,0.0], [0.0,0.0], [0.0,0.0], [0.0,0.0], [0.0,0.0], [0.0,0.0], [0.0,0.0], [0.0,0.0], [0.0,0.0], [0.0,0.0], [0.0,0.0], [0.0,0.0], [0.0,0.0], [0.0,0.0], [0.0,0.0], [0.0,0.0], [0.0,0.0], [0.0,0.0], [0.0,0.0], [0.0,0.0], [0.0,0.0]]
ENTRY 1 ExpressionStatement_10 [[-Infinity,Infinity], [0.0,0.0], [0.0,0.0], [0.0,0.0], [0.0,0.0], [0.0,0.0], [0.0,0.0], [1.0,1.0], [-Infinity,Infinity], [0.0,0.0], [0.0,0.0], [0.0,0.0], [0.0,0.0], [0.0,0.0], [0.0,0.0], [0.0,0.0], [0.0,0.0], [0.0,0.0], [0.0,0.0], [0.0,0.0], [0.0,0.0], [0.0,0.0], [0.0,0.0], [0.0,0.0], [0.0,0.0], [0.0,0.0], [0.0,0.0], [0.0,0.0], [0.0,0.0], [0.0,0.0], [0.0,0.0], [0.0,0.0], [0.0,0.0], [0.0,0.0], [0.0,0.0]]
EXIT 1 ExpressionStatement_10 [[-Infinity,Infinity], [0.0,0.0], [0.0,0.0], [0.0,0.0], [0.0,0.0], [0.0,0.0], [0.0,0.0], [1.0,1.0], [-Infinity,Infinity], [1.0,1.0], [0.0,0.0], [0.0,0.0], [0.0,0.0], [0.0,0.0], [0.0,0.0], [0.0,0.0], [0.0,0.0], [0.0,0.0], [0.0,0.0], [0.0,0.0], [0.0,0.0], [0.0,0.0], [0.0,0.0], [0.0,0.0], [0.0,0.0], [0.0,0.0], [0.0,0.0], [0.0,0.0], [0.0,0.0], [0.0,0.0], [0.0,0.0], [0.0,0.0], [0.0,0.0], [0.0,0.0], [0.0,0.0]]
ENTRY 1 ExpressionStatement_11 [[-Infinity,Infinity], [0.0,0.0], [0.0,0.0], [0.0,0.0], [0.0,0.0], [0.0,0.0], [0.0,0.0], [1.0,1.0], [-Infinity,Infinity], [1.0,1.0], [0.0,0.0], [0.0,0.0], [0.0,0.0], [0.0,0.0], [0.0,0.0], [0.0,0.0], [0.0,0.0], [0.0,0.0], [0.0,0.0], [0.0,0.0], [0.0,0.0], [0.0,0.0], [0.0,0.0], [0.0,0.0], [0.0,0.0], [0.0,0.0], [0.0,0.0], [0.0,0.0], [0.0,0.0], [0.0,0.0], [0.0,0.0], [0.0,0.0], [0.0,0.0], [0.0,0.0], [0.0,0.0]]
EXIT 1 ExpressionStatement_11 [[-Infinity,Infinity], [0.0,0.0], [0.0,0.0], [0.0,0.0], [0.0,0.0], [0.0,0.0], [0.0,0.0], [1.0,1.0], [-Infinity,Infinity], [1.0,1.0], [0.0,0.0], [0.0,0.0], [0.0,0.0], [0.0,0.0], [0.0,0.0], [0.0,0.0], [0.0,0.0], [0.0,0.0], [0.0,0.0], [0.0,0.0], [0.0,0.0], [0.0,0.0], [0.0,0.0], [0.0,0.0], [0.0,0.0], [0.0,0.0], [0.0,0.0], [0.0,0.0], [0.0,0.0], [0.0,0.0], [0.0,0.0], [0.0,0.0], [0.0,0.0], [0.0,0.0], [0.0,0.0]]
ENTRY 1 ExpressionStatement_12 [[-Infinity,Infinity], [0.0,0.0], [0.0,0.0], [0.0,0.0], [0.0,0.0], [0.0,0.0], [0.0,0.0], [1.0,1.0], [-Infinity,Infinity], [1.0,1.0], [0.0,0.0], [0.0,0.0], [0.0,0.0], [0.0,0.0], [0.0,0.0], [0.0,0.0], [0.0,0.0], [0.0,0.0], [0.0,0.0], [0.0,0.0], [0.0,0.0], [0.0,0.0], [0.0,0.0], [0.0,0.0], [0.0,0.0], [0.0,0.0], [0.0,0.0], [0.0,0.0], [0.0,0.0], [0.0,0.0], [0.0,0.0], [0.0,0.0], [0.0,0.0], [0.0,0.0], [0.0,0.0]]
EXIT 1 ExpressionStatement_12 [[-Infinity,Infinity], [-Infinity,Infinity], [0.0,0.0], [0.0,0.0], [0.0,0.0], [0.0,0.0], [0.0,0.0], [1.0,1.0], [-Infinity,Infinity], [1.0,1.0], [0.0,0.0], [0.0,0.0], [0.0,0.0], [0.0,0.0], [0.0,0.0], [0.0,0.0], [0.0,0.0], [0.0,0.0], [0.0,0.0], [0.0,0.0], [0.0,0.0], [0.0,0.0], [0.0,0.0], [0.0,0.0], [0.0,0.0], [0.0,0.0], [0.0,0.0], [0.0,0.0], [0.0,0.0], [0.0,0.0], [0.0,0.0], [0.0,0.0], [0.0,0.0], [0.0,0.0], [0.0,0.0]]
ENTRY 1 VariableDeclarationStatement_1 [[-Infinity,Infinity], [-Infinity,Infinity], [0.0,0.0], [0.0,0.0], [0.0,0.0], [0.0,0.0], [0.0,0.0], [1.0,1.0], [-Infinity,Infinity], [1.0,1.0], [0.0,0.0], [0.0,0.0], [0.0,0.0], [0.0,0.0], [0.0,0.0], [0.0,0.0], [0.0,0.0], [0.0,0.0], [0.0,0.0], [0.0,0.0], [0.0,0.0], [0.0,0.0], [0.0,0.0], [0.0,0.0], [0.0,0.0], [0.0,0.0], [0.0,0.0], [0.0,0.0], [0.0,0.0], [0.0,0.0], [0.0,0.0], [0.0,0.0], [0.0,0.0], [0.0,0.0], [0.0,0.0]]
EXIT 1 VariableDeclarationStatement_1 [[-Infinity,Infinity], [-Infinity,Infinity], [0.0,0.0], [0.0,0.0], [0.0,0.0], [0.0,0.0], [0.0,0.0], [1.0,1.0], [-Infinity,Infinity], [1.0,1.0], [0.0,0.0], [0.0,0.0], [0.0,0.0], [0.0,0.0], [0.0,0.0], [0.0,0.0], [0.0,0.0], [0.0,0.0], [0.0,0.0], [0.0,0.0], [0.0,0.0], [0.0,0.0], [0.0,0.0], [0.0,0.0], [0.0,0.0], [0.0,0.0], [0.0,0.0], [0.0,0.0], [0.0,0.0], [0.0,0.0], [0.0,0.0], [0.0,0.0], [0.0,0.0], [0.0,0.0], [0.0,0.0]]
ENTRY 1 VariableDeclarationStatement_2 [[-Infinity,Infinity], [-Infinity,Infinity], [0.0,0.0], [0.0,0.0], [0.0,0.0], [0.0,0.0], [0.0,0.0], [1.0,1.0], [-Infinity,Infinity], [1.0,1.0], [0.0,0.0], [0.0,0.0], [0.0,0.0], [0.0,0.0], [0.0,0.0], [0.0,0.0], [0.0,0.0], [0.0,0.0], [0.0,0.0], [0.0,0.0], [0.0,0.0], [0.0,0.0], [0.0,0.0], [0.0,0.0], [0.0,0.0], [0.0,0.0], [0.0,0.0], [0.0,0.0], [0.0,0.0], [0.0,0.0], [0.0,0.0], [0.0,0.0], [0.0,0.0], [0.0,0.0], [0.0,0.0]]
EXIT 1 VariableDeclarationStatement_2 [[-Infinity,Infinity], [-Infinity,Infinity], [0.0,0.0], [0.0,0.0], [0.0,0.0], [0.0,0.0], [0.0,0.0], [1.0,1.0], [-Infinity,Infinity], [1.0,1.0], [0.0,0.0], [0.0,0.0], [0.0,0.0], [0.0,0.0], [0.0,0.0], [-Infinity,Infinity], [0.0,0.0], [0.0,0.0], [0.0,0.0], [0.0,0.0], [0.0,0.0], [0.0,0.0], [0.0,0.0], [0.0,0.0], [0.0,0.0], [0.0,0.0], [0.0,0.0], [0.0,0.0], [0.0,0.0], [0.0,0.0], [0.0,0.0], [0.0,0.0], [0.0,0.0], [0.0,0.0], [0.0,0.0]]
ENTRY 1 IfStatement_3 [[-Infinity,Infinity], [-Infinity,Infinity], [0.0,0.0], [0.0,0.0], [0.0,0.0], [0.0,0.0], [0.0,0.0], [1.0,1.0], [-Infinity,Infinity], [1.0,1.0], [0.0,0.0], [0.0,0.0], [0.0,0.0], [0.0,0.0], [0.0,0.0], [-Infinity,Infinity], [0.0,0.0], [0.0,0.0], [0.0,0.0], [0.0,0.0], [0.0,0.0], [0.0,0.0], [0.0,0.0], [0.0,0.0], [0.0,0.0], [0.0,0.0], [0.0,0.0], [0.0,0.0], [0.0,0.0], [0.0,0.0], [0.0,0.0], [0.0,0.0], [0.0,0.0], [0.0,0.0], [0.0,0.0]]
EXIT 1 IfStatement_3 [[1.0,-1.0], [1.0,-1.0], [1.0,-1.0], [1.0,-1.0], [1.0,-1.0], [1.0,-1.0], [1.0,-1.0], [1.0,-1.0], [1.0,-1.0], [1.0,-1.0], [1.0,-1.0], [1.0,-1.0], [1.0,-1.0], [1.0,-1.0], [1.0,-1.0], [1.0,-1.0], [1.0,-1.0], [1.0,-1.0], [1.0,-1.0], [1.0,-1.0], [1.0,-1.0], [1.0,-1.0], [1.0,-1.0], [1.0,-1.0], [1.0,-1.0], [1.0,-1.0], [1.0,-1.0], [1.0,-1.0], [1.0,-1.0], [1.0,-1.0], [1.0,-1.0], [1.0,-1.0], [1.0,-1.0], [1.0,-1.0], [1.0,-1.0]]
ENTRY 1 VariableDeclarationStatement_3 [[-Infinity,Infinity], [-Infinity,Infinity], [0.0,0.0], [0.0,0.0], [0.0,0.0], [0.0,0.0], [0.0,0.0], [1.0,1.0], [-Infinity,Infinity], [1.0,1.0], [0.0,0.0], [0.0,0.0], [0.0,0.0], [0.0,0.0], [0.0,0.0], [-Infinity,Infinity], [0.0,0.0], [0.0,0.0], [0.0,0.0], [0.0,0.0], [0.0,0.0], [0.0,0.0], [0.0,0.0], [0.0,0.0], [0.0,0.0], [0.0,0.0], [0.0,0.0], [0.0,0.0], [0.0,0.0], [0.0,0.0], [0.0,0.0], [0.0,0.0], [0.0,0.0], [0.0,0.0], [0.0,0.0]]
EXIT 1 VariableDeclarationStatement_3 [[-Infinity,Infinity], [-Infinity,Infinity], [0.0,0.0], [0.0,0.0], [0.0,0.0], [0.0,0.0], [0.0,0.0], [1.0,1.0], [-Infinity,Infinity], [1.0,1.0], [0.0,0.0], [0.0,0.0], [0.0,0.0], [0.0,0.0], [0.0,0.0], [-Infinity,Infinity], [-Infinity,Infinity], [0.0,0.0], [0.0,0.0], [0.0,0.0], [0.0,0.0], [0.0,0.0], [0.0,0.0], [0.0,0.0], [0.0,0.0], [0.0,0.0], [0.0,0.0], [0.0,0.0], [0.0,0.0], [0.0,0.0], [0.0,0.0], [0.0,0.0], [0.0,0.0], [0.0,0.0], [0.0,0.0]]
ENTRY 1 ExpressionStatement_13 [[-Infinity,Infinity], [-Infinity,Infinity], [0.0,0.0], [0.0,0.0], [0.0,0.0], [0.0,0.0], [0.0,0.0], [1.0,1.0], [-Infinity,Infinity], [1.0,1.0], [0.0,0.0], [0.0,0.0], [0.0,0.0], [0.0,0.0], [0.0,0.0], [-Infinity,Infinity], [-Infinity,Infinity], [0.0,0.0], [0.0,0.0], [0.0,0.0], [0.0,0.0], [0.0,0.0], [0.0,0.0], [0.0,0.0], [0.0,0.0], [0.0,0.0], [0.0,0.0], [0.0,0.0], [0.0,0.0], [0.0,0.0], [0.0,0.0], [0.0,0.0], [0.0,0.0], [0.0,0.0], [0.0,0.0]]
EXIT 1 ExpressionStatement_13 [[-Infinity,Infinity], [-Infinity,Infinity], [0.0,0.0], [0.0,0.0], [0.0,0.0], [0.0,0.0], [0.0,0.0], [1.0,1.0], [-Infinity,Infinity], [1.0,1.0], [0.0,0.0], [0.0,0.0], [0.0,0.0], [0.0,0.0], [0.0,0.0], [-Infinity,Infinity], [-Infinity,Infinity], [0.0,0.0], [0.0,0.0], [0.0,0.0], [0.0,0.0], [0.0,0.0], [0.0,0.0], [0.0,0.0], [0.0,0.0], [0.0,0.0], [0.0,0.0], [0.0,0.0], [0.0,0.0], [0.0,0.0], [0.0,0.0], [0.0,0.0], [0.0,0.0], [0.0,0.0], [0.0,0.0]]
ENTRY 1 ExpressionStatement_14 [[-Infinity,Infinity], [-Infinity,Infinity], [0.0,0.0], [0.0,0.0], [0.0,0.0], [0.0,0.0], [0.0,0.0], [1.0,1.0], [-Infinity,Infinity], [1.0,1.0], [0.0,0.0], [0.0,0.0], [0.0,0.0], [0.0,0.0], [0.0,0.0], [-Infinity,Infinity], [-Infinity,Infinity], [0.0,0.0], [0.0,0.0], [0.0,0.0], [0.0,0.0], [0.0,0.0], [0.0,0.0], [0.0,0.0], [0.0,0.0], [0.0,0.0], [0.0,0.0], [0.0,0.0], [0.0,0.0], [0.0,0.0], [0.0,0.0], [0.0,0.0], [0.0,0.0], [0.0,0.0], [0.0,0.0]]
EXIT 1 ExpressionStatement_14 [[-Infinity,Infinity], [-Infinity,Infinity], [0.0,0.0], [0.0,0.0], [0.0,0.0], [0.0,0.0], [0.0,0.0], [1.0,1.0], [-Infinity,Infinity], [1.0,1.0], [0.0,0.0], [0.0,0.0], [0.0,0.0], [0.0,0.0], [0.0,0.0], [-Infinity,Infinity], [-Infinity,Infinity], [-Infinity,Infinity], [0.0,0.0], [0.0,0.0], [0.0,0.0], [0.0,0.0], [0.0,0.0], [0.0,0.0], [0.0,0.0], [0.0,0.0], [0.0,0.0], [0.0,0.0], [0.0,0.0], [0.0,0.0], [0.0,0.0], [0.0,0.0], [0.0,0.0], [0.0,0.0], [0.0,0.0]]
ENTRY 1 ExpressionStatement_15 [[-Infinity,Infinity], [-Infinity,Infinity], [0.0,0.0], [0.0,0.0], [0.0,0.0], [0.0,0.0], [0.0,0.0], [1.0,1.0], [-Infinity,Infinity], [1.0,1.0], [0.0,0.0], [0.0,0.0], [0.0,0.0], [0.0,0.0], [0.0,0.0], [-Infinity,Infinity], [-Infinity,Infinity], [-Infinity,Infinity], [0.0,0.0], [0.0,0.0], [0.0,0.0], [0.0,0.0], [0.0,0.0], [0.0,0.0], [0.0,0.0], [0.0,0.0], [0.0,0.0], [0.0,0.0], [0.0,0.0], [0.0,0.0], [0.0,0.0], [0.0,0.0], [0.0,0.0], [0.0,0.0], [0.0,0.0]]
EXIT 1 ExpressionStatement_15 [[-Infinity,Infinity], [-Infinity,Infinity], [0.0,0.0], [0.0,0.0], [0.0,0.0], [0.0,0.0], [0.0,0.0], [1.0,1.0], [-Infinity,Infinity], [1.0,1.0], [0.0,0.0], [0.0,0.0], [0.0,0.0], [0.0,0.0], [0.0,0.0], [-Infinity,Infinity], [-Infinity,Infinity], [-Infinity,Infinity], [1.0,1.0], [0.0,0.0], [0.0,0.0], [0.0,0.0], [0.0,0.0], [0.0,0.0], [0.0,0.0], [0.0,0.0], [0.0,0.0], [0.0,0.0], [0.0,0.0], [0.0,0.0], [0.0,0.0], [0.0,0.0], [0.0,0.0], [0.0,0.0], [0.0,0.0]]
ENTRY 1 ExpressionStatement_16 [[-Infinity,Infinity], [-Infinity,Infinity], [0.0,0.0], [0.0,0.0], [0.0,0.0], [0.0,0.0], [0.0,0.0], [1.0,1.0], [-Infinity,Infinity], [1.0,1.0], [0.0,0.0], [0.0,0.0], [0.0,0.0], [0.0,0.0], [0.0,0.0], [-Infinity,Infinity], [-Infinity,Infinity], [-Infinity,Infinity], [1.0,1.0], [0.0,0.0], [0.0,0.0], [0.0,0.0], [0.0,0.0], [0.0,0.0], [0.0,0.0], [0.0,0.0], [0.0,0.0], [0.0,0.0], [0.0,0.0], [0.0,0.0], [0.0,0.0], [0.0,0.0], [0.0,0.0], [0.0,0.0], [0.0,0.0]]
EXIT 1 ExpressionStatement_16 [[-Infinity,Infinity], [-Infinity,Infinity], [0.0,0.0], [0.0,0.0], [0.0,0.0], [0.0,0.0], [0.0,0.0], [1.0,1.0], [-Infinity,Infinity], [1.0,1.0], [0.0,0.0], [0.0,0.0], [0.0,0.0], [0.0,0.0], [0.0,0.0], [-Infinity,Infinity], [-Infinity,Infinity], [-Infinity,Infinity], [1.0,1.0], [0.0,0.0], [0.0,0.0], [0.0,0.0], [0.0,0.0], [0.0,0.0], [0.0,0.0], [0.0,0.0], [0.0,0.0], [0.0,0.0], [0.0,0.0], [0.0,0.0], [0.0,0.0], [0.0,0.0], [0.0,0.0], [0.0,0.0], [0.0,0.0]]
ENTRY 1 IfStatement_4 [[-Infinity,Infinity], [-Infinity,Infinity], [0.0,0.0], [0.0,0.0], [0.0,0.0], [0.0,0.0], [0.0,0.0], [1.0,1.0], [-Infinity,Infinity], [1.0,1.0], [0.0,0.0], [0.0,0.0], [0.0,0.0], [0.0,0.0], [0.0,0.0], [-Infinity,Infinity], [-Infinity,Infinity], [-Infinity,Infinity], [1.0,1.0], [0.0,0.0], [0.0,0.0], [0.0,0.0], [0.0,0.0], [0.0,0.0], [0.0,0.0], [0.0,0.0], [0.0,0.0], [0.0,0.0], [0.0,0.0], [0.0,0.0], [0.0,0.0], [0.0,0.0], [0.0,0.0], [0.0,0.0], [0.0,0.0]]
EXIT 1 IfStatement_4 [[1.0,-1.0], [1.0,-1.0], [1.0,-1.0], [1.0,-1.0], [1.0,-1.0], [1.0,-1.0], [1.0,-1.0], [1.0,-1.0], [1.0,-1.0], [1.0,-1.0], [1.0,-1.0], [1.0,-1.0], [1.0,-1.0], [1.0,-1.0], [1.0,-1.0], [1.0,-1.0], [1.0,-1.0], [1.0,-1.0], [1.0,-1.0], [1.0,-1.0], [1.0,-1.0], [1.0,-1.0], [1.0,-1.0], [1.0,-1.0], [1.0,-1.0], [1.0,-1.0], [1.0,-1.0], [1.0,-1.0], [1.0,-1.0], [1.0,-1.0], [1.0,-1.0], [1.0,-1.0], [1.0,-1.0], [1.0,-1.0], [1.0,-1.0]]
ENTRY 1 ExpressionStatement_17 [[-Infinity,Infinity], [-Infinity,Infinity], [0.0,0.0], [0.0,0.0], [0.0,0.0], [0.0,0.0], [0.0,0.0], [1.0,1.0], [-Infinity,Infinity], [1.0,1.0], [0.0,0.0], [0.0,0.0], [0.0,0.0], [0.0,0.0], [0.0,0.0], [-Infinity,Infinity], [-Infinity,Infinity], [-Infinity,Infinity], [1.0,1.0], [0.0,0.0], [0.0,0.0], [0.0,0.0], [0.0,0.0], [0.0,0.0], [0.0,0.0], [0.0,0.0], [0.0,0.0], [0.0,0.0], [0.0,0.0], [0.0,0.0], [0.0,0.0], [0.0,0.0], [0.0,0.0], [0.0,0.0], [0.0,0.0]]
EXIT 1 ExpressionStatement_17 [[-Infinity,Infinity], [-Infinity,Infinity], [0.0,0.0], [0.0,0.0], [0.0,0.0], [0.0,0.0], [-Infinity,Infinity], [1.0,1.0], [-Infinity,Infinity], [1.0,1.0], [0.0,0.0], [0.0,0.0], [0.0,0.0], [0.0,0.0], [0.0,0.0], [-Infinity,Infinity], [-Infinity,Infinity], [-Infinity,Infinity], [1.0,1.0], [0.0,0.0], [0.0,0.0], [0.0,0.0], [0.0,0.0], [0.0,0.0], [0.0,0.0], [0.0,0.0], [0.0,0.0], [0.0,0.0], [0.0,0.0], [0.0,0.0], [0.0,0.0], [0.0,0.0], [0.0,0.0], [0.0,0.0], [0.0,0.0]]
ENTRY 1 IfConditionJoin_4 [[-Infinity,Infinity], [-Infinity,Infinity], [0.0,0.0], [0.0,0.0], [0.0,0.0], [0.0,0.0], [-Infinity,Infinity], [1.0,1.0], [-Infinity,Infinity], [1.0,1.0], [0.0,0.0], [0.0,0.0], [0.0,0.0], [0.0,0.0], [0.0,0.0], [-Infinity,Infinity], [-Infinity,Infinity], [-Infinity,Infinity], [1.0,1.0], [0.0,0.0], [0.0,0.0], [0.0,0.0], [0.0,0.0], [0.0,0.0], [0.0,0.0], [0.0,0.0], [0.0,0.0], [0.0,0.0], [0.0,0.0], [0.0,0.0], [0.0,0.0], [0.0,0.0], [0.0,0.0], [0.0,0.0], [0.0,0.0]]
EXIT 1 IfConditionJoin_4 [[-Infinity,Infinity], [-Infinity,Infinity], [0.0,0.0], [0.0,0.0], [0.0,0.0], [0.0,0.0], [-Infinity,Infinity], [1.0,1.0], [-Infinity,Infinity], [1.0,1.0], [0.0,0.0], [0.0,0.0], [0.0,0.0], [0.0,0.0], [0.0,0.0], [-Infinity,Infinity], [-Infinity,Infinity], [-Infinity,Infinity], [1.0,1.0], [0.0,0.0], [0.0,0.0], [0.0,0.0], [0.0,0.0], [0.0,0.0], [0.0,0.0], [0.0,0.0], [0.0,0.0], [0.0,0.0], [0.0,0.0], [0.0,0.0], [0.0,0.0], [0.0,0.0], [0.0,0.0], [0.0,0.0], [0.0,0.0]]
ENTRY 1 ExpressionStatement_18 [[-Infinity,Infinity], [-Infinity,Infinity], [0.0,0.0], [0.0,0.0], [0.0,0.0], [0.0,0.0], [-Infinity,Infinity], [1.0,1.0], [-Infinity,Infinity], [1.0,1.0], [0.0,0.0], [0.0,0.0], [0.0,0.0], [0.0,0.0], [0.0,0.0], [-Infinity,Infinity], [-Infinity,Infinity], [-Infinity,Infinity], [1.0,1.0], [0.0,0.0], [0.0,0.0], [0.0,0.0], [0.0,0.0], [0.0,0.0], [0.0,0.0], [0.0,0.0], [0.0,0.0], [0.0,0.0], [0.0,0.0], [0.0,0.0], [0.0,0.0], [0.0,0.0], [0.0,0.0], [0.0,0.0], [0.0,0.0]]
EXIT 1 ExpressionStatement_18 [[-Infinity,Infinity], [-Infinity,Infinity], [0.0,0.0], [0.0,0.0], [0.0,0.0], [0.0,0.0], [-Infinity,Infinity], [1.0,1.0], [-Infinity,Infinity], [1.0,1.0], [0.0,0.0], [0.0,0.0], [0.0,0.0], [0.0,0.0], [0.0,0.0], [-Infinity,Infinity], [-Infinity,Infinity], [-Infinity,Infinity], [1.0,1.0], [0.0,0.0], [0.0,0.0], [0.0,0.0], [0.0,0.0], [0.0,0.0], [0.0,0.0], [0.0,0.0], [0.0,0.0], [0.0,0.0], [0.0,0.0], [0.0,0.0], [0.0,0.0], [0.0,0.0], [0.0,0.0], [0.0,0.0], [0.0,0.0]]
ENTRY 1 IfConditionJoin_3 [[-Infinity,Infinity], [-Infinity,Infinity], [0.0,0.0], [0.0,0.0], [0.0,0.0], [0.0,0.0], [-Infinity,Infinity], [1.0,1.0], [-Infinity,Infinity], [1.0,1.0], [0.0,0.0], [0.0,0.0], [0.0,0.0], [0.0,0.0], [0.0,0.0], [-Infinity,Infinity], [-Infinity,Infinity], [-Infinity,Infinity], [0.0,1.0], [0.0,0.0], [0.0,0.0], [0.0,0.0], [0.0,0.0], [0.0,0.0], [0.0,0.0], [0.0,0.0], [0.0,0.0], [0.0,0.0], [0.0,0.0], [0.0,0.0], [0.0,0.0], [0.0,0.0], [0.0,0.0], [0.0,0.0], [0.0,0.0]]
EXIT 1 IfConditionJoin_3 [[-Infinity,Infinity], [-Infinity,Infinity], [0.0,0.0], [0.0,0.0], [0.0,0.0], [0.0,0.0], [-Infinity,Infinity], [1.0,1.0], [-Infinity,Infinity], [1.0,1.0], [0.0,0.0], [0.0,0.0], [0.0,0.0], [0.0,0.0], [0.0,0.0], [-Infinity,Infinity], [-Infinity,Infinity], [-Infinity,Infinity], [0.0,1.0], [0.0,0.0], [0.0,0.0], [0.0,0.0], [0.0,0.0], [0.0,0.0], [0.0,0.0], [0.0,0.0], [0.0,0.0], [0.0,0.0], [0.0,0.0], [0.0,0.0], [0.0,0.0], [0.0,0.0], [0.0,0.0], [0.0,0.0], [0.0,0.0]]
ENTRY 1 VariableDeclarationStatement_4 [[-Infinity,Infinity], [-Infinity,Infinity], [0.0,0.0], [0.0,0.0], [0.0,0.0], [0.0,0.0], [-Infinity,Infinity], [1.0,1.0], [-Infinity,Infinity], [1.0,1.0], [0.0,0.0], [0.0,0.0], [0.0,0.0], [0.0,0.0], [0.0,0.0], [-Infinity,Infinity], [-Infinity,Infinity], [-Infinity,Infinity], [0.0,1.0], [0.0,0.0], [0.0,0.0], [0.0,0.0], [0.0,0.0], [0.0,0.0], [0.0,0.0], [0.0,0.0], [0.0,0.0], [0.0,0.0], [0.0,0.0], [0.0,0.0], [0.0,0.0], [0.0,0.0], [0.0,0.0], [0.0,0.0], [0.0,0.0]]
EXIT 1 VariableDeclarationStatement_4 [[-Infinity,Infinity], [-Infinity,Infinity], [0.0,0.0], [0.0,0.0], [0.0,0.0], [0.0,0.0], [-Infinity,Infinity], [1.0,1.0], [-Infinity,Infinity], [1.0,1.0], [0.0,0.0], [0.0,0.0], [0.0,0.0], [0.0,0.0], [0.0,0.0], [-Infinity,Infinity], [-Infinity,Infinity], [-Infinity,Infinity], [0.0,1.0], [0.0,0.0], [0.0,0.0], [0.0,0.0], [0.0,0.0], [-Infinity,Infinity], [0.0,0.0], [0.0,0.0], [0.0,0.0], [0.0,0.0], [0.0,0.0], [0.0,0.0], [0.0,0.0], [0.0,0.0], [0.0,0.0], [0.0,0.0], [0.0,0.0]]
ENTRY 1 IfStatement_5 [[-Infinity,Infinity], [-Infinity,Infinity], [0.0,0.0], [0.0,0.0], [0.0,0.0], [0.0,0.0], [-Infinity,Infinity], [1.0,1.0], [-Infinity,Infinity], [1.0,1.0], [0.0,0.0], [0.0,0.0], [0.0,0.0], [0.0,0.0], [0.0,0.0], [-Infinity,Infinity], [-Infinity,Infinity], [-Infinity,Infinity], [0.0,1.0], [0.0,0.0], [0.0,0.0], [0.0,0.0], [0.0,0.0], [-Infinity,Infinity], [0.0,0.0], [0.0,0.0], [0.0,0.0], [0.0,0.0], [0.0,0.0], [0.0,0.0], [0.0,0.0], [0.0,0.0], [0.0,0.0], [0.0,0.0], [0.0,0.0]]
EXIT 1 IfStatement_5 [[1.0,-1.0], [1.0,-1.0], [1.0,-1.0], [1.0,-1.0], [1.0,-1.0], [1.0,-1.0], [1.0,-1.0], [1.0,-1.0], [1.0,-1.0], [1.0,-1.0], [1.0,-1.0], [1.0,-1.0], [1.0,-1.0], [1.0,-1.0], [1.0,-1.0], [1.0,-1.0], [1.0,-1.0], [1.0,-1.0], [1.0,-1.0], [1.0,-1.0], [1.0,-1.0], [1.0,-1.0], [1.0,-1.0], [1.0,-1.0], [1.0,-1.0], [1.0,-1.0], [1.0,-1.0], [1.0,-1.0], [1.0,-1.0], [1.0,-1.0], [1.0,-1.0], [1.0,-1.0], [1.0,-1.0], [1.0,-1.0], [1.0,-1.0]]
ENTRY 1 ExpressionStatement_19 [[-Infinity,Infinity], [-Infinity,Infinity], [0.0,0.0], [0.0,0.0], [0.0,0.0], [0.0,0.0], [-Infinity,Infinity], [1.0,1.0], [-Infinity,Infinity], [1.0,1.0], [0.0,0.0], [0.0,0.0], [0.0,0.0], [0.0,0.0], [0.0,0.0], [-Infinity,Infinity], [-Infinity,Infinity], [-Infinity,Infinity], [0.0,1.0], [0.0,0.0], [0.0,0.0], [0.0,0.0], [0.0,0.0], [-Infinity,Infinity], [0.0,0.0], [0.0,0.0], [0.0,0.0], [0.0,0.0], [0.0,0.0], [0.0,0.0], [0.0,0.0], [0.0,0.0], [0.0,0.0], [0.0,0.0], [0.0,0.0]]
EXIT 1 ExpressionStatement_19 [[-Infinity,Infinity], [-Infinity,Infinity], [0.0,0.0], [0.0,0.0], [0.0,0.0], [0.0,0.0], [-Infinity,Infinity], [1.0,1.0], [-Infinity,Infinity], [1.0,1.0], [0.0,0.0], [0.0,0.0], [0.0,0.0], [0.0,0.0], [0.0,0.0], [-Infinity,Infinity], [-Infinity,Infinity], [-Infinity,Infinity], [0.0,1.0], [0.0,0.0], [0.0,0.0], [0.0,0.0], [0.0,0.0], [-Infinity,Infinity], [0.0,0.0], [0.0,0.0], [0.0,0.0], [0.0,0.0], [0.0,0.0], [0.0,0.0], [0.0,0.0], [0.0,0.0], [0.0,0.0], [0.0,0.0], [0.0,0.0]]
ENTRY 1 IfConditionJoin_5 [[-Infinity,Infinity], [-Infinity,Infinity], [0.0,0.0], [0.0,0.0], [0.0,0.0], [0.0,0.0], [-Infinity,Infinity], [1.0,1.0], [-Infinity,Infinity], [1.0,1.0], [0.0,0.0], [0.0,0.0], [0.0,0.0], [0.0,0.0], [0.0,0.0], [-Infinity,Infinity], [-Infinity,Infinity], [-Infinity,Infinity], [0.0,1.0], [0.0,0.0], [0.0,0.0], [0.0,0.0], [0.0,0.0], [-Infinity,Infinity], [0.0,0.0], [0.0,0.0], [0.0,0.0], [0.0,0.0], [0.0,0.0], [0.0,0.0], [0.0,0.0], [0.0,0.0], [0.0,0.0], [0.0,0.0], [0.0,0.0]]
EXIT 1 IfConditionJoin_5 [[-Infinity,Infinity], [-Infinity,Infinity], [0.0,0.0], [0.0,0.0], [0.0,0.0], [0.0,0.0], [-Infinity,Infinity], [1.0,1.0], [-Infinity,Infinity], [1.0,1.0], [0.0,0.0], [0.0,0.0], [0.0,0.0], [0.0,0.0], [0.0,0.0], [-Infinity,Infinity], [-Infinity,Infinity], [-Infinity,Infinity], [0.0,1.0], [0.0,0.0], [0.0,0.0], [0.0,0.0], [0.0,0.0], [-Infinity,Infinity], [0.0,0.0], [0.0,0.0], [0.0,0.0], [0.0,0.0], [0.0,0.0], [0.0,0.0], [0.0,0.0], [0.0,0.0], [0.0,0.0], [0.0,0.0], [0.0,0.0]]
ENTRY 1 FunctionExit_3 [[-Infinity,Infinity], [-Infinity,Infinity], [0.0,0.0], [0.0,0.0], [0.0,0.0], [0.0,0.0], [-Infinity,Infinity], [1.0,1.0], [-Infinity,Infinity], [1.0,1.0], [0.0,0.0], [0.0,0.0], [0.0,0.0], [0.0,0.0], [0.0,0.0], [-Infinity,Infinity], [-Infinity,Infinity], [-Infinity,Infinity], [0.0,1.0], [0.0,0.0], [0.0,0.0], [0.0,0.0], [0.0,0.0], [-Infinity,Infinity], [0.0,0.0], [0.0,0.0], [0.0,0.0], [0.0,0.0], [0.0,0.0], [0.0,0.0], [0.0,0.0], [0.0,0.0], [0.0,0.0], [0.0,0.0], [0.0,0.0]]
EXIT 1 FunctionExit_3 [[-Infinity,Infinity], [-Infinity,Infinity], [0.0,0.0], [0.0,0.0], [0.0,0.0], [0.0,0.0], [-Infinity,Infinity], [1.0,1.0], [-Infinity,Infinity], [1.0,1.0], [0.0,0.0], [0.0,0.0], [0.0,0.0], [0.0,0.0], [0.0,0.0], [-Infinity,Infinity], [-Infinity,Infinity], [-Infinity,Infinity], [0.0,1.0], [0.0,0.0], [0.0,0.0], [0.0,0.0], [0.0,0.0], [-Infinity,Infinity], [0.0,0.0], [0.0,0.0], [0.0,0.0], [0.0,0.0], [0.0,0.0], [0.0,0.0], [0.0,0.0], [0.0,0.0], [0.0,0.0], [0.0,0.0], [0.0,0.0]]
ENTRY 1 VariableDeclaration_12 [[0.0,0.0], [0.0,0.0], [0.0,0.0], [0.0,0.0], [0.0,0.0], [0.0,0.0], [0.0,0.0], [0.0,0.0], [0.0,0.0], [0.0,0.0], [0.0,0.0], [0.0,0.0], [0.0,0.0], [0.0,0.0], [0.0,0.0], [0.0,0.0], [0.0,0.0], [0.0,0.0], [0.0,0.0], [0.0,0.0], [0.0,0.0], [0.0,0.0], [0.0,0.0], [0.0,0.0], [0.0,0.0], [0.0,0.0], [0.0,0.0], [0.0,0.0], [0.0,0.0], [0.0,0.0], [0.0,0.0], [0.0,0.0], [0.0,0.0], [0.0,0.0], [0.0,0.0]]
EXIT 1 VariableDeclaration_12 [[0.0,0.0], [0.0,0.0], [0.0,0.0], [0.0,0.0], [0.0,0.0], [0.0,0.0], [0.0,0.0], [0.0,0.0], [0.0,0.0], [0.0,0.0], [0.0,0.0], [0.0,0.0], [0.0,0.0], [0.0,0.0], [0.0,0.0], [0.0,0.0], [0.0,0.0], [0.0,0.0], [0.0,0.0], [0.0,0.0], [0.0,0.0], [0.0,0.0], [0.0,0.0], [0.0,0.0], [-Infinity,Infinity], [0.0,0.0], [0.0,0.0], [0.0,0.0], [0.0,0.0], [0.0,0.0], [0.0,0.0], [0.0,0.0], [0.0,0.0], [0.0,0.0], [0.0,0.0]]
ENTRY 1 FunctionDefinition_4 [[-Infinity,Infinity], [-Infinity,Infinity], [0.0,0.0], [0.0,0.0], [0.0,0.0], [0.0,0.0], [-Infinity,Infinity], [0.0,0.0], [0.0,0.0], [0.0,0.0], [0.0,0.0], [0.0,0.0], [0.0,0.0], [0.0,0.0], [0.0,0.0], [0.0,0.0], [0.0,0.0], [0.0,0.0], [0.0,0.0], [0.0,0.0], [0.0,0.0], [0.0,0.0], [0.0,0.0], [0.0,0.0], [0.0,0.0], [0.0,0.0], [0.0,0.0], [0.0,0.0], [0.0,0.0], [0.0,0.0], [0.0,0.0], [0.0,0.0], [0.0,0.0], [0.0,0.0], [0.0,0.0]]
EXIT 1 FunctionDefinition_4 [[-Infinity,Infinity], [-Infinity,Infinity], [0.0,0.0], [0.0,0.0], [0.0,0.0], [0.0,0.0], [-Infinity,Infinity], [0.0,0.0], [0.0,0.0], [0.0,0.0], [0.0,0.0], [0.0,0.0], [0.0,0.0], [0.0,0.0], [0.0,0.0], [0.0,0.0], [0.0,0.0], [0.0,0.0], [0.0,0.0], [0.0,0.0], [0.0,0.0], [0.0,0.0], [0.0,0.0], [0.0,0.0], [0.0,0.0], [0.0,0.0], [0.0,0.0], [0.0,0.0], [0.0,0.0], [0.0,0.0], [0.0,0.0], [0.0,0.0], [0.0,0.0], [0.0,0.0], [0.0,0.0]]
ENTRY 1 FunctionEntry_4 [[-Infinity,Infinity], [-Infinity,Infinity], [0.0,0.0], [0.0,0.0], [0.0,0.0], [0.0,0.0], [-Infinity,Infinity], [0.0,0.0], [0.0,0.0], [0.0,0.0], [0.0,0.0], [0.0,0.0], [0.0,0.0], [0.0,0.0], [0.0,0.0], [0.0,0.0], [0.0,0.0], [0.0,0.0], [0.0,0.0], [0.0,0.0], [0.0,0.0], [0.0,0.0], [0.0,0.0], [0.0,0.0], [0.0,0.0], [0.0,0.0], [0.0,0.0], [0.0,0.0], [0.0,0.0], [0.0,0.0], [0.0,0.0], [0.0,0.0], [0.0,0.0], [0.0,0.0], [0.0,0.0]]
EXIT 1 FunctionEntry_4 [[-Infinity,Infinity], [-Infinity,Infinity], [0.0,0.0], [0.0,0.0], [0.0,0.0], [0.0,0.0], [-Infinity,Infinity], [0.0,0.0], [0.0,0.0], [0.0,0.0], [0.0,0.0], [0.0,0.0], [0.0,0.0], [0.0,0.0], [0.0,0.0], [0.0,0.0], [0.0,0.0], [0.0,0.0], [0.0,0.0], [0.0,0.0], [0.0,0.0], [0.0,0.0], [0.0,0.0], [0.0,0.0], [0.0,0.0], [0.0,0.0], [0.0,0.0], [0.0,0.0], [0.0,0.0], [0.0,0.0], [0.0,0.0], [0.0,0.0], [0.0,0.0], [0.0,0.0], [0.0,0.0]]
ENTRY 1 VariableDeclarationStatement_5 [[-Infinity,Infinity], [-Infinity,Infinity], [0.0,0.0], [0.0,0.0], [0.0,0.0], [0.0,0.0], [-Infinity,Infinity], [0.0,0.0], [0.0,0.0], [0.0,0.0], [0.0,0.0], [0.0,0.0], [0.0,0.0], [0.0,0.0], [0.0,0.0], [0.0,0.0], [0.0,0.0], [0.0,0.0], [0.0,0.0], [0.0,0.0], [0.0,0.0], [0.0,0.0], [0.0,0.0], [0.0,0.0], [0.0,0.0], [0.0,0.0], [0.0,0.0], [0.0,0.0], [0.0,0.0], [0.0,0.0], [0.0,0.0], [0.0,0.0], [0.0,0.0], [0.0,0.0], [0.0,0.0]]
EXIT 1 VariableDeclarationStatement_5 [[-Infinity,Infinity], [-Infinity,Infinity], [0.0,0.0], [0.0,0.0], [0.0,0.0], [0.0,0.0], [-Infinity,Infinity], [0.0,0.0], [0.0,0.0], [0.0,0.0], [0.0,0.0], [0.0,0.0], [0.0,0.0], [0.0,0.0], [0.0,0.0], [0.0,0.0], [0.0,0.0], [0.0,0.0], [0.0,0.0], [0.0,0.0], [0.0,0.0], [0.0,0.0], [0.0,0.0], [0.0,0.0], [0.0,0.0], [-0.0,0.0], [0.0,0.0], [0.0,0.0], [0.0,0.0], [0.0,0.0], [0.0,0.0], [0.0,0.0], [0.0,0.0], [0.0,0.0], [0.0,0.0]]
ENTRY 1 VariableDeclarationStatement_6 [[-Infinity,Infinity], [-Infinity,Infinity], [0.0,0.0], [0.0,0.0], [0.0,0.0], [0.0,0.0], [-Infinity,Infinity], [0.0,0.0], [0.0,0.0], [0.0,0.0], [0.0,0.0], [0.0,0.0], [0.0,0.0], [0.0,0.0], [0.0,0.0], [0.0,0.0], [0.0,0.0], [0.0,0.0], [0.0,0.0], [0.0,0.0], [0.0,0.0], [0.0,0.0], [0.0,0.0], [0.0,0.0], [0.0,0.0], [-0.0,0.0], [0.0,0.0], [0.0,0.0], [0.0,0.0], [0.0,0.0], [0.0,0.0], [0.0,0.0], [0.0,0.0], [0.0,0.0], [0.0,0.0]]
EXIT 1 VariableDeclarationStatement_6 [[-Infinity,Infinity], [-Infinity,Infinity], [0.0,0.0], [0.0,0.0], [0.0,0.0], [0.0,0.0], [-Infinity,Infinity], [0.0,0.0], [0.0,0.0], [0.0,0.0], [0.0,0.0], [0.0,0.0], [0.0,0.0], [0.0,0.0], [0.0,0.0], [0.0,0.0], [0.0,0.0], [0.0,0.0], [0.0,0.0], [0.0,0.0], [0.0,0.0], [0.0,0.0], [0.0,0.0], [0.0,0.0], [0.0,0.0], [-0.0,0.0], [-Infinity,Infinity], [0.0,0.0], [0.0,0.0], [0.0,0.0], [0.0,0.0], [0.0,0.0], [0.0,0.0], [0.0,0.0], [0.0,0.0]]
ENTRY 1 VariableDeclarationStatement_7 [[-Infinity,Infinity], [-Infinity,Infinity], [0.0,0.0], [0.0,0.0], [0.0,0.0], [0.0,0.0], [-Infinity,Infinity], [0.0,0.0], [0.0,0.0], [0.0,0.0], [0.0,0.0], [0.0,0.0], [0.0,0.0], [0.0,0.0], [0.0,0.0], [0.0,0.0], [0.0,0.0], [0.0,0.0], [0.0,0.0], [0.0,0.0], [0.0,0.0], [0.0,0.0], [0.0,0.0], [0.0,0.0], [0.0,0.0], [-0.0,0.0], [-Infinity,Infinity], [0.0,0.0], [0.0,0.0], [0.0,0.0], [0.0,0.0], [0.0,0.0], [0.0,0.0], [0.0,0.0], [0.0,0.0]]
EXIT 1 VariableDeclarationStatement_7 [[-Infinity,Infinity], [-Infinity,Infinity], [0.0,0.0], [0.0,0.0], [0.0,0.0], [0.0,0.0], [-Infinity,Infinity], [0.0,0.0], [0.0,0.0], [0.0,0.0], [0.0,0.0], [0.0,0.0], [0.0,0.0], [0.0,0.0], [0.0,0.0], [0.0,0.0], [0.0,0.0], [0.0,0.0], [0.0,0.0], [0.0,0.0], [0.0,0.0], [0.0,0.0], [0.0,0.0], [0.0,0.0], [0.0,0.0], [-0.0,0.0], [-Infinity,Infinity], [-Infinity,Infinity], [0.0,0.0], [0.0,0.0], [0.0,0.0], [0.0,0.0], [0.0,0.0], [0.0,0.0], [0.0,0.0]]
ENTRY 1 Return_1 [[-Infinity,Infinity], [-Infinity,Infinity], [0.0,0.0], [0.0,0.0], [0.0,0.0], [0.0,0.0], [-Infinity,Infinity], [0.0,0.0], [0.0,0.0], [0.0,0.0], [0.0,0.0], [0.0,0.0], [0.0,0.0], [0.0,0.0], [0.0,0.0], [0.0,0.0], [0.0,0.0], [0.0,0.0], [0.0,0.0], [0.0,0.0], [0.0,0.0], [0.0,0.0], [0.0,0.0], [0.0,0.0], [0.0,0.0], [-0.0,0.0], [-Infinity,Infinity], [-Infinity,Infinity], [0.0,0.0], [0.0,0.0], [0.0,0.0], [0.0,0.0], [0.0,0.0], [0.0,0.0], [0.0,0.0]]
EXIT 1 Return_1 [[-Infinity,Infinity], [-Infinity,Infinity], [0.0,0.0], [0.0,0.0], [0.0,0.0], [0.0,0.0], [-Infinity,Infinity], [0.0,0.0], [0.0,0.0], [0.0,0.0], [0.0,0.0], [0.0,0.0], [0.0,0.0], [0.0,0.0], [0.0,0.0], [0.0,0.0], [0.0,0.0], [0.0,0.0], [0.0,0.0], [0.0,0.0], [0.0,0.0], [0.0,0.0], [0.0,0.0], [0.0,0.0], [0.0,0.0], [-0.0,0.0], [-Infinity,Infinity], [-Infinity,Infinity], [0.0,0.0], [0.0,0.0], [0.0,0.0], [0.0,0.0], [0.0,0.0], [0.0,0.0], [0.0,0.0]]
ENTRY 1 FunctionExit_4 [[-Infinity,Infinity], [-Infinity,Infinity], [0.0,0.0], [0.0,0.0], [0.0,0.0], [0.0,0.0], [-Infinity,Infinity], [0.0,0.0], [0.0,0.0], [0.0,0.0], [0.0,0.0], [0.0,0.0], [0.0,0.0], [0.0,0.0], [0.0,0.0], [0.0,0.0], [0.0,0.0], [0.0,0.0], [0.0,0.0], [0.0,0.0], [0.0,0.0], [0.0,0.0], [0.0,0.0], [0.0,0.0], [0.0,0.0], [-0.0,0.0], [-Infinity,Infinity], [-Infinity,Infinity], [0.0,0.0], [0.0,0.0], [0.0,0.0], [0.0,0.0], [0.0,0.0], [0.0,0.0], [0.0,0.0]]
EXIT 1 FunctionExit_4 [[-Infinity,Infinity], [-Infinity,Infinity], [0.0,0.0], [0.0,0.0], [0.0,0.0], [0.0,0.0], [-Infinity,Infinity], [0.0,0.0], [0.0,0.0], [0.0,0.0], [0.0,0.0], [0.0,0.0], [0.0,0.0], [0.0,0.0], [0.0,0.0], [0.0,0.0], [0.0,0.0], [0.0,0.0], [0.0,0.0], [0.0,0.0], [0.0,0.0], [0.0,0.0], [0.0,0.0], [0.0,0.0], [0.0,0.0], [-0.0,0.0], [-Infinity,Infinity], [-Infinity,Infinity], [0.0,0.0], [0.0,0.0], [0.0,0.0], [0.0,0.0], [0.0,0.0], [0.0,0.0], [0.0,0.0]]
ENTRY 1 FunctionDefinition_5 [[-Infinity,Infinity], [-Infinity,Infinity], [0.0,0.0], [0.0,0.0], [0.0,0.0], [0.0,0.0], [-Infinity,Infinity], [0.0,0.0], [0.0,0.0], [0.0,0.0], [0.0,0.0], [0.0,0.0], [0.0,0.0], [0.0,0.0], [0.0,0.0], [0.0,0.0], [0.0,0.0], [0.0,0.0], [0.0,0.0], [0.0,0.0], [0.0,0.0], [0.0,0.0], [0.0,0.0], [0.0,0.0], [0.0,0.0], [0.0,0.0], [0.0,0.0], [0.0,0.0], [0.0,0.0], [0.0,0.0], [0.0,0.0], [0.0,0.0], [0.0,0.0], [0.0,0.0], [0.0,0.0]]
EXIT 1 FunctionDefinition_5 [[-Infinity,Infinity], [-Infinity,Infinity], [0.0,0.0], [0.0,0.0], [0.0,0.0], [0.0,0.0], [-Infinity,Infinity], [0.0,0.0], [0.0,0.0], [0.0,0.0], [0.0,0.0], [0.0,0.0], [0.0,0.0], [0.0,0.0], [0.0,0.0], [0.0,0.0], [0.0,0.0], [0.0,0.0], [0.0,0.0], [0.0,0.0], [0.0,0.0], [0.0,0.0], [0.0,0.0], [0.0,0.0], [0.0,0.0], [0.0,0.0], [0.0,0.0], [0.0,0.0], [0.0,0.0], [0.0,0.0], [0.0,0.0], [0.0,0.0], [0.0,0.0], [0.0,0.0], [0.0,0.0]]
ENTRY 1 FunctionEntry_5 [[-Infinity,Infinity], [-Infinity,Infinity], [0.0,0.0], [0.0,0.0], [0.0,0.0], [0.0,0.0], [-Infinity,Infinity], [0.0,0.0], [0.0,0.0], [0.0,0.0], [0.0,0.0], [0.0,0.0], [0.0,0.0], [0.0,0.0], [0.0,0.0], [0.0,0.0], [0.0,0.0], [0.0,0.0], [0.0,0.0], [0.0,0.0], [0.0,0.0], [0.0,0.0], [0.0,0.0], [0.0,0.0], [0.0,0.0], [0.0,0.0], [0.0,0.0], [0.0,0.0], [0.0,0.0], [0.0,0.0], [0.0,0.0], [0.0,0.0], [0.0,0.0], [0.0,0.0], [0.0,0.0]]
EXIT 1 FunctionEntry_5 [[-Infinity,Infinity], [-Infinity,Infinity], [0.0,0.0], [0.0,0.0], [0.0,0.0], [0.0,0.0], [-Infinity,Infinity], [0.0,0.0], [0.0,0.0], [0.0,0.0], [0.0,0.0], [0.0,0.0], [0.0,0.0], [0.0,0.0], [0.0,0.0], [0.0,0.0], [0.0,0.0], [0.0,0.0], [0.0,0.0], [0.0,0.0], [0.0,0.0], [0.0,0.0], [0.0,0.0], [0.0,0.0], [0.0,0.0], [0.0,0.0], [0.0,0.0], [0.0,0.0], [0.0,0.0], [0.0,0.0], [0.0,0.0], [0.0,0.0], [0.0,0.0], [0.0,0.0], [0.0,0.0]]
ENTRY 1 ExpressionStatement_20 [[-Infinity,Infinity], [-Infinity,Infinity], [0.0,0.0], [0.0,0.0], [0.0,0.0], [0.0,0.0], [-Infinity,Infinity], [0.0,0.0], [0.0,0.0], [0.0,0.0], [0.0,0.0], [0.0,0.0], [0.0,0.0], [0.0,0.0], [0.0,0.0], [0.0,0.0], [0.0,0.0], [0.0,0.0], [0.0,0.0], [0.0,0.0], [0.0,0.0], [0.0,0.0], [0.0,0.0], [0.0,0.0], [0.0,0.0], [0.0,0.0], [0.0,0.0], [0.0,0.0], [0.0,0.0], [0.0,0.0], [0.0,0.0], [0.0,0.0], [0.0,0.0], [0.0,0.0], [0.0,0.0]]
EXIT 1 ExpressionStatement_20 [[-Infinity,Infinity], [-Infinity,Infinity], [0.0,0.0], [0.0,0.0], [0.0,0.0], [0.0,0.0], [-Infinity,Infinity], [0.0,0.0], [0.0,0.0], [0.0,0.0], [0.0,0.0], [0.0,0.0], [0.0,0.0], [0.0,0.0], [0.0,0.0], [0.0,0.0], [0.0,0.0], [0.0,0.0], [0.0,0.0], [0.0,0.0], [0.0,0.0], [0.0,0.0], [0.0,0.0], [0.0,0.0], [0.0,0.0], [0.0,0.0], [0.0,0.0], [0.0,0.0], [0.0,0.0], [0.0,0.0], [0.0,0.0], [0.0,0.0], [0.0,0.0], [0.0,0.0], [0.0,0.0]]
ENTRY 1 FunctionExit_5 [[-Infinity,Infinity], [-Infinity,Infinity], [0.0,0.0], [0.0,0.0], [0.0,0.0], [0.0,0.0], [-Infinity,Infinity], [0.0,0.0], [0.0,0.0], [0.0,0.0], [0.0,0.0], [0.0,0.0], [0.0,0.0], [0.0,0.0], [0.0,0.0], [0.0,0.0], [0.0,0.0], [0.0,0.0], [0.0,0.0], [0.0,0.0], [0.0,0.0], [0.0,0.0], [0.0,0.0], [0.0,0.0], [0.0,0.0], [0.0,0.0], [0.0,0.0], [0.0,0.0], [0.0,0.0], [0.0,0.0], [0.0,0.0], [0.0,0.0], [0.0,0.0], [0.0,0.0], [0.0,0.0]]
EXIT 1 FunctionExit_5 [[-Infinity,Infinity], [-Infinity,Infinity], [0.0,0.0], [0.0,0.0], [0.0,0.0], [0.0,0.0], [-Infinity,Infinity], [0.0,0.0], [0.0,0.0], [0.0,0.0], [0.0,0.0], [0.0,0.0], [0.0,0.0], [0.0,0.0], [0.0,0.0], [0.0,0.0], [0.0,0.0], [0.0,0.0], [0.0,0.0], [0.0,0.0], [0.0,0.0], [0.0,0.0], [0.0,0.0], [0.0,0.0], [0.0,0.0], [0.0,0.0], [0.0,0.0], [0.0,0.0], [0.0,0.0], [0.0,0.0], [0.0,0.0], [0.0,0.0], [0.0,0.0], [0.0,0.0], [0.0,0.0]]
ENTRY 1 FunctionDefinition_6 [[-Infinity,Infinity], [-Infinity,Infinity], [0.0,0.0], [0.0,0.0], [0.0,0.0], [0.0,0.0], [-Infinity,Infinity], [0.0,0.0], [0.0,0.0], [0.0,0.0], [0.0,0.0], [0.0,0.0], [0.0,0.0], [0.0,0.0], [0.0,0.0], [0.0,0.0], [0.0,0.0], [0.0,0.0], [0.0,0.0], [0.0,0.0], [0.0,0.0], [0.0,0.0], [0.0,0.0], [0.0,0.0], [0.0,0.0], [0.0,0.0], [0.0,0.0], [0.0,0.0], [0.0,0.0], [0.0,0.0], [0.0,0.0], [0.0,0.0], [0.0,0.0], [0.0,0.0], [0.0,0.0]]
EXIT 1 FunctionDefinition_6 [[-Infinity,Infinity], [-Infinity,Infinity], [0.0,0.0], [0.0,0.0], [0.0,0.0], [0.0,0.0], [-Infinity,Infinity], [0.0,0.0], [0.0,0.0], [0.0,0.0], [0.0,0.0], [0.0,0.0], [0.0,0.0], [0.0,0.0], [0.0,0.0], [0.0,0.0], [0.0,0.0], [0.0,0.0], [0.0,0.0], [0.0,0.0], [0.0,0.0], [0.0,0.0], [0.0,0.0], [0.0,0.0], [0.0,0.0], [0.0,0.0], [0.0,0.0], [0.0,0.0], [0.0,0.0], [0.0,0.0], [0.0,0.0], [0.0,0.0], [0.0,0.0], [0.0,0.0], [0.0,0.0]]
ENTRY 1 FunctionEntry_6 [[-Infinity,Infinity], [-Infinity,Infinity], [0.0,0.0], [0.0,0.0], [0.0,0.0], [0.0,0.0], [-Infinity,Infinity], [0.0,0.0], [0.0,0.0], [0.0,0.0], [0.0,0.0], [0.0,0.0], [0.0,0.0], [0.0,0.0], [0.0,0.0], [0.0,0.0], [0.0,0.0], [0.0,0.0], [0.0,0.0], [0.0,0.0], [0.0,0.0], [0.0,0.0], [0.0,0.0], [0.0,0.0], [0.0,0.0], [0.0,0.0], [0.0,0.0], [0.0,0.0], [0.0,0.0], [0.0,0.0], [0.0,0.0], [0.0,0.0], [0.0,0.0], [0.0,0.0], [0.0,0.0]]
EXIT 1 FunctionEntry_6 [[-Infinity,Infinity], [-Infinity,Infinity], [0.0,0.0], [0.0,0.0], [0.0,0.0], [0.0,0.0], [-Infinity,Infinity], [0.0,0.0], [0.0,0.0], [0.0,0.0], [0.0,0.0], [0.0,0.0], [0.0,0.0], [0.0,0.0], [0.0,0.0], [0.0,0.0], [0.0,0.0], [0.0,0.0], [0.0,0.0], [0.0,0.0], [0.0,0.0], [0.0,0.0], [0.0,0.0], [0.0,0.0], [0.0,0.0], [0.0,0.0], [0.0,0.0], [0.0,0.0], [0.0,0.0], [0.0,0.0], [0.0,0.0], [0.0,0.0], [0.0,0.0], [0.0,0.0], [0.0,0.0]]
ENTRY 1 IfStatement_6 [[-Infinity,Infinity], [-Infinity,Infinity], [0.0,0.0], [0.0,0.0], [0.0,0.0], [0.0,0.0], [-Infinity,Infinity], [0.0,0.0], [0.0,0.0], [0.0,0.0], [0.0,0.0], [0.0,0.0], [0.0,0.0], [0.0,0.0], [0.0,0.0], [0.0,0.0], [0.0,0.0], [0.0,0.0], [0.0,0.0], [0.0,0.0], [0.0,0.0], [0.0,0.0], [0.0,0.0], [0.0,0.0], [0.0,0.0], [0.0,0.0], [0.0,0.0], [0.0,0.0], [0.0,0.0], [0.0,0.0], [0.0,0.0], [0.0,0.0], [0.0,0.0], [0.0,0.0], [0.0,0.0]]
EXIT 1 IfStatement_6 [[1.0,-1.0], [1.0,-1.0], [1.0,-1.0], [1.0,-1.0], [1.0,-1.0], [1.0,-1.0], [1.0,-1.0], [1.0,-1.0], [1.0,-1.0], [1.0,-1.0], [1.0,-1.0], [1.0,-1.0], [1.0,-1.0], [1.0,-1.0], [1.0,-1.0], [1.0,-1.0], [1.0,-1.0], [1.0,-1.0], [1.0,-1.0], [1.0,-1.0], [1.0,-1.0], [1.0,-1.0], [1.0,-1.0], [1.0,-1.0], [1.0,-1.0], [1.0,-1.0], [1.0,-1.0], [1.0,-1.0], [1.0,-1.0], [1.0,-1.0], [1.0,-1.0], [1.0,-1.0], [1.0,-1.0], [1.0,-1.0], [1.0,-1.0]]
ENTRY 1 Throw_0 [[1.0,-1.0], [1.0,-1.0], [1.0,-1.0], [1.0,-1.0], [1.0,-1.0], [1.0,-1.0], [1.0,-1.0], [1.0,-1.0], [1.0,-1.0], [1.0,-1.0], [1.0,-1.0], [1.0,-1.0], [1.0,-1.0], [1.0,-1.0], [1.0,-1.0], [1.0,-1.0], [1.0,-1.0], [1.0,-1.0], [1.0,-1.0], [1.0,-1.0], [1.0,-1.0], [1.0,-1.0], [1.0,-1.0], [1.0,-1.0], [1.0,-1.0], [1.0,-1.0], [1.0,-1.0], [1.0,-1.0], [1.0,-1.0], [1.0,-1.0], [1.0,-1.0], [1.0,-1.0], [1.0,-1.0], [1.0,-1.0], [1.0,-1.0]]
EXIT 1 Throw_0 [[1.0,-1.0], [1.0,-1.0], [1.0,-1.0], [1.0,-1.0], [1.0,-1.0], [1.0,-1.0], [1.0,-1.0], [1.0,-1.0], [1.0,-1.0], [1.0,-1.0], [1.0,-1.0], [1.0,-1.0], [1.0,-1.0], [1.0,-1.0], [1.0,-1.0], [1.0,-1.0], [1.0,-1.0], [1.0,-1.0], [1.0,-1.0], [1.0,-1.0], [1.0,-1.0], [1.0,-1.0], [1.0,-1.0], [1.0,-1.0], [1.0,-1.0], [1.0,-1.0], [1.0,-1.0], [1.0,-1.0], [1.0,-1.0], [1.0,-1.0], [1.0,-1.0], [1.0,-1.0], [1.0,-1.0], [1.0,-1.0], [1.0,-1.0]]
ENTRY 1 IfConditionJoin_6 [[-Infinity,Infinity], [-Infinity,Infinity], [0.0,0.0], [0.0,0.0], [0.0,0.0], [0.0,0.0], [-Infinity,Infinity], [0.0,0.0], [0.0,0.0], [0.0,0.0], [0.0,0.0], [0.0,0.0], [0.0,0.0], [0.0,0.0], [0.0,0.0], [0.0,0.0], [0.0,0.0], [0.0,0.0], [0.0,0.0], [0.0,0.0], [0.0,0.0], [0.0,0.0], [0.0,0.0], [0.0,0.0], [0.0,0.0], [0.0,0.0], [0.0,0.0], [0.0,0.0], [0.0,0.0], [0.0,0.0], [0.0,0.0], [0.0,0.0], [0.0,0.0], [0.0,0.0], [0.0,0.0]]
EXIT 1 IfConditionJoin_6 [[-Infinity,Infinity], [-Infinity,Infinity], [0.0,0.0], [0.0,0.0], [0.0,0.0], [0.0,0.0], [-Infinity,Infinity], [0.0,0.0], [0.0,0.0], [0.0,0.0], [0.0,0.0], [0.0,0.0], [0.0,0.0], [0.0,0.0], [0.0,0.0], [0.0,0.0], [0.0,0.0], [0.0,0.0], [0.0,0.0], [0.0,0.0], [0.0,0.0], [0.0,0.0], [0.0,0.0], [0.0,0.0], [0.0,0.0], [0.0,0.0], [0.0,0.0], [0.0,0.0], [0.0,0.0], [0.0,0.0], [0.0,0.0], [0.0,0.0], [0.0,0.0], [0.0,0.0], [0.0,0.0]]
ENTRY 1 ExpressionStatement_21 [[-Infinity,Infinity], [-Infinity,Infinity], [0.0,0.0], [0.0,0.0], [0.0,0.0], [0.0,0.0], [-Infinity,Infinity], [0.0,0.0], [0.0,0.0], [0.0,0.0], [0.0,0.0], [0.0,0.0], [0.0,0.0], [0.0,0.0], [0.0,0.0], [0.0,0.0], [0.0,0.0], [0.0,0.0], [0.0,0.0], [0.0,0.0], [0.0,0.0], [0.0,0.0], [0.0,0.0], [0.0,0.0], [0.0,0.0], [0.0,0.0], [0.0,0.0], [0.0,0.0], [0.0,0.0], [0.0,0.0], [0.0,0.0], [0.0,0.0], [0.0,0.0], [0.0,0.0], [0.0,0.0]]
EXIT 1 ExpressionStatement_21 [[-Infinity,Infinity], [-Infinity,Infinity], [0.0,0.0], [-Infinity,Infinity], [0.0,0.0], [0.0,0.0], [-Infinity,Infinity], [0.0,0.0], [0.0,0.0], [0.0,0.0], [0.0,0.0], [0.0,0.0], [0.0,0.0], [0.0,0.0], [0.0,0.0], [0.0,0.0], [0.0,0.0], [0.0,0.0], [0.0,0.0], [0.0,0.0], [0.0,0.0], [0.0,0.0], [0.0,0.0], [0.0,0.0], [0.0,0.0], [0.0,0.0], [0.0,0.0], [0.0,0.0], [0.0,0.0], [0.0,0.0], [0.0,0.0], [0.0,0.0], [0.0,0.0], [0.0,0.0], [0.0,0.0]]
ENTRY 1 FunctionExit_6 [[-Infinity,Infinity], [-Infinity,Infinity], [0.0,0.0], [-Infinity,Infinity], [0.0,0.0], [0.0,0.0], [-Infinity,Infinity], [0.0,0.0], [0.0,0.0], [0.0,0.0], [0.0,0.0], [0.0,0.0], [0.0,0.0], [0.0,0.0], [0.0,0.0], [0.0,0.0], [0.0,0.0], [0.0,0.0], [0.0,0.0], [0.0,0.0], [0.0,0.0], [0.0,0.0], [0.0,0.0], [0.0,0.0], [0.0,0.0], [0.0,0.0], [0.0,0.0], [0.0,0.0], [0.0,0.0], [0.0,0.0], [0.0,0.0], [0.0,0.0], [0.0,0.0], [0.0,0.0], [0.0,0.0]]
EXIT 1 FunctionExit_6 [[-Infinity,Infinity], [-Infinity,Infinity], [0.0,0.0], [-Infinity,Infinity], [0.0,0.0], [0.0,0.0], [-Infinity,Infinity], [0.0,0.0], [0.0,0.0], [0.0,0.0], [0.0,0.0], [0.0,0.0], [0.0,0.0], [0.0,0.0], [0.0,0.0], [0.0,0.0], [0.0,0.0], [0.0,0.0], [0.0,0.0], [0.0,0.0], [0.0,0.0], [0.0,0.0], [0.0,0.0], [0.0,0.0], [0.0,0.0], [0.0,0.0], [0.0,0.0], [0.0,0.0], [0.0,0.0], [0.0,0.0], [0.0,0.0], [0.0,0.0], [0.0,0.0], [0.0,0.0], [0.0,0.0]]
ENTRY 1 FunctionDefinition_7 [[-Infinity,Infinity], [-Infinity,Infinity], [0.0,0.0], [-Infinity,Infinity], [0.0,0.0], [0.0,0.0], [-Infinity,Infinity], [0.0,0.0], [0.0,0.0], [0.0,0.0], [0.0,0.0], [0.0,0.0], [0.0,0.0], [0.0,0.0], [0.0,0.0], [0.0,0.0], [0.0,0.0], [0.0,0.0], [0.0,0.0], [0.0,0.0], [0.0,0.0], [0.0,0.0], [0.0,0.0], [0.0,0.0], [0.0,0.0], [0.0,0.0], [0.0,0.0], [0.0,0.0], [0.0,0.0], [0.0,0.0], [0.0,0.0], [0.0,0.0], [0.0,0.0], [0.0,0.0], [0.0,0.0]]
EXIT 1 FunctionDefinition_7 [[-Infinity,Infinity], [-Infinity,Infinity], [0.0,0.0], [-Infinity,Infinity], [0.0,0.0], [0.0,0.0], [-Infinity,Infinity], [0.0,0.0], [0.0,0.0], [0.0,0.0], [0.0,0.0], [0.0,0.0], [0.0,0.0], [0.0,0.0], [0.0,0.0], [0.0,0.0], [0.0,0.0], [0.0,0.0], [0.0,0.0], [0.0,0.0], [0.0,0.0], [0.0,0.0], [0.0,0.0], [0.0,0.0], [0.0,0.0], [0.0,0.0], [0.0,0.0], [0.0,0.0], [0.0,0.0], [0.0,0.0], [0.0,0.0], [0.0,0.0], [0.0,0.0], [0.0,0.0], [0.0,0.0]]
ENTRY 1 FunctionEntry_7 [[-Infinity,Infinity], [-Infinity,Infinity], [0.0,0.0], [-Infinity,Infinity], [0.0,0.0], [0.0,0.0], [-Infinity,Infinity], [0.0,0.0], [0.0,0.0], [0.0,0.0], [0.0,0.0], [0.0,0.0], [0.0,0.0], [0.0,0.0], [0.0,0.0], [0.0,0.0], [0.0,0.0], [0.0,0.0], [0.0,0.0], [0.0,0.0], [0.0,0.0], [0.0,0.0], [0.0,0.0], [0.0,0.0], [0.0,0.0], [0.0,0.0], [0.0,0.0], [0.0,0.0], [0.0,0.0], [0.0,0.0], [0.0,0.0], [0.0,0.0], [0.0,0.0], [0.0,0.0], [0.0,0.0]]
EXIT 1 FunctionEntry_7 [[-Infinity,Infinity], [-Infinity,Infinity], [0.0,0.0], [-Infinity,Infinity], [0.0,0.0], [0.0,0.0], [-Infinity,Infinity], [0.0,0.0], [0.0,0.0], [0.0,0.0], [0.0,0.0], [0.0,0.0], [0.0,0.0], [0.0,0.0], [0.0,0.0], [0.0,0.0], [0.0,0.0], [0.0,0.0], [0.0,0.0], [0.0,0.0], [0.0,0.0], [0.0,0.0], [0.0,0.0], [0.0,0.0], [0.0,0.0], [0.0,0.0], [0.0,0.0], [0.0,0.0], [0.0,0.0], [0.0,0.0], [0.0,0.0], [0.0,0.0], [0.0,0.0], [0.0,0.0], [0.0,0.0]]
ENTRY 1 IfStatement_7 [[-Infinity,Infinity], [-Infinity,Infinity], [0.0,0.0], [-Infinity,Infinity], [0.0,0.0], [0.0,0.0], [-Infinity,Infinity], [0.0,0.0], [0.0,0.0], [0.0,0.0], [0.0,0.0], [0.0,0.0], [0.0,0.0], [0.0,0.0], [0.0,0.0], [0.0,0.0], [0.0,0.0], [0.0,0.0], [0.0,0.0], [0.0,0.0], [0.0,0.0], [0.0,0.0], [0.0,0.0], [0.0,0.0], [0.0,0.0], [0.0,0.0], [0.0,0.0], [0.0,0.0], [0.0,0.0], [0.0,0.0], [0.0,0.0], [0.0,0.0], [0.0,0.0], [0.0,0.0], [0.0,0.0]]
EXIT 1 IfStatement_7 [[1.0,-1.0], [1.0,-1.0], [1.0,-1.0], [1.0,-1.0], [1.0,-1.0], [1.0,-1.0], [1.0,-1.0], [1.0,-1.0], [1.0,-1.0], [1.0,-1.0], [1.0,-1.0], [1.0,-1.0], [1.0,-1.0], [1.0,-1.0], [1.0,-1.0], [1.0,-1.0], [1.0,-1.0], [1.0,-1.0], [1.0,-1.0], [1.0,-1.0], [1.0,-1.0], [1.0,-1.0], [1.0,-1.0], [1.0,-1.0], [1.0,-1.0], [1.0,-1.0], [1.0,-1.0], [1.0,-1.0], [1.0,-1.0], [1.0,-1.0], [1.0,-1.0], [1.0,-1.0], [1.0,-1.0], [1.0,-1.0], [1.0,-1.0]]
ENTRY 1 Throw_1 [[1.0,-1.0], [1.0,-1.0], [1.0,-1.0], [1.0,-1.0], [1.0,-1.0], [1.0,-1.0], [1.0,-1.0], [1.0,-1.0], [1.0,-1.0], [1.0,-1.0], [1.0,-1.0], [1.0,-1.0], [1.0,-1.0], [1.0,-1.0], [1.0,-1.0], [1.0,-1.0], [1.0,-1.0], [1.0,-1.0], [1.0,-1.0], [1.0,-1.0], [1.0,-1.0], [1.0,-1.0], [1.0,-1.0], [1.0,-1.0], [1.0,-1.0], [1.0,-1.0], [1.0,-1.0], [1.0,-1.0], [1.0,-1.0], [1.0,-1.0], [1.0,-1.0], [1.0,-1.0], [1.0,-1.0], [1.0,-1.0], [1.0,-1.0]]
EXIT 1 Throw_1 [[1.0,-1.0], [1.0,-1.0], [1.0,-1.0], [1.0,-1.0], [1.0,-1.0], [1.0,-1.0], [1.0,-1.0], [1.0,-1.0], [1.0,-1.0], [1.0,-1.0], [1.0,-1.0], [1.0,-1.0], [1.0,-1.0], [1.0,-1.0], [1.0,-1.0], [1.0,-1.0], [1.0,-1.0], [1.0,-1.0], [1.0,-1.0], [1.0,-1.0], [1.0,-1.0], [1.0,-1.0], [1.0,-1.0], [1.0,-1.0], [1.0,-1.0], [1.0,-1.0], [1.0,-1.0], [1.0,-1.0], [1.0,-1.0], [1.0,-1.0], [1.0,-1.0], [1.0,-1.0], [1.0,-1.0], [1.0,-1.0], [1.0,-1.0]]
ENTRY 1 IfConditionJoin_7 [[-Infinity,Infinity], [-Infinity,Infinity], [0.0,0.0], [-Infinity,Infinity], [0.0,0.0], [0.0,0.0], [-Infinity,Infinity], [0.0,0.0], [0.0,0.0], [0.0,0.0], [0.0,0.0], [0.0,0.0], [0.0,0.0], [0.0,0.0], [0.0,0.0], [0.0,0.0], [0.0,0.0], [0.0,0.0], [0.0,0.0], [0.0,0.0], [0.0,0.0], [0.0,0.0], [0.0,0.0], [0.0,0.0], [0.0,0.0], [0.0,0.0], [0.0,0.0], [0.0,0.0], [0.0,0.0], [0.0,0.0], [0.0,0.0], [0.0,0.0], [0.0,0.0], [0.0,0.0], [0.0,0.0]]
EXIT 1 IfConditionJoin_7 [[-Infinity,Infinity], [-Infinity,Infinity], [0.0,0.0], [-Infinity,Infinity], [0.0,0.0], [0.0,0.0], [-Infinity,Infinity], [0.0,0.0], [0.0,0.0], [0.0,0.0], [0.0,0.0], [0.0,0.0], [0.0,0.0], [0.0,0.0], [0.0,0.0], [0.0,0.0], [0.0,0.0], [0.0,0.0], [0.0,0.0], [0.0,0.0], [0.0,0.0], [0.0,0.0], [0.0,0.0], [0.0,0.0], [0.0,0.0], [0.0,0.0], [0.0,0.0], [0.0,0.0], [0.0,0.0], [0.0,0.0], [0.0,0.0], [0.0,0.0], [0.0,0.0], [0.0,0.0], [0.0,0.0]]
ENTRY 1 ExpressionStatement_22 [[-Infinity,Infinity], [-Infinity,Infinity], [0.0,0.0], [-Infinity,Infinity], [0.0,0.0], [0.0,0.0], [-Infinity,Infinity], [0.0,0.0], [0.0,0.0], [0.0,0.0], [0.0,0.0], [0.0,0.0], [0.0,0.0], [0.0,0.0], [0.0,0.0], [0.0,0.0], [0.0,0.0], [0.0,0.0], [0.0,0.0], [0.0,0.0], [0.0,0.0], [0.0,0.0], [0.0,0.0], [0.0,0.0], [0.0,0.0], [0.0,0.0], [0.0,0.0], [0.0,0.0], [0.0,0.0], [0.0,0.0], [0.0,0.0], [0.0,0.0], [0.0,0.0], [0.0,0.0], [0.0,0.0]]
EXIT 1 ExpressionStatement_22 [[-Infinity,Infinity], [-Infinity,Infinity], [-Infinity,Infinity], [-Infinity,Infinity], [0.0,0.0], [0.0,0.0], [-Infinity,Infinity], [0.0,0.0], [0.0,0.0], [0.0,0.0], [0.0,0.0], [0.0,0.0], [0.0,0.0], [0.0,0.0], [0.0,0.0], [0.0,0.0], [0.0,0.0], [0.0,0.0], [0.0,0.0], [0.0,0.0], [0.0,0.0], [0.0,0.0], [0.0,0.0], [0.0,0.0], [0.0,0.0], [0.0,0.0], [0.0,0.0], [0.0,0.0], [0.0,0.0], [0.0,0.0], [0.0,0.0], [0.0,0.0], [0.0,0.0], [0.0,0.0], [0.0,0.0]]
ENTRY 1 FunctionExit_7 [[-Infinity,Infinity], [-Infinity,Infinity], [-Infinity,Infinity], [-Infinity,Infinity], [0.0,0.0], [0.0,0.0], [-Infinity,Infinity], [0.0,0.0], [0.0,0.0], [0.0,0.0], [0.0,0.0], [0.0,0.0], [0.0,0.0], [0.0,0.0], [0.0,0.0], [0.0,0.0], [0.0,0.0], [0.0,0.0], [0.0,0.0], [0.0,0.0], [0.0,0.0], [0.0,0.0], [0.0,0.0], [0.0,0.0], [0.0,0.0], [0.0,0.0], [0.0,0.0], [0.0,0.0], [0.0,0.0], [0.0,0.0], [0.0,0.0], [0.0,0.0], [0.0,0.0], [0.0,0.0], [0.0,0.0]]
EXIT 1 FunctionExit_7 [[-Infinity,Infinity], [-Infinity,Infinity], [-Infinity,Infinity], [-Infinity,Infinity], [0.0,0.0], [0.0,0.0], [-Infinity,Infinity], [0.0,0.0], [0.0,0.0], [0.0,0.0], [0.0,0.0], [0.0,0.0], [0.0,0.0], [0.0,0.0], [0.0,0.0], [0.0,0.0], [0.0,0.0], [0.0,0.0], [0.0,0.0], [0.0,0.0], [0.0,0.0], [0.0,0.0], [0.0,0.0], [0.0,0.0], [0.0,0.0], [0.0,0.0], [0.0,0.0], [0.0,0.0], [0.0,0.0], [0.0,0.0], [0.0,0.0], [0.0,0.0], [0.0,0.0], [0.0,0.0], [0.0,0.0]]
ENTRY 1 FunctionDefinition_8 [[-Infinity,Infinity], [-Infinity,Infinity], [-Infinity,Infinity], [-Infinity,Infinity], [0.0,0.0], [0.0,0.0], [-Infinity,Infinity], [0.0,0.0], [0.0,0.0], [0.0,0.0], [0.0,0.0], [0.0,0.0], [0.0,0.0], [0.0,0.0], [0.0,0.0], [0.0,0.0], [0.0,0.0], [0.0,0.0], [0.0,0.0], [0.0,0.0], [0.0,0.0], [0.0,0.0], [0.0,0.0], [0.0,0.0], [0.0,0.0], [0.0,0.0], [0.0,0.0], [0.0,0.0], [0.0,0.0], [0.0,0.0], [0.0,0.0], [0.0,0.0], [0.0,0.0], [0.0,0.0], [0.0,0.0]]
EXIT 1 FunctionDefinition_8 [[-Infinity,Infinity], [-Infinity,Infinity], [-Infinity,Infinity], [-Infinity,Infinity], [0.0,0.0], [0.0,0.0], [-Infinity,Infinity], [0.0,0.0], [0.0,0.0], [0.0,0.0], [0.0,0.0], [0.0,0.0], [0.0,0.0], [0.0,0.0], [0.0,0.0], [0.0,0.0], [0.0,0.0], [0.0,0.0], [0.0,0.0], [0.0,0.0], [0.0,0.0], [0.0,0.0], [0.0,0.0], [0.0,0.0], [0.0,0.0], [0.0,0.0], [0.0,0.0], [0.0,0.0], [0.0,0.0], [0.0,0.0], [0.0,0.0], [0.0,0.0], [0.0,0.0], [0.0,0.0], [0.0,0.0]]
ENTRY 1 FunctionEntry_8 [[-Infinity,Infinity], [-Infinity,Infinity], [-Infinity,Infinity], [-Infinity,Infinity], [0.0,0.0], [0.0,0.0], [-Infinity,Infinity], [0.0,0.0], [0.0,0.0], [0.0,0.0], [0.0,0.0], [0.0,0.0], [0.0,0.0], [0.0,0.0], [0.0,0.0], [0.0,0.0], [0.0,0.0], [0.0,0.0], [0.0,0.0], [0.0,0.0], [0.0,0.0], [0.0,0.0], [0.0,0.0], [0.0,0.0], [0.0,0.0], [0.0,0.0], [0.0,0.0], [0.0,0.0], [0.0,0.0], [0.0,0.0], [0.0,0.0], [0.0,0.0], [0.0,0.0], [0.0,0.0], [0.0,0.0]]
EXIT 1 FunctionEntry_8 [[-Infinity,Infinity], [-Infinity,Infinity], [-Infinity,Infinity], [-Infinity,Infinity], [0.0,0.0], [0.0,0.0], [-Infinity,Infinity], [0.0,0.0], [0.0,0.0], [0.0,0.0], [0.0,0.0], [0.0,0.0], [0.0,0.0], [0.0,0.0], [0.0,0.0], [0.0,0.0], [0.0,0.0], [0.0,0.0], [0.0,0.0], [0.0,0.0], [0.0,0.0], [0.0,0.0], [0.0,0.0], [0.0,0.0], [0.0,0.0], [0.0,0.0], [0.0,0.0], [0.0,0.0], [0.0,0.0], [0.0,0.0], [0.0,0.0], [0.0,0.0], [0.0,0.0], [0.0,0.0], [0.0,0.0]]
ENTRY 1 ExpressionStatement_23 [[-Infinity,Infinity], [-Infinity,Infinity], [-Infinity,Infinity], [-Infinity,Infinity], [0.0,0.0], [0.0,0.0], [-Infinity,Infinity], [0.0,0.0], [0.0,0.0], [0.0,0.0], [0.0,0.0], [0.0,0.0], [0.0,0.0], [0.0,0.0], [0.0,0.0], [0.0,0.0], [0.0,0.0], [0.0,0.0], [0.0,0.0], [0.0,0.0], [0.0,0.0], [0.0,0.0], [0.0,0.0], [0.0,0.0], [0.0,0.0], [0.0,0.0], [0.0,0.0], [0.0,0.0], [0.0,0.0], [0.0,0.0], [0.0,0.0], [0.0,0.0], [0.0,0.0], [0.0,0.0], [0.0,0.0]]
EXIT 1 ExpressionStatement_23 [[-Infinity,Infinity], [-Infinity,Infinity], [-Infinity,Infinity], [-Infinity,Infinity], [0.0,0.0], [0.0,0.0], [-Infinity,Infinity], [0.0,0.0], [0.0,0.0], [0.0,0.0], [0.0,0.0], [0.0,0.0], [0.0,0.0], [0.0,0.0], [0.0,0.0], [0.0,0.0], [0.0,0.0], [0.0,0.0], [0.0,0.0], [0.0,0.0], [0.0,0.0], [0.0,0.0], [0.0,0.0], [0.0,0.0], [0.0,0.0], [-Infinity,Infinity], [0.0,0.0], [0.0,0.0], [0.0,0.0], [0.0,0.0], [0.0,0.0], [0.0,0.0], [0.0,0.0], [0.0,0.0], [0.0,0.0]]
ENTRY 1 ExpressionStatement_24 [[-Infinity,Infinity], [-Infinity,Infinity], [-Infinity,Infinity], [-Infinity,Infinity], [0.0,0.0], [0.0,0.0], [-Infinity,Infinity], [0.0,0.0], [0.0,0.0], [0.0,0.0], [0.0,0.0], [0.0,0.0], [0.0,0.0], [0.0,0.0], [0.0,0.0], [0.0,0.0], [0.0,0.0], [0.0,0.0], [0.0,0.0], [0.0,0.0], [0.0,0.0], [0.0,0.0], [0.0,0.0], [0.0,0.0], [0.0,0.0], [-Infinity,Infinity], [0.0,0.0], [0.0,0.0], [0.0,0.0], [0.0,0.0], [0.0,0.0], [0.0,0.0], [0.0,0.0], [0.0,0.0], [0.0,0.0]]
EXIT 1 ExpressionStatement_24 [[-Infinity,Infinity], [-Infinity,Infinity], [-Infinity,Infinity], [-Infinity,Infinity], [0.0,0.0], [0.0,0.0], [-Infinity,Infinity], [0.0,0.0], [0.0,0.0], [0.0,0.0], [0.0,0.0], [0.0,0.0], [0.0,0.0], [0.0,0.0], [0.0,0.0], [0.0,0.0], [0.0,0.0], [0.0,0.0], [0.0,0.0], [0.0,0.0], [0.0,0.0], [0.0,0.0], [0.0,0.0], [0.0,0.0], [0.0,0.0], [-Infinity,Infinity], [0.0,0.0], [0.0,0.0], [-Infinity,Infinity], [0.0,0.0], [0.0,0.0], [0.0,0.0], [0.0,0.0], [0.0,0.0], [0.0,0.0]]
ENTRY 1 FunctionExit_8 [[-Infinity,Infinity], [-Infinity,Infinity], [-Infinity,Infinity], [-Infinity,Infinity], [0.0,0.0], [0.0,0.0], [-Infinity,Infinity], [0.0,0.0], [0.0,0.0], [0.0,0.0], [0.0,0.0], [0.0,0.0], [0.0,0.0], [0.0,0.0], [0.0,0.0], [0.0,0.0], [0.0,0.0], [0.0,0.0], [0.0,0.0], [0.0,0.0], [0.0,0.0], [0.0,0.0], [0.0,0.0], [0.0,0.0], [0.0,0.0], [-Infinity,Infinity], [0.0,0.0], [0.0,0.0], [-Infinity,Infinity], [0.0,0.0], [0.0,0.0], [0.0,0.0], [0.0,0.0], [0.0,0.0], [0.0,0.0]]
EXIT 1 FunctionExit_8 [[-Infinity,Infinity], [-Infinity,Infinity], [-Infinity,Infinity], [-Infinity,Infinity], [0.0,0.0], [0.0,0.0], [-Infinity,Infinity], [0.0,0.0], [0.0,0.0], [0.0,0.0], [0.0,0.0], [0.0,0.0], [0.0,0.0], [0.0,0.0], [0.0,0.0], [0.0,0.0], [0.0,0.0], [0.0,0.0], [0.0,0.0], [0.0,0.0], [0.0,0.0], [0.0,0.0], [0.0,0.0], [0.0,0.0], [0.0,0.0], [-Infinity,Infinity], [0.0,0.0], [0.0,0.0], [-Infinity,Infinity], [0.0,0.0], [0.0,0.0], [0.0,0.0], [0.0,0.0], [0.0,0.0], [0.0,0.0]]
ENTRY 1 FunctionDefinition_9 [[-Infinity,Infinity], [-Infinity,Infinity], [-Infinity,Infinity], [-Infinity,Infinity], [0.0,0.0], [0.0,0.0], [-Infinity,Infinity], [0.0,0.0], [0.0,0.0], [0.0,0.0], [0.0,0.0], [0.0,0.0], [0.0,0.0], [0.0,0.0], [0.0,0.0], [0.0,0.0], [0.0,0.0], [0.0,0.0], [0.0,0.0], [0.0,0.0], [0.0,0.0], [0.0,0.0], [0.0,0.0], [0.0,0.0], [0.0,0.0], [0.0,0.0], [0.0,0.0], [0.0,0.0], [0.0,0.0], [0.0,0.0], [0.0,0.0], [0.0,0.0], [0.0,0.0], [0.0,0.0], [0.0,0.0]]
EXIT 1 FunctionDefinition_9 [[-Infinity,Infinity], [-Infinity,Infinity], [-Infinity,Infinity], [-Infinity,Infinity], [0.0,0.0], [0.0,0.0], [-Infinity,Infinity], [0.0,0.0], [0.0,0.0], [0.0,0.0], [0.0,0.0], [0.0,0.0], [0.0,0.0], [0.0,0.0], [0.0,0.0], [0.0,0.0], [0.0,0.0], [0.0,0.0], [0.0,0.0], [0.0,0.0], [0.0,0.0], [0.0,0.0], [0.0,0.0], [0.0,0.0], [0.0,0.0], [0.0,0.0], [0.0,0.0], [0.0,0.0], [0.0,0.0], [0.0,0.0], [0.0,0.0], [0.0,0.0], [0.0,0.0], [0.0,0.0], [0.0,0.0]]
ENTRY 1 FunctionEntry_9 [[-Infinity,Infinity], [-Infinity,Infinity], [-Infinity,Infinity], [-Infinity,Infinity], [0.0,0.0], [0.0,0.0], [-Infinity,Infinity], [0.0,0.0], [0.0,0.0], [0.0,0.0], [0.0,0.0], [0.0,0.0], [0.0,0.0], [0.0,0.0], [0.0,0.0], [0.0,0.0], [0.0,0.0], [0.0,0.0], [0.0,0.0], [0.0,0.0], [0.0,0.0], [0.0,0.0], [0.0,0.0], [0.0,0.0], [0.0,0.0], [0.0,0.0], [0.0,0.0], [0.0,0.0], [0.0,0.0], [0.0,0.0], [0.0,0.0], [0.0,0.0], [0.0,0.0], [0.0,0.0], [0.0,0.0]]
EXIT 1 FunctionEntry_9 [[-Infinity,Infinity], [-Infinity,Infinity], [-Infinity,Infinity], [-Infinity,Infinity], [0.0,0.0], [0.0,0.0], [-Infinity,Infinity], [0.0,0.0], [0.0,0.0], [0.0,0.0], [0.0,0.0], [0.0,0.0], [0.0,0.0], [0.0,0.0], [0.0,0.0], [0.0,0.0], [0.0,0.0], [0.0,0.0], [0.0,0.0], [0.0,0.0], [0.0,0.0], [0.0,0.0], [0.0,0.0], [0.0,0.0], [0.0,0.0], [0.0,0.0], [0.0,0.0], [0.0,0.0], [0.0,0.0], [0.0,0.0], [0.0,0.0], [0.0,0.0], [0.0,0.0], [0.0,0.0], [0.0,0.0]]
ENTRY 1 ExpressionStatement_25 [[-Infinity,Infinity], [-Infinity,Infinity], [-Infinity,Infinity], [-Infinity,Infinity], [0.0,0.0], [0.0,0.0], [-Infinity,Infinity], [0.0,0.0], [0.0,0.0], [0.0,0.0], [0.0,0.0], [0.0,0.0], [0.0,0.0], [0.0,0.0], [0.0,0.0], [0.0,0.0], [0.0,0.0], [0.0,0.0], [0.0,0.0], [0.0,0.0], [0.0,0.0], [0.0,0.0], [0.0,0.0], [0.0,0.0], [0.0,0.0], [0.0,0.0], [0.0,0.0], [0.0,0.0], [0.0,0.0], [0.0,0.0], [0.0,0.0], [0.0,0.0], [0.0,0.0], [0.0,0.0], [0.0,0.0]]
EXIT 1 ExpressionStatement_25 [[-Infinity,Infinity], [-Infinity,Infinity], [-Infinity,Infinity], [-Infinity,Infinity], [0.0,0.0], [0.0,0.0], [-Infinity,Infinity], [0.0,0.0], [0.0,0.0], [0.0,0.0], [0.0,0.0], [0.0,0.0], [0.0,0.0], [0.0,0.0], [0.0,0.0], [0.0,0.0], [0.0,0.0], [0.0,0.0], [0.0,0.0], [0.0,0.0], [0.0,0.0], [0.0,0.0], [0.0,0.0], [0.0,0.0], [0.0,0.0], [0.0,0.0], [0.0,0.0], [0.0,0.0], [0.0,0.0], [-Infinity,Infinity], [0.0,0.0], [0.0,0.0], [0.0,0.0], [0.0,0.0], [0.0,0.0]]
ENTRY 1 ExpressionStatement_26 [[-Infinity,Infinity], [-Infinity,Infinity], [-Infinity,Infinity], [-Infinity,Infinity], [0.0,0.0], [0.0,0.0], [-Infinity,Infinity], [0.0,0.0], [0.0,0.0], [0.0,0.0], [0.0,0.0], [0.0,0.0], [0.0,0.0], [0.0,0.0], [0.0,0.0], [0.0,0.0], [0.0,0.0], [0.0,0.0], [0.0,0.0], [0.0,0.0], [0.0,0.0], [0.0,0.0], [0.0,0.0], [0.0,0.0], [0.0,0.0], [0.0,0.0], [0.0,0.0], [0.0,0.0], [0.0,0.0], [-Infinity,Infinity], [0.0,0.0], [0.0,0.0], [0.0,0.0], [0.0,0.0], [0.0,0.0]]
EXIT 1 ExpressionStatement_26 [[-Infinity,Infinity], [-Infinity,Infinity], [-Infinity,Infinity], [-Infinity,Infinity], [0.0,0.0], [0.0,0.0], [-Infinity,Infinity], [0.0,0.0], [0.0,0.0], [0.0,0.0], [0.0,0.0], [0.0,0.0], [0.0,0.0], [0.0,0.0], [0.0,0.0], [0.0,0.0], [0.0,0.0], [0.0,0.0], [0.0,0.0], [0.0,0.0], [0.0,0.0], [0.0,0.0], [0.0,0.0], [0.0,0.0], [0.0,0.0], [0.0,0.0], [0.0,0.0], [0.0,0.0], [-Infinity,Infinity], [-Infinity,Infinity], [0.0,0.0], [0.0,0.0], [0.0,0.0], [0.0,0.0], [0.0,0.0]]
ENTRY 1 FunctionExit_9 [[-Infinity,Infinity], [-Infinity,Infinity], [-Infinity,Infinity], [-Infinity,Infinity], [0.0,0.0], [0.0,0.0], [-Infinity,Infinity], [0.0,0.0], [0.0,0.0], [0.0,0.0], [0.0,0.0], [0.0,0.0], [0.0,0.0], [0.0,0.0], [0.0,0.0], [0.0,0.0], [0.0,0.0], [0.0,0.0], [0.0,0.0], [0.0,0.0], [0.0,0.0], [0.0,0.0], [0.0,0.0], [0.0,0.0], [0.0,0.0], [0.0,0.0], [0.0,0.0], [0.0,0.0], [-Infinity,Infinity], [-Infinity,Infinity], [0.0,0.0], [0.0,0.0], [0.0,0.0], [0.0,0.0], [0.0,0.0]]
EXIT 1 FunctionExit_9 [[-Infinity,Infinity], [-Infinity,Infinity], [-Infinity,Infinity], [-Infinity,Infinity], [0.0,0.0], [0.0,0.0], [-Infinity,Infinity], [0.0,0.0], [0.0,0.0], [0.0,0.0], [0.0,0.0], [0.0,0.0], [0.0,0.0], [0.0,0.0], [0.0,0.0], [0.0,0.0], [0.0,0.0], [0.0,0.0], [0.0,0.0], [0.0,0.0], [0.0,0.0], [0.0,0.0], [0.0,0.0], [0.0,0.0], [0.0,0.0], [0.0,0.0], [0.0,0.0], [0.0,0.0], [-Infinity,Infinity], [-Infinity,Infinity], [0.0,0.0], [0.0,0.0], [0.0,0.0], [0.0,0.0], [0.0,0.0]]
ENTRY 1 FunctionDefinition_10 [[-Infinity,Infinity], [-Infinity,Infinity], [-Infinity,Infinity], [-Infinity,Infinity], [0.0,0.0], [0.0,0.0], [-Infinity,Infinity], [0.0,0.0], [0.0,0.0], [0.0,0.0], [0.0,0.0], [0.0,0.0], [0.0,0.0], [0.0,0.0], [0.0,0.0], [0.0,0.0], [0.0,0.0], [0.0,0.0], [0.0,0.0], [0.0,0.0], [0.0,0.0], [0.0,0.0], [0.0,0.0], [0.0,0.0], [0.0,0.0], [0.0,0.0], [0.0,0.0], [0.0,0.0], [0.0,0.0], [0.0,0.0], [0.0,0.0], [0.0,0.0], [0.0,0.0], [0.0,0.0], [0.0,0.0]]
EXIT 1 FunctionDefinition_10 [[-Infinity,Infinity], [-Infinity,Infinity], [-Infinity,Infinity], [-Infinity,Infinity], [0.0,0.0], [0.0,0.0], [-Infinity,Infinity], [0.0,0.0], [0.0,0.0], [0.0,0.0], [0.0,0.0], [0.0,0.0], [0.0,0.0], [0.0,0.0], [0.0,0.0], [0.0,0.0], [0.0,0.0], [0.0,0.0], [0.0,0.0], [0.0,0.0], [0.0,0.0], [0.0,0.0], [0.0,0.0], [0.0,0.0], [0.0,0.0], [0.0,0.0], [0.0,0.0], [0.0,0.0], [0.0,0.0], [0.0,0.0], [0.0,0.0], [0.0,0.0], [0.0,0.0], [0.0,0.0], [0.0,0.0]]
ENTRY 1 FunctionEntry_10 [[-Infinity,Infinity], [-Infinity,Infinity], [-Infinity,Infinity], [-Infinity,Infinity], [0.0,0.0], [0.0,0.0], [-Infinity,Infinity], [0.0,0.0], [0.0,0.0], [0.0,0.0], [0.0,0.0], [0.0,0.0], [0.0,0.0], [0.0,0.0], [0.0,0.0], [0.0,0.0], [0.0,0.0], [0.0,0.0], [0.0,0.0], [0.0,0.0], [0.0,0.0], [0.0,0.0], [0.0,0.0], [0.0,0.0], [0.0,0.0], [0.0,0.0], [0.0,0.0], [0.0,0.0], [0.0,0.0], [0.0,0.0], [0.0,0.0], [0.0,0.0], [0.0,0.0], [0.0,0.0], [0.0,0.0]]
EXIT 1 FunctionEntry_10 [[-Infinity,Infinity], [-Infinity,Infinity], [-Infinity,Infinity], [-Infinity,Infinity], [0.0,0.0], [0.0,0.0], [-Infinity,Infinity], [0.0,0.0], [0.0,0.0], [0.0,0.0], [0.0,0.0], [0.0,0.0], [0.0,0.0], [0.0,0.0], [0.0,0.0], [0.0,0.0], [0.0,0.0], [0.0,0.0], [0.0,0.0], [0.0,0.0], [0.0,0.0], [0.0,0.0], [0.0,0.0], [0.0,0.0], [0.0,0.0], [0.0,0.0], [0.0,0.0], [0.0,0.0], [0.0,0.0], [0.0,0.0], [0.0,0.0], [0.0,0.0], [0.0,0.0], [0.0,0.0], [0.0,0.0]]
ENTRY 1 ExpressionStatement_27 [[-Infinity,Infinity], [-Infinity,Infinity], [-Infinity,Infinity], [-Infinity,Infinity], [0.0,0.0], [0.0,0.0], [-Infinity,Infinity], [0.0,0.0], [0.0,0.0], [0.0,0.0], [0.0,0.0], [0.0,0.0], [0.0,0.0], [0.0,0.0], [0.0,0.0], [0.0,0.0], [0.0,0.0], [0.0,0.0], [0.0,0.0], [0.0,0.0], [0.0,0.0], [0.0,0.0], [0.0,0.0], [0.0,0.0], [0.0,0.0], [0.0,0.0], [0.0,0.0], [0.0,0.0], [0.0,0.0], [0.0,0.0], [0.0,0.0], [0.0,0.0], [0.0,0.0], [0.0,0.0], [0.0,0.0]]
EXIT 1 ExpressionStatement_27 [[-Infinity,Infinity], [-Infinity,Infinity], [-Infinity,Infinity], [-Infinity,Infinity], [0.0,0.0], [0.0,0.0], [-Infinity,Infinity], [0.0,0.0], [0.0,0.0], [0.0,0.0], [0.0,0.0], [0.0,0.0], [0.0,0.0], [0.0,0.0], [0.0,0.0], [0.0,0.0], [0.0,0.0], [0.0,0.0], [0.0,0.0], [0.0,0.0], [0.0,0.0], [0.0,0.0], [0.0,0.0], [0.0,0.0], [0.0,0.0], [0.0,0.0], [0.0,0.0], [0.0,0.0], [0.0,0.0], [0.0,0.0], [-Infinity,Infinity], [0.0,0.0], [0.0,0.0], [0.0,0.0], [0.0,0.0]]
ENTRY 1 ExpressionStatement_28 [[-Infinity,Infinity], [-Infinity,Infinity], [-Infinity,Infinity], [-Infinity,Infinity], [0.0,0.0], [0.0,0.0], [-Infinity,Infinity], [0.0,0.0], [0.0,0.0], [0.0,0.0], [0.0,0.0], [0.0,0.0], [0.0,0.0], [0.0,0.0], [0.0,0.0], [0.0,0.0], [0.0,0.0], [0.0,0.0], [0.0,0.0], [0.0,0.0], [0.0,0.0], [0.0,0.0], [0.0,0.0], [0.0,0.0], [0.0,0.0], [0.0,0.0], [0.0,0.0], [0.0,0.0], [0.0,0.0], [0.0,0.0], [-Infinity,Infinity], [0.0,0.0], [0.0,0.0], [0.0,0.0], [0.0,0.0]]
EXIT 1 ExpressionStatement_28 [[-Infinity,Infinity], [-Infinity,Infinity], [-Infinity,Infinity], [-Infinity,Infinity], [0.0,0.0], [0.0,0.0], [-Infinity,Infinity], [0.0,0.0], [0.0,0.0], [0.0,0.0], [0.0,0.0], [0.0,0.0], [0.0,0.0], [0.0,0.0], [0.0,0.0], [0.0,0.0], [0.0,0.0], [0.0,0.0], [0.0,0.0], [0.0,0.0], [0.0,0.0], [0.0,0.0], [0.0,0.0], [0.0,0.0], [0.0,0.0], [0.0,0.0], [0.0,0.0], [0.0,0.0], [-Infinity,Infinity], [0.0,0.0], [-Infinity,Infinity], [0.0,0.0], [0.0,0.0], [0.0,0.0], [0.0,0.0]]
ENTRY 1 FunctionExit_10 [[-Infinity,Infinity], [-Infinity,Infinity], [-Infinity,Infinity], [-Infinity,Infinity], [0.0,0.0], [0.0,0.0], [-Infinity,Infinity], [0.0,0.0], [0.0,0.0], [0.0,0.0], [0.0,0.0], [0.0,0.0], [0.0,0.0], [0.0,0.0], [0.0,0.0], [0.0,0.0], [0.0,0.0], [0.0,0.0], [0.0,0.0], [0.0,0.0], [0.0,0.0], [0.0,0.0], [0.0,0.0], [0.0,0.0], [0.0,0.0], [0.0,0.0], [0.0,0.0], [0.0,0.0], [-Infinity,Infinity], [0.0,0.0], [-Infinity,Infinity], [0.0,0.0], [0.0,0.0], [0.0,0.0], [0.0,0.0]]
EXIT 1 FunctionExit_10 [[-Infinity,Infinity], [-Infinity,Infinity], [-Infinity,Infinity], [-Infinity,Infinity], [0.0,0.0], [0.0,0.0], [-Infinity,Infinity], [0.0,0.0], [0.0,0.0], [0.0,0.0], [0.0,0.0], [0.0,0.0], [0.0,0.0], [0.0,0.0], [0.0,0.0], [0.0,0.0], [0.0,0.0], [0.0,0.0], [0.0,0.0], [0.0,0.0], [0.0,0.0], [0.0,0.0], [0.0,0.0], [0.0,0.0], [0.0,0.0], [0.0,0.0], [0.0,0.0], [0.0,0.0], [-Infinity,Infinity], [0.0,0.0], [-Infinity,Infinity], [0.0,0.0], [0.0,0.0], [0.0,0.0], [0.0,0.0]]
ENTRY 1 FunctionDefinition_11 [[-Infinity,Infinity], [-Infinity,Infinity], [-Infinity,Infinity], [-Infinity,Infinity], [0.0,0.0], [0.0,0.0], [-Infinity,Infinity], [0.0,0.0], [0.0,0.0], [0.0,0.0], [0.0,0.0], [0.0,0.0], [0.0,0.0], [0.0,0.0], [0.0,0.0], [0.0,0.0], [0.0,0.0], [0.0,0.0], [0.0,0.0], [0.0,0.0], [0.0,0.0], [0.0,0.0], [0.0,0.0], [0.0,0.0], [0.0,0.0], [0.0,0.0], [0.0,0.0], [0.0,0.0], [0.0,0.0], [0.0,0.0], [0.0,0.0], [0.0,0.0], [0.0,0.0], [0.0,0.0], [0.0,0.0]]
EXIT 1 FunctionDefinition_11 [[-Infinity,Infinity], [-Infinity,Infinity], [-Infinity,Infinity], [-Infinity,Infinity], [0.0,0.0], [0.0,0.0], [-Infinity,Infinity], [0.0,0.0], [0.0,0.0], [0.0,0.0], [0.0,0.0], [0.0,0.0], [0.0,0.0], [0.0,0.0], [0.0,0.0], [0.0,0.0], [0.0,0.0], [0.0,0.0], [0.0,0.0], [0.0,0.0], [0.0,0.0], [0.0,0.0], [0.0,0.0], [0.0,0.0], [0.0,0.0], [0.0,0.0], [0.0,0.0], [0.0,0.0], [0.0,0.0], [0.0,0.0], [0.0,0.0], [0.0,0.0], [0.0,0.0], [0.0,0.0], [0.0,0.0]]
ENTRY 1 FunctionEntry_11 [[-Infinity,Infinity], [-Infinity,Infinity], [-Infinity,Infinity], [-Infinity,Infinity], [0.0,0.0], [0.0,0.0], [-Infinity,Infinity], [0.0,0.0], [0.0,0.0], [0.0,0.0], [0.0,0.0], [0.0,0.0], [0.0,0.0], [0.0,0.0], [0.0,0.0], [0.0,0.0], [0.0,0.0], [0.0,0.0], [0.0,0.0], [0.0,0.0], [0.0,0.0], [0.0,0.0], [0.0,0.0], [0.0,0.0], [0.0,0.0], [0.0,0.0], [0.0,0.0], [0.0,0.0], [0.0,0.0], [0.0,0.0], [0.0,0.0], [0.0,0.0], [0.0,0.0], [0.0,0.0], [0.0,0.0]]
EXIT 1 FunctionEntry_11 [[-Infinity,Infinity], [-Infinity,Infinity], [-Infinity,Infinity], [-Infinity,Infinity], [0.0,0.0], [0.0,0.0], [-Infinity,Infinity], [0.0,0.0], [0.0,0.0], [0.0,0.0], [0.0,0.0], [0.0,0.0], [0.0,0.0], [0.0,0.0], [0.0,0.0], [0.0,0.0], [0.0,0.0], [0.0,0.0], [0.0,0.0], [0.0,0.0], [0.0,0.0], [0.0,0.0], [0.0,0.0], [0.0,0.0], [0.0,0.0], [0.0,0.0], [0.0,0.0], [0.0,0.0], [0.0,0.0], [0.0,0.0], [0.0,0.0], [0.0,0.0], [0.0,0.0], [0.0,0.0], [0.0,0.0]]
ENTRY 1 IfStatement_8 [[-Infinity,Infinity], [-Infinity,Infinity], [-Infinity,Infinity], [-Infinity,Infinity], [0.0,0.0], [0.0,0.0], [-Infinity,Infinity], [0.0,0.0], [0.0,0.0], [0.0,0.0], [0.0,0.0], [0.0,0.0], [0.0,0.0], [0.0,0.0], [0.0,0.0], [0.0,0.0], [0.0,0.0], [0.0,0.0], [0.0,0.0], [0.0,0.0], [0.0,0.0], [0.0,0.0], [0.0,0.0], [0.0,0.0], [0.0,0.0], [0.0,0.0], [0.0,0.0], [0.0,0.0], [0.0,0.0], [0.0,0.0], [0.0,0.0], [0.0,0.0], [0.0,0.0], [0.0,0.0], [0.0,0.0]]
EXIT 1 IfStatement_8 [[1.0,-1.0], [1.0,-1.0], [1.0,-1.0], [1.0,-1.0], [1.0,-1.0], [1.0,-1.0], [1.0,-1.0], [1.0,-1.0], [1.0,-1.0], [1.0,-1.0], [1.0,-1.0], [1.0,-1.0], [1.0,-1.0], [1.0,-1.0], [1.0,-1.0], [1.0,-1.0], [1.0,-1.0], [1.0,-1.0], [1.0,-1.0], [1.0,-1.0], [1.0,-1.0], [1.0,-1.0], [1.0,-1.0], [1.0,-1.0], [1.0,-1.0], [1.0,-1.0], [1.0,-1.0], [1.0,-1.0], [1.0,-1.0], [1.0,-1.0], [1.0,-1.0], [1.0,-1.0], [1.0,-1.0], [1.0,-1.0], [1.0,-1.0]]
ENTRY 1 ExpressionStatement_29 [[-Infinity,Infinity], [-Infinity,Infinity], [-Infinity,Infinity], [-Infinity,Infinity], [0.0,0.0], [0.0,0.0], [-Infinity,Infinity], [0.0,0.0], [0.0,0.0], [0.0,0.0], [0.0,0.0], [0.0,0.0], [0.0,0.0], [0.0,0.0], [0.0,0.0], [0.0,0.0], [0.0,0.0], [0.0,0.0], [0.0,0.0], [0.0,0.0], [0.0,0.0], [0.0,0.0], [0.0,0.0], [0.0,0.0], [0.0,0.0], [0.0,0.0], [0.0,0.0], [0.0,0.0], [0.0,0.0], [0.0,0.0], [0.0,0.0], [0.0,0.0], [0.0,0.0], [0.0,0.0], [0.0,0.0]]
EXIT 1 ExpressionStatement_29 [[-Infinity,Infinity], [-Infinity,Infinity], [-Infinity,Infinity], [-Infinity,Infinity], [0.0,0.0], [0.0,0.0], [-Infinity,Infinity], [0.0,0.0], [0.0,0.0], [0.0,0.0], [0.0,0.0], [0.0,0.0], [0.0,0.0], [0.0,0.0], [0.0,0.0], [0.0,0.0], [0.0,0.0], [0.0,0.0], [0.0,0.0], [0.0,0.0], [0.0,0.0], [0.0,0.0], [0.0,0.0], [0.0,0.0], [0.0,0.0], [0.0,0.0], [0.0,0.0], [0.0,0.0], [0.0,0.0], [0.0,0.0], [0.0,0.0], [-Infinity,Infinity], [0.0,0.0], [0.0,0.0], [0.0,0.0]]
ENTRY 1 ExpressionStatement_30 [[-Infinity,Infinity], [-Infinity,Infinity], [-Infinity,Infinity], [-Infinity,Infinity], [0.0,0.0], [0.0,0.0], [-Infinity,Infinity], [0.0,0.0], [0.0,0.0], [0.0,0.0], [0.0,0.0], [0.0,0.0], [0.0,0.0], [0.0,0.0], [0.0,0.0], [0.0,0.0], [0.0,0.0], [0.0,0.0], [0.0,0.0], [0.0,0.0], [0.0,0.0], [0.0,0.0], [0.0,0.0], [0.0,0.0], [0.0,0.0], [0.0,0.0], [0.0,0.0], [0.0,0.0], [0.0,0.0], [0.0,0.0], [0.0,0.0], [-Infinity,Infinity], [0.0,0.0], [0.0,0.0], [0.0,0.0]]
EXIT 1 ExpressionStatement_30 [[-Infinity,Infinity], [-Infinity,Infinity], [-Infinity,Infinity], [-Infinity,Infinity], [0.0,0.0], [0.0,0.0], [-Infinity,Infinity], [0.0,0.0], [0.0,0.0], [0.0,0.0], [0.0,0.0], [0.0,0.0], [0.0,0.0], [0.0,0.0], [0.0,0.0], [0.0,0.0], [0.0,0.0], [0.0,0.0], [0.0,0.0], [0.0,0.0], [0.0,0.0], [0.0,0.0], [0.0,0.0], [0.0,0.0], [0.0,0.0], [0.0,0.0], [0.0,0.0], [0.0,0.0], [0.0,0.0], [0.0,0.0], [0.0,0.0], [-Infinity,Infinity], [-Infinity,Infinity], [0.0,0.0], [0.0,0.0]]
ENTRY 1 ExpressionStatement_31 [[-Infinity,Infinity], [-Infinity,Infinity], [-Infinity,Infinity], [-Infinity,Infinity], [0.0,0.0], [0.0,0.0], [-Infinity,Infinity], [0.0,0.0], [0.0,0.0], [0.0,0.0], [0.0,0.0], [0.0,0.0], [0.0,0.0], [0.0,0.0], [0.0,0.0], [0.0,0.0], [0.0,0.0], [0.0,0.0], [0.0,0.0], [0.0,0.0], [0.0,0.0], [0.0,0.0], [0.0,0.0], [0.0,0.0], [0.0,0.0], [0.0,0.0], [0.0,0.0], [0.0,0.0], [0.0,0.0], [0.0,0.0], [0.0,0.0], [-Infinity,Infinity], [-Infinity,Infinity], [0.0,0.0], [0.0,0.0]]
EXIT 1 ExpressionStatement_31 [[-Infinity,Infinity], [-Infinity,Infinity], [-Infinity,Infinity], [-Infinity,Infinity], [0.0,0.0], [0.0,0.0], [-Infinity,Infinity], [0.0,0.0], [0.0,0.0], [0.0,0.0], [0.0,0.0], [0.0,0.0], [0.0,0.0], [0.0,0.0], [0.0,0.0], [0.0,0.0], [0.0,0.0], [0.0,0.0], [0.0,0.0], [0.0,0.0], [0.0,0.0], [0.0,0.0], [0.0,0.0], [0.0,0.0], [0.0,0.0], [0.0,0.0], [0.0,0.0], [0.0,0.0], [-Infinity,Infinity], [0.0,0.0], [0.0,0.0], [-Infinity,Infinity], [-Infinity,Infinity], [0.0,0.0], [0.0,0.0]]
ENTRY 1 IfConditionJoin_8 [[-Infinity,Infinity], [-Infinity,Infinity], [-Infinity,Infinity], [-Infinity,Infinity], [0.0,0.0], [0.0,0.0], [-Infinity,Infinity], [0.0,0.0], [0.0,0.0], [0.0,0.0], [0.0,0.0], [0.0,0.0], [0.0,0.0], [0.0,0.0], [0.0,0.0], [0.0,0.0], [0.0,0.0], [0.0,0.0], [0.0,0.0], [0.0,0.0], [0.0,0.0], [0.0,0.0], [0.0,0.0], [0.0,0.0], [0.0,0.0], [0.0,0.0], [0.0,0.0], [0.0,0.0], [-Infinity,Infinity], [0.0,0.0], [0.0,0.0], [-Infinity,Infinity], [-Infinity,Infinity], [0.0,0.0], [0.0,0.0]]
EXIT 1 IfConditionJoin_8 [[-Infinity,Infinity], [-Infinity,Infinity], [-Infinity,Infinity], [-Infinity,Infinity], [0.0,0.0], [0.0,0.0], [-Infinity,Infinity], [0.0,0.0], [0.0,0.0], [0.0,0.0], [0.0,0.0], [0.0,0.0], [0.0,0.0], [0.0,0.0], [0.0,0.0], [0.0,0.0], [0.0,0.0], [0.0,0.0], [0.0,0.0], [0.0,0.0], [0.0,0.0], [0.0,0.0], [0.0,0.0], [0.0,0.0], [0.0,0.0], [0.0,0.0], [0.0,0.0], [0.0,0.0], [-Infinity,Infinity], [0.0,0.0], [0.0,0.0], [-Infinity,Infinity], [-Infinity,Infinity], [0.0,0.0], [0.0,0.0]]
ENTRY 1 FunctionExit_11 [[-Infinity,Infinity], [-Infinity,Infinity], [-Infinity,Infinity], [-Infinity,Infinity], [0.0,0.0], [0.0,0.0], [-Infinity,Infinity], [0.0,0.0], [0.0,0.0], [0.0,0.0], [0.0,0.0], [0.0,0.0], [0.0,0.0], [0.0,0.0], [0.0,0.0], [0.0,0.0], [0.0,0.0], [0.0,0.0], [0.0,0.0], [0.0,0.0], [0.0,0.0], [0.0,0.0], [0.0,0.0], [0.0,0.0], [0.0,0.0], [0.0,0.0], [0.0,0.0], [0.0,0.0], [-Infinity,Infinity], [0.0,0.0], [0.0,0.0], [-Infinity,Infinity], [-Infinity,Infinity], [0.0,0.0], [0.0,0.0]]
EXIT 1 FunctionExit_11 [[-Infinity,Infinity], [-Infinity,Infinity], [-Infinity,Infinity], [-Infinity,Infinity], [0.0,0.0], [0.0,0.0], [-Infinity,Infinity], [0.0,0.0], [0.0,0.0], [0.0,0.0], [0.0,0.0], [0.0,0.0], [0.0,0.0], [0.0,0.0], [0.0,0.0], [0.0,0.0], [0.0,0.0], [0.0,0.0], [0.0,0.0], [0.0,0.0], [0.0,0.0], [0.0,0.0], [0.0,0.0], [0.0,0.0], [0.0,0.0], [0.0,0.0], [0.0,0.0], [0.0,0.0], [-Infinity,Infinity], [0.0,0.0], [0.0,0.0], [-Infinity,Infinity], [-Infinity,Infinity], [0.0,0.0], [0.0,0.0]]
ENTRY 1 FunctionDefinition_12 [[-Infinity,Infinity], [-Infinity,Infinity], [-Infinity,Infinity], [-Infinity,Infinity], [0.0,0.0], [0.0,0.0], [-Infinity,Infinity], [0.0,0.0], [0.0,0.0], [0.0,0.0], [0.0,0.0], [0.0,0.0], [0.0,0.0], [0.0,0.0], [0.0,0.0], [0.0,0.0], [0.0,0.0], [0.0,0.0], [0.0,0.0], [0.0,0.0], [0.0,0.0], [0.0,0.0], [0.0,0.0], [0.0,0.0], [0.0,0.0], [0.0,0.0], [0.0,0.0], [0.0,0.0], [0.0,0.0], [0.0,0.0], [0.0,0.0], [0.0,0.0], [0.0,0.0], [0.0,0.0], [0.0,0.0]]
EXIT 1 FunctionDefinition_12 [[-Infinity,Infinity], [-Infinity,Infinity], [-Infinity,Infinity], [-Infinity,Infinity], [0.0,0.0], [0.0,0.0], [-Infinity,Infinity], [0.0,0.0], [0.0,0.0], [0.0,0.0], [0.0,0.0], [0.0,0.0], [0.0,0.0], [0.0,0.0], [0.0,0.0], [0.0,0.0], [0.0,0.0], [0.0,0.0], [0.0,0.0], [0.0,0.0], [0.0,0.0], [0.0,0.0], [0.0,0.0], [0.0,0.0], [0.0,0.0], [0.0,0.0], [0.0,0.0], [0.0,0.0], [0.0,0.0], [0.0,0.0], [0.0,0.0], [0.0,0.0], [0.0,0.0], [0.0,0.0], [0.0,0.0]]
ENTRY 1 FunctionEntry_12 [[-Infinity,Infinity], [-Infinity,Infinity], [-Infinity,Infinity], [-Infinity,Infinity], [0.0,0.0], [0.0,0.0], [-Infinity,Infinity], [0.0,0.0], [0.0,0.0], [0.0,0.0], [0.0,0.0], [0.0,0.0], [0.0,0.0], [0.0,0.0], [0.0,0.0], [0.0,0.0], [0.0,0.0], [0.0,0.0], [0.0,0.0], [0.0,0.0], [0.0,0.0], [0.0,0.0], [0.0,0.0], [0.0,0.0], [0.0,0.0], [0.0,0.0], [0.0,0.0], [0.0,0.0], [0.0,0.0], [0.0,0.0], [0.0,0.0], [0.0,0.0], [0.0,0.0], [0.0,0.0], [0.0,0.0]]
EXIT 1 FunctionEntry_12 [[-Infinity,Infinity], [-Infinity,Infinity], [-Infinity,Infinity], [-Infinity,Infinity], [0.0,0.0], [0.0,0.0], [-Infinity,Infinity], [0.0,0.0], [0.0,0.0], [0.0,0.0], [0.0,0.0], [0.0,0.0], [0.0,0.0], [0.0,0.0], [0.0,0.0], [0.0,0.0], [0.0,0.0], [0.0,0.0], [0.0,0.0], [0.0,0.0], [0.0,0.0], [0.0,0.0], [0.0,0.0], [0.0,0.0], [0.0,0.0], [0.0,0.0], [0.0,0.0], [0.0,0.0], [0.0,0.0], [0.0,0.0], [0.0,0.0], [0.0,0.0], [0.0,0.0], [0.0,0.0], [0.0,0.0]]
ENTRY 1 IfStatement_9 [[-Infinity,Infinity], [-Infinity,Infinity], [-Infinity,Infinity], [-Infinity,Infinity], [0.0,0.0], [0.0,0.0], [-Infinity,Infinity], [0.0,0.0], [0.0,0.0], [0.0,0.0], [0.0,0.0], [0.0,0.0], [0.0,0.0], [0.0,0.0], [0.0,0.0], [0.0,0.0], [0.0,0.0], [0.0,0.0], [0.0,0.0], [0.0,0.0], [0.0,0.0], [0.0,0.0], [0.0,0.0], [0.0,0.0], [0.0,0.0], [0.0,0.0], [0.0,0.0], [0.0,0.0], [0.0,0.0], [0.0,0.0], [0.0,0.0], [0.0,0.0], [0.0,0.0], [0.0,0.0], [0.0,0.0]]
EXIT 1 IfStatement_9 [[1.0,-1.0], [1.0,-1.0], [1.0,-1.0], [1.0,-1.0], [1.0,-1.0], [1.0,-1.0], [1.0,-1.0], [1.0,-1.0], [1.0,-1.0], [1.0,-1.0], [1.0,-1.0], [1.0,-1.0], [1.0,-1.0], [1.0,-1.0], [1.0,-1.0], [1.0,-1.0], [1.0,-1.0], [1.0,-1.0], [1.0,-1.0], [1.0,-1.0], [1.0,-1.0], [1.0,-1.0], [1.0,-1.0], [1.0,-1.0], [1.0,-1.0], [1.0,-1.0], [1.0,-1.0], [1.0,-1.0], [1.0,-1.0], [1.0,-1.0], [1.0,-1.0], [1.0,-1.0], [1.0,-1.0], [1.0,-1.0], [1.0,-1.0]]
ENTRY 1 ExpressionStatement_32 [[-Infinity,Infinity], [-Infinity,Infinity], [-Infinity,Infinity], [-Infinity,Infinity], [0.0,0.0], [0.0,0.0], [-Infinity,Infinity], [0.0,0.0], [0.0,0.0], [0.0,0.0], [0.0,0.0], [0.0,0.0], [0.0,0.0], [0.0,0.0], [0.0,0.0], [0.0,0.0], [0.0,0.0], [0.0,0.0], [0.0,0.0], [0.0,0.0], [0.0,0.0], [0.0,0.0], [0.0,0.0], [0.0,0.0], [0.0,0.0], [0.0,0.0], [0.0,0.0], [0.0,0.0], [0.0,0.0], [0.0,0.0], [0.0,0.0], [0.0,0.0], [0.0,0.0], [0.0,0.0], [0.0,0.0]]
EXIT 1 ExpressionStatement_32 [[-Infinity,Infinity], [-Infinity,Infinity], [-Infinity,Infinity], [-Infinity,Infinity], [0.0,0.0], [0.0,0.0], [-Infinity,Infinity], [0.0,0.0], [0.0,0.0], [0.0,0.0], [0.0,0.0], [0.0,0.0], [0.0,0.0], [0.0,0.0], [0.0,0.0], [0.0,0.0], [0.0,0.0], [0.0,0.0], [0.0,0.0], [0.0,0.0], [0.0,0.0], [0.0,0.0], [0.0,0.0], [0.0,0.0], [0.0,0.0], [0.0,0.0], [0.0,0.0], [0.0,0.0], [0.0,0.0], [0.0,0.0], [0.0,0.0], [0.0,0.0], [0.0,0.0], [-Infinity,Infinity], [0.0,0.0]]
ENTRY 1 ExpressionStatement_33 [[-Infinity,Infinity], [-Infinity,Infinity], [-Infinity,Infinity], [-Infinity,Infinity], [0.0,0.0], [0.0,0.0], [-Infinity,Infinity], [0.0,0.0], [0.0,0.0], [0.0,0.0], [0.0,0.0], [0.0,0.0], [0.0,0.0], [0.0,0.0], [0.0,0.0], [0.0,0.0], [0.0,0.0], [0.0,0.0], [0.0,0.0], [0.0,0.0], [0.0,0.0], [0.0,0.0], [0.0,0.0], [0.0,0.0], [0.0,0.0], [0.0,0.0], [0.0,0.0], [0.0,0.0], [0.0,0.0], [0.0,0.0], [0.0,0.0], [0.0,0.0], [0.0,0.0], [-Infinity,Infinity], [0.0,0.0]]
EXIT 1 ExpressionStatement_33 [[-Infinity,Infinity], [-Infinity,Infinity], [-Infinity,Infinity], [-Infinity,Infinity], [0.0,0.0], [0.0,0.0], [-Infinity,Infinity], [0.0,0.0], [0.0,0.0], [0.0,0.0], [0.0,0.0], [0.0,0.0], [0.0,0.0], [0.0,0.0], [0.0,0.0], [0.0,0.0], [-Infinity,Infinity], [0.0,0.0], [0.0,0.0], [0.0,0.0], [0.0,0.0], [0.0,0.0], [0.0,0.0], [0.0,0.0], [0.0,0.0], [0.0,0.0], [0.0,0.0], [0.0,0.0], [0.0,0.0], [0.0,0.0], [0.0,0.0], [0.0,0.0], [0.0,0.0], [-Infinity,Infinity], [0.0,0.0]]
ENTRY 1 ExpressionStatement_34 [[-Infinity,Infinity], [-Infinity,Infinity], [-Infinity,Infinity], [-Infinity,Infinity], [0.0,0.0], [0.0,0.0], [-Infinity,Infinity], [0.0,0.0], [0.0,0.0], [0.0,0.0], [0.0,0.0], [0.0,0.0], [0.0,0.0], [0.0,0.0], [0.0,0.0], [0.0,0.0], [-Infinity,Infinity], [0.0,0.0], [0.0,0.0], [0.0,0.0], [0.0,0.0], [0.0,0.0], [0.0,0.0], [0.0,0.0], [0.0,0.0], [0.0,0.0], [0.0,0.0], [0.0,0.0], [0.0,0.0], [0.0,0.0], [0.0,0.0], [0.0,0.0], [0.0,0.0], [-Infinity,Infinity], [0.0,0.0]]
EXIT 1 ExpressionStatement_34 [[-Infinity,Infinity], [-Infinity,Infinity], [-Infinity,Infinity], [-Infinity,Infinity], [0.0,0.0], [0.0,0.0], [-Infinity,Infinity], [0.0,0.0], [0.0,0.0], [0.0,0.0], [0.0,0.0], [0.0,0.0], [0.0,0.0], [0.0,0.0], [0.0,0.0], [0.0,0.0], [-Infinity,Infinity], [0.0,0.0], [0.0,0.0], [0.0,0.0], [0.0,0.0], [0.0,0.0], [0.0,0.0], [0.0,0.0], [0.0,0.0], [0.0,0.0], [0.0,0.0], [0.0,0.0], [0.0,0.0], [0.0,0.0], [0.0,0.0], [0.0,0.0], [0.0,0.0], [-Infinity,Infinity], [-Infinity,Infinity]]
ENTRY 1 ExpressionStatement_35 [[-Infinity,Infinity], [-Infinity,Infinity], [-Infinity,Infinity], [-Infinity,Infinity], [0.0,0.0], [0.0,0.0], [-Infinity,Infinity], [0.0,0.0], [0.0,0.0], [0.0,0.0], [0.0,0.0], [0.0,0.0], [0.0,0.0], [0.0,0.0], [0.0,0.0], [0.0,0.0], [-Infinity,Infinity], [0.0,0.0], [0.0,0.0], [0.0,0.0], [0.0,0.0], [0.0,0.0], [0.0,0.0], [0.0,0.0], [0.0,0.0], [0.0,0.0], [0.0,0.0], [0.0,0.0], [0.0,0.0], [0.0,0.0], [0.0,0.0], [0.0,0.0], [0.0,0.0], [-Infinity,Infinity], [-Infinity,Infinity]]
EXIT 1 ExpressionStatement_35 [[-Infinity,Infinity], [-Infinity,Infinity], [-Infinity,Infinity], [-Infinity,Infinity], [0.0,0.0], [0.0,0.0], [-Infinity,Infinity], [0.0,0.0], [0.0,0.0], [0.0,0.0], [0.0,0.0], [0.0,0.0], [0.0,0.0], [0.0,0.0], [0.0,0.0], [0.0,0.0], [-Infinity,Infinity], [0.0,0.0], [0.0,0.0], [0.0,0.0], [0.0,0.0], [0.0,0.0], [0.0,0.0], [0.0,0.0], [0.0,0.0], [0.0,0.0], [0.0,0.0], [0.0,0.0], [-Infinity,Infinity], [0.0,0.0], [0.0,0.0], [0.0,0.0], [0.0,0.0], [-Infinity,Infinity], [-Infinity,Infinity]]
ENTRY 1 IfConditionJoin_9 [[-Infinity,Infinity], [-Infinity,Infinity], [-Infinity,Infinity], [-Infinity,Infinity], [0.0,0.0], [0.0,0.0], [-Infinity,Infinity], [0.0,0.0], [0.0,0.0], [0.0,0.0], [0.0,0.0], [0.0,0.0], [0.0,0.0], [0.0,0.0], [0.0,0.0], [0.0,0.0], [-Infinity,Infinity], [0.0,0.0], [0.0,0.0], [0.0,0.0], [0.0,0.0], [0.0,0.0], [0.0,0.0], [0.0,0.0], [0.0,0.0], [0.0,0.0], [0.0,0.0], [0.0,0.0], [-Infinity,Infinity], [0.0,0.0], [0.0,0.0], [0.0,0.0], [0.0,0.0], [-Infinity,Infinity], [-Infinity,Infinity]]
EXIT 1 IfConditionJoin_9 [[-Infinity,Infinity], [-Infinity,Infinity], [-Infinity,Infinity], [-Infinity,Infinity], [0.0,0.0], [0.0,0.0], [-Infinity,Infinity], [0.0,0.0], [0.0,0.0], [0.0,0.0], [0.0,0.0], [0.0,0.0], [0.0,0.0], [0.0,0.0], [0.0,0.0], [0.0,0.0], [-Infinity,Infinity], [0.0,0.0], [0.0,0.0], [0.0,0.0], [0.0,0.0], [0.0,0.0], [0.0,0.0], [0.0,0.0], [0.0,0.0], [0.0,0.0], [0.0,0.0], [0.0,0.0], [-Infinity,Infinity], [0.0,0.0], [0.0,0.0], [0.0,0.0], [0.0,0.0], [-Infinity,Infinity], [-Infinity,Infinity]]
ENTRY 1 FunctionExit_12 [[-Infinity,Infinity], [-Infinity,Infinity], [-Infinity,Infinity], [-Infinity,Infinity], [0.0,0.0], [0.0,0.0], [-Infinity,Infinity], [0.0,0.0], [0.0,0.0], [0.0,0.0], [0.0,0.0], [0.0,0.0], [0.0,0.0], [0.0,0.0], [0.0,0.0], [0.0,0.0], [-Infinity,Infinity], [0.0,0.0], [0.0,0.0], [0.0,0.0], [0.0,0.0], [0.0,0.0], [0.0,0.0], [0.0,0.0], [0.0,0.0], [0.0,0.0], [0.0,0.0], [0.0,0.0], [-Infinity,Infinity], [0.0,0.0], [0.0,0.0], [0.0,0.0], [0.0,0.0], [-Infinity,Infinity], [-Infinity,Infinity]]
EXIT 1 FunctionExit_12 [[-Infinity,Infinity], [-Infinity,Infinity], [-Infinity,Infinity], [-Infinity,Infinity], [0.0,0.0], [0.0,0.0], [-Infinity,Infinity], [0.0,0.0], [0.0,0.0], [0.0,0.0], [0.0,0.0], [0.0,0.0], [0.0,0.0], [0.0,0.0], [0.0,0.0], [0.0,0.0], [-Infinity,Infinity], [0.0,0.0], [0.0,0.0], [0.0,0.0], [0.0,0.0], [0.0,0.0], [0.0,0.0], [0.0,0.0], [0.0,0.0], [0.0,0.0], [0.0,0.0], [0.0,0.0], [-Infinity,Infinity], [0.0,0.0], [0.0,0.0], [0.0,0.0], [0.0,0.0], [-Infinity,Infinity], [-Infinity,Infinity]]
ENTRY 2 SourceEntry_0 [[0.0,0.0], [0.0,0.0], [0.0,0.0], [0.0,0.0], [0.0,0.0], [0.0,0.0], [0.0,0.0], [0.0,0.0], [0.0,0.0], [0.0,0.0], [0.0,0.0], [0.0,0.0], [0.0,0.0], [0.0,0.0], [0.0,0.0], [0.0,0.0], [0.0,0.0], [0.0,0.0], [0.0,0.0], [0.0,0.0], [0.0,0.0], [0.0,0.0], [0.0,0.0], [0.0,0.0], [0.0,0.0], [0.0,0.0], [0.0,0.0], [0.0,0.0], [0.0,0.0], [0.0,0.0], [0.0,0.0], [0.0,0.0], [0.0,0.0], [0.0,0.0], [0.0,0.0]]
EXIT 2 SourceEntry_0 [[0.0,0.0], [0.0,0.0], [5.0,5.0], [125.0,125.0], [0.0,0.0], [0.0,0.0], [0.0,0.0], [0.0,0.0], [0.0,0.0], [0.0,0.0], [0.0,0.0], [0.0,0.0], [0.0,0.0], [0.0,0.0], [0.0,0.0], [0.0,0.0], [0.0,0.0], [0.0,0.0], [0.0,0.0], [0.0,0.0], [0.0,0.0], [0.0,0.0], [0.0,0.0], [0.0,0.0], [-Infinity,Infinity], [0.0,0.0], [0.0,0.0], [0.0,0.0], [0.0,0.0], [0.0,0.0], [0.0,0.0], [0.0,0.0], [0.0,0.0], [0.0,0.0], [0.0,0.0]]
ENTRY 2 SourceUnit_0 [[0.0,0.0], [0.0,0.0], [5.0,5.0], [125.0,125.0], [0.0,0.0], [0.0,0.0], [0.0,0.0], [0.0,0.0], [0.0,0.0], [0.0,0.0], [0.0,0.0], [0.0,0.0], [0.0,0.0], [0.0,0.0], [0.0,0.0], [0.0,0.0], [0.0,0.0], [0.0,0.0], [0.0,0.0], [0.0,0.0], [0.0,0.0], [0.0,0.0], [0.0,0.0], [0.0,0.0], [-Infinity,Infinity], [0.0,0.0], [0.0,0.0], [0.0,0.0], [0.0,0.0], [0.0,0.0], [0.0,0.0], [0.0,0.0], [0.0,0.0], [0.0,0.0], [0.0,0.0]]
EXIT 2 SourceUnit_0 [[0.0,0.0], [0.0,0.0], [5.0,5.0], [125.0,125.0], [0.0,0.0], [0.0,0.0], [0.0,0.0], [0.0,0.0], [0.0,0.0], [0.0,0.0], [0.0,0.0], [0.0,0.0], [0.0,0.0], [0.0,0.0], [0.0,0.0], [0.0,0.0], [0.0,0.0], [0.0,0.0], [0.0,0.0], [0.0,0.0], [0.0,0.0], [0.0,0.0], [0.0,0.0], [0.0,0.0], [-Infinity,Infinity], [0.0,0.0], [0.0,0.0], [0.0,0.0], [0.0,0.0], [0.0,0.0], [0.0,0.0], [0.0,0.0], [0.0,0.0], [0.0,0.0], [0.0,0.0]]
ENTRY 2 PragmaDirective_0 [[0.0,0.0], [0.0,0.0], [5.0,5.0], [125.0,125.0], [0.0,0.0], [0.0,0.0], [0.0,0.0], [0.0,0.0], [0.0,0.0], [0.0,0.0], [0.0,0.0], [0.0,0.0], [0.0,0.0], [0.0,0.0], [0.0,0.0], [0.0,0.0], [0.0,0.0], [0.0,0.0], [0.0,0.0], [0.0,0.0], [0.0,0.0], [0.0,0.0], [0.0,0.0], [0.0,0.0], [-Infinity,Infinity], [0.0,0.0], [0.0,0.0], [0.0,0.0], [0.0,0.0], [0.0,0.0], [0.0,0.0], [0.0,0.0], [0.0,0.0], [0.0,0.0], [0.0,0.0]]
EXIT 2 PragmaDirective_0 [[0.0,0.0], [0.0,0.0], [5.0,5.0], [125.0,125.0], [0.0,0.0], [0.0,0.0], [0.0,0.0], [0.0,0.0], [0.0,0.0], [0.0,0.0], [0.0,0.0], [0.0,0.0], [0.0,0.0], [0.0,0.0], [0.0,0.0], [0.0,0.0], [0.0,0.0], [0.0,0.0], [0.0,0.0], [0.0,0.0], [0.0,0.0], [0.0,0.0], [0.0,0.0], [0.0,0.0], [-Infinity,Infinity], [0.0,0.0], [0.0,0.0], [0.0,0.0], [0.0,0.0], [0.0,0.0], [0.0,0.0], [0.0,0.0], [0.0,0.0], [0.0,0.0], [0.0,0.0]]
ENTRY 2 SourceExit_0 [[-Infinity,Infinity], [-Infinity,Infinity], [-Infinity,Infinity], [-Infinity,Infinity], [0.0,0.0], [0.0,0.0], [-Infinity,Infinity], [0.0,1.0], [-Infinity,Infinity], [0.0,1.0], [0.0,0.0], [0.0,0.0], [0.0,0.0], [0.0,0.0], [0.0,0.0], [-Infinity,Infinity], [-Infinity,Infinity], [-Infinity,Infinity], [0.0,1.0], [0.0,0.0], [0.0,0.0], [0.0,0.0], [0.0,0.0], [-Infinity,Infinity], [-Infinity,Infinity], [-Infinity,Infinity], [-Infinity,Infinity], [-Infinity,Infinity], [-Infinity,Infinity], [-Infinity,Infinity], [-Infinity,Infinity], [-Infinity,Infinity], [-Infinity,Infinity], [-Infinity,Infinity], [-Infinity,Infinity]]
EXIT 2 SourceExit_0 [[0.0,0.0], [0.0,0.0], [5.0,5.0], [125.0,125.0], [0.0,0.0], [0.0,0.0], [0.0,0.0], [0.0,1.0], [-Infinity,Infinity], [0.0,1.0], [0.0,0.0], [0.0,0.0], [0.0,0.0], [0.0,0.0], [0.0,0.0], [-Infinity,Infinity], [-Infinity,Infinity], [-Infinity,Infinity], [0.0,1.0], [0.0,0.0], [0.0,0.0], [0.0,0.0], [0.0,0.0], [-Infinity,Infinity], [-Infinity,Infinity], [-Infinity,Infinity], [-Infinity,Infinity], [-Infinity,Infinity], [-Infinity,Infinity], [-Infinity,Infinity], [-Infinity,Infinity], [-Infinity,Infinity], [-Infinity,Infinity], [-Infinity,Infinity], [-Infinity,Infinity]]
ENTRY 2 ContractDefinition_0 [[0.0,0.0], [0.0,0.0], [5.0,5.0], [125.0,125.0], [0.0,0.0], [0.0,0.0], [0.0,0.0], [0.0,0.0], [0.0,0.0], [0.0,0.0], [0.0,0.0], [0.0,0.0], [0.0,0.0], [0.0,0.0], [0.0,0.0], [0.0,0.0], [0.0,0.0], [0.0,0.0], [0.0,0.0], [0.0,0.0], [0.0,0.0], [0.0,0.0], [0.0,0.0], [0.0,0.0], [-Infinity,Infinity], [0.0,0.0], [0.0,0.0], [0.0,0.0], [0.0,0.0], [0.0,0.0], [0.0,0.0], [0.0,0.0], [0.0,0.0], [0.0,0.0], [0.0,0.0]]
EXIT 2 ContractDefinition_0 [[0.0,0.0], [0.0,0.0], [5.0,5.0], [125.0,125.0], [0.0,0.0], [0.0,0.0], [0.0,0.0], [0.0,0.0], [0.0,0.0], [0.0,0.0], [0.0,0.0], [0.0,0.0], [0.0,0.0], [0.0,0.0], [0.0,0.0], [0.0,0.0], [0.0,0.0], [0.0,0.0], [0.0,0.0], [0.0,0.0], [0.0,0.0], [0.0,0.0], [0.0,0.0], [0.0,0.0], [-Infinity,Infinity], [0.0,0.0], [0.0,0.0], [0.0,0.0], [0.0,0.0], [0.0,0.0], [0.0,0.0], [0.0,0.0], [0.0,0.0], [0.0,0.0], [0.0,0.0]]
ENTRY 2 VariableDeclaration_0 [[0.0,0.0], [0.0,0.0], [5.0,5.0], [125.0,125.0], [0.0,0.0], [0.0,0.0], [0.0,0.0], [0.0,0.0], [0.0,0.0], [0.0,0.0], [0.0,0.0], [0.0,0.0], [0.0,0.0], [0.0,0.0], [0.0,0.0], [0.0,0.0], [0.0,0.0], [0.0,0.0], [0.0,0.0], [0.0,0.0], [0.0,0.0], [0.0,0.0], [0.0,0.0], [0.0,0.0], [-Infinity,Infinity], [0.0,0.0], [0.0,0.0], [0.0,0.0], [0.0,0.0], [0.0,0.0], [0.0,0.0], [0.0,0.0], [0.0,0.0], [0.0,0.0], [0.0,0.0]]
EXIT 2 VariableDeclaration_0 [[0.0,0.0], [0.0,0.0], [5.0,5.0], [125.0,125.0], [0.0,0.0], [0.0,0.0], [0.0,0.0], [0.0,0.0], [0.0,0.0], [0.0,0.0], [0.0,0.0], [0.0,0.0], [0.0,0.0], [0.0,0.0], [0.0,0.0], [0.0,0.0], [0.0,0.0], [0.0,0.0], [0.0,0.0], [0.0,0.0], [0.0,0.0], [0.0,0.0], [0.0,0.0], [0.0,0.0], [-Infinity,Infinity], [0.0,0.0], [0.0,0.0], [0.0,0.0], [0.0,0.0], [0.0,0.0], [0.0,0.0], [0.0,0.0], [0.0,0.0], [0.0,0.0], [0.0,0.0]]
ENTRY 2 VariableDeclaration_1 [[0.0,0.0], [0.0,0.0], [5.0,5.0], [125.0,125.0], [0.0,0.0], [0.0,0.0], [0.0,0.0], [0.0,0.0], [0.0,0.0], [0.0,0.0], [0.0,0.0], [0.0,0.0], [0.0,0.0], [0.0,0.0], [0.0,0.0], [0.0,0.0], [0.0,0.0], [0.0,0.0], [0.0,0.0], [0.0,0.0], [0.0,0.0], [0.0,0.0], [0.0,0.0], [0.0,0.0], [-Infinity,Infinity], [0.0,0.0], [0.0,0.0], [0.0,0.0], [0.0,0.0], [0.0,0.0], [0.0,0.0], [0.0,0.0], [0.0,0.0], [0.0,0.0], [0.0,0.0]]
EXIT 2 VariableDeclaration_1 [[0.0,0.0], [0.0,0.0], [5.0,5.0], [125.0,125.0], [0.0,0.0], [0.0,0.0], [0.0,0.0], [0.0,0.0], [0.0,0.0], [0.0,0.0], [0.0,0.0], [0.0,0.0], [0.0,0.0], [0.0,0.0], [0.0,0.0], [0.0,0.0], [0.0,0.0], [0.0,0.0], [0.0,0.0], [0.0,0.0], [0.0,0.0], [0.0,0.0], [0.0,0.0], [0.0,0.0], [-Infinity,Infinity], [0.0,0.0], [0.0,0.0], [0.0,0.0], [0.0,0.0], [0.0,0.0], [0.0,0.0], [0.0,0.0], [0.0,0.0], [0.0,0.0], [0.0,0.0]]
ENTRY 2 VariableDeclaration_2 [[0.0,0.0], [0.0,0.0], [5.0,5.0], [125.0,125.0], [0.0,0.0], [0.0,0.0], [0.0,0.0], [0.0,0.0], [0.0,0.0], [0.0,0.0], [0.0,0.0], [0.0,0.0], [0.0,0.0], [0.0,0.0], [0.0,0.0], [0.0,0.0], [0.0,0.0], [0.0,0.0], [0.0,0.0], [0.0,0.0], [0.0,0.0], [0.0,0.0], [0.0,0.0], [0.0,0.0], [-Infinity,Infinity], [0.0,0.0], [0.0,0.0], [0.0,0.0], [0.0,0.0], [0.0,0.0], [0.0,0.0], [0.0,0.0], [0.0,0.0], [0.0,0.0], [0.0,0.0]]
EXIT 2 VariableDeclaration_2 [[0.0,0.0], [0.0,0.0], [5.0,5.0], [125.0,125.0], [0.0,0.0], [0.0,0.0], [0.0,0.0], [0.0,0.0], [0.0,0.0], [0.0,0.0], [0.0,0.0], [0.0,0.0], [0.0,0.0], [0.0,0.0], [0.0,0.0], [0.0,0.0], [0.0,0.0], [0.0,0.0], [0.0,0.0], [0.0,0.0], [0.0,0.0], [0.0,0.0], [0.0,0.0], [0.0,0.0], [-Infinity,Infinity], [0.0,0.0], [0.0,0.0], [0.0,0.0], [0.0,0.0], [0.0,0.0], [0.0,0.0], [0.0,0.0], [0.0,0.0], [0.0,0.0], [0.0,0.0]]
ENTRY 2 VariableDeclaration_3 [[0.0,0.0], [0.0,0.0], [5.0,5.0], [125.0,125.0], [0.0,0.0], [0.0,0.0], [0.0,0.0], [0.0,0.0], [0.0,0.0], [0.0,0.0], [0.0,0.0], [0.0,0.0], [0.0,0.0], [0.0,0.0], [0.0,0.0], [0.0,0.0], [0.0,0.0], [0.0,0.0], [0.0,0.0], [0.0,0.0], [0.0,0.0], [0.0,0.0], [0.0,0.0], [0.0,0.0], [-Infinity,Infinity], [0.0,0.0], [0.0,0.0], [0.0,0.0], [0.0,0.0], [0.0,0.0], [0.0,0.0], [0.0,0.0], [0.0,0.0], [0.0,0.0], [0.0,0.0]]
EXIT 2 VariableDeclaration_3 [[0.0,0.0], [0.0,0.0], [5.0,5.0], [125.0,125.0], [0.0,0.0], [0.0,0.0], [0.0,0.0], [0.0,0.0], [0.0,0.0], [0.0,0.0], [0.0,0.0], [0.0,0.0], [0.0,0.0], [0.0,0.0], [0.0,0.0], [0.0,0.0], [0.0,0.0], [0.0,0.0], [0.0,0.0], [0.0,0.0], [0.0,0.0], [0.0,0.0], [0.0,0.0], [0.0,0.0], [-Infinity,Infinity], [0.0,0.0], [0.0,0.0], [0.0,0.0], [0.0,0.0], [0.0,0.0], [0.0,0.0], [0.0,0.0], [0.0,0.0], [0.0,0.0], [0.0,0.0]]
ENTRY 2 VariableDeclaration_4 [[0.0,0.0], [0.0,0.0], [5.0,5.0], [125.0,125.0], [0.0,0.0], [0.0,0.0], [0.0,0.0], [0.0,0.0], [0.0,0.0], [0.0,0.0], [0.0,0.0], [0.0,0.0], [0.0,0.0], [0.0,0.0], [0.0,0.0], [0.0,0.0], [0.0,0.0], [0.0,0.0], [0.0,0.0], [0.0,0.0], [0.0,0.0], [0.0,0.0], [0.0,0.0], [0.0,0.0], [-Infinity,Infinity], [0.0,0.0], [0.0,0.0], [0.0,0.0], [0.0,0.0], [0.0,0.0], [0.0,0.0], [0.0,0.0], [0.0,0.0], [0.0,0.0], [0.0,0.0]]
EXIT 2 VariableDeclaration_4 [[0.0,0.0], [0.0,0.0], [5.0,5.0], [125.0,125.0], [0.0,0.0], [0.0,0.0], [0.0,0.0], [0.0,0.0], [0.0,0.0], [0.0,0.0], [0.0,0.0], [0.0,0.0], [0.0,0.0], [0.0,0.0], [0.0,0.0], [0.0,0.0], [0.0,0.0], [0.0,0.0], [0.0,0.0], [0.0,0.0], [0.0,0.0], [0.0,0.0], [0.0,0.0], [0.0,0.0], [-Infinity,Infinity], [0.0,0.0], [0.0,0.0], [0.0,0.0], [0.0,0.0], [0.0,0.0], [0.0,0.0], [0.0,0.0], [0.0,0.0], [0.0,0.0], [0.0,0.0]]
ENTRY 2 VariableDeclaration_5 [[0.0,0.0], [0.0,0.0], [5.0,5.0], [125.0,125.0], [0.0,0.0], [0.0,0.0], [0.0,0.0], [0.0,0.0], [0.0,0.0], [0.0,0.0], [0.0,0.0], [0.0,0.0], [0.0,0.0], [0.0,0.0], [0.0,0.0], [0.0,0.0], [0.0,0.0], [0.0,0.0], [0.0,0.0], [0.0,0.0], [0.0,0.0], [0.0,0.0], [0.0,0.0], [0.0,0.0], [-Infinity,Infinity], [0.0,0.0], [0.0,0.0], [0.0,0.0], [0.0,0.0], [0.0,0.0], [0.0,0.0], [0.0,0.0], [0.0,0.0], [0.0,0.0], [0.0,0.0]]
EXIT 2 VariableDeclaration_5 [[0.0,0.0], [0.0,0.0], [5.0,5.0], [125.0,125.0], [0.0,0.0], [0.0,0.0], [0.0,0.0], [0.0,0.0], [0.0,0.0], [0.0,0.0], [0.0,0.0], [0.0,0.0], [0.0,0.0], [0.0,0.0], [0.0,0.0], [0.0,0.0], [0.0,0.0], [0.0,0.0], [0.0,0.0], [0.0,0.0], [0.0,0.0], [0.0,0.0], [0.0,0.0], [0.0,0.0], [-Infinity,Infinity], [0.0,0.0], [0.0,0.0], [0.0,0.0], [0.0,0.0], [0.0,0.0], [0.0,0.0], [0.0,0.0], [0.0,0.0], [0.0,0.0], [0.0,0.0]]
ENTRY 2 VariableDeclaration_6 [[0.0,0.0], [0.0,0.0], [5.0,5.0], [125.0,125.0], [0.0,0.0], [0.0,0.0], [0.0,0.0], [0.0,0.0], [0.0,0.0], [0.0,0.0], [0.0,0.0], [0.0,0.0], [0.0,0.0], [0.0,0.0], [0.0,0.0], [0.0,0.0], [0.0,0.0], [0.0,0.0], [0.0,0.0], [0.0,0.0], [0.0,0.0], [0.0,0.0], [0.0,0.0], [0.0,0.0], [-Infinity,Infinity], [0.0,0.0], [0.0,0.0], [0.0,0.0], [0.0,0.0], [0.0,0.0], [0.0,0.0], [0.0,0.0], [0.0,0.0], [0.0,0.0], [0.0,0.0]]
EXIT 2 VariableDeclaration_6 [[0.0,0.0], [0.0,0.0], [5.0,5.0], [125.0,125.0], [0.0,0.0], [0.0,0.0], [0.0,0.0], [0.0,0.0], [0.0,0.0], [0.0,0.0], [0.0,0.0], [0.0,0.0], [0.0,0.0], [0.0,0.0], [0.0,0.0], [0.0,0.0], [0.0,0.0], [0.0,0.0], [0.0,0.0], [0.0,0.0], [0.0,0.0], [0.0,0.0], [0.0,0.0], [0.0,0.0], [-Infinity,Infinity], [0.0,0.0], [0.0,0.0], [0.0,0.0], [0.0,0.0], [0.0,0.0], [0.0,0.0], [0.0,0.0], [0.0,0.0], [0.0,0.0], [0.0,0.0]]
ENTRY 2 FunctionDefinition_0 [[0.0,0.0], [0.0,0.0], [5.0,5.0], [125.0,125.0], [0.0,0.0], [0.0,0.0], [0.0,0.0], [0.0,0.0], [0.0,0.0], [0.0,0.0], [0.0,0.0], [0.0,0.0], [0.0,0.0], [0.0,0.0], [0.0,0.0], [0.0,0.0], [0.0,0.0], [0.0,0.0], [0.0,0.0], [0.0,0.0], [0.0,0.0], [0.0,0.0], [0.0,0.0], [0.0,0.0], [-Infinity,Infinity], [0.0,0.0], [0.0,0.0], [0.0,0.0], [0.0,0.0], [0.0,0.0], [0.0,0.0], [0.0,0.0], [0.0,0.0], [0.0,0.0], [0.0,0.0]]
EXIT 2 FunctionDefinition_0 [[0.0,0.0], [0.0,0.0], [5.0,5.0], [125.0,125.0], [0.0,0.0], [0.0,0.0], [0.0,0.0], [0.0,0.0], [0.0,0.0], [0.0,0.0], [0.0,0.0], [0.0,0.0], [0.0,0.0], [0.0,0.0], [0.0,0.0], [0.0,0.0], [0.0,0.0], [0.0,0.0], [0.0,0.0], [0.0,0.0], [0.0,0.0], [0.0,0.0], [0.0,0.0], [0.0,0.0], [-Infinity,Infinity], [0.0,0.0], [0.0,0.0], [0.0,0.0], [0.0,0.0], [0.0,0.0], [0.0,0.0], [0.0,0.0], [0.0,0.0], [0.0,0.0], [0.0,0.0]]
ENTRY 2 FunctionEntry_0 [[0.0,0.0], [0.0,0.0], [5.0,5.0], [125.0,125.0], [0.0,0.0], [0.0,0.0], [0.0,0.0], [0.0,0.0], [0.0,0.0], [0.0,0.0], [0.0,0.0], [0.0,0.0], [0.0,0.0], [0.0,0.0], [0.0,0.0], [0.0,0.0], [0.0,0.0], [0.0,0.0], [0.0,0.0], [0.0,0.0], [0.0,0.0], [0.0,0.0], [0.0,0.0], [0.0,0.0], [-Infinity,Infinity], [0.0,0.0], [0.0,0.0], [0.0,0.0], [0.0,0.0], [0.0,0.0], [0.0,0.0], [0.0,0.0], [0.0,0.0], [0.0,0.0], [0.0,0.0]]
EXIT 2 FunctionEntry_0 [[0.0,0.0], [0.0,0.0], [5.0,5.0], [125.0,125.0], [0.0,0.0], [0.0,0.0], [0.0,0.0], [0.0,0.0], [0.0,0.0], [0.0,0.0], [0.0,0.0], [0.0,0.0], [0.0,0.0], [0.0,0.0], [0.0,0.0], [0.0,0.0], [0.0,0.0], [0.0,0.0], [0.0,0.0], [0.0,0.0], [0.0,0.0], [0.0,0.0], [0.0,0.0], [0.0,0.0], [-Infinity,Infinity], [0.0,0.0], [0.0,0.0], [0.0,0.0], [0.0,0.0], [0.0,0.0], [0.0,0.0], [0.0,0.0], [0.0,0.0], [0.0,0.0], [0.0,0.0]]
ENTRY 2 ExpressionStatement_0 [[0.0,0.0], [0.0,0.0], [5.0,5.0], [125.0,125.0], [0.0,0.0], [0.0,0.0], [0.0,0.0], [0.0,0.0], [0.0,0.0], [0.0,0.0], [0.0,0.0], [0.0,0.0], [0.0,0.0], [0.0,0.0], [0.0,0.0], [0.0,0.0], [0.0,0.0], [0.0,0.0], [0.0,0.0], [0.0,0.0], [0.0,0.0], [0.0,0.0], [0.0,0.0], [0.0,0.0], [-Infinity,Infinity], [0.0,0.0], [0.0,0.0], [0.0,0.0], [0.0,0.0], [0.0,0.0], [0.0,0.0], [0.0,0.0], [0.0,0.0], [0.0,0.0], [0.0,0.0]]
EXIT 2 ExpressionStatement_0 [[-Infinity,Infinity], [0.0,0.0], [5.0,5.0], [125.0,125.0], [0.0,0.0], [0.0,0.0], [0.0,0.0], [0.0,0.0], [0.0,0.0], [0.0,0.0], [0.0,0.0], [0.0,0.0], [0.0,0.0], [0.0,0.0], [0.0,0.0], [0.0,0.0], [0.0,0.0], [0.0,0.0], [0.0,0.0], [0.0,0.0], [0.0,0.0], [0.0,0.0], [0.0,0.0], [0.0,0.0], [-Infinity,Infinity], [0.0,0.0], [0.0,0.0], [0.0,0.0], [0.0,0.0], [0.0,0.0], [0.0,0.0], [0.0,0.0], [0.0,0.0], [0.0,0.0], [0.0,0.0]]
ENTRY 2 FunctionExit_0 [[-Infinity,Infinity], [0.0,0.0], [5.0,5.0], [125.0,125.0], [0.0,0.0], [0.0,0.0], [0.0,0.0], [0.0,0.0], [0.0,0.0], [0.0,0.0], [0.0,0.0], [0.0,0.0], [0.0,0.0], [0.0,0.0], [0.0,0.0], [0.0,0.0], [0.0,0.0], [0.0,0.0], [0.0,0.0], [0.0,0.0], [0.0,0.0], [0.0,0.0], [0.0,0.0], [0.0,0.0], [-Infinity,Infinity], [0.0,0.0], [0.0,0.0], [0.0,0.0], [0.0,0.0], [0.0,0.0], [0.0,0.0], [0.0,0.0], [0.0,0.0], [0.0,0.0], [0.0,0.0]]
EXIT 2 FunctionExit_0 [[-Infinity,Infinity], [0.0,0.0], [5.0,5.0], [125.0,125.0], [0.0,0.0], [0.0,0.0], [0.0,0.0], [0.0,0.0], [0.0,0.0], [0.0,0.0], [0.0,0.0], [0.0,0.0], [0.0,0.0], [0.0,0.0], [0.0,0.0], [0.0,0.0], [0.0,0.0], [0.0,0.0], [0.0,0.0], [0.0,0.0], [0.0,0.0], [0.0,0.0], [0.0,0.0], [0.0,0.0], [-Infinity,Infinity], [0.0,0.0], [0.0,0.0], [0.0,0.0], [0.0,0.0], [0.0,0.0], [0.0,0.0], [0.0,0.0], [0.0,0.0], [0.0,0.0], [0.0,0.0]]
ENTRY 2 ModifierDefinition_0 [[0.0,0.0], [0.0,0.0], [5.0,5.0], [125.0,125.0], [0.0,0.0], [0.0,0.0], [0.0,0.0], [0.0,0.0], [0.0,0.0], [0.0,0.0], [0.0,0.0], [0.0,0.0], [0.0,0.0], [0.0,0.0], [0.0,0.0], [0.0,0.0], [0.0,0.0], [0.0,0.0], [0.0,0.0], [0.0,0.0], [0.0,0.0], [0.0,0.0], [0.0,0.0], [0.0,0.0], [-Infinity,Infinity], [0.0,0.0], [0.0,0.0], [0.0,0.0], [0.0,0.0], [0.0,0.0], [0.0,0.0], [0.0,0.0], [0.0,0.0], [0.0,0.0], [0.0,0.0]]
EXIT 2 ModifierDefinition_0 [[0.0,0.0], [0.0,0.0], [5.0,5.0], [125.0,125.0], [0.0,0.0], [0.0,0.0], [0.0,0.0], [0.0,0.0], [0.0,0.0], [0.0,0.0], [0.0,0.0], [0.0,0.0], [0.0,0.0], [0.0,0.0], [0.0,0.0], [0.0,0.0], [0.0,0.0], [0.0,0.0], [0.0,0.0], [0.0,0.0], [0.0,0.0], [0.0,0.0], [0.0,0.0], [0.0,0.0], [-Infinity,Infinity], [0.0,0.0], [0.0,0.0], [0.0,0.0], [0.0,0.0], [0.0,0.0], [0.0,0.0], [0.0,0.0], [0.0,0.0], [0.0,0.0], [0.0,0.0]]
ENTRY 2 StructDefinition_0 [[0.0,0.0], [0.0,0.0], [5.0,5.0], [125.0,125.0], [0.0,0.0], [0.0,0.0], [0.0,0.0], [0.0,0.0], [0.0,0.0], [0.0,0.0], [0.0,0.0], [0.0,0.0], [0.0,0.0], [0.0,0.0], [0.0,0.0], [0.0,0.0], [0.0,0.0], [0.0,0.0], [0.0,0.0], [0.0,0.0], [0.0,0.0], [0.0,0.0], [0.0,0.0], [0.0,0.0], [-Infinity,Infinity], [0.0,0.0], [0.0,0.0], [0.0,0.0], [0.0,0.0], [0.0,0.0], [0.0,0.0], [0.0,0.0], [0.0,0.0], [0.0,0.0], [0.0,0.0]]
EXIT 2 StructDefinition_0 [[0.0,0.0], [0.0,0.0], [5.0,5.0], [125.0,125.0], [0.0,0.0], [0.0,0.0], [0.0,0.0], [0.0,0.0], [0.0,0.0], [0.0,0.0], [0.0,0.0], [0.0,0.0], [0.0,0.0], [0.0,0.0], [0.0,0.0], [0.0,0.0], [0.0,0.0], [0.0,0.0], [0.0,0.0], [0.0,0.0], [0.0,0.0], [0.0,0.0], [0.0,0.0], [0.0,0.0], [-Infinity,Infinity], [0.0,0.0], [0.0,0.0], [0.0,0.0], [0.0,0.0], [0.0,0.0], [0.0,0.0], [0.0,0.0], [0.0,0.0], [0.0,0.0], [0.0,0.0]]
ENTRY 2 StructDefinition_1 [[0.0,0.0], [0.0,0.0], [5.0,5.0], [125.0,125.0], [0.0,0.0], [0.0,0.0], [0.0,0.0], [0.0,0.0], [0.0,0.0], [0.0,0.0], [0.0,0.0], [0.0,0.0], [0.0,0.0], [0.0,0.0], [0.0,0.0], [0.0,0.0], [0.0,0.0], [0.0,0.0], [0.0,0.0], [0.0,0.0], [0.0,0.0], [0.0,0.0], [0.0,0.0], [0.0,0.0], [-Infinity,Infinity], [0.0,0.0], [0.0,0.0], [0.0,0.0], [0.0,0.0], [0.0,0.0], [0.0,0.0], [0.0,0.0], [0.0,0.0], [0.0,0.0], [0.0,0.0]]
EXIT 2 StructDefinition_1 [[0.0,0.0], [0.0,0.0], [5.0,5.0], [125.0,125.0], [0.0,0.0], [0.0,0.0], [0.0,0.0], [0.0,0.0], [0.0,0.0], [0.0,0.0], [0.0,0.0], [0.0,0.0], [0.0,0.0], [0.0,0.0], [0.0,0.0], [0.0,0.0], [0.0,0.0], [0.0,0.0], [0.0,0.0], [0.0,0.0], [0.0,0.0], [0.0,0.0], [0.0,0.0], [0.0,0.0], [-Infinity,Infinity], [0.0,0.0], [0.0,0.0], [0.0,0.0], [0.0,0.0], [0.0,0.0], [0.0,0.0], [0.0,0.0], [0.0,0.0], [0.0,0.0], [0.0,0.0]]
ENTRY 2 FunctionDefinition_1 [[-Infinity,Infinity], [0.0,0.0], [5.0,5.0], [125.0,125.0], [0.0,0.0], [0.0,0.0], [0.0,0.0], [0.0,0.0], [0.0,0.0], [0.0,0.0], [0.0,0.0], [0.0,0.0], [0.0,0.0], [0.0,0.0], [0.0,0.0], [0.0,0.0], [0.0,0.0], [0.0,0.0], [0.0,0.0], [0.0,0.0], [0.0,0.0], [0.0,0.0], [0.0,0.0], [0.0,0.0], [-Infinity,Infinity], [0.0,0.0], [0.0,0.0], [0.0,0.0], [0.0,0.0], [0.0,0.0], [0.0,0.0], [0.0,0.0], [0.0,0.0], [0.0,0.0], [0.0,0.0]]
EXIT 2 FunctionDefinition_1 [[-Infinity,Infinity], [0.0,0.0], [5.0,5.0], [125.0,125.0], [0.0,0.0], [0.0,0.0], [0.0,0.0], [0.0,0.0], [0.0,0.0], [0.0,0.0], [0.0,0.0], [0.0,0.0], [0.0,0.0], [0.0,0.0], [0.0,0.0], [0.0,0.0], [0.0,0.0], [0.0,0.0], [0.0,0.0], [0.0,0.0], [0.0,0.0], [0.0,0.0], [0.0,0.0], [0.0,0.0], [-Infinity,Infinity], [0.0,0.0], [0.0,0.0], [0.0,0.0], [0.0,0.0], [0.0,0.0], [0.0,0.0], [0.0,0.0], [0.0,0.0], [0.0,0.0], [0.0,0.0]]
ENTRY 2 FunctionEntry_1 [[-Infinity,Infinity], [0.0,0.0], [5.0,5.0], [125.0,125.0], [0.0,0.0], [0.0,0.0], [0.0,0.0], [0.0,0.0], [0.0,0.0], [0.0,0.0], [0.0,0.0], [0.0,0.0], [0.0,0.0], [0.0,0.0], [0.0,0.0], [0.0,0.0], [0.0,0.0], [0.0,0.0], [0.0,0.0], [0.0,0.0], [0.0,0.0], [0.0,0.0], [0.0,0.0], [0.0,0.0], [-Infinity,Infinity], [0.0,0.0], [0.0,0.0], [0.0,0.0], [0.0,0.0], [0.0,0.0], [0.0,0.0], [0.0,0.0], [0.0,0.0], [0.0,0.0], [0.0,0.0]]
EXIT 2 FunctionEntry_1 [[-Infinity,Infinity], [0.0,0.0], [5.0,5.0], [125.0,125.0], [0.0,0.0], [0.0,0.0], [0.0,0.0], [0.0,0.0], [0.0,0.0], [0.0,0.0], [0.0,0.0], [0.0,0.0], [0.0,0.0], [0.0,0.0], [0.0,0.0], [0.0,0.0], [0.0,0.0], [0.0,0.0], [0.0,0.0], [0.0,0.0], [0.0,0.0], [0.0,0.0], [0.0,0.0], [0.0,0.0], [-Infinity,Infinity], [0.0,0.0], [0.0,0.0], [0.0,0.0], [0.0,0.0], [0.0,0.0], [0.0,0.0], [0.0,0.0], [0.0,0.0], [0.0,0.0], [0.0,0.0]]
ENTRY 2 ExpressionStatement_1 [[-Infinity,Infinity], [0.0,0.0], [5.0,5.0], [125.0,125.0], [0.0,0.0], [0.0,0.0], [0.0,0.0], [0.0,0.0], [0.0,0.0], [0.0,0.0], [0.0,0.0], [0.0,0.0], [0.0,0.0], [0.0,0.0], [0.0,0.0], [0.0,0.0], [0.0,0.0], [0.0,0.0], [0.0,0.0], [0.0,0.0], [0.0,0.0], [0.0,0.0], [0.0,0.0], [0.0,0.0], [-Infinity,Infinity], [0.0,0.0], [0.0,0.0], [0.0,0.0], [0.0,0.0], [0.0,0.0], [0.0,0.0], [0.0,0.0], [0.0,0.0], [0.0,0.0], [0.0,0.0]]
EXIT 2 ExpressionStatement_1 [[-Infinity,Infinity], [0.0,0.0], [5.0,5.0], [125.0,125.0], [0.0,0.0], [0.0,0.0], [0.0,0.0], [0.0,0.0], [0.0,0.0], [0.0,0.0], [0.0,0.0], [0.0,0.0], [0.0,0.0], [0.0,0.0], [0.0,0.0], [0.0,0.0], [0.0,0.0], [0.0,0.0], [0.0,0.0], [0.0,0.0], [0.0,0.0], [0.0,0.0], [0.0,0.0], [0.0,0.0], [-Infinity,Infinity], [0.0,0.0], [0.0,0.0], [0.0,0.0], [0.0,0.0], [0.0,0.0], [0.0,0.0], [0.0,0.0], [0.0,0.0], [0.0,0.0], [0.0,0.0]]
ENTRY 2 FunctionExit_1 [[-Infinity,Infinity], [0.0,0.0], [5.0,5.0], [125.0,125.0], [0.0,0.0], [0.0,0.0], [0.0,0.0], [0.0,0.0], [0.0,0.0], [0.0,0.0], [0.0,0.0], [0.0,0.0], [0.0,0.0], [0.0,0.0], [0.0,0.0], [0.0,0.0], [0.0,0.0], [0.0,0.0], [0.0,0.0], [0.0,0.0], [0.0,0.0], [0.0,0.0], [0.0,0.0], [0.0,0.0], [-Infinity,Infinity], [0.0,0.0], [0.0,0.0], [0.0,0.0], [0.0,0.0], [0.0,0.0], [0.0,0.0], [0.0,0.0], [0.0,0.0], [0.0,0.0], [0.0,0.0]]
EXIT 2 FunctionExit_1 [[-Infinity,Infinity], [0.0,0.0], [5.0,5.0], [125.0,125.0], [0.0,0.0], [0.0,0.0], [0.0,0.0], [0.0,0.0], [0.0,0.0], [0.0,0.0], [0.0,0.0], [0.0,0.0], [0.0,0.0], [0.0,0.0], [0.0,0.0], [0.0,0.0], [0.0,0.0], [0.0,0.0], [0.0,0.0], [0.0,0.0], [0.0,0.0], [0.0,0.0], [0.0,0.0], [0.0,0.0], [-Infinity,Infinity], [0.0,0.0], [0.0,0.0], [0.0,0.0], [0.0,0.0], [0.0,0.0], [0.0,0.0], [0.0,0.0], [0.0,0.0], [0.0,0.0], [0.0,0.0]]
ENTRY 2 FunctionDefinition_2 [[-Infinity,Infinity], [0.0,0.0], [5.0,5.0], [125.0,125.0], [0.0,0.0], [0.0,0.0], [0.0,0.0], [0.0,0.0], [0.0,0.0], [0.0,0.0], [0.0,0.0], [0.0,0.0], [0.0,0.0], [0.0,0.0], [0.0,0.0], [0.0,0.0], [0.0,0.0], [0.0,0.0], [0.0,0.0], [0.0,0.0], [0.0,0.0], [0.0,0.0], [0.0,0.0], [0.0,0.0], [-Infinity,Infinity], [0.0,0.0], [0.0,0.0], [0.0,0.0], [0.0,0.0], [0.0,0.0], [0.0,0.0], [0.0,0.0], [0.0,0.0], [0.0,0.0], [0.0,0.0]]
EXIT 2 FunctionDefinition_2 [[-Infinity,Infinity], [0.0,0.0], [5.0,5.0], [125.0,125.0], [0.0,0.0], [0.0,0.0], [0.0,0.0], [0.0,0.0], [0.0,0.0], [0.0,0.0], [0.0,0.0], [0.0,0.0], [0.0,0.0], [0.0,0.0], [0.0,0.0], [0.0,0.0], [0.0,0.0], [0.0,0.0], [0.0,0.0], [0.0,0.0], [0.0,0.0], [0.0,0.0], [0.0,0.0], [0.0,0.0], [-Infinity,Infinity], [0.0,0.0], [0.0,0.0], [0.0,0.0], [0.0,0.0], [0.0,0.0], [0.0,0.0], [0.0,0.0], [0.0,0.0], [0.0,0.0], [0.0,0.0]]
ENTRY 2 FunctionEntry_2 [[-Infinity,Infinity], [0.0,0.0], [5.0,5.0], [125.0,125.0], [0.0,0.0], [0.0,0.0], [0.0,0.0], [0.0,0.0], [0.0,0.0], [0.0,0.0], [0.0,0.0], [0.0,0.0], [0.0,0.0], [0.0,0.0], [0.0,0.0], [0.0,0.0], [0.0,0.0], [0.0,0.0], [0.0,0.0], [0.0,0.0], [0.0,0.0], [0.0,0.0], [0.0,0.0], [0.0,0.0], [-Infinity,Infinity], [0.0,0.0], [0.0,0.0], [0.0,0.0], [0.0,0.0], [0.0,0.0], [0.0,0.0], [0.0,0.0], [0.0,0.0], [0.0,0.0], [0.0,0.0]]
EXIT 2 FunctionEntry_2 [[-Infinity,Infinity], [0.0,0.0], [5.0,5.0], [125.0,125.0], [0.0,0.0], [0.0,0.0], [0.0,0.0], [0.0,0.0], [0.0,0.0], [0.0,0.0], [0.0,0.0], [0.0,0.0], [0.0,0.0], [0.0,0.0], [0.0,0.0], [0.0,0.0], [0.0,0.0], [0.0,0.0], [0.0,0.0], [0.0,0.0], [0.0,0.0], [0.0,0.0], [0.0,0.0], [0.0,0.0], [-Infinity,Infinity], [0.0,0.0], [0.0,0.0], [0.0,0.0], [0.0,0.0], [0.0,0.0], [0.0,0.0], [0.0,0.0], [0.0,0.0], [0.0,0.0], [0.0,0.0]]
ENTRY 2 IfStatement_0 [[-Infinity,Infinity], [0.0,0.0], [5.0,5.0], [125.0,125.0], [0.0,0.0], [0.0,0.0], [0.0,0.0], [0.0,0.0], [0.0,0.0], [0.0,0.0], [0.0,0.0], [0.0,0.0], [0.0,0.0], [0.0,0.0], [0.0,0.0], [0.0,0.0], [0.0,0.0], [0.0,0.0], [0.0,0.0], [0.0,0.0], [0.0,0.0], [0.0,0.0], [0.0,0.0], [0.0,0.0], [-Infinity,Infinity], [0.0,0.0], [0.0,0.0], [0.0,0.0], [0.0,0.0], [0.0,0.0], [0.0,0.0], [0.0,0.0], [0.0,0.0], [0.0,0.0], [0.0,0.0]]
EXIT 2 IfStatement_0 [[1.0,-1.0], [1.0,-1.0], [1.0,-1.0], [1.0,-1.0], [1.0,-1.0], [1.0,-1.0], [1.0,-1.0], [1.0,-1.0], [1.0,-1.0], [1.0,-1.0], [1.0,-1.0], [1.0,-1.0], [1.0,-1.0], [1.0,-1.0], [1.0,-1.0], [1.0,-1.0], [1.0,-1.0], [1.0,-1.0], [1.0,-1.0], [1.0,-1.0], [1.0,-1.0], [1.0,-1.0], [1.0,-1.0], [1.0,-1.0], [1.0,-1.0], [1.0,-1.0], [1.0,-1.0], [1.0,-1.0], [1.0,-1.0], [1.0,-1.0], [1.0,-1.0], [1.0,-1.0], [1.0,-1.0], [1.0,-1.0], [1.0,-1.0]]
ENTRY 2 ExpressionStatement_2 [[-Infinity,Infinity], [0.0,0.0], [5.0,5.0], [125.0,125.0], [0.0,0.0], [0.0,0.0], [0.0,0.0], [0.0,0.0], [0.0,0.0], [0.0,0.0], [0.0,0.0], [0.0,0.0], [0.0,0.0], [0.0,0.0], [0.0,0.0], [0.0,0.0], [0.0,0.0], [0.0,0.0], [0.0,0.0], [0.0,0.0], [0.0,0.0], [0.0,0.0], [0.0,0.0], [0.0,0.0], [-Infinity,Infinity], [0.0,0.0], [0.0,0.0], [0.0,0.0], [0.0,0.0], [0.0,0.0], [0.0,0.0], [0.0,0.0], [0.0,0.0], [0.0,0.0], [0.0,0.0]]
EXIT 2 ExpressionStatement_2 [[-Infinity,Infinity], [0.0,0.0], [5.0,5.0], [125.0,125.0], [0.0,0.0], [0.0,0.0], [0.0,0.0], [0.0,0.0], [0.0,0.0], [0.0,0.0], [0.0,0.0], [0.0,0.0], [0.0,0.0], [0.0,0.0], [0.0,0.0], [0.0,0.0], [0.0,0.0], [0.0,0.0], [0.0,0.0], [0.0,0.0], [0.0,0.0], [0.0,0.0], [0.0,0.0], [0.0,0.0], [-Infinity,Infinity], [0.0,0.0], [0.0,0.0], [0.0,0.0], [0.0,0.0], [0.0,0.0], [0.0,0.0], [0.0,0.0], [0.0,0.0], [0.0,0.0], [0.0,0.0]]
ENTRY 2 Return_0 [[-Infinity,Infinity], [0.0,0.0], [5.0,5.0], [125.0,125.0], [0.0,0.0], [0.0,0.0], [0.0,0.0], [0.0,0.0], [0.0,0.0], [0.0,0.0], [0.0,0.0], [0.0,0.0], [0.0,0.0], [0.0,0.0], [0.0,0.0], [0.0,0.0], [0.0,0.0], [0.0,0.0], [0.0,0.0], [0.0,0.0], [0.0,0.0], [0.0,0.0], [0.0,0.0], [0.0,0.0], [-Infinity,Infinity], [0.0,0.0], [0.0,0.0], [0.0,0.0], [0.0,0.0], [0.0,0.0], [0.0,0.0], [0.0,0.0], [0.0,0.0], [0.0,0.0], [0.0,0.0]]
EXIT 2 Return_0 [[-Infinity,Infinity], [0.0,0.0], [5.0,5.0], [125.0,125.0], [0.0,0.0], [0.0,0.0], [0.0,0.0], [0.0,0.0], [0.0,0.0], [0.0,0.0], [0.0,0.0], [0.0,0.0], [0.0,0.0], [0.0,0.0], [0.0,0.0], [0.0,0.0], [0.0,0.0], [0.0,0.0], [0.0,0.0], [0.0,0.0], [0.0,0.0], [0.0,0.0], [0.0,0.0], [0.0,0.0], [-Infinity,Infinity], [0.0,0.0], [0.0,0.0], [0.0,0.0], [0.0,0.0], [0.0,0.0], [0.0,0.0], [0.0,0.0], [0.0,0.0], [0.0,0.0], [0.0,0.0]]
ENTRY 2 IfConditionJoin_0 [[-Infinity,Infinity], [0.0,0.0], [5.0,5.0], [125.0,125.0], [0.0,0.0], [0.0,0.0], [0.0,0.0], [0.0,0.0], [0.0,0.0], [0.0,0.0], [0.0,0.0], [0.0,0.0], [0.0,0.0], [0.0,0.0], [0.0,0.0], [0.0,0.0], [0.0,0.0], [0.0,0.0], [0.0,0.0], [0.0,0.0], [0.0,0.0], [0.0,0.0], [0.0,0.0], [0.0,0.0], [-Infinity,Infinity], [0.0,0.0], [0.0,0.0], [0.0,0.0], [0.0,0.0], [0.0,0.0], [0.0,0.0], [0.0,0.0], [0.0,0.0], [0.0,0.0], [0.0,0.0]]
EXIT 2 IfConditionJoin_0 [[-Infinity,Infinity], [0.0,0.0], [5.0,5.0], [125.0,125.0], [0.0,0.0], [0.0,0.0], [0.0,0.0], [0.0,0.0], [0.0,0.0], [0.0,0.0], [0.0,0.0], [0.0,0.0], [0.0,0.0], [0.0,0.0], [0.0,0.0], [0.0,0.0], [0.0,0.0], [0.0,0.0], [0.0,0.0], [0.0,0.0], [0.0,0.0], [0.0,0.0], [0.0,0.0], [0.0,0.0], [-Infinity,Infinity], [0.0,0.0], [0.0,0.0], [0.0,0.0], [0.0,0.0], [0.0,0.0], [0.0,0.0], [0.0,0.0], [0.0,0.0], [0.0,0.0], [0.0,0.0]]
ENTRY 2 ExpressionStatement_3 [[-Infinity,Infinity], [0.0,0.0], [5.0,5.0], [125.0,125.0], [0.0,0.0], [0.0,0.0], [0.0,0.0], [0.0,0.0], [0.0,0.0], [0.0,0.0], [0.0,0.0], [0.0,0.0], [0.0,0.0], [0.0,0.0], [0.0,0.0], [0.0,0.0], [0.0,0.0], [0.0,0.0], [0.0,0.0], [0.0,0.0], [0.0,0.0], [0.0,0.0], [0.0,0.0], [0.0,0.0], [-Infinity,Infinity], [0.0,0.0], [0.0,0.0], [0.0,0.0], [0.0,0.0], [0.0,0.0], [0.0,0.0], [0.0,0.0], [0.0,0.0], [0.0,0.0], [0.0,0.0]]
EXIT 2 ExpressionStatement_3 [[-Infinity,Infinity], [0.0,0.0], [5.0,5.0], [125.0,125.0], [0.0,0.0], [0.0,0.0], [0.0,0.0], [0.0,0.0], [0.0,0.0], [0.0,0.0], [0.0,0.0], [0.0,0.0], [0.0,0.0], [0.0,0.0], [0.0,0.0], [0.0,0.0], [0.0,0.0], [0.0,0.0], [0.0,0.0], [0.0,0.0], [0.0,0.0], [0.0,0.0], [0.0,0.0], [0.0,0.0], [-Infinity,Infinity], [0.0,0.0], [0.0,0.0], [0.0,0.0], [0.0,0.0], [0.0,0.0], [0.0,0.0], [0.0,0.0], [0.0,0.0], [0.0,0.0], [0.0,0.0]]
ENTRY 2 FunctionExit_2 [[-Infinity,Infinity], [0.0,0.0], [5.0,5.0], [125.0,125.0], [0.0,0.0], [0.0,0.0], [0.0,0.0], [0.0,0.0], [0.0,0.0], [0.0,0.0], [0.0,0.0], [0.0,0.0], [0.0,0.0], [0.0,0.0], [0.0,0.0], [0.0,0.0], [0.0,0.0], [0.0,0.0], [0.0,0.0], [0.0,0.0], [0.0,0.0], [0.0,0.0], [0.0,0.0], [0.0,0.0], [-Infinity,Infinity], [0.0,0.0], [0.0,0.0], [0.0,0.0], [0.0,0.0], [0.0,0.0], [0.0,0.0], [0.0,0.0], [0.0,0.0], [0.0,0.0], [0.0,0.0]]
EXIT 2 FunctionExit_2 [[-Infinity,Infinity], [0.0,0.0], [5.0,5.0], [125.0,125.0], [0.0,0.0], [0.0,0.0], [0.0,0.0], [0.0,0.0], [0.0,0.0], [0.0,0.0], [0.0,0.0], [0.0,0.0], [0.0,0.0], [0.0,0.0], [0.0,0.0], [0.0,0.0], [0.0,0.0], [0.0,0.0], [0.0,0.0], [0.0,0.0], [0.0,0.0], [0.0,0.0], [0.0,0.0], [0.0,0.0], [-Infinity,Infinity], [0.0,0.0], [0.0,0.0], [0.0,0.0], [0.0,0.0], [0.0,0.0], [0.0,0.0], [0.0,0.0], [0.0,0.0], [0.0,0.0], [0.0,0.0]]
ENTRY 2 FunctionDefinition_3 [[-Infinity,Infinity], [0.0,0.0], [5.0,5.0], [125.0,125.0], [0.0,0.0], [0.0,0.0], [0.0,0.0], [0.0,0.0], [0.0,0.0], [0.0,0.0], [0.0,0.0], [0.0,0.0], [0.0,0.0], [0.0,0.0], [0.0,0.0], [0.0,0.0], [0.0,0.0], [0.0,0.0], [0.0,0.0], [0.0,0.0], [0.0,0.0], [0.0,0.0], [0.0,0.0], [0.0,0.0], [-Infinity,Infinity], [0.0,0.0], [0.0,0.0], [0.0,0.0], [0.0,0.0], [0.0,0.0], [0.0,0.0], [0.0,0.0], [0.0,0.0], [0.0,0.0], [0.0,0.0]]
EXIT 2 FunctionDefinition_3 [[-Infinity,Infinity], [0.0,0.0], [5.0,5.0], [125.0,125.0], [0.0,0.0], [0.0,0.0], [0.0,0.0], [0.0,0.0], [0.0,0.0], [0.0,0.0], [0.0,0.0], [0.0,0.0], [0.0,0.0], [0.0,0.0], [0.0,0.0], [0.0,0.0], [0.0,0.0], [0.0,0.0], [0.0,0.0], [0.0,0.0], [0.0,0.0], [0.0,0.0], [0.0,0.0], [0.0,0.0], [-Infinity,Infinity], [0.0,0.0], [0.0,0.0], [0.0,0.0], [0.0,0.0], [0.0,0.0], [0.0,0.0], [0.0,0.0], [0.0,0.0], [0.0,0.0], [0.0,0.0]]
ENTRY 2 FunctionEntry_3 [[-Infinity,Infinity], [0.0,0.0], [5.0,5.0], [125.0,125.0], [0.0,0.0], [0.0,0.0], [0.0,0.0], [0.0,0.0], [0.0,0.0], [0.0,0.0], [0.0,0.0], [0.0,0.0], [0.0,0.0], [0.0,0.0], [0.0,0.0], [0.0,0.0], [0.0,0.0], [0.0,0.0], [0.0,0.0], [0.0,0.0], [0.0,0.0], [0.0,0.0], [0.0,0.0], [0.0,0.0], [-Infinity,Infinity], [0.0,0.0], [0.0,0.0], [0.0,0.0], [0.0,0.0], [0.0,0.0], [0.0,0.0], [0.0,0.0], [0.0,0.0], [0.0,0.0], [0.0,0.0]]
EXIT 2 FunctionEntry_3 [[-Infinity,Infinity], [0.0,0.0], [5.0,5.0], [125.0,125.0], [0.0,0.0], [0.0,0.0], [0.0,0.0], [0.0,0.0], [0.0,0.0], [0.0,0.0], [0.0,0.0], [0.0,0.0], [0.0,0.0], [0.0,0.0], [0.0,0.0], [0.0,0.0], [0.0,0.0], [0.0,0.0], [0.0,0.0], [0.0,0.0], [0.0,0.0], [0.0,0.0], [0.0,0.0], [0.0,0.0], [-Infinity,Infinity], [0.0,0.0], [0.0,0.0], [0.0,0.0], [0.0,0.0], [0.0,0.0], [0.0,0.0], [0.0,0.0], [0.0,0.0], [0.0,0.0], [0.0,0.0]]
ENTRY 2 VariableDeclarationStatement_0 [[-Infinity,Infinity], [0.0,0.0], [5.0,5.0], [125.0,125.0], [0.0,0.0], [0.0,0.0], [0.0,0.0], [0.0,0.0], [0.0,0.0], [0.0,0.0], [0.0,0.0], [0.0,0.0], [0.0,0.0], [0.0,0.0], [0.0,0.0], [0.0,0.0], [0.0,0.0], [0.0,0.0], [0.0,0.0], [0.0,0.0], [0.0,0.0], [0.0,0.0], [0.0,0.0], [0.0,0.0], [-Infinity,Infinity], [0.0,0.0], [0.0,0.0], [0.0,0.0], [0.0,0.0], [0.0,0.0], [0.0,0.0], [0.0,0.0], [0.0,0.0], [0.0,0.0], [0.0,0.0]]
EXIT 2 VariableDeclarationStatement_0 [[-Infinity,Infinity], [0.0,0.0], [5.0,5.0], [125.0,125.0], [0.0,0.0], [0.0,0.0], [0.0,0.0], [1.0,1.0], [0.0,0.0], [0.0,0.0], [0.0,0.0], [0.0,0.0], [0.0,0.0], [0.0,0.0], [0.0,0.0], [0.0,0.0], [0.0,0.0], [0.0,0.0], [0.0,0.0], [0.0,0.0], [0.0,0.0], [0.0,0.0], [0.0,0.0], [0.0,0.0], [-Infinity,Infinity], [0.0,0.0], [0.0,0.0], [0.0,0.0], [0.0,0.0], [0.0,0.0], [0.0,0.0], [0.0,0.0], [0.0,0.0], [0.0,0.0], [0.0,0.0]]
ENTRY 2 IfStatement_1 [[-Infinity,Infinity], [0.0,0.0], [5.0,5.0], [125.0,125.0], [0.0,0.0], [0.0,0.0], [0.0,0.0], [1.0,1.0], [0.0,0.0], [0.0,0.0], [0.0,0.0], [0.0,0.0], [0.0,0.0], [0.0,0.0], [0.0,0.0], [0.0,0.0], [0.0,0.0], [0.0,0.0], [0.0,0.0], [0.0,0.0], [0.0,0.0], [0.0,0.0], [0.0,0.0], [0.0,0.0], [-Infinity,Infinity], [0.0,0.0], [0.0,0.0], [0.0,0.0], [0.0,0.0], [0.0,0.0], [0.0,0.0], [0.0,0.0], [0.0,0.0], [0.0,0.0], [0.0,0.0]]
EXIT 2 IfStatement_1 [[1.0,-1.0], [1.0,-1.0], [1.0,-1.0], [1.0,-1.0], [1.0,-1.0], [1.0,-1.0], [1.0,-1.0], [1.0,-1.0], [1.0,-1.0], [1.0,-1.0], [1.0,-1.0], [1.0,-1.0], [1.0,-1.0], [1.0,-1.0], [1.0,-1.0], [1.0,-1.0], [1.0,-1.0], [1.0,-1.0], [1.0,-1.0], [1.0,-1.0], [1.0,-1.0], [1.0,-1.0], [1.0,-1.0], [1.0,-1.0], [1.0,-1.0], [1.0,-1.0], [1.0,-1.0], [1.0,-1.0], [1.0,-1.0], [1.0,-1.0], [1.0,-1.0], [1.0,-1.0], [1.0,-1.0], [1.0,-1.0], [1.0,-1.0]]
ENTRY 2 ExpressionStatement_4 [[-Infinity,Infinity], [0.0,0.0], [5.0,5.0], [125.0,125.0], [0.0,0.0], [0.0,0.0], [0.0,0.0], [1.0,1.0], [0.0,0.0], [0.0,0.0], [0.0,0.0], [0.0,0.0], [0.0,0.0], [0.0,0.0], [0.0,0.0], [0.0,0.0], [0.0,0.0], [0.0,0.0], [0.0,0.0], [0.0,0.0], [0.0,0.0], [0.0,0.0], [0.0,0.0], [0.0,0.0], [-Infinity,Infinity], [0.0,0.0], [0.0,0.0], [0.0,0.0], [0.0,0.0], [0.0,0.0], [0.0,0.0], [0.0,0.0], [0.0,0.0], [0.0,0.0], [0.0,0.0]]
EXIT 2 ExpressionStatement_4 [[-Infinity,Infinity], [0.0,0.0], [5.0,5.0], [125.0,125.0], [0.0,0.0], [0.0,0.0], [0.0,0.0], [1.0,1.0], [0.0,0.0], [0.0,0.0], [0.0,0.0], [0.0,0.0], [0.0,0.0], [0.0,0.0], [0.0,0.0], [0.0,0.0], [0.0,0.0], [0.0,0.0], [0.0,0.0], [0.0,0.0], [0.0,0.0], [0.0,0.0], [0.0,0.0], [0.0,0.0], [-Infinity,Infinity], [0.0,0.0], [0.0,0.0], [0.0,0.0], [0.0,0.0], [0.0,0.0], [0.0,0.0], [0.0,0.0], [0.0,0.0], [0.0,0.0], [0.0,0.0]]
ENTRY 2 ExpressionStatement_5 [[-Infinity,Infinity], [0.0,0.0], [5.0,5.0], [125.0,125.0], [0.0,0.0], [0.0,0.0], [0.0,0.0], [1.0,1.0], [0.0,0.0], [0.0,0.0], [0.0,0.0], [0.0,0.0], [0.0,0.0], [0.0,0.0], [0.0,0.0], [0.0,0.0], [0.0,0.0], [0.0,0.0], [0.0,0.0], [0.0,0.0], [0.0,0.0], [0.0,0.0], [0.0,0.0], [0.0,0.0], [-Infinity,Infinity], [0.0,0.0], [0.0,0.0], [0.0,0.0], [0.0,0.0], [0.0,0.0], [0.0,0.0], [0.0,0.0], [0.0,0.0], [0.0,0.0], [0.0,0.0]]
EXIT 2 ExpressionStatement_5 [[-Infinity,Infinity], [0.0,0.0], [5.0,5.0], [125.0,125.0], [0.0,0.0], [0.0,0.0], [0.0,0.0], [1.0,1.0], [0.0,0.0], [0.0,0.0], [0.0,0.0], [0.0,0.0], [0.0,0.0], [0.0,0.0], [0.0,0.0], [0.0,0.0], [0.0,0.0], [0.0,0.0], [0.0,0.0], [0.0,0.0], [0.0,0.0], [0.0,0.0], [0.0,0.0], [0.0,0.0], [-Infinity,Infinity], [0.0,0.0], [0.0,0.0], [0.0,0.0], [0.0,0.0], [0.0,0.0], [0.0,0.0], [0.0,0.0], [0.0,0.0], [0.0,0.0], [0.0,0.0]]
ENTRY 2 IfConditionJoin_1 [[-Infinity,Infinity], [0.0,0.0], [5.0,5.0], [125.0,125.0], [0.0,0.0], [0.0,0.0], [0.0,0.0], [1.0,1.0], [0.0,0.0], [0.0,0.0], [0.0,0.0], [0.0,0.0], [0.0,0.0], [0.0,0.0], [0.0,0.0], [0.0,0.0], [0.0,0.0], [0.0,0.0], [0.0,0.0], [0.0,0.0], [0.0,0.0], [0.0,0.0], [0.0,0.0], [0.0,0.0], [-Infinity,Infinity], [0.0,0.0], [0.0,0.0], [0.0,0.0], [0.0,0.0], [0.0,0.0], [0.0,0.0], [0.0,0.0], [0.0,0.0], [0.0,0.0], [0.0,0.0]]
EXIT 2 IfConditionJoin_1 [[-Infinity,Infinity], [0.0,0.0], [5.0,5.0], [125.0,125.0], [0.0,0.0], [0.0,0.0], [0.0,0.0], [1.0,1.0], [0.0,0.0], [0.0,0.0], [0.0,0.0], [0.0,0.0], [0.0,0.0], [0.0,0.0], [0.0,0.0], [0.0,0.0], [0.0,0.0], [0.0,0.0], [0.0,0.0], [0.0,0.0], [0.0,0.0], [0.0,0.0], [0.0,0.0], [0.0,0.0], [-Infinity,Infinity], [0.0,0.0], [0.0,0.0], [0.0,0.0], [0.0,0.0], [0.0,0.0], [0.0,0.0], [0.0,0.0], [0.0,0.0], [0.0,0.0], [0.0,0.0]]
ENTRY 2 IfStatement_2 [[-Infinity,Infinity], [0.0,0.0], [5.0,5.0], [125.0,125.0], [0.0,0.0], [0.0,0.0], [0.0,0.0], [1.0,1.0], [0.0,0.0], [0.0,0.0], [0.0,0.0], [0.0,0.0], [0.0,0.0], [0.0,0.0], [0.0,0.0], [0.0,0.0], [0.0,0.0], [0.0,0.0], [0.0,0.0], [0.0,0.0], [0.0,0.0], [0.0,0.0], [0.0,0.0], [0.0,0.0], [-Infinity,Infinity], [0.0,0.0], [0.0,0.0], [0.0,0.0], [0.0,0.0], [0.0,0.0], [0.0,0.0], [0.0,0.0], [0.0,0.0], [0.0,0.0], [0.0,0.0]]
EXIT 2 IfStatement_2 [[1.0,-1.0], [1.0,-1.0], [1.0,-1.0], [1.0,-1.0], [1.0,-1.0], [1.0,-1.0], [1.0,-1.0], [1.0,-1.0], [1.0,-1.0], [1.0,-1.0], [1.0,-1.0], [1.0,-1.0], [1.0,-1.0], [1.0,-1.0], [1.0,-1.0], [1.0,-1.0], [1.0,-1.0], [1.0,-1.0], [1.0,-1.0], [1.0,-1.0], [1.0,-1.0], [1.0,-1.0], [1.0,-1.0], [1.0,-1.0], [1.0,-1.0], [1.0,-1.0], [1.0,-1.0], [1.0,-1.0], [1.0,-1.0], [1.0,-1.0], [1.0,-1.0], [1.0,-1.0], [1.0,-1.0], [1.0,-1.0], [1.0,-1.0]]
ENTRY 2 ExpressionStatement_6 [[-Infinity,Infinity], [0.0,0.0], [5.0,5.0], [125.0,125.0], [0.0,0.0], [0.0,0.0], [0.0,0.0], [1.0,1.0], [0.0,0.0], [0.0,0.0], [0.0,0.0], [0.0,0.0], [0.0,0.0], [0.0,0.0], [0.0,0.0], [0.0,0.0], [0.0,0.0], [0.0,0.0], [0.0,0.0], [0.0,0.0], [0.0,0.0], [0.0,0.0], [0.0,0.0], [0.0,0.0], [-Infinity,Infinity], [0.0,0.0], [0.0,0.0], [0.0,0.0], [0.0,0.0], [0.0,0.0], [0.0,0.0], [0.0,0.0], [0.0,0.0], [0.0,0.0], [0.0,0.0]]
EXIT 2 ExpressionStatement_6 [[-Infinity,Infinity], [0.0,0.0], [5.0,5.0], [125.0,125.0], [0.0,0.0], [0.0,0.0], [0.0,0.0], [1.0,1.0], [-Infinity,Infinity], [0.0,0.0], [0.0,0.0], [0.0,0.0], [0.0,0.0], [0.0,0.0], [0.0,0.0], [0.0,0.0], [0.0,0.0], [0.0,0.0], [0.0,0.0], [0.0,0.0], [0.0,0.0], [0.0,0.0], [0.0,0.0], [0.0,0.0], [-Infinity,Infinity], [0.0,0.0], [0.0,0.0], [0.0,0.0], [0.0,0.0], [0.0,0.0], [0.0,0.0], [0.0,0.0], [0.0,0.0], [0.0,0.0], [0.0,0.0]]
ENTRY 2 ExpressionStatement_7 [[-Infinity,Infinity], [0.0,0.0], [5.0,5.0], [125.0,125.0], [0.0,0.0], [0.0,0.0], [0.0,0.0], [1.0,1.0], [-Infinity,Infinity], [0.0,0.0], [0.0,0.0], [0.0,0.0], [0.0,0.0], [0.0,0.0], [0.0,0.0], [0.0,0.0], [0.0,0.0], [0.0,0.0], [0.0,0.0], [0.0,0.0], [0.0,0.0], [0.0,0.0], [0.0,0.0], [0.0,0.0], [-Infinity,Infinity], [0.0,0.0], [0.0,0.0], [0.0,0.0], [0.0,0.0], [0.0,0.0], [0.0,0.0], [0.0,0.0], [0.0,0.0], [0.0,0.0], [0.0,0.0]]
EXIT 2 ExpressionStatement_7 [[-Infinity,Infinity], [0.0,0.0], [5.0,5.0], [125.0,125.0], [0.0,0.0], [0.0,0.0], [0.0,0.0], [1.0,1.0], [-Infinity,Infinity], [0.0,0.0], [0.0,0.0], [0.0,0.0], [0.0,0.0], [0.0,0.0], [0.0,0.0], [0.0,0.0], [0.0,0.0], [0.0,0.0], [0.0,0.0], [0.0,0.0], [0.0,0.0], [0.0,0.0], [0.0,0.0], [0.0,0.0], [-Infinity,Infinity], [0.0,0.0], [0.0,0.0], [0.0,0.0], [0.0,0.0], [0.0,0.0], [0.0,0.0], [0.0,0.0], [0.0,0.0], [0.0,0.0], [0.0,0.0]]
ENTRY 2 ExpressionStatement_8 [[-Infinity,Infinity], [0.0,0.0], [5.0,5.0], [125.0,125.0], [0.0,0.0], [0.0,0.0], [0.0,0.0], [1.0,1.0], [-Infinity,Infinity], [0.0,0.0], [0.0,0.0], [0.0,0.0], [0.0,0.0], [0.0,0.0], [0.0,0.0], [0.0,0.0], [0.0,0.0], [0.0,0.0], [0.0,0.0], [0.0,0.0], [0.0,0.0], [0.0,0.0], [0.0,0.0], [0.0,0.0], [-Infinity,Infinity], [0.0,0.0], [0.0,0.0], [0.0,0.0], [0.0,0.0], [0.0,0.0], [0.0,0.0], [0.0,0.0], [0.0,0.0], [0.0,0.0], [0.0,0.0]]
EXIT 2 ExpressionStatement_8 [[-Infinity,Infinity], [0.0,0.0], [5.0,5.0], [125.0,125.0], [0.0,0.0], [0.0,0.0], [0.0,0.0], [1.0,1.0], [-Infinity,Infinity], [0.0,0.0], [0.0,0.0], [0.0,0.0], [0.0,0.0], [0.0,0.0], [0.0,0.0], [0.0,0.0], [0.0,0.0], [0.0,0.0], [0.0,0.0], [0.0,0.0], [0.0,0.0], [0.0,0.0], [0.0,0.0], [0.0,0.0], [-Infinity,Infinity], [0.0,0.0], [0.0,0.0], [0.0,0.0], [0.0,0.0], [0.0,0.0], [0.0,0.0], [0.0,0.0], [0.0,0.0], [0.0,0.0], [0.0,0.0]]
ENTRY 2 IfConditionJoin_2 [[-Infinity,Infinity], [0.0,0.0], [5.0,5.0], [125.0,125.0], [0.0,0.0], [0.0,0.0], [0.0,0.0], [1.0,1.0], [-Infinity,Infinity], [0.0,0.0], [0.0,0.0], [0.0,0.0], [0.0,0.0], [0.0,0.0], [0.0,0.0], [0.0,0.0], [0.0,0.0], [0.0,0.0], [0.0,0.0], [0.0,0.0], [0.0,0.0], [0.0,0.0], [0.0,0.0], [0.0,0.0], [-Infinity,Infinity], [0.0,0.0], [0.0,0.0], [0.0,0.0], [0.0,0.0], [0.0,0.0], [0.0,0.0], [0.0,0.0], [0.0,0.0], [0.0,0.0], [0.0,0.0]]
EXIT 2 IfConditionJoin_2 [[-Infinity,Infinity], [0.0,0.0], [5.0,5.0], [125.0,125.0], [0.0,0.0], [0.0,0.0], [0.0,0.0], [1.0,1.0], [-Infinity,Infinity], [0.0,0.0], [0.0,0.0], [0.0,0.0], [0.0,0.0], [0.0,0.0], [0.0,0.0], [0.0,0.0], [0.0,0.0], [0.0,0.0], [0.0,0.0], [0.0,0.0], [0.0,0.0], [0.0,0.0], [0.0,0.0], [0.0,0.0], [-Infinity,Infinity], [0.0,0.0], [0.0,0.0], [0.0,0.0], [0.0,0.0], [0.0,0.0], [0.0,0.0], [0.0,0.0], [0.0,0.0], [0.0,0.0], [0.0,0.0]]
ENTRY 2 ExpressionStatement_9 [[-Infinity,Infinity], [0.0,0.0], [5.0,5.0], [125.0,125.0], [0.0,0.0], [0.0,0.0], [0.0,0.0], [1.0,1.0], [-Infinity,Infinity], [0.0,0.0], [0.0,0.0], [0.0,0.0], [0.0,0.0], [0.0,0.0], [0.0,0.0], [0.0,0.0], [0.0,0.0], [0.0,0.0], [0.0,0.0], [0.0,0.0], [0.0,0.0], [0.0,0.0], [0.0,0.0], [0.0,0.0], [-Infinity,Infinity], [0.0,0.0], [0.0,0.0], [0.0,0.0], [0.0,0.0], [0.0,0.0], [0.0,0.0], [0.0,0.0], [0.0,0.0], [0.0,0.0], [0.0,0.0]]
EXIT 2 ExpressionStatement_9 [[-Infinity,Infinity], [0.0,0.0], [5.0,5.0], [125.0,125.0], [0.0,0.0], [0.0,0.0], [0.0,0.0], [1.0,1.0], [-Infinity,Infinity], [0.0,0.0], [0.0,0.0], [0.0,0.0], [0.0,0.0], [0.0,0.0], [0.0,0.0], [0.0,0.0], [0.0,0.0], [0.0,0.0], [0.0,0.0], [0.0,0.0], [0.0,0.0], [0.0,0.0], [0.0,0.0], [0.0,0.0], [-Infinity,Infinity], [0.0,0.0], [0.0,0.0], [0.0,0.0], [0.0,0.0], [0.0,0.0], [0.0,0.0], [0.0,0.0], [0.0,0.0], [0.0,0.0], [0.0,0.0]]
ENTRY 2 ExpressionStatement_10 [[-Infinity,Infinity], [0.0,0.0], [5.0,5.0], [125.0,125.0], [0.0,0.0], [0.0,0.0], [0.0,0.0], [1.0,1.0], [-Infinity,Infinity], [0.0,0.0], [0.0,0.0], [0.0,0.0], [0.0,0.0], [0.0,0.0], [0.0,0.0], [0.0,0.0], [0.0,0.0], [0.0,0.0], [0.0,0.0], [0.0,0.0], [0.0,0.0], [0.0,0.0], [0.0,0.0], [0.0,0.0], [-Infinity,Infinity], [0.0,0.0], [0.0,0.0], [0.0,0.0], [0.0,0.0], [0.0,0.0], [0.0,0.0], [0.0,0.0], [0.0,0.0], [0.0,0.0], [0.0,0.0]]
EXIT 2 ExpressionStatement_10 [[-Infinity,Infinity], [0.0,0.0], [5.0,5.0], [125.0,125.0], [0.0,0.0], [0.0,0.0], [0.0,0.0], [1.0,1.0], [-Infinity,Infinity], [1.0,1.0], [0.0,0.0], [0.0,0.0], [0.0,0.0], [0.0,0.0], [0.0,0.0], [0.0,0.0], [0.0,0.0], [0.0,0.0], [0.0,0.0], [0.0,0.0], [0.0,0.0], [0.0,0.0], [0.0,0.0], [0.0,0.0], [-Infinity,Infinity], [0.0,0.0], [0.0,0.0], [0.0,0.0], [0.0,0.0], [0.0,0.0], [0.0,0.0], [0.0,0.0], [0.0,0.0], [0.0,0.0], [0.0,0.0]]
ENTRY 2 ExpressionStatement_11 [[-Infinity,Infinity], [0.0,0.0], [5.0,5.0], [125.0,125.0], [0.0,0.0], [0.0,0.0], [0.0,0.0], [1.0,1.0], [-Infinity,Infinity], [1.0,1.0], [0.0,0.0], [0.0,0.0], [0.0,0.0], [0.0,0.0], [0.0,0.0], [0.0,0.0], [0.0,0.0], [0.0,0.0], [0.0,0.0], [0.0,0.0], [0.0,0.0], [0.0,0.0], [0.0,0.0], [0.0,0.0], [-Infinity,Infinity], [0.0,0.0], [0.0,0.0], [0.0,0.0], [0.0,0.0], [0.0,0.0], [0.0,0.0], [0.0,0.0], [0.0,0.0], [0.0,0.0], [0.0,0.0]]
EXIT 2 ExpressionStatement_11 [[-Infinity,Infinity], [0.0,0.0], [5.0,5.0], [125.0,125.0], [0.0,0.0], [0.0,0.0], [0.0,0.0], [1.0,1.0], [-Infinity,Infinity], [1.0,1.0], [0.0,0.0], [0.0,0.0], [0.0,0.0], [0.0,0.0], [0.0,0.0], [0.0,0.0], [0.0,0.0], [0.0,0.0], [0.0,0.0], [0.0,0.0], [0.0,0.0], [0.0,0.0], [0.0,0.0], [0.0,0.0], [-Infinity,Infinity], [0.0,0.0], [0.0,0.0], [0.0,0.0], [0.0,0.0], [0.0,0.0], [0.0,0.0], [0.0,0.0], [0.0,0.0], [0.0,0.0], [0.0,0.0]]
ENTRY 2 ExpressionStatement_12 [[-Infinity,Infinity], [0.0,0.0], [5.0,5.0], [125.0,125.0], [0.0,0.0], [0.0,0.0], [0.0,0.0], [1.0,1.0], [-Infinity,Infinity], [1.0,1.0], [0.0,0.0], [0.0,0.0], [0.0,0.0], [0.0,0.0], [0.0,0.0], [0.0,0.0], [0.0,0.0], [0.0,0.0], [0.0,0.0], [0.0,0.0], [0.0,0.0], [0.0,0.0], [0.0,0.0], [0.0,0.0], [-Infinity,Infinity], [0.0,0.0], [0.0,0.0], [0.0,0.0], [0.0,0.0], [0.0,0.0], [0.0,0.0], [0.0,0.0], [0.0,0.0], [0.0,0.0], [0.0,0.0]]
EXIT 2 ExpressionStatement_12 [[-Infinity,Infinity], [-Infinity,Infinity], [5.0,5.0], [125.0,125.0], [0.0,0.0], [0.0,0.0], [0.0,0.0], [1.0,1.0], [-Infinity,Infinity], [1.0,1.0], [0.0,0.0], [0.0,0.0], [0.0,0.0], [0.0,0.0], [0.0,0.0], [0.0,0.0], [0.0,0.0], [0.0,0.0], [0.0,0.0], [0.0,0.0], [0.0,0.0], [0.0,0.0], [0.0,0.0], [0.0,0.0], [-Infinity,Infinity], [0.0,0.0], [0.0,0.0], [0.0,0.0], [0.0,0.0], [0.0,0.0], [0.0,0.0], [0.0,0.0], [0.0,0.0], [0.0,0.0], [0.0,0.0]]
ENTRY 2 VariableDeclarationStatement_1 [[-Infinity,Infinity], [-Infinity,Infinity], [5.0,5.0], [125.0,125.0], [0.0,0.0], [0.0,0.0], [0.0,0.0], [1.0,1.0], [-Infinity,Infinity], [1.0,1.0], [0.0,0.0], [0.0,0.0], [0.0,0.0], [0.0,0.0], [0.0,0.0], [0.0,0.0], [0.0,0.0], [0.0,0.0], [0.0,0.0], [0.0,0.0], [0.0,0.0], [0.0,0.0], [0.0,0.0], [0.0,0.0], [-Infinity,Infinity], [0.0,0.0], [0.0,0.0], [0.0,0.0], [0.0,0.0], [0.0,0.0], [0.0,0.0], [0.0,0.0], [0.0,0.0], [0.0,0.0], [0.0,0.0]]
EXIT 2 VariableDeclarationStatement_1 [[-Infinity,Infinity], [-Infinity,Infinity], [5.0,5.0], [125.0,125.0], [0.0,0.0], [0.0,0.0], [0.0,0.0], [1.0,1.0], [-Infinity,Infinity], [1.0,1.0], [0.0,0.0], [0.0,0.0], [0.0,0.0], [0.0,0.0], [0.0,0.0], [0.0,0.0], [0.0,0.0], [0.0,0.0], [0.0,0.0], [0.0,0.0], [0.0,0.0], [0.0,0.0], [0.0,0.0], [0.0,0.0], [-Infinity,Infinity], [0.0,0.0], [0.0,0.0], [0.0,0.0], [0.0,0.0], [0.0,0.0], [0.0,0.0], [0.0,0.0], [0.0,0.0], [0.0,0.0], [0.0,0.0]]
ENTRY 2 VariableDeclarationStatement_2 [[-Infinity,Infinity], [-Infinity,Infinity], [5.0,5.0], [125.0,125.0], [0.0,0.0], [0.0,0.0], [0.0,0.0], [1.0,1.0], [-Infinity,Infinity], [1.0,1.0], [0.0,0.0], [0.0,0.0], [0.0,0.0], [0.0,0.0], [0.0,0.0], [0.0,0.0], [0.0,0.0], [0.0,0.0], [0.0,0.0], [0.0,0.0], [0.0,0.0], [0.0,0.0], [0.0,0.0], [0.0,0.0], [-Infinity,Infinity], [0.0,0.0], [0.0,0.0], [0.0,0.0], [0.0,0.0], [0.0,0.0], [0.0,0.0], [0.0,0.0], [0.0,0.0], [0.0,0.0], [0.0,0.0]]
EXIT 2 VariableDeclarationStatement_2 [[-Infinity,Infinity], [-Infinity,Infinity], [5.0,5.0], [125.0,125.0], [0.0,0.0], [0.0,0.0], [0.0,0.0], [1.0,1.0], [-Infinity,Infinity], [1.0,1.0], [0.0,0.0], [0.0,0.0], [0.0,0.0], [0.0,0.0], [0.0,0.0], [-Infinity,Infinity], [0.0,0.0], [0.0,0.0], [0.0,0.0], [0.0,0.0], [0.0,0.0], [0.0,0.0], [0.0,0.0], [0.0,0.0], [-Infinity,Infinity], [0.0,0.0], [0.0,0.0], [0.0,0.0], [0.0,0.0], [0.0,0.0], [0.0,0.0], [0.0,0.0], [0.0,0.0], [0.0,0.0], [0.0,0.0]]
ENTRY 2 IfStatement_3 [[-Infinity,Infinity], [-Infinity,Infinity], [5.0,5.0], [125.0,125.0], [0.0,0.0], [0.0,0.0], [0.0,0.0], [1.0,1.0], [-Infinity,Infinity], [1.0,1.0], [0.0,0.0], [0.0,0.0], [0.0,0.0], [0.0,0.0], [0.0,0.0], [-Infinity,Infinity], [0.0,0.0], [0.0,0.0], [0.0,0.0], [0.0,0.0], [0.0,0.0], [0.0,0.0], [0.0,0.0], [0.0,0.0], [-Infinity,Infinity], [0.0,0.0], [0.0,0.0], [0.0,0.0], [0.0,0.0], [0.0,0.0], [0.0,0.0], [0.0,0.0], [0.0,0.0], [0.0,0.0], [0.0,0.0]]
EXIT 2 IfStatement_3 [[1.0,-1.0], [1.0,-1.0], [1.0,-1.0], [1.0,-1.0], [1.0,-1.0], [1.0,-1.0], [1.0,-1.0], [1.0,-1.0], [1.0,-1.0], [1.0,-1.0], [1.0,-1.0], [1.0,-1.0], [1.0,-1.0], [1.0,-1.0], [1.0,-1.0], [1.0,-1.0], [1.0,-1.0], [1.0,-1.0], [1.0,-1.0], [1.0,-1.0], [1.0,-1.0], [1.0,-1.0], [1.0,-1.0], [1.0,-1.0], [1.0,-1.0], [1.0,-1.0], [1.0,-1.0], [1.0,-1.0], [1.0,-1.0], [1.0,-1.0], [1.0,-1.0], [1.0,-1.0], [1.0,-1.0], [1.0,-1.0], [1.0,-1.0]]
ENTRY 2 VariableDeclarationStatement_3 [[-Infinity,Infinity], [-Infinity,Infinity], [5.0,5.0], [125.0,125.0], [0.0,0.0], [0.0,0.0], [0.0,0.0], [1.0,1.0], [-Infinity,Infinity], [1.0,1.0], [0.0,0.0], [0.0,0.0], [0.0,0.0], [0.0,0.0], [0.0,0.0], [-Infinity,Infinity], [0.0,0.0], [0.0,0.0], [0.0,0.0], [0.0,0.0], [0.0,0.0], [0.0,0.0], [0.0,0.0], [0.0,0.0], [-Infinity,Infinity], [0.0,0.0], [0.0,0.0], [0.0,0.0], [0.0,0.0], [0.0,0.0], [0.0,0.0], [0.0,0.0], [0.0,0.0], [0.0,0.0], [0.0,0.0]]
EXIT 2 VariableDeclarationStatement_3 [[-Infinity,Infinity], [-Infinity,Infinity], [5.0,5.0], [125.0,125.0], [0.0,0.0], [0.0,0.0], [0.0,0.0], [1.0,1.0], [-Infinity,Infinity], [1.0,1.0], [0.0,0.0], [0.0,0.0], [0.0,0.0], [0.0,0.0], [0.0,0.0], [-Infinity,Infinity], [-Infinity,Infinity], [0.0,0.0], [0.0,0.0], [0.0,0.0], [0.0,0.0], [0.0,0.0], [0.0,0.0], [0.0,0.0], [-Infinity,Infinity], [0.0,0.0], [0.0,0.0], [0.0,0.0], [0.0,0.0], [0.0,0.0], [0.0,0.0], [0.0,0.0], [0.0,0.0], [0.0,0.0], [0.0,0.0]]
ENTRY 2 ExpressionStatement_13 [[-Infinity,Infinity], [-Infinity,Infinity], [5.0,5.0], [125.0,125.0], [0.0,0.0], [0.0,0.0], [0.0,0.0], [1.0,1.0], [-Infinity,Infinity], [1.0,1.0], [0.0,0.0], [0.0,0.0], [0.0,0.0], [0.0,0.0], [0.0,0.0], [-Infinity,Infinity], [-Infinity,Infinity], [0.0,0.0], [0.0,0.0], [0.0,0.0], [0.0,0.0], [0.0,0.0], [0.0,0.0], [0.0,0.0], [-Infinity,Infinity], [0.0,0.0], [0.0,0.0], [0.0,0.0], [0.0,0.0], [0.0,0.0], [0.0,0.0], [0.0,0.0], [0.0,0.0], [0.0,0.0], [0.0,0.0]]
EXIT 2 ExpressionStatement_13 [[-Infinity,Infinity], [-Infinity,Infinity], [5.0,5.0], [125.0,125.0], [0.0,0.0], [0.0,0.0], [0.0,0.0], [1.0,1.0], [-Infinity,Infinity], [1.0,1.0], [0.0,0.0], [0.0,0.0], [0.0,0.0], [0.0,0.0], [0.0,0.0], [-Infinity,Infinity], [-Infinity,Infinity], [0.0,0.0], [0.0,0.0], [0.0,0.0], [0.0,0.0], [0.0,0.0], [0.0,0.0], [0.0,0.0], [-Infinity,Infinity], [0.0,0.0], [0.0,0.0], [0.0,0.0], [0.0,0.0], [0.0,0.0], [0.0,0.0], [0.0,0.0], [0.0,0.0], [0.0,0.0], [0.0,0.0]]
ENTRY 2 ExpressionStatement_14 [[-Infinity,Infinity], [-Infinity,Infinity], [5.0,5.0], [125.0,125.0], [0.0,0.0], [0.0,0.0], [0.0,0.0], [1.0,1.0], [-Infinity,Infinity], [1.0,1.0], [0.0,0.0], [0.0,0.0], [0.0,0.0], [0.0,0.0], [0.0,0.0], [-Infinity,Infinity], [-Infinity,Infinity], [0.0,0.0], [0.0,0.0], [0.0,0.0], [0.0,0.0], [0.0,0.0], [0.0,0.0], [0.0,0.0], [-Infinity,Infinity], [0.0,0.0], [0.0,0.0], [0.0,0.0], [0.0,0.0], [0.0,0.0], [0.0,0.0], [0.0,0.0], [0.0,0.0], [0.0,0.0], [0.0,0.0]]
EXIT 2 ExpressionStatement_14 [[-Infinity,Infinity], [-Infinity,Infinity], [5.0,5.0], [125.0,125.0], [0.0,0.0], [0.0,0.0], [0.0,0.0], [1.0,1.0], [-Infinity,Infinity], [1.0,1.0], [0.0,0.0], [0.0,0.0], [0.0,0.0], [0.0,0.0], [0.0,0.0], [-Infinity,Infinity], [-Infinity,Infinity], [-Infinity,Infinity], [0.0,0.0], [0.0,0.0], [0.0,0.0], [0.0,0.0], [0.0,0.0], [0.0,0.0], [-Infinity,Infinity], [0.0,0.0], [0.0,0.0], [0.0,0.0], [0.0,0.0], [0.0,0.0], [0.0,0.0], [0.0,0.0], [0.0,0.0], [0.0,0.0], [0.0,0.0]]
ENTRY 2 ExpressionStatement_15 [[-Infinity,Infinity], [-Infinity,Infinity], [5.0,5.0], [125.0,125.0], [0.0,0.0], [0.0,0.0], [0.0,0.0], [1.0,1.0], [-Infinity,Infinity], [1.0,1.0], [0.0,0.0], [0.0,0.0], [0.0,0.0], [0.0,0.0], [0.0,0.0], [-Infinity,Infinity], [-Infinity,Infinity], [-Infinity,Infinity], [0.0,0.0], [0.0,0.0], [0.0,0.0], [0.0,0.0], [0.0,0.0], [0.0,0.0], [-Infinity,Infinity], [0.0,0.0], [0.0,0.0], [0.0,0.0], [0.0,0.0], [0.0,0.0], [0.0,0.0], [0.0,0.0], [0.0,0.0], [0.0,0.0], [0.0,0.0]]
EXIT 2 ExpressionStatement_15 [[-Infinity,Infinity], [-Infinity,Infinity], [5.0,5.0], [125.0,125.0], [0.0,0.0], [0.0,0.0], [0.0,0.0], [1.0,1.0], [-Infinity,Infinity], [1.0,1.0], [0.0,0.0], [0.0,0.0], [0.0,0.0], [0.0,0.0], [0.0,0.0], [-Infinity,Infinity], [-Infinity,Infinity], [-Infinity,Infinity], [1.0,1.0], [0.0,0.0], [0.0,0.0], [0.0,0.0], [0.0,0.0], [0.0,0.0], [-Infinity,Infinity], [0.0,0.0], [0.0,0.0], [0.0,0.0], [0.0,0.0], [0.0,0.0], [0.0,0.0], [0.0,0.0], [0.0,0.0], [0.0,0.0], [0.0,0.0]]
ENTRY 2 ExpressionStatement_16 [[-Infinity,Infinity], [-Infinity,Infinity], [5.0,5.0], [125.0,125.0], [0.0,0.0], [0.0,0.0], [0.0,0.0], [1.0,1.0], [-Infinity,Infinity], [1.0,1.0], [0.0,0.0], [0.0,0.0], [0.0,0.0], [0.0,0.0], [0.0,0.0], [-Infinity,Infinity], [-Infinity,Infinity], [-Infinity,Infinity], [1.0,1.0], [0.0,0.0], [0.0,0.0], [0.0,0.0], [0.0,0.0], [0.0,0.0], [-Infinity,Infinity], [0.0,0.0], [0.0,0.0], [0.0,0.0], [0.0,0.0], [0.0,0.0], [0.0,0.0], [0.0,0.0], [0.0,0.0], [0.0,0.0], [0.0,0.0]]
EXIT 2 ExpressionStatement_16 [[-Infinity,Infinity], [-Infinity,Infinity], [5.0,5.0], [125.0,125.0], [0.0,0.0], [0.0,0.0], [0.0,0.0], [1.0,1.0], [-Infinity,Infinity], [1.0,1.0], [0.0,0.0], [0.0,0.0], [0.0,0.0], [0.0,0.0], [0.0,0.0], [-Infinity,Infinity], [-Infinity,Infinity], [-Infinity,Infinity], [1.0,1.0], [0.0,0.0], [0.0,0.0], [0.0,0.0], [0.0,0.0], [0.0,0.0], [-Infinity,Infinity], [0.0,0.0], [0.0,0.0], [0.0,0.0], [0.0,0.0], [0.0,0.0], [0.0,0.0], [0.0,0.0], [0.0,0.0], [0.0,0.0], [0.0,0.0]]
ENTRY 2 IfStatement_4 [[-Infinity,Infinity], [-Infinity,Infinity], [5.0,5.0], [125.0,125.0], [0.0,0.0], [0.0,0.0], [0.0,0.0], [1.0,1.0], [-Infinity,Infinity], [1.0,1.0], [0.0,0.0], [0.0,0.0], [0.0,0.0], [0.0,0.0], [0.0,0.0], [-Infinity,Infinity], [-Infinity,Infinity], [-Infinity,Infinity], [1.0,1.0], [0.0,0.0], [0.0,0.0], [0.0,0.0], [0.0,0.0], [0.0,0.0], [-Infinity,Infinity], [0.0,0.0], [0.0,0.0], [0.0,0.0], [0.0,0.0], [0.0,0.0], [0.0,0.0], [0.0,0.0], [0.0,0.0], [0.0,0.0], [0.0,0.0]]
EXIT 2 IfStatement_4 [[1.0,-1.0], [1.0,-1.0], [1.0,-1.0], [1.0,-1.0], [1.0,-1.0], [1.0,-1.0], [1.0,-1.0], [1.0,-1.0], [1.0,-1.0], [1.0,-1.0], [1.0,-1.0], [1.0,-1.0], [1.0,-1.0], [1.0,-1.0], [1.0,-1.0], [1.0,-1.0], [1.0,-1.0], [1.0,-1.0], [1.0,-1.0], [1.0,-1.0], [1.0,-1.0], [1.0,-1.0], [1.0,-1.0], [1.0,-1.0], [1.0,-1.0], [1.0,-1.0], [1.0,-1.0], [1.0,-1.0], [1.0,-1.0], [1.0,-1.0], [1.0,-1.0], [1.0,-1.0], [1.0,-1.0], [1.0,-1.0], [1.0,-1.0]]
ENTRY 2 ExpressionStatement_17 [[-Infinity,Infinity], [-Infinity,Infinity], [5.0,5.0], [125.0,125.0], [0.0,0.0], [0.0,0.0], [0.0,0.0], [1.0,1.0], [-Infinity,Infinity], [1.0,1.0], [0.0,0.0], [0.0,0.0], [0.0,0.0], [0.0,0.0], [0.0,0.0], [-Infinity,Infinity], [-Infinity,Infinity], [-Infinity,Infinity], [1.0,1.0], [0.0,0.0], [0.0,0.0], [0.0,0.0], [0.0,0.0], [0.0,0.0], [-Infinity,Infinity], [0.0,0.0], [0.0,0.0], [0.0,0.0], [0.0,0.0], [0.0,0.0], [0.0,0.0], [0.0,0.0], [0.0,0.0], [0.0,0.0], [0.0,0.0]]
EXIT 2 ExpressionStatement_17 [[-Infinity,Infinity], [-Infinity,Infinity], [5.0,5.0], [125.0,125.0], [0.0,0.0], [0.0,0.0], [-Infinity,Infinity], [1.0,1.0], [-Infinity,Infinity], [1.0,1.0], [0.0,0.0], [0.0,0.0], [0.0,0.0], [0.0,0.0], [0.0,0.0], [-Infinity,Infinity], [-Infinity,Infinity], [-Infinity,Infinity], [1.0,1.0], [0.0,0.0], [0.0,0.0], [0.0,0.0], [0.0,0.0], [0.0,0.0], [-Infinity,Infinity], [0.0,0.0], [0.0,0.0], [0.0,0.0], [0.0,0.0], [0.0,0.0], [0.0,0.0], [0.0,0.0], [0.0,0.0], [0.0,0.0], [0.0,0.0]]
ENTRY 2 IfConditionJoin_4 [[-Infinity,Infinity], [-Infinity,Infinity], [5.0,5.0], [125.0,125.0], [0.0,0.0], [0.0,0.0], [-Infinity,Infinity], [1.0,1.0], [-Infinity,Infinity], [1.0,1.0], [0.0,0.0], [0.0,0.0], [0.0,0.0], [0.0,0.0], [0.0,0.0], [-Infinity,Infinity], [-Infinity,Infinity], [-Infinity,Infinity], [1.0,1.0], [0.0,0.0], [0.0,0.0], [0.0,0.0], [0.0,0.0], [0.0,0.0], [-Infinity,Infinity], [0.0,0.0], [0.0,0.0], [0.0,0.0], [0.0,0.0], [0.0,0.0], [0.0,0.0], [0.0,0.0], [0.0,0.0], [0.0,0.0], [0.0,0.0]]
EXIT 2 IfConditionJoin_4 [[-Infinity,Infinity], [-Infinity,Infinity], [5.0,5.0], [125.0,125.0], [0.0,0.0], [0.0,0.0], [-Infinity,Infinity], [1.0,1.0], [-Infinity,Infinity], [1.0,1.0], [0.0,0.0], [0.0,0.0], [0.0,0.0], [0.0,0.0], [0.0,0.0], [-Infinity,Infinity], [-Infinity,Infinity], [-Infinity,Infinity], [1.0,1.0], [0.0,0.0], [0.0,0.0], [0.0,0.0], [0.0,0.0], [0.0,0.0], [-Infinity,Infinity], [0.0,0.0], [0.0,0.0], [0.0,0.0], [0.0,0.0], [0.0,0.0], [0.0,0.0], [0.0,0.0], [0.0,0.0], [0.0,0.0], [0.0,0.0]]
ENTRY 2 ExpressionStatement_18 [[-Infinity,Infinity], [-Infinity,Infinity], [5.0,5.0], [125.0,125.0], [0.0,0.0], [0.0,0.0], [-Infinity,Infinity], [1.0,1.0], [-Infinity,Infinity], [1.0,1.0], [0.0,0.0], [0.0,0.0], [0.0,0.0], [0.0,0.0], [0.0,0.0], [-Infinity,Infinity], [-Infinity,Infinity], [-Infinity,Infinity], [1.0,1.0], [0.0,0.0], [0.0,0.0], [0.0,0.0], [0.0,0.0], [0.0,0.0], [-Infinity,Infinity], [0.0,0.0], [0.0,0.0], [0.0,0.0], [0.0,0.0], [0.0,0.0], [0.0,0.0], [0.0,0.0], [0.0,0.0], [0.0,0.0], [0.0,0.0]]
EXIT 2 ExpressionStatement_18 [[-Infinity,Infinity], [-Infinity,Infinity], [5.0,5.0], [125.0,125.0], [0.0,0.0], [0.0,0.0], [-Infinity,Infinity], [1.0,1.0], [-Infinity,Infinity], [1.0,1.0], [0.0,0.0], [0.0,0.0], [0.0,0.0], [0.0,0.0], [0.0,0.0], [-Infinity,Infinity], [-Infinity,Infinity], [-Infinity,Infinity], [1.0,1.0], [0.0,0.0], [0.0,0.0], [0.0,0.0], [0.0,0.0], [0.0,0.0], [-Infinity,Infinity], [0.0,0.0], [0.0,0.0], [0.0,0.0], [0.0,0.0], [0.0,0.0], [0.0,0.0], [0.0,0.0], [0.0,0.0], [0.0,0.0], [0.0,0.0]]
ENTRY 2 IfConditionJoin_3 [[-Infinity,Infinity], [-Infinity,Infinity], [5.0,5.0], [125.0,125.0], [0.0,0.0], [0.0,0.0], [-Infinity,Infinity], [1.0,1.0], [-Infinity,Infinity], [1.0,1.0], [0.0,0.0], [0.0,0.0], [0.0,0.0], [0.0,0.0], [0.0,0.0], [-Infinity,Infinity], [-Infinity,Infinity], [-Infinity,Infinity], [0.0,1.0], [0.0,0.0], [0.0,0.0], [0.0,0.0], [0.0,0.0], [0.0,0.0], [-Infinity,Infinity], [0.0,0.0], [0.0,0.0], [0.0,0.0], [0.0,0.0], [0.0,0.0], [0.0,0.0], [0.0,0.0], [0.0,0.0], [0.0,0.0], [0.0,0.0]]
EXIT 2 IfConditionJoin_3 [[-Infinity,Infinity], [-Infinity,Infinity], [5.0,5.0], [125.0,125.0], [0.0,0.0], [0.0,0.0], [-Infinity,Infinity], [1.0,1.0], [-Infinity,Infinity], [1.0,1.0], [0.0,0.0], [0.0,0.0], [0.0,0.0], [0.0,0.0], [0.0,0.0], [-Infinity,Infinity], [-Infinity,Infinity], [-Infinity,Infinity], [0.0,1.0], [0.0,0.0], [0.0,0.0], [0.0,0.0], [0.0,0.0], [0.0,0.0], [-Infinity,Infinity], [0.0,0.0], [0.0,0.0], [0.0,0.0], [0.0,0.0], [0.0,0.0], [0.0,0.0], [0.0,0.0], [0.0,0.0], [0.0,0.0], [0.0,0.0]]
ENTRY 2 VariableDeclarationStatement_4 [[-Infinity,Infinity], [-Infinity,Infinity], [5.0,5.0], [125.0,125.0], [0.0,0.0], [0.0,0.0], [-Infinity,Infinity], [1.0,1.0], [-Infinity,Infinity], [1.0,1.0], [0.0,0.0], [0.0,0.0], [0.0,0.0], [0.0,0.0], [0.0,0.0], [-Infinity,Infinity], [-Infinity,Infinity], [-Infinity,Infinity], [0.0,1.0], [0.0,0.0], [0.0,0.0], [0.0,0.0], [0.0,0.0], [0.0,0.0], [-Infinity,Infinity], [0.0,0.0], [0.0,0.0], [0.0,0.0], [0.0,0.0], [0.0,0.0], [0.0,0.0], [0.0,0.0], [0.0,0.0], [0.0,0.0], [0.0,0.0]]
EXIT 2 VariableDeclarationStatement_4 [[-Infinity,Infinity], [-Infinity,Infinity], [5.0,5.0], [125.0,125.0], [0.0,0.0], [0.0,0.0], [-Infinity,Infinity], [1.0,1.0], [-Infinity,Infinity], [1.0,1.0], [0.0,0.0], [0.0,0.0], [0.0,0.0], [0.0,0.0], [0.0,0.0], [-Infinity,Infinity], [-Infinity,Infinity], [-Infinity,Infinity], [0.0,1.0], [0.0,0.0], [0.0,0.0], [0.0,0.0], [0.0,0.0], [-Infinity,Infinity], [-Infinity,Infinity], [0.0,0.0], [0.0,0.0], [0.0,0.0], [0.0,0.0], [0.0,0.0], [0.0,0.0], [0.0,0.0], [0.0,0.0], [0.0,0.0], [0.0,0.0]]
ENTRY 2 IfStatement_5 [[-Infinity,Infinity], [-Infinity,Infinity], [5.0,5.0], [125.0,125.0], [0.0,0.0], [0.0,0.0], [-Infinity,Infinity], [1.0,1.0], [-Infinity,Infinity], [1.0,1.0], [0.0,0.0], [0.0,0.0], [0.0,0.0], [0.0,0.0], [0.0,0.0], [-Infinity,Infinity], [-Infinity,Infinity], [-Infinity,Infinity], [0.0,1.0], [0.0,0.0], [0.0,0.0], [0.0,0.0], [0.0,0.0], [-Infinity,Infinity], [-Infinity,Infinity], [0.0,0.0], [0.0,0.0], [0.0,0.0], [0.0,0.0], [0.0,0.0], [0.0,0.0], [0.0,0.0], [0.0,0.0], [0.0,0.0], [0.0,0.0]]
EXIT 2 IfStatement_5 [[1.0,-1.0], [1.0,-1.0], [1.0,-1.0], [1.0,-1.0], [1.0,-1.0], [1.0,-1.0], [1.0,-1.0], [1.0,-1.0], [1.0,-1.0], [1.0,-1.0], [1.0,-1.0], [1.0,-1.0], [1.0,-1.0], [1.0,-1.0], [1.0,-1.0], [1.0,-1.0], [1.0,-1.0], [1.0,-1.0], [1.0,-1.0], [1.0,-1.0], [1.0,-1.0], [1.0,-1.0], [1.0,-1.0], [1.0,-1.0], [1.0,-1.0], [1.0,-1.0], [1.0,-1.0], [1.0,-1.0], [1.0,-1.0], [1.0,-1.0], [1.0,-1.0], [1.0,-1.0], [1.0,-1.0], [1.0,-1.0], [1.0,-1.0]]
ENTRY 2 ExpressionStatement_19 [[-Infinity,Infinity], [-Infinity,Infinity], [5.0,5.0], [125.0,125.0], [0.0,0.0], [0.0,0.0], [-Infinity,Infinity], [1.0,1.0], [-Infinity,Infinity], [1.0,1.0], [0.0,0.0], [0.0,0.0], [0.0,0.0], [0.0,0.0], [0.0,0.0], [-Infinity,Infinity], [-Infinity,Infinity], [-Infinity,Infinity], [0.0,1.0], [0.0,0.0], [0.0,0.0], [0.0,0.0], [0.0,0.0], [-Infinity,Infinity], [-Infinity,Infinity], [0.0,0.0], [0.0,0.0], [0.0,0.0], [0.0,0.0], [0.0,0.0], [0.0,0.0], [0.0,0.0], [0.0,0.0], [0.0,0.0], [0.0,0.0]]
EXIT 2 ExpressionStatement_19 [[-Infinity,Infinity], [-Infinity,Infinity], [5.0,5.0], [125.0,125.0], [0.0,0.0], [0.0,0.0], [-Infinity,Infinity], [1.0,1.0], [-Infinity,Infinity], [1.0,1.0], [0.0,0.0], [0.0,0.0], [0.0,0.0], [0.0,0.0], [0.0,0.0], [-Infinity,Infinity], [-Infinity,Infinity], [-Infinity,Infinity], [0.0,1.0], [0.0,0.0], [0.0,0.0], [0.0,0.0], [0.0,0.0], [-Infinity,Infinity], [-Infinity,Infinity], [0.0,0.0], [0.0,0.0], [0.0,0.0], [0.0,0.0], [0.0,0.0], [0.0,0.0], [0.0,0.0], [0.0,0.0], [0.0,0.0], [0.0,0.0]]
ENTRY 2 IfConditionJoin_5 [[-Infinity,Infinity], [-Infinity,Infinity], [5.0,5.0], [125.0,125.0], [0.0,0.0], [0.0,0.0], [-Infinity,Infinity], [1.0,1.0], [-Infinity,Infinity], [1.0,1.0], [0.0,0.0], [0.0,0.0], [0.0,0.0], [0.0,0.0], [0.0,0.0], [-Infinity,Infinity], [-Infinity,Infinity], [-Infinity,Infinity], [0.0,1.0], [0.0,0.0], [0.0,0.0], [0.0,0.0], [0.0,0.0], [-Infinity,Infinity], [-Infinity,Infinity], [0.0,0.0], [0.0,0.0], [0.0,0.0], [0.0,0.0], [0.0,0.0], [0.0,0.0], [0.0,0.0], [0.0,0.0], [0.0,0.0], [0.0,0.0]]
EXIT 2 IfConditionJoin_5 [[-Infinity,Infinity], [-Infinity,Infinity], [5.0,5.0], [125.0,125.0], [0.0,0.0], [0.0,0.0], [-Infinity,Infinity], [1.0,1.0], [-Infinity,Infinity], [1.0,1.0], [0.0,0.0], [0.0,0.0], [0.0,0.0], [0.0,0.0], [0.0,0.0], [-Infinity,Infinity], [-Infinity,Infinity], [-Infinity,Infinity], [0.0,1.0], [0.0,0.0], [0.0,0.0], [0.0,0.0], [0.0,0.0], [-Infinity,Infinity], [-Infinity,Infinity], [0.0,0.0], [0.0,0.0], [0.0,0.0], [0.0,0.0], [0.0,0.0], [0.0,0.0], [0.0,0.0], [0.0,0.0], [0.0,0.0], [0.0,0.0]]
ENTRY 2 FunctionExit_3 [[-Infinity,Infinity], [-Infinity,Infinity], [5.0,5.0], [125.0,125.0], [0.0,0.0], [0.0,0.0], [-Infinity,Infinity], [1.0,1.0], [-Infinity,Infinity], [1.0,1.0], [0.0,0.0], [0.0,0.0], [0.0,0.0], [0.0,0.0], [0.0,0.0], [-Infinity,Infinity], [-Infinity,Infinity], [-Infinity,Infinity], [0.0,1.0], [0.0,0.0], [0.0,0.0], [0.0,0.0], [0.0,0.0], [-Infinity,Infinity], [-Infinity,Infinity], [0.0,0.0], [0.0,0.0], [0.0,0.0], [0.0,0.0], [0.0,0.0], [0.0,0.0], [0.0,0.0], [0.0,0.0], [0.0,0.0], [0.0,0.0]]
EXIT 2 FunctionExit_3 [[-Infinity,Infinity], [-Infinity,Infinity], [5.0,5.0], [125.0,125.0], [0.0,0.0], [0.0,0.0], [-Infinity,Infinity], [1.0,1.0], [-Infinity,Infinity], [1.0,1.0], [0.0,0.0], [0.0,0.0], [0.0,0.0], [0.0,0.0], [0.0,0.0], [-Infinity,Infinity], [-Infinity,Infinity], [-Infinity,Infinity], [0.0,1.0], [0.0,0.0], [0.0,0.0], [0.0,0.0], [0.0,0.0], [-Infinity,Infinity], [-Infinity,Infinity], [0.0,0.0], [0.0,0.0], [0.0,0.0], [0.0,0.0], [0.0,0.0], [0.0,0.0], [0.0,0.0], [0.0,0.0], [0.0,0.0], [0.0,0.0]]
ENTRY 2 VariableDeclaration_12 [[0.0,0.0], [0.0,0.0], [5.0,5.0], [125.0,125.0], [0.0,0.0], [0.0,0.0], [0.0,0.0], [0.0,0.0], [0.0,0.0], [0.0,0.0], [0.0,0.0], [0.0,0.0], [0.0,0.0], [0.0,0.0], [0.0,0.0], [0.0,0.0], [0.0,0.0], [0.0,0.0], [0.0,0.0], [0.0,0.0], [0.0,0.0], [0.0,0.0], [0.0,0.0], [0.0,0.0], [-Infinity,Infinity], [0.0,0.0], [0.0,0.0], [0.0,0.0], [0.0,0.0], [0.0,0.0], [0.0,0.0], [0.0,0.0], [0.0,0.0], [0.0,0.0], [0.0,0.0]]
EXIT 2 VariableDeclaration_12 [[0.0,0.0], [0.0,0.0], [5.0,5.0], [125.0,125.0], [0.0,0.0], [0.0,0.0], [0.0,0.0], [0.0,0.0], [0.0,0.0], [0.0,0.0], [0.0,0.0], [0.0,0.0], [0.0,0.0], [0.0,0.0], [0.0,0.0], [0.0,0.0], [0.0,0.0], [0.0,0.0], [0.0,0.0], [0.0,0.0], [0.0,0.0], [0.0,0.0], [0.0,0.0], [0.0,0.0], [-Infinity,Infinity], [0.0,0.0], [0.0,0.0], [0.0,0.0], [0.0,0.0], [0.0,0.0], [0.0,0.0], [0.0,0.0], [0.0,0.0], [0.0,0.0], [0.0,0.0]]
ENTRY 2 FunctionDefinition_4 [[-Infinity,Infinity], [-Infinity,Infinity], [5.0,5.0], [125.0,125.0], [0.0,0.0], [0.0,0.0], [-Infinity,Infinity], [0.0,0.0], [0.0,0.0], [0.0,0.0], [0.0,0.0], [0.0,0.0], [0.0,0.0], [0.0,0.0], [0.0,0.0], [0.0,0.0], [0.0,0.0], [0.0,0.0], [0.0,0.0], [0.0,0.0], [0.0,0.0], [0.0,0.0], [0.0,0.0], [0.0,0.0], [-Infinity,Infinity], [0.0,0.0], [0.0,0.0], [0.0,0.0], [0.0,0.0], [0.0,0.0], [0.0,0.0], [0.0,0.0], [0.0,0.0], [0.0,0.0], [0.0,0.0]]
EXIT 2 FunctionDefinition_4 [[-Infinity,Infinity], [-Infinity,Infinity], [5.0,5.0], [125.0,125.0], [0.0,0.0], [0.0,0.0], [-Infinity,Infinity], [0.0,0.0], [0.0,0.0], [0.0,0.0], [0.0,0.0], [0.0,0.0], [0.0,0.0], [0.0,0.0], [0.0,0.0], [0.0,0.0], [0.0,0.0], [0.0,0.0], [0.0,0.0], [0.0,0.0], [0.0,0.0], [0.0,0.0], [0.0,0.0], [0.0,0.0], [-Infinity,Infinity], [0.0,0.0], [0.0,0.0], [0.0,0.0], [0.0,0.0], [0.0,0.0], [0.0,0.0], [0.0,0.0], [0.0,0.0], [0.0,0.0], [0.0,0.0]]
ENTRY 2 FunctionEntry_4 [[-Infinity,Infinity], [-Infinity,Infinity], [5.0,5.0], [125.0,125.0], [0.0,0.0], [0.0,0.0], [-Infinity,Infinity], [0.0,0.0], [0.0,0.0], [0.0,0.0], [0.0,0.0], [0.0,0.0], [0.0,0.0], [0.0,0.0], [0.0,0.0], [0.0,0.0], [0.0,0.0], [0.0,0.0], [0.0,0.0], [0.0,0.0], [0.0,0.0], [0.0,0.0], [0.0,0.0], [0.0,0.0], [-Infinity,Infinity], [0.0,0.0], [0.0,0.0], [0.0,0.0], [0.0,0.0], [0.0,0.0], [0.0,0.0], [0.0,0.0], [0.0,0.0], [0.0,0.0], [0.0,0.0]]
EXIT 2 FunctionEntry_4 [[-Infinity,Infinity], [-Infinity,Infinity], [5.0,5.0], [125.0,125.0], [0.0,0.0], [0.0,0.0], [-Infinity,Infinity], [0.0,0.0], [0.0,0.0], [0.0,0.0], [0.0,0.0], [0.0,0.0], [0.0,0.0], [0.0,0.0], [0.0,0.0], [0.0,0.0], [0.0,0.0], [0.0,0.0], [0.0,0.0], [0.0,0.0], [0.0,0.0], [0.0,0.0], [0.0,0.0], [0.0,0.0], [-Infinity,Infinity], [0.0,0.0], [0.0,0.0], [0.0,0.0], [0.0,0.0], [0.0,0.0], [0.0,0.0], [0.0,0.0], [0.0,0.0], [0.0,0.0], [0.0,0.0]]
ENTRY 2 VariableDeclarationStatement_5 [[-Infinity,Infinity], [-Infinity,Infinity], [5.0,5.0], [125.0,125.0], [0.0,0.0], [0.0,0.0], [-Infinity,Infinity], [0.0,0.0], [0.0,0.0], [0.0,0.0], [0.0,0.0], [0.0,0.0], [0.0,0.0], [0.0,0.0], [0.0,0.0], [0.0,0.0], [0.0,0.0], [0.0,0.0], [0.0,0.0], [0.0,0.0], [0.0,0.0], [0.0,0.0], [0.0,0.0], [0.0,0.0], [-Infinity,Infinity], [0.0,0.0], [0.0,0.0], [0.0,0.0], [0.0,0.0], [0.0,0.0], [0.0,0.0], [0.0,0.0], [0.0,0.0], [0.0,0.0], [0.0,0.0]]
EXIT 2 VariableDeclarationStatement_5 [[-Infinity,Infinity], [-Infinity,Infinity], [5.0,5.0], [125.0,125.0], [0.0,0.0], [0.0,0.0], [-Infinity,Infinity], [0.0,0.0], [0.0,0.0], [0.0,0.0], [0.0,0.0], [0.0,0.0], [0.0,0.0], [0.0,0.0], [0.0,0.0], [0.0,0.0], [0.0,0.0], [0.0,0.0], [0.0,0.0], [0.0,0.0], [0.0,0.0], [0.0,0.0], [0.0,0.0], [0.0,0.0], [-Infinity,Infinity], [-Infinity,Infinity], [0.0,0.0], [0.0,0.0], [0.0,0.0], [0.0,0.0], [0.0,0.0], [0.0,0.0], [0.0,0.0], [0.0,0.0], [0.0,0.0]]
ENTRY 2 VariableDeclarationStatement_6 [[-Infinity,Infinity], [-Infinity,Infinity], [5.0,5.0], [125.0,125.0], [0.0,0.0], [0.0,0.0], [-Infinity,Infinity], [0.0,0.0], [0.0,0.0], [0.0,0.0], [0.0,0.0], [0.0,0.0], [0.0,0.0], [0.0,0.0], [0.0,0.0], [0.0,0.0], [0.0,0.0], [0.0,0.0], [0.0,0.0], [0.0,0.0], [0.0,0.0], [0.0,0.0], [0.0,0.0], [0.0,0.0], [-Infinity,Infinity], [-Infinity,Infinity], [0.0,0.0], [0.0,0.0], [0.0,0.0], [0.0,0.0], [0.0,0.0], [0.0,0.0], [0.0,0.0], [0.0,0.0], [0.0,0.0]]
EXIT 2 VariableDeclarationStatement_6 [[-Infinity,Infinity], [-Infinity,Infinity], [5.0,5.0], [125.0,125.0], [0.0,0.0], [0.0,0.0], [-Infinity,Infinity], [0.0,0.0], [0.0,0.0], [0.0,0.0], [0.0,0.0], [0.0,0.0], [0.0,0.0], [0.0,0.0], [0.0,0.0], [0.0,0.0], [0.0,0.0], [0.0,0.0], [0.0,0.0], [0.0,0.0], [0.0,0.0], [0.0,0.0], [0.0,0.0], [0.0,0.0], [-Infinity,Infinity], [-Infinity,Infinity], [-Infinity,Infinity], [0.0,0.0], [0.0,0.0], [0.0,0.0], [0.0,0.0], [0.0,0.0], [0.0,0.0], [0.0,0.0], [0.0,0.0]]
ENTRY 2 VariableDeclarationStatement_7 [[-Infinity,Infinity], [-Infinity,Infinity], [5.0,5.0], [125.0,125.0], [0.0,0.0], [0.0,0.0], [-Infinity,Infinity], [0.0,0.0], [0.0,0.0], [0.0,0.0], [0.0,0.0], [0.0,0.0], [0.0,0.0], [0.0,0.0], [0.0,0.0], [0.0,0.0], [0.0,0.0], [0.0,0.0], [0.0,0.0], [0.0,0.0], [0.0,0.0], [0.0,0.0], [0.0,0.0], [0.0,0.0], [-Infinity,Infinity], [-Infinity,Infinity], [-Infinity,Infinity], [0.0,0.0], [0.0,0.0], [0.0,0.0], [0.0,0.0], [0.0,0.0], [0.0,0.0], [0.0,0.0], [0.0,0.0]]
EXIT 2 VariableDeclarationStatement_7 [[-Infinity,Infinity], [-Infinity,Infinity], [5.0,5.0], [125.0,125.0], [0.0,0.0], [0.0,0.0], [-Infinity,Infinity], [0.0,0.0], [0.0,0.0], [0.0,0.0], [0.0,0.0], [0.0,0.0], [0.0,0.0], [0.0,0.0], [0.0,0.0], [0.0,0.0], [0.0,0.0], [0.0,0.0], [0.0,0.0], [0.0,0.0], [0.0,0.0], [0.0,0.0], [0.0,0.0], [0.0,0.0], [-Infinity,Infinity], [-Infinity,Infinity], [-Infinity,Infinity], [-Infinity,Infinity], [0.0,0.0], [0.0,0.0], [0.0,0.0], [0.0,0.0], [0.0,0.0], [0.0,0.0], [0.0,0.0]]
ENTRY 2 Return_1 [[-Infinity,Infinity], [-Infinity,Infinity], [5.0,5.0], [125.0,125.0], [0.0,0.0], [0.0,0.0], [-Infinity,Infinity], [0.0,0.0], [0.0,0.0], [0.0,0.0], [0.0,0.0], [0.0,0.0], [0.0,0.0], [0.0,0.0], [0.0,0.0], [0.0,0.0], [0.0,0.0], [0.0,0.0], [0.0,0.0], [0.0,0.0], [0.0,0.0], [0.0,0.0], [0.0,0.0], [0.0,0.0], [-Infinity,Infinity], [-Infinity,Infinity], [-Infinity,Infinity], [-Infinity,Infinity], [0.0,0.0], [0.0,0.0], [0.0,0.0], [0.0,0.0], [0.0,0.0], [0.0,0.0], [0.0,0.0]]
EXIT 2 Return_1 [[-Infinity,Infinity], [-Infinity,Infinity], [5.0,5.0], [125.0,125.0], [0.0,0.0], [0.0,0.0], [-Infinity,Infinity], [0.0,0.0], [0.0,0.0], [0.0,0.0], [0.0,0.0], [0.0,0.0], [0.0,0.0], [0.0,0.0], [0.0,0.0], [0.0,0.0], [0.0,0.0], [0.0,0.0], [0.0,0.0], [0.0,0.0], [0.0,0.0], [0.0,0.0], [0.0,0.0], [0.0,0.0], [-Infinity,Infinity], [-Infinity,Infinity], [-Infinity,Infinity], [-Infinity,Infinity], [0.0,0.0], [0.0,0.0], [0.0,0.0], [0.0,0.0], [0.0,0.0], [0.0,0.0], [0.0,0.0]]
ENTRY 2 FunctionExit_4 [[-Infinity,Infinity], [-Infinity,Infinity], [5.0,5.0], [125.0,125.0], [0.0,0.0], [0.0,0.0], [-Infinity,Infinity], [0.0,0.0], [0.0,0.0], [0.0,0.0], [0.0,0.0], [0.0,0.0], [0.0,0.0], [0.0,0.0], [0.0,0.0], [0.0,0.0], [0.0,0.0], [0.0,0.0], [0.0,0.0], [0.0,0.0], [0.0,0.0], [0.0,0.0], [0.0,0.0], [0.0,0.0], [-Infinity,Infinity], [-Infinity,Infinity], [-Infinity,Infinity], [-Infinity,Infinity], [0.0,0.0], [0.0,0.0], [0.0,0.0], [0.0,0.0], [0.0,0.0], [0.0,0.0], [0.0,0.0]]
EXIT 2 FunctionExit_4 [[-Infinity,Infinity], [-Infinity,Infinity], [5.0,5.0], [125.0,125.0], [0.0,0.0], [0.0,0.0], [-Infinity,Infinity], [0.0,0.0], [0.0,0.0], [0.0,0.0], [0.0,0.0], [0.0,0.0], [0.0,0.0], [0.0,0.0], [0.0,0.0], [0.0,0.0], [0.0,0.0], [0.0,0.0], [0.0,0.0], [0.0,0.0], [0.0,0.0], [0.0,0.0], [0.0,0.0], [0.0,0.0], [-Infinity,Infinity], [-Infinity,Infinity], [-Infinity,Infinity], [-Infinity,Infinity], [0.0,0.0], [0.0,0.0], [0.0,0.0], [0.0,0.0], [0.0,0.0], [0.0,0.0], [0.0,0.0]]
ENTRY 2 FunctionDefinition_5 [[-Infinity,Infinity], [-Infinity,Infinity], [5.0,5.0], [125.0,125.0], [0.0,0.0], [0.0,0.0], [-Infinity,Infinity], [0.0,0.0], [0.0,0.0], [0.0,0.0], [0.0,0.0], [0.0,0.0], [0.0,0.0], [0.0,0.0], [0.0,0.0], [0.0,0.0], [0.0,0.0], [0.0,0.0], [0.0,0.0], [0.0,0.0], [0.0,0.0], [0.0,0.0], [0.0,0.0], [0.0,0.0], [-Infinity,Infinity], [0.0,0.0], [0.0,0.0], [0.0,0.0], [0.0,0.0], [0.0,0.0], [0.0,0.0], [0.0,0.0], [0.0,0.0], [0.0,0.0], [0.0,0.0]]
EXIT 2 FunctionDefinition_5 [[-Infinity,Infinity], [-Infinity,Infinity], [5.0,5.0], [125.0,125.0], [0.0,0.0], [0.0,0.0], [-Infinity,Infinity], [0.0,0.0], [0.0,0.0], [0.0,0.0], [0.0,0.0], [0.0,0.0], [0.0,0.0], [0.0,0.0], [0.0,0.0], [0.0,0.0], [0.0,0.0], [0.0,0.0], [0.0,0.0], [0.0,0.0], [0.0,0.0], [0.0,0.0], [0.0,0.0], [0.0,0.0], [-Infinity,Infinity], [0.0,0.0], [0.0,0.0], [0.0,0.0], [0.0,0.0], [0.0,0.0], [0.0,0.0], [0.0,0.0], [0.0,0.0], [0.0,0.0], [0.0,0.0]]
ENTRY 2 FunctionEntry_5 [[-Infinity,Infinity], [-Infinity,Infinity], [5.0,5.0], [125.0,125.0], [0.0,0.0], [0.0,0.0], [-Infinity,Infinity], [0.0,0.0], [0.0,0.0], [0.0,0.0], [0.0,0.0], [0.0,0.0], [0.0,0.0], [0.0,0.0], [0.0,0.0], [0.0,0.0], [0.0,0.0], [0.0,0.0], [0.0,0.0], [0.0,0.0], [0.0,0.0], [0.0,0.0], [0.0,0.0], [0.0,0.0], [-Infinity,Infinity], [0.0,0.0], [0.0,0.0], [0.0,0.0], [0.0,0.0], [0.0,0.0], [0.0,0.0], [0.0,0.0], [0.0,0.0], [0.0,0.0], [0.0,0.0]]
EXIT 2 FunctionEntry_5 [[-Infinity,Infinity], [-Infinity,Infinity], [5.0,5.0], [125.0,125.0], [0.0,0.0], [0.0,0.0], [-Infinity,Infinity], [0.0,0.0], [0.0,0.0], [0.0,0.0], [0.0,0.0], [0.0,0.0], [0.0,0.0], [0.0,0.0], [0.0,0.0], [0.0,0.0], [0.0,0.0], [0.0,0.0], [0.0,0.0], [0.0,0.0], [0.0,0.0], [0.0,0.0], [0.0,0.0], [0.0,0.0], [-Infinity,Infinity], [0.0,0.0], [0.0,0.0], [0.0,0.0], [0.0,0.0], [0.0,0.0], [0.0,0.0], [0.0,0.0], [0.0,0.0], [0.0,0.0], [0.0,0.0]]
ENTRY 2 ExpressionStatement_20 [[-Infinity,Infinity], [-Infinity,Infinity], [5.0,5.0], [125.0,125.0], [0.0,0.0], [0.0,0.0], [-Infinity,Infinity], [0.0,0.0], [0.0,0.0], [0.0,0.0], [0.0,0.0], [0.0,0.0], [0.0,0.0], [0.0,0.0], [0.0,0.0], [0.0,0.0], [0.0,0.0], [0.0,0.0], [0.0,0.0], [0.0,0.0], [0.0,0.0], [0.0,0.0], [0.0,0.0], [0.0,0.0], [-Infinity,Infinity], [0.0,0.0], [0.0,0.0], [0.0,0.0], [0.0,0.0], [0.0,0.0], [0.0,0.0], [0.0,0.0], [0.0,0.0], [0.0,0.0], [0.0,0.0]]
EXIT 2 ExpressionStatement_20 [[-Infinity,Infinity], [-Infinity,Infinity], [5.0,5.0], [125.0,125.0], [0.0,0.0], [0.0,0.0], [-Infinity,Infinity], [0.0,0.0], [0.0,0.0], [0.0,0.0], [0.0,0.0], [0.0,0.0], [0.0,0.0], [0.0,0.0], [0.0,0.0], [0.0,0.0], [0.0,0.0], [0.0,0.0], [0.0,0.0], [0.0,0.0], [0.0,0.0], [0.0,0.0], [0.0,0.0], [0.0,0.0], [-Infinity,Infinity], [0.0,0.0], [0.0,0.0], [0.0,0.0], [0.0,0.0], [0.0,0.0], [0.0,0.0], [0.0,0.0], [0.0,0.0], [0.0,0.0], [0.0,0.0]]
ENTRY 2 FunctionExit_5 [[-Infinity,Infinity], [-Infinity,Infinity], [5.0,5.0], [125.0,125.0], [0.0,0.0], [0.0,0.0], [-Infinity,Infinity], [0.0,0.0], [0.0,0.0], [0.0,0.0], [0.0,0.0], [0.0,0.0], [0.0,0.0], [0.0,0.0], [0.0,0.0], [0.0,0.0], [0.0,0.0], [0.0,0.0], [0.0,0.0], [0.0,0.0], [0.0,0.0], [0.0,0.0], [0.0,0.0], [0.0,0.0], [-Infinity,Infinity], [0.0,0.0], [0.0,0.0], [0.0,0.0], [0.0,0.0], [0.0,0.0], [0.0,0.0], [0.0,0.0], [0.0,0.0], [0.0,0.0], [0.0,0.0]]
EXIT 2 FunctionExit_5 [[-Infinity,Infinity], [-Infinity,Infinity], [5.0,5.0], [125.0,125.0], [0.0,0.0], [0.0,0.0], [-Infinity,Infinity], [0.0,0.0], [0.0,0.0], [0.0,0.0], [0.0,0.0], [0.0,0.0], [0.0,0.0], [0.0,0.0], [0.0,0.0], [0.0,0.0], [0.0,0.0], [0.0,0.0], [0.0,0.0], [0.0,0.0], [0.0,0.0], [0.0,0.0], [0.0,0.0], [0.0,0.0], [-Infinity,Infinity], [0.0,0.0], [0.0,0.0], [0.0,0.0], [0.0,0.0], [0.0,0.0], [0.0,0.0], [0.0,0.0], [0.0,0.0], [0.0,0.0], [0.0,0.0]]
ENTRY 2 FunctionDefinition_6 [[-Infinity,Infinity], [-Infinity,Infinity], [5.0,5.0], [125.0,125.0], [0.0,0.0], [0.0,0.0], [-Infinity,Infinity], [0.0,0.0], [0.0,0.0], [0.0,0.0], [0.0,0.0], [0.0,0.0], [0.0,0.0], [0.0,0.0], [0.0,0.0], [0.0,0.0], [0.0,0.0], [0.0,0.0], [0.0,0.0], [0.0,0.0], [0.0,0.0], [0.0,0.0], [0.0,0.0], [0.0,0.0], [-Infinity,Infinity], [0.0,0.0], [0.0,0.0], [0.0,0.0], [0.0,0.0], [0.0,0.0], [0.0,0.0], [0.0,0.0], [0.0,0.0], [0.0,0.0], [0.0,0.0]]
EXIT 2 FunctionDefinition_6 [[-Infinity,Infinity], [-Infinity,Infinity], [5.0,5.0], [125.0,125.0], [0.0,0.0], [0.0,0.0], [-Infinity,Infinity], [0.0,0.0], [0.0,0.0], [0.0,0.0], [0.0,0.0], [0.0,0.0], [0.0,0.0], [0.0,0.0], [0.0,0.0], [0.0,0.0], [0.0,0.0], [0.0,0.0], [0.0,0.0], [0.0,0.0], [0.0,0.0], [0.0,0.0], [0.0,0.0], [0.0,0.0], [-Infinity,Infinity], [0.0,0.0], [0.0,0.0], [0.0,0.0], [0.0,0.0], [0.0,0.0], [0.0,0.0], [0.0,0.0], [0.0,0.0], [0.0,0.0], [0.0,0.0]]
ENTRY 2 FunctionEntry_6 [[-Infinity,Infinity], [-Infinity,Infinity], [5.0,5.0], [125.0,125.0], [0.0,0.0], [0.0,0.0], [-Infinity,Infinity], [0.0,0.0], [0.0,0.0], [0.0,0.0], [0.0,0.0], [0.0,0.0], [0.0,0.0], [0.0,0.0], [0.0,0.0], [0.0,0.0], [0.0,0.0], [0.0,0.0], [0.0,0.0], [0.0,0.0], [0.0,0.0], [0.0,0.0], [0.0,0.0], [0.0,0.0], [-Infinity,Infinity], [0.0,0.0], [0.0,0.0], [0.0,0.0], [0.0,0.0], [0.0,0.0], [0.0,0.0], [0.0,0.0], [0.0,0.0], [0.0,0.0], [0.0,0.0]]
EXIT 2 FunctionEntry_6 [[-Infinity,Infinity], [-Infinity,Infinity], [5.0,5.0], [125.0,125.0], [0.0,0.0], [0.0,0.0], [-Infinity,Infinity], [0.0,0.0], [0.0,0.0], [0.0,0.0], [0.0,0.0], [0.0,0.0], [0.0,0.0], [0.0,0.0], [0.0,0.0], [0.0,0.0], [0.0,0.0], [0.0,0.0], [0.0,0.0], [0.0,0.0], [0.0,0.0], [0.0,0.0], [0.0,0.0], [0.0,0.0], [-Infinity,Infinity], [0.0,0.0], [0.0,0.0], [0.0,0.0], [0.0,0.0], [0.0,0.0], [0.0,0.0], [0.0,0.0], [0.0,0.0], [0.0,0.0], [0.0,0.0]]
ENTRY 2 IfStatement_6 [[-Infinity,Infinity], [-Infinity,Infinity], [5.0,5.0], [125.0,125.0], [0.0,0.0], [0.0,0.0], [-Infinity,Infinity], [0.0,0.0], [0.0,0.0], [0.0,0.0], [0.0,0.0], [0.0,0.0], [0.0,0.0], [0.0,0.0], [0.0,0.0], [0.0,0.0], [0.0,0.0], [0.0,0.0], [0.0,0.0], [0.0,0.0], [0.0,0.0], [0.0,0.0], [0.0,0.0], [0.0,0.0], [-Infinity,Infinity], [0.0,0.0], [0.0,0.0], [0.0,0.0], [0.0,0.0], [0.0,0.0], [0.0,0.0], [0.0,0.0], [0.0,0.0], [0.0,0.0], [0.0,0.0]]
EXIT 2 IfStatement_6 [[1.0,-1.0], [1.0,-1.0], [1.0,-1.0], [1.0,-1.0], [1.0,-1.0], [1.0,-1.0], [1.0,-1.0], [1.0,-1.0], [1.0,-1.0], [1.0,-1.0], [1.0,-1.0], [1.0,-1.0], [1.0,-1.0], [1.0,-1.0], [1.0,-1.0], [1.0,-1.0], [1.0,-1.0], [1.0,-1.0], [1.0,-1.0], [1.0,-1.0], [1.0,-1.0], [1.0,-1.0], [1.0,-1.0], [1.0,-1.0], [1.0,-1.0], [1.0,-1.0], [1.0,-1.0], [1.0,-1.0], [1.0,-1.0], [1.0,-1.0], [1.0,-1.0], [1.0,-1.0], [1.0,-1.0], [1.0,-1.0], [1.0,-1.0]]
ENTRY 2 Throw_0 [[1.0,-1.0], [1.0,-1.0], [1.0,-1.0], [1.0,-1.0], [1.0,-1.0], [1.0,-1.0], [1.0,-1.0], [1.0,-1.0], [1.0,-1.0], [1.0,-1.0], [1.0,-1.0], [1.0,-1.0], [1.0,-1.0], [1.0,-1.0], [1.0,-1.0], [1.0,-1.0], [1.0,-1.0], [1.0,-1.0], [1.0,-1.0], [1.0,-1.0], [1.0,-1.0], [1.0,-1.0], [1.0,-1.0], [1.0,-1.0], [1.0,-1.0], [1.0,-1.0], [1.0,-1.0], [1.0,-1.0], [1.0,-1.0], [1.0,-1.0], [1.0,-1.0], [1.0,-1.0], [1.0,-1.0], [1.0,-1.0], [1.0,-1.0]]
EXIT 2 Throw_0 [[1.0,-1.0], [1.0,-1.0], [1.0,-1.0], [1.0,-1.0], [1.0,-1.0], [1.0,-1.0], [1.0,-1.0], [1.0,-1.0], [1.0,-1.0], [1.0,-1.0], [1.0,-1.0], [1.0,-1.0], [1.0,-1.0], [1.0,-1.0], [1.0,-1.0], [1.0,-1.0], [1.0,-1.0], [1.0,-1.0], [1.0,-1.0], [1.0,-1.0], [1.0,-1.0], [1.0,-1.0], [1.0,-1.0], [1.0,-1.0], [1.0,-1.0], [1.0,-1.0], [1.0,-1.0], [1.0,-1.0], [1.0,-1.0], [1.0,-1.0], [1.0,-1.0], [1.0,-1.0], [1.0,-1.0], [1.0,-1.0], [1.0,-1.0]]
ENTRY 2 IfConditionJoin_6 [[-Infinity,Infinity], [-Infinity,Infinity], [5.0,5.0], [125.0,125.0], [0.0,0.0], [0.0,0.0], [-Infinity,Infinity], [0.0,0.0], [0.0,0.0], [0.0,0.0], [0.0,0.0], [0.0,0.0], [0.0,0.0], [0.0,0.0], [0.0,0.0], [0.0,0.0], [0.0,0.0], [0.0,0.0], [0.0,0.0], [0.0,0.0], [0.0,0.0], [0.0,0.0], [0.0,0.0], [0.0,0.0], [-Infinity,Infinity], [0.0,0.0], [0.0,0.0], [0.0,0.0], [0.0,0.0], [0.0,0.0], [0.0,0.0], [0.0,0.0], [0.0,0.0], [0.0,0.0], [0.0,0.0]]
EXIT 2 IfConditionJoin_6 [[-Infinity,Infinity], [-Infinity,Infinity], [5.0,5.0], [125.0,125.0], [0.0,0.0], [0.0,0.0], [-Infinity,Infinity], [0.0,0.0], [0.0,0.0], [0.0,0.0], [0.0,0.0], [0.0,0.0], [0.0,0.0], [0.0,0.0], [0.0,0.0], [0.0,0.0], [0.0,0.0], [0.0,0.0], [0.0,0.0], [0.0,0.0], [0.0,0.0], [0.0,0.0], [0.0,0.0], [0.0,0.0], [-Infinity,Infinity], [0.0,0.0], [0.0,0.0], [0.0,0.0], [0.0,0.0], [0.0,0.0], [0.0,0.0], [0.0,0.0], [0.0,0.0], [0.0,0.0], [0.0,0.0]]
ENTRY 2 ExpressionStatement_21 [[-Infinity,Infinity], [-Infinity,Infinity], [5.0,5.0], [125.0,125.0], [0.0,0.0], [0.0,0.0], [-Infinity,Infinity], [0.0,0.0], [0.0,0.0], [0.0,0.0], [0.0,0.0], [0.0,0.0], [0.0,0.0], [0.0,0.0], [0.0,0.0], [0.0,0.0], [0.0,0.0], [0.0,0.0], [0.0,0.0], [0.0,0.0], [0.0,0.0], [0.0,0.0], [0.0,0.0], [0.0,0.0], [-Infinity,Infinity], [0.0,0.0], [0.0,0.0], [0.0,0.0], [0.0,0.0], [0.0,0.0], [0.0,0.0], [0.0,0.0], [0.0,0.0], [0.0,0.0], [0.0,0.0]]
EXIT 2 ExpressionStatement_21 [[-Infinity,Infinity], [-Infinity,Infinity], [5.0,5.0], [-Infinity,Infinity], [0.0,0.0], [0.0,0.0], [-Infinity,Infinity], [0.0,0.0], [0.0,0.0], [0.0,0.0], [0.0,0.0], [0.0,0.0], [0.0,0.0], [0.0,0.0], [0.0,0.0], [0.0,0.0], [0.0,0.0], [0.0,0.0], [0.0,0.0], [0.0,0.0], [0.0,0.0], [0.0,0.0], [0.0,0.0], [0.0,0.0], [-Infinity,Infinity], [0.0,0.0], [0.0,0.0], [0.0,0.0], [0.0,0.0], [0.0,0.0], [0.0,0.0], [0.0,0.0], [0.0,0.0], [0.0,0.0], [0.0,0.0]]
ENTRY 2 FunctionExit_6 [[-Infinity,Infinity], [-Infinity,Infinity], [5.0,5.0], [-Infinity,Infinity], [0.0,0.0], [0.0,0.0], [-Infinity,Infinity], [0.0,0.0], [0.0,0.0], [0.0,0.0], [0.0,0.0], [0.0,0.0], [0.0,0.0], [0.0,0.0], [0.0,0.0], [0.0,0.0], [0.0,0.0], [0.0,0.0], [0.0,0.0], [0.0,0.0], [0.0,0.0], [0.0,0.0], [0.0,0.0], [0.0,0.0], [-Infinity,Infinity], [0.0,0.0], [0.0,0.0], [0.0,0.0], [0.0,0.0], [0.0,0.0], [0.0,0.0], [0.0,0.0], [0.0,0.0], [0.0,0.0], [0.0,0.0]]
EXIT 2 FunctionExit_6 [[-Infinity,Infinity], [-Infinity,Infinity], [5.0,5.0], [-Infinity,Infinity], [0.0,0.0], [0.0,0.0], [-Infinity,Infinity], [0.0,0.0], [0.0,0.0], [0.0,0.0], [0.0,0.0], [0.0,0.0], [0.0,0.0], [0.0,0.0], [0.0,0.0], [0.0,0.0], [0.0,0.0], [0.0,0.0], [0.0,0.0], [0.0,0.0], [0.0,0.0], [0.0,0.0], [0.0,0.0], [0.0,0.0], [-Infinity,Infinity], [0.0,0.0], [0.0,0.0], [0.0,0.0], [0.0,0.0], [0.0,0.0], [0.0,0.0], [0.0,0.0], [0.0,0.0], [0.0,0.0], [0.0,0.0]]
ENTRY 2 FunctionDefinition_7 [[-Infinity,Infinity], [-Infinity,Infinity], [5.0,5.0], [-Infinity,Infinity], [0.0,0.0], [0.0,0.0], [-Infinity,Infinity], [0.0,0.0], [0.0,0.0], [0.0,0.0], [0.0,0.0], [0.0,0.0], [0.0,0.0], [0.0,0.0], [0.0,0.0], [0.0,0.0], [0.0,0.0], [0.0,0.0], [0.0,0.0], [0.0,0.0], [0.0,0.0], [0.0,0.0], [0.0,0.0], [0.0,0.0], [-Infinity,Infinity], [0.0,0.0], [0.0,0.0], [0.0,0.0], [0.0,0.0], [0.0,0.0], [0.0,0.0], [0.0,0.0], [0.0,0.0], [0.0,0.0], [0.0,0.0]]
EXIT 2 FunctionDefinition_7 [[-Infinity,Infinity], [-Infinity,Infinity], [5.0,5.0], [-Infinity,Infinity], [0.0,0.0], [0.0,0.0], [-Infinity,Infinity], [0.0,0.0], [0.0,0.0], [0.0,0.0], [0.0,0.0], [0.0,0.0], [0.0,0.0], [0.0,0.0], [0.0,0.0], [0.0,0.0], [0.0,0.0], [0.0,0.0], [0.0,0.0], [0.0,0.0], [0.0,0.0], [0.0,0.0], [0.0,0.0], [0.0,0.0], [-Infinity,Infinity], [0.0,0.0], [0.0,0.0], [0.0,0.0], [0.0,0.0], [0.0,0.0], [0.0,0.0], [0.0,0.0], [0.0,0.0], [0.0,0.0], [0.0,0.0]]
ENTRY 2 FunctionEntry_7 [[-Infinity,Infinity], [-Infinity,Infinity], [5.0,5.0], [-Infinity,Infinity], [0.0,0.0], [0.0,0.0], [-Infinity,Infinity], [0.0,0.0], [0.0,0.0], [0.0,0.0], [0.0,0.0], [0.0,0.0], [0.0,0.0], [0.0,0.0], [0.0,0.0], [0.0,0.0], [0.0,0.0], [0.0,0.0], [0.0,0.0], [0.0,0.0], [0.0,0.0], [0.0,0.0], [0.0,0.0], [0.0,0.0], [-Infinity,Infinity], [0.0,0.0], [0.0,0.0], [0.0,0.0], [0.0,0.0], [0.0,0.0], [0.0,0.0], [0.0,0.0], [0.0,0.0], [0.0,0.0], [0.0,0.0]]
EXIT 2 FunctionEntry_7 [[-Infinity,Infinity], [-Infinity,Infinity], [5.0,5.0], [-Infinity,Infinity], [0.0,0.0], [0.0,0.0], [-Infinity,Infinity], [0.0,0.0], [0.0,0.0], [0.0,0.0], [0.0,0.0], [0.0,0.0], [0.0,0.0], [0.0,0.0], [0.0,0.0], [0.0,0.0], [0.0,0.0], [0.0,0.0], [0.0,0.0], [0.0,0.0], [0.0,0.0], [0.0,0.0], [0.0,0.0], [0.0,0.0], [-Infinity,Infinity], [0.0,0.0], [0.0,0.0], [0.0,0.0], [0.0,0.0], [0.0,0.0], [0.0,0.0], [0.0,0.0], [0.0,0.0], [0.0,0.0], [0.0,0.0]]
ENTRY 2 IfStatement_7 [[-Infinity,Infinity], [-Infinity,Infinity], [5.0,5.0], [-Infinity,Infinity], [0.0,0.0], [0.0,0.0], [-Infinity,Infinity], [0.0,0.0], [0.0,0.0], [0.0,0.0], [0.0,0.0], [0.0,0.0], [0.0,0.0], [0.0,0.0], [0.0,0.0], [0.0,0.0], [0.0,0.0], [0.0,0.0], [0.0,0.0], [0.0,0.0], [0.0,0.0], [0.0,0.0], [0.0,0.0], [0.0,0.0], [-Infinity,Infinity], [0.0,0.0], [0.0,0.0], [0.0,0.0], [0.0,0.0], [0.0,0.0], [0.0,0.0], [0.0,0.0], [0.0,0.0], [0.0,0.0], [0.0,0.0]]
EXIT 2 IfStatement_7 [[1.0,-1.0], [1.0,-1.0], [1.0,-1.0], [1.0,-1.0], [1.0,-1.0], [1.0,-1.0], [1.0,-1.0], [1.0,-1.0], [1.0,-1.0], [1.0,-1.0], [1.0,-1.0], [1.0,-1.0], [1.0,-1.0], [1.0,-1.0], [1.0,-1.0], [1.0,-1.0], [1.0,-1.0], [1.0,-1.0], [1.0,-1.0], [1.0,-1.0], [1.0,-1.0], [1.0,-1.0], [1.0,-1.0], [1.0,-1.0], [1.0,-1.0], [1.0,-1.0], [1.0,-1.0], [1.0,-1.0], [1.0,-1.0], [1.0,-1.0], [1.0,-1.0], [1.0,-1.0], [1.0,-1.0], [1.0,-1.0], [1.0,-1.0]]
ENTRY 2 Throw_1 [[1.0,-1.0], [1.0,-1.0], [1.0,-1.0], [1.0,-1.0], [1.0,-1.0], [1.0,-1.0], [1.0,-1.0], [1.0,-1.0], [1.0,-1.0], [1.0,-1.0], [1.0,-1.0], [1.0,-1.0], [1.0,-1.0], [1.0,-1.0], [1.0,-1.0], [1.0,-1.0], [1.0,-1.0], [1.0,-1.0], [1.0,-1.0], [1.0,-1.0], [1.0,-1.0], [1.0,-1.0], [1.0,-1.0], [1.0,-1.0], [1.0,-1.0], [1.0,-1.0], [1.0,-1.0], [1.0,-1.0], [1.0,-1.0], [1.0,-1.0], [1.0,-1.0], [1.0,-1.0], [1.0,-1.0], [1.0,-1.0], [1.0,-1.0]]
EXIT 2 Throw_1 [[1.0,-1.0], [1.0,-1.0], [1.0,-1.0], [1.0,-1.0], [1.0,-1.0], [1.0,-1.0], [1.0,-1.0], [1.0,-1.0], [1.0,-1.0], [1.0,-1.0], [1.0,-1.0], [1.0,-1.0], [1.0,-1.0], [1.0,-1.0], [1.0,-1.0], [1.0,-1.0], [1.0,-1.0], [1.0,-1.0], [1.0,-1.0], [1.0,-1.0], [1.0,-1.0], [1.0,-1.0], [1.0,-1.0], [1.0,-1.0], [1.0,-1.0], [1.0,-1.0], [1.0,-1.0], [1.0,-1.0], [1.0,-1.0], [1.0,-1.0], [1.0,-1.0], [1.0,-1.0], [1.0,-1.0], [1.0,-1.0], [1.0,-1.0]]
ENTRY 2 IfConditionJoin_7 [[-Infinity,Infinity], [-Infinity,Infinity], [5.0,5.0], [-Infinity,Infinity], [0.0,0.0], [0.0,0.0], [-Infinity,Infinity], [0.0,0.0], [0.0,0.0], [0.0,0.0], [0.0,0.0], [0.0,0.0], [0.0,0.0], [0.0,0.0], [0.0,0.0], [0.0,0.0], [0.0,0.0], [0.0,0.0], [0.0,0.0], [0.0,0.0], [0.0,0.0], [0.0,0.0], [0.0,0.0], [0.0,0.0], [-Infinity,Infinity], [0.0,0.0], [0.0,0.0], [0.0,0.0], [0.0,0.0], [0.0,0.0], [0.0,0.0], [0.0,0.0], [0.0,0.0], [0.0,0.0], [0.0,0.0]]
EXIT 2 IfConditionJoin_7 [[-Infinity,Infinity], [-Infinity,Infinity], [5.0,5.0], [-Infinity,Infinity], [0.0,0.0], [0.0,0.0], [-Infinity,Infinity], [0.0,0.0], [0.0,0.0], [0.0,0.0], [0.0,0.0], [0.0,0.0], [0.0,0.0], [0.0,0.0], [0.0,0.0], [0.0,0.0], [0.0,0.0], [0.0,0.0], [0.0,0.0], [0.0,0.0], [0.0,0.0], [0.0,0.0], [0.0,0.0], [0.0,0.0], [-Infinity,Infinity], [0.0,0.0], [0.0,0.0], [0.0,0.0], [0.0,0.0], [0.0,0.0], [0.0,0.0], [0.0,0.0], [0.0,0.0], [0.0,0.0], [0.0,0.0]]
ENTRY 2 ExpressionStatement_22 [[-Infinity,Infinity], [-Infinity,Infinity], [5.0,5.0], [-Infinity,Infinity], [0.0,0.0], [0.0,0.0], [-Infinity,Infinity], [0.0,0.0], [0.0,0.0], [0.0,0.0], [0.0,0.0], [0.0,0.0], [0.0,0.0], [0.0,0.0], [0.0,0.0], [0.0,0.0], [0.0,0.0], [0.0,0.0], [0.0,0.0], [0.0,0.0], [0.0,0.0], [0.0,0.0], [0.0,0.0], [0.0,0.0], [-Infinity,Infinity], [0.0,0.0], [0.0,0.0], [0.0,0.0], [0.0,0.0], [0.0,0.0], [0.0,0.0], [0.0,0.0], [0.0,0.0], [0.0,0.0], [0.0,0.0]]
EXIT 2 ExpressionStatement_22 [[-Infinity,Infinity], [-Infinity,Infinity], [-Infinity,Infinity], [-Infinity,Infinity], [0.0,0.0], [0.0,0.0], [-Infinity,Infinity], [0.0,0.0], [0.0,0.0], [0.0,0.0], [0.0,0.0], [0.0,0.0], [0.0,0.0], [0.0,0.0], [0.0,0.0], [0.0,0.0], [0.0,0.0], [0.0,0.0], [0.0,0.0], [0.0,0.0], [0.0,0.0], [0.0,0.0], [0.0,0.0], [0.0,0.0], [-Infinity,Infinity], [0.0,0.0], [0.0,0.0], [0.0,0.0], [0.0,0.0], [0.0,0.0], [0.0,0.0], [0.0,0.0], [0.0,0.0], [0.0,0.0], [0.0,0.0]]
ENTRY 2 FunctionExit_7 [[-Infinity,Infinity], [-Infinity,Infinity], [-Infinity,Infinity], [-Infinity,Infinity], [0.0,0.0], [0.0,0.0], [-Infinity,Infinity], [0.0,0.0], [0.0,0.0], [0.0,0.0], [0.0,0.0], [0.0,0.0], [0.0,0.0], [0.0,0.0], [0.0,0.0], [0.0,0.0], [0.0,0.0], [0.0,0.0], [0.0,0.0], [0.0,0.0], [0.0,0.0], [0.0,0.0], [0.0,0.0], [0.0,0.0], [-Infinity,Infinity], [0.0,0.0], [0.0,0.0], [0.0,0.0], [0.0,0.0], [0.0,0.0], [0.0,0.0], [0.0,0.0], [0.0,0.0], [0.0,0.0], [0.0,0.0]]
EXIT 2 FunctionExit_7 [[-Infinity,Infinity], [-Infinity,Infinity], [-Infinity,Infinity], [-Infinity,Infinity], [0.0,0.0], [0.0,0.0], [-Infinity,Infinity], [0.0,0.0], [0.0,0.0], [0.0,0.0], [0.0,0.0], [0.0,0.0], [0.0,0.0], [0.0,0.0], [0.0,0.0], [0.0,0.0], [0.0,0.0], [0.0,0.0], [0.0,0.0], [0.0,0.0], [0.0,0.0], [0.0,0.0], [0.0,0.0], [0.0,0.0], [-Infinity,Infinity], [0.0,0.0], [0.0,0.0], [0.0,0.0], [0.0,0.0], [0.0,0.0], [0.0,0.0], [0.0,0.0], [0.0,0.0], [0.0,0.0], [0.0,0.0]]
ENTRY 2 FunctionDefinition_8 [[-Infinity,Infinity], [-Infinity,Infinity], [-Infinity,Infinity], [-Infinity,Infinity], [0.0,0.0], [0.0,0.0], [-Infinity,Infinity], [0.0,0.0], [0.0,0.0], [0.0,0.0], [0.0,0.0], [0.0,0.0], [0.0,0.0], [0.0,0.0], [0.0,0.0], [0.0,0.0], [0.0,0.0], [0.0,0.0], [0.0,0.0], [0.0,0.0], [0.0,0.0], [0.0,0.0], [0.0,0.0], [0.0,0.0], [-Infinity,Infinity], [0.0,0.0], [0.0,0.0], [0.0,0.0], [0.0,0.0], [0.0,0.0], [0.0,0.0], [0.0,0.0], [0.0,0.0], [0.0,0.0], [0.0,0.0]]
EXIT 2 FunctionDefinition_8 [[-Infinity,Infinity], [-Infinity,Infinity], [-Infinity,Infinity], [-Infinity,Infinity], [0.0,0.0], [0.0,0.0], [-Infinity,Infinity], [0.0,0.0], [0.0,0.0], [0.0,0.0], [0.0,0.0], [0.0,0.0], [0.0,0.0], [0.0,0.0], [0.0,0.0], [0.0,0.0], [0.0,0.0], [0.0,0.0], [0.0,0.0], [0.0,0.0], [0.0,0.0], [0.0,0.0], [0.0,0.0], [0.0,0.0], [-Infinity,Infinity], [0.0,0.0], [0.0,0.0], [0.0,0.0], [0.0,0.0], [0.0,0.0], [0.0,0.0], [0.0,0.0], [0.0,0.0], [0.0,0.0], [0.0,0.0]]
ENTRY 2 FunctionEntry_8 [[-Infinity,Infinity], [-Infinity,Infinity], [-Infinity,Infinity], [-Infinity,Infinity], [0.0,0.0], [0.0,0.0], [-Infinity,Infinity], [0.0,0.0], [0.0,0.0], [0.0,0.0], [0.0,0.0], [0.0,0.0], [0.0,0.0], [0.0,0.0], [0.0,0.0], [0.0,0.0], [0.0,0.0], [0.0,0.0], [0.0,0.0], [0.0,0.0], [0.0,0.0], [0.0,0.0], [0.0,0.0], [0.0,0.0], [-Infinity,Infinity], [0.0,0.0], [0.0,0.0], [0.0,0.0], [0.0,0.0], [0.0,0.0], [0.0,0.0], [0.0,0.0], [0.0,0.0], [0.0,0.0], [0.0,0.0]]
EXIT 2 FunctionEntry_8 [[-Infinity,Infinity], [-Infinity,Infinity], [-Infinity,Infinity], [-Infinity,Infinity], [0.0,0.0], [0.0,0.0], [-Infinity,Infinity], [0.0,0.0], [0.0,0.0], [0.0,0.0], [0.0,0.0], [0.0,0.0], [0.0,0.0], [0.0,0.0], [0.0,0.0], [0.0,0.0], [0.0,0.0], [0.0,0.0], [0.0,0.0], [0.0,0.0], [0.0,0.0], [0.0,0.0], [0.0,0.0], [0.0,0.0], [-Infinity,Infinity], [0.0,0.0], [0.0,0.0], [0.0,0.0], [0.0,0.0], [0.0,0.0], [0.0,0.0], [0.0,0.0], [0.0,0.0], [0.0,0.0], [0.0,0.0]]
ENTRY 2 ExpressionStatement_23 [[-Infinity,Infinity], [-Infinity,Infinity], [-Infinity,Infinity], [-Infinity,Infinity], [0.0,0.0], [0.0,0.0], [-Infinity,Infinity], [0.0,0.0], [0.0,0.0], [0.0,0.0], [0.0,0.0], [0.0,0.0], [0.0,0.0], [0.0,0.0], [0.0,0.0], [0.0,0.0], [0.0,0.0], [0.0,0.0], [0.0,0.0], [0.0,0.0], [0.0,0.0], [0.0,0.0], [0.0,0.0], [0.0,0.0], [-Infinity,Infinity], [0.0,0.0], [0.0,0.0], [0.0,0.0], [0.0,0.0], [0.0,0.0], [0.0,0.0], [0.0,0.0], [0.0,0.0], [0.0,0.0], [0.0,0.0]]
EXIT 2 ExpressionStatement_23 [[-Infinity,Infinity], [-Infinity,Infinity], [-Infinity,Infinity], [-Infinity,Infinity], [0.0,0.0], [0.0,0.0], [-Infinity,Infinity], [0.0,0.0], [0.0,0.0], [0.0,0.0], [0.0,0.0], [0.0,0.0], [0.0,0.0], [0.0,0.0], [0.0,0.0], [0.0,0.0], [0.0,0.0], [0.0,0.0], [0.0,0.0], [0.0,0.0], [0.0,0.0], [0.0,0.0], [0.0,0.0], [0.0,0.0], [-Infinity,Infinity], [-Infinity,Infinity], [0.0,0.0], [0.0,0.0], [0.0,0.0], [0.0,0.0], [0.0,0.0], [0.0,0.0], [0.0,0.0], [0.0,0.0], [0.0,0.0]]
ENTRY 2 ExpressionStatement_24 [[-Infinity,Infinity], [-Infinity,Infinity], [-Infinity,Infinity], [-Infinity,Infinity], [0.0,0.0], [0.0,0.0], [-Infinity,Infinity], [0.0,0.0], [0.0,0.0], [0.0,0.0], [0.0,0.0], [0.0,0.0], [0.0,0.0], [0.0,0.0], [0.0,0.0], [0.0,0.0], [0.0,0.0], [0.0,0.0], [0.0,0.0], [0.0,0.0], [0.0,0.0], [0.0,0.0], [0.0,0.0], [0.0,0.0], [-Infinity,Infinity], [-Infinity,Infinity], [0.0,0.0], [0.0,0.0], [0.0,0.0], [0.0,0.0], [0.0,0.0], [0.0,0.0], [0.0,0.0], [0.0,0.0], [0.0,0.0]]
EXIT 2 ExpressionStatement_24 [[-Infinity,Infinity], [-Infinity,Infinity], [-Infinity,Infinity], [-Infinity,Infinity], [0.0,0.0], [0.0,0.0], [-Infinity,Infinity], [0.0,0.0], [0.0,0.0], [0.0,0.0], [0.0,0.0], [0.0,0.0], [0.0,0.0], [0.0,0.0], [0.0,0.0], [0.0,0.0], [0.0,0.0], [0.0,0.0], [0.0,0.0], [0.0,0.0], [0.0,0.0], [0.0,0.0], [0.0,0.0], [0.0,0.0], [-Infinity,Infinity], [-Infinity,Infinity], [0.0,0.0], [0.0,0.0], [-Infinity,Infinity], [0.0,0.0], [0.0,0.0], [0.0,0.0], [0.0,0.0], [0.0,0.0], [0.0,0.0]]
ENTRY 2 FunctionExit_8 [[-Infinity,Infinity], [-Infinity,Infinity], [-Infinity,Infinity], [-Infinity,Infinity], [0.0,0.0], [0.0,0.0], [-Infinity,Infinity], [0.0,0.0], [0.0,0.0], [0.0,0.0], [0.0,0.0], [0.0,0.0], [0.0,0.0], [0.0,0.0], [0.0,0.0], [0.0,0.0], [0.0,0.0], [0.0,0.0], [0.0,0.0], [0.0,0.0], [0.0,0.0], [0.0,0.0], [0.0,0.0], [0.0,0.0], [-Infinity,Infinity], [-Infinity,Infinity], [0.0,0.0], [0.0,0.0], [-Infinity,Infinity], [0.0,0.0], [0.0,0.0], [0.0,0.0], [0.0,0.0], [0.0,0.0], [0.0,0.0]]
EXIT 2 FunctionExit_8 [[-Infinity,Infinity], [-Infinity,Infinity], [-Infinity,Infinity], [-Infinity,Infinity], [0.0,0.0], [0.0,0.0], [-Infinity,Infinity], [0.0,0.0], [0.0,0.0], [0.0,0.0], [0.0,0.0], [0.0,0.0], [0.0,0.0], [0.0,0.0], [0.0,0.0], [0.0,0.0], [0.0,0.0], [0.0,0.0], [0.0,0.0], [0.0,0.0], [0.0,0.0], [0.0,0.0], [0.0,0.0], [0.0,0.0], [-Infinity,Infinity], [-Infinity,Infinity], [0.0,0.0], [0.0,0.0], [-Infinity,Infinity], [0.0,0.0], [0.0,0.0], [0.0,0.0], [0.0,0.0], [0.0,0.0], [0.0,0.0]]
ENTRY 2 FunctionDefinition_9 [[-Infinity,Infinity], [-Infinity,Infinity], [-Infinity,Infinity], [-Infinity,Infinity], [0.0,0.0], [0.0,0.0], [-Infinity,Infinity], [0.0,0.0], [0.0,0.0], [0.0,0.0], [0.0,0.0], [0.0,0.0], [0.0,0.0], [0.0,0.0], [0.0,0.0], [0.0,0.0], [0.0,0.0], [0.0,0.0], [0.0,0.0], [0.0,0.0], [0.0,0.0], [0.0,0.0], [0.0,0.0], [0.0,0.0], [-Infinity,Infinity], [0.0,0.0], [0.0,0.0], [0.0,0.0], [0.0,0.0], [0.0,0.0], [0.0,0.0], [0.0,0.0], [0.0,0.0], [0.0,0.0], [0.0,0.0]]
EXIT 2 FunctionDefinition_9 [[-Infinity,Infinity], [-Infinity,Infinity], [-Infinity,Infinity], [-Infinity,Infinity], [0.0,0.0], [0.0,0.0], [-Infinity,Infinity], [0.0,0.0], [0.0,0.0], [0.0,0.0], [0.0,0.0], [0.0,0.0], [0.0,0.0], [0.0,0.0], [0.0,0.0], [0.0,0.0], [0.0,0.0], [0.0,0.0], [0.0,0.0], [0.0,0.0], [0.0,0.0], [0.0,0.0], [0.0,0.0], [0.0,0.0], [-Infinity,Infinity], [0.0,0.0], [0.0,0.0], [0.0,0.0], [0.0,0.0], [0.0,0.0], [0.0,0.0], [0.0,0.0], [0.0,0.0], [0.0,0.0], [0.0,0.0]]
ENTRY 2 FunctionEntry_9 [[-Infinity,Infinity], [-Infinity,Infinity], [-Infinity,Infinity], [-Infinity,Infinity], [0.0,0.0], [0.0,0.0], [-Infinity,Infinity], [0.0,0.0], [0.0,0.0], [0.0,0.0], [0.0,0.0], [0.0,0.0], [0.0,0.0], [0.0,0.0], [0.0,0.0], [0.0,0.0], [0.0,0.0], [0.0,0.0], [0.0,0.0], [0.0,0.0], [0.0,0.0], [0.0,0.0], [0.0,0.0], [0.0,0.0], [-Infinity,Infinity], [0.0,0.0], [0.0,0.0], [0.0,0.0], [0.0,0.0], [0.0,0.0], [0.0,0.0], [0.0,0.0], [0.0,0.0], [0.0,0.0], [0.0,0.0]]
EXIT 2 FunctionEntry_9 [[-Infinity,Infinity], [-Infinity,Infinity], [-Infinity,Infinity], [-Infinity,Infinity], [0.0,0.0], [0.0,0.0], [-Infinity,Infinity], [0.0,0.0], [0.0,0.0], [0.0,0.0], [0.0,0.0], [0.0,0.0], [0.0,0.0], [0.0,0.0], [0.0,0.0], [0.0,0.0], [0.0,0.0], [0.0,0.0], [0.0,0.0], [0.0,0.0], [0.0,0.0], [0.0,0.0], [0.0,0.0], [0.0,0.0], [-Infinity,Infinity], [0.0,0.0], [0.0,0.0], [0.0,0.0], [0.0,0.0], [0.0,0.0], [0.0,0.0], [0.0,0.0], [0.0,0.0], [0.0,0.0], [0.0,0.0]]
ENTRY 2 ExpressionStatement_25 [[-Infinity,Infinity], [-Infinity,Infinity], [-Infinity,Infinity], [-Infinity,Infinity], [0.0,0.0], [0.0,0.0], [-Infinity,Infinity], [0.0,0.0], [0.0,0.0], [0.0,0.0], [0.0,0.0], [0.0,0.0], [0.0,0.0], [0.0,0.0], [0.0,0.0], [0.0,0.0], [0.0,0.0], [0.0,0.0], [0.0,0.0], [0.0,0.0], [0.0,0.0], [0.0,0.0], [0.0,0.0], [0.0,0.0], [-Infinity,Infinity], [0.0,0.0], [0.0,0.0], [0.0,0.0], [0.0,0.0], [0.0,0.0], [0.0,0.0], [0.0,0.0], [0.0,0.0], [0.0,0.0], [0.0,0.0]]
EXIT 2 ExpressionStatement_25 [[-Infinity,Infinity], [-Infinity,Infinity], [-Infinity,Infinity], [-Infinity,Infinity], [0.0,0.0], [0.0,0.0], [-Infinity,Infinity], [0.0,0.0], [0.0,0.0], [0.0,0.0], [0.0,0.0], [0.0,0.0], [0.0,0.0], [0.0,0.0], [0.0,0.0], [0.0,0.0], [0.0,0.0], [0.0,0.0], [0.0,0.0], [0.0,0.0], [0.0,0.0], [0.0,0.0], [0.0,0.0], [0.0,0.0], [-Infinity,Infinity], [0.0,0.0], [0.0,0.0], [0.0,0.0], [0.0,0.0], [-Infinity,Infinity], [0.0,0.0], [0.0,0.0], [0.0,0.0], [0.0,0.0], [0.0,0.0]]
ENTRY 2 ExpressionStatement_26 [[-Infinity,Infinity], [-Infinity,Infinity], [-Infinity,Infinity], [-Infinity,Infinity], [0.0,0.0], [0.0,0.0], [-Infinity,Infinity], [0.0,0.0], [0.0,0.0], [0.0,0.0], [0.0,0.0], [0.0,0.0], [0.0,0.0], [0.0,0.0], [0.0,0.0], [0.0,0.0], [0.0,0.0], [0.0,0.0], [0.0,0.0], [0.0,0.0], [0.0,0.0], [0.0,0.0], [0.0,0.0], [0.0,0.0], [-Infinity,Infinity], [0.0,0.0], [0.0,0.0], [0.0,0.0], [0.0,0.0], [-Infinity,Infinity], [0.0,0.0], [0.0,0.0], [0.0,0.0], [0.0,0.0], [0.0,0.0]]
EXIT 2 ExpressionStatement_26 [[-Infinity,Infinity], [-Infinity,Infinity], [-Infinity,Infinity], [-Infinity,Infinity], [0.0,0.0], [0.0,0.0], [-Infinity,Infinity], [0.0,0.0], [0.0,0.0], [0.0,0.0], [0.0,0.0], [0.0,0.0], [0.0,0.0], [0.0,0.0], [0.0,0.0], [0.0,0.0], [0.0,0.0], [0.0,0.0], [0.0,0.0], [0.0,0.0], [0.0,0.0], [0.0,0.0], [0.0,0.0], [0.0,0.0], [-Infinity,Infinity], [0.0,0.0], [0.0,0.0], [0.0,0.0], [-Infinity,Infinity], [-Infinity,Infinity], [0.0,0.0], [0.0,0.0], [0.0,0.0], [0.0,0.0], [0.0,0.0]]
ENTRY 2 FunctionExit_9 [[-Infinity,Infinity], [-Infinity,Infinity], [-Infinity,Infinity], [-Infinity,Infinity], [0.0,0.0], [0.0,0.0], [-Infinity,Infinity], [0.0,0.0], [0.0,0.0], [0.0,0.0], [0.0,0.0], [0.0,0.0], [0.0,0.0], [0.0,0.0], [0.0,0.0], [0.0,0.0], [0.0,0.0], [0.0,0.0], [0.0,0.0], [0.0,0.0], [0.0,0.0], [0.0,0.0], [0.0,0.0], [0.0,0.0], [-Infinity,Infinity], [0.0,0.0], [0.0,0.0], [0.0,0.0], [-Infinity,Infinity], [-Infinity,Infinity], [0.0,0.0], [0.0,0.0], [0.0,0.0], [0.0,0.0], [0.0,0.0]]
EXIT 2 FunctionExit_9 [[-Infinity,Infinity], [-Infinity,Infinity], [-Infinity,Infinity], [-Infinity,Infinity], [0.0,0.0], [0.0,0.0], [-Infinity,Infinity], [0.0,0.0], [0.0,0.0], [0.0,0.0], [0.0,0.0], [0.0,0.0], [0.0,0.0], [0.0,0.0], [0.0,0.0], [0.0,0.0], [0.0,0.0], [0.0,0.0], [0.0,0.0], [0.0,0.0], [0.0,0.0], [0.0,0.0], [0.0,0.0], [0.0,0.0], [-Infinity,Infinity], [0.0,0.0], [0.0,0.0], [0.0,0.0], [-Infinity,Infinity], [-Infinity,Infinity], [0.0,0.0], [0.0,0.0], [0.0,0.0], [0.0,0.0], [0.0,0.0]]
ENTRY 2 FunctionDefinition_10 [[-Infinity,Infinity], [-Infinity,Infinity], [-Infinity,Infinity], [-Infinity,Infinity], [0.0,0.0], [0.0,0.0], [-Infinity,Infinity], [0.0,0.0], [0.0,0.0], [0.0,0.0], [0.0,0.0], [0.0,0.0], [0.0,0.0], [0.0,0.0], [0.0,0.0], [0.0,0.0], [0.0,0.0], [0.0,0.0], [0.0,0.0], [0.0,0.0], [0.0,0.0], [0.0,0.0], [0.0,0.0], [0.0,0.0], [-Infinity,Infinity], [0.0,0.0], [0.0,0.0], [0.0,0.0], [0.0,0.0], [0.0,0.0], [0.0,0.0], [0.0,0.0], [0.0,0.0], [0.0,0.0], [0.0,0.0]]
EXIT 2 FunctionDefinition_10 [[-Infinity,Infinity], [-Infinity,Infinity], [-Infinity,Infinity], [-Infinity,Infinity], [0.0,0.0], [0.0,0.0], [-Infinity,Infinity], [0.0,0.0], [0.0,0.0], [0.0,0.0], [0.0,0.0], [0.0,0.0], [0.0,0.0], [0.0,0.0], [0.0,0.0], [0.0,0.0], [0.0,0.0], [0.0,0.0], [0.0,0.0], [0.0,0.0], [0.0,0.0], [0.0,0.0], [0.0,0.0], [0.0,0.0], [-Infinity,Infinity], [0.0,0.0], [0.0,0.0], [0.0,0.0], [0.0,0.0], [0.0,0.0], [0.0,0.0], [0.0,0.0], [0.0,0.0], [0.0,0.0], [0.0,0.0]]
ENTRY 2 FunctionEntry_10 [[-Infinity,Infinity], [-Infinity,Infinity], [-Infinity,Infinity], [-Infinity,Infinity], [0.0,0.0], [0.0,0.0], [-Infinity,Infinity], [0.0,0.0], [0.0,0.0], [0.0,0.0], [0.0,0.0], [0.0,0.0], [0.0,0.0], [0.0,0.0], [0.0,0.0], [0.0,0.0], [0.0,0.0], [0.0,0.0], [0.0,0.0], [0.0,0.0], [0.0,0.0], [0.0,0.0], [0.0,0.0], [0.0,0.0], [-Infinity,Infinity], [0.0,0.0], [0.0,0.0], [0.0,0.0], [0.0,0.0], [0.0,0.0], [0.0,0.0], [0.0,0.0], [0.0,0.0], [0.0,0.0], [0.0,0.0]]
EXIT 2 FunctionEntry_10 [[-Infinity,Infinity], [-Infinity,Infinity], [-Infinity,Infinity], [-Infinity,Infinity], [0.0,0.0], [0.0,0.0], [-Infinity,Infinity], [0.0,0.0], [0.0,0.0], [0.0,0.0], [0.0,0.0], [0.0,0.0], [0.0,0.0], [0.0,0.0], [0.0,0.0], [0.0,0.0], [0.0,0.0], [0.0,0.0], [0.0,0.0], [0.0,0.0], [0.0,0.0], [0.0,0.0], [0.0,0.0], [0.0,0.0], [-Infinity,Infinity], [0.0,0.0], [0.0,0.0], [0.0,0.0], [0.0,0.0], [0.0,0.0], [0.0,0.0], [0.0,0.0], [0.0,0.0], [0.0,0.0], [0.0,0.0]]
ENTRY 2 ExpressionStatement_27 [[-Infinity,Infinity], [-Infinity,Infinity], [-Infinity,Infinity], [-Infinity,Infinity], [0.0,0.0], [0.0,0.0], [-Infinity,Infinity], [0.0,0.0], [0.0,0.0], [0.0,0.0], [0.0,0.0], [0.0,0.0], [0.0,0.0], [0.0,0.0], [0.0,0.0], [0.0,0.0], [0.0,0.0], [0.0,0.0], [0.0,0.0], [0.0,0.0], [0.0,0.0], [0.0,0.0], [0.0,0.0], [0.0,0.0], [-Infinity,Infinity], [0.0,0.0], [0.0,0.0], [0.0,0.0], [0.0,0.0], [0.0,0.0], [0.0,0.0], [0.0,0.0], [0.0,0.0], [0.0,0.0], [0.0,0.0]]
EXIT 2 ExpressionStatement_27 [[-Infinity,Infinity], [-Infinity,Infinity], [-Infinity,Infinity], [-Infinity,Infinity], [0.0,0.0], [0.0,0.0], [-Infinity,Infinity], [0.0,0.0], [0.0,0.0], [0.0,0.0], [0.0,0.0], [0.0,0.0], [0.0,0.0], [0.0,0.0], [0.0,0.0], [0.0,0.0], [0.0,0.0], [0.0,0.0], [0.0,0.0], [0.0,0.0], [0.0,0.0], [0.0,0.0], [0.0,0.0], [0.0,0.0], [-Infinity,Infinity], [0.0,0.0], [0.0,0.0], [0.0,0.0], [0.0,0.0], [0.0,0.0], [-Infinity,Infinity], [0.0,0.0], [0.0,0.0], [0.0,0.0], [0.0,0.0]]
ENTRY 2 ExpressionStatement_28 [[-Infinity,Infinity], [-Infinity,Infinity], [-Infinity,Infinity], [-Infinity,Infinity], [0.0,0.0], [0.0,0.0], [-Infinity,Infinity], [0.0,0.0], [0.0,0.0], [0.0,0.0], [0.0,0.0], [0.0,0.0], [0.0,0.0], [0.0,0.0], [0.0,0.0], [0.0,0.0], [0.0,0.0], [0.0,0.0], [0.0,0.0], [0.0,0.0], [0.0,0.0], [0.0,0.0], [0.0,0.0], [0.0,0.0], [-Infinity,Infinity], [0.0,0.0], [0.0,0.0], [0.0,0.0], [0.0,0.0], [0.0,0.0], [-Infinity,Infinity], [0.0,0.0], [0.0,0.0], [0.0,0.0], [0.0,0.0]]
EXIT 2 ExpressionStatement_28 [[-Infinity,Infinity], [-Infinity,Infinity], [-Infinity,Infinity], [-Infinity,Infinity], [0.0,0.0], [0.0,0.0], [-Infinity,Infinity], [0.0,0.0], [0.0,0.0], [0.0,0.0], [0.0,0.0], [0.0,0.0], [0.0,0.0], [0.0,0.0], [0.0,0.0], [0.0,0.0], [0.0,0.0], [0.0,0.0], [0.0,0.0], [0.0,0.0], [0.0,0.0], [0.0,0.0], [0.0,0.0], [0.0,0.0], [-Infinity,Infinity], [0.0,0.0], [0.0,0.0], [0.0,0.0], [-Infinity,Infinity], [0.0,0.0], [-Infinity,Infinity], [0.0,0.0], [0.0,0.0], [0.0,0.0], [0.0,0.0]]
ENTRY 2 FunctionExit_10 [[-Infinity,Infinity], [-Infinity,Infinity], [-Infinity,Infinity], [-Infinity,Infinity], [0.0,0.0], [0.0,0.0], [-Infinity,Infinity], [0.0,0.0], [0.0,0.0], [0.0,0.0], [0.0,0.0], [0.0,0.0], [0.0,0.0], [0.0,0.0], [0.0,0.0], [0.0,0.0], [0.0,0.0], [0.0,0.0], [0.0,0.0], [0.0,0.0], [0.0,0.0], [0.0,0.0], [0.0,0.0], [0.0,0.0], [-Infinity,Infinity], [0.0,0.0], [0.0,0.0], [0.0,0.0], [-Infinity,Infinity], [0.0,0.0], [-Infinity,Infinity], [0.0,0.0], [0.0,0.0], [0.0,0.0], [0.0,0.0]]
EXIT 2 FunctionExit_10 [[-Infinity,Infinity], [-Infinity,Infinity], [-Infinity,Infinity], [-Infinity,Infinity], [0.0,0.0], [0.0,0.0], [-Infinity,Infinity], [0.0,0.0], [0.0,0.0], [0.0,0.0], [0.0,0.0], [0.0,0.0], [0.0,0.0], [0.0,0.0], [0.0,0.0], [0.0,0.0], [0.0,0.0], [0.0,0.0], [0.0,0.0], [0.0,0.0], [0.0,0.0], [0.0,0.0], [0.0,0.0], [0.0,0.0], [-Infinity,Infinity], [0.0,0.0], [0.0,0.0], [0.0,0.0], [-Infinity,Infinity], [0.0,0.0], [-Infinity,Infinity], [0.0,0.0], [0.0,0.0], [0.0,0.0], [0.0,0.0]]
ENTRY 2 FunctionDefinition_11 [[-Infinity,Infinity], [-Infinity,Infinity], [-Infinity,Infinity], [-Infinity,Infinity], [0.0,0.0], [0.0,0.0], [-Infinity,Infinity], [0.0,0.0], [0.0,0.0], [0.0,0.0], [0.0,0.0], [0.0,0.0], [0.0,0.0], [0.0,0.0], [0.0,0.0], [0.0,0.0], [0.0,0.0], [0.0,0.0], [0.0,0.0], [0.0,0.0], [0.0,0.0], [0.0,0.0], [0.0,0.0], [0.0,0.0], [-Infinity,Infinity], [0.0,0.0], [0.0,0.0], [0.0,0.0], [0.0,0.0], [0.0,0.0], [0.0,0.0], [0.0,0.0], [0.0,0.0], [0.0,0.0], [0.0,0.0]]
EXIT 2 FunctionDefinition_11 [[-Infinity,Infinity], [-Infinity,Infinity], [-Infinity,Infinity], [-Infinity,Infinity], [0.0,0.0], [0.0,0.0], [-Infinity,Infinity], [0.0,0.0], [0.0,0.0], [0.0,0.0], [0.0,0.0], [0.0,0.0], [0.0,0.0], [0.0,0.0], [0.0,0.0], [0.0,0.0], [0.0,0.0], [0.0,0.0], [0.0,0.0], [0.0,0.0], [0.0,0.0], [0.0,0.0], [0.0,0.0], [0.0,0.0], [-Infinity,Infinity], [0.0,0.0], [0.0,0.0], [0.0,0.0], [0.0,0.0], [0.0,0.0], [0.0,0.0], [0.0,0.0], [0.0,0.0], [0.0,0.0], [0.0,0.0]]
ENTRY 2 FunctionEntry_11 [[-Infinity,Infinity], [-Infinity,Infinity], [-Infinity,Infinity], [-Infinity,Infinity], [0.0,0.0], [0.0,0.0], [-Infinity,Infinity], [0.0,0.0], [0.0,0.0], [0.0,0.0], [0.0,0.0], [0.0,0.0], [0.0,0.0], [0.0,0.0], [0.0,0.0], [0.0,0.0], [0.0,0.0], [0.0,0.0], [0.0,0.0], [0.0,0.0], [0.0,0.0], [0.0,0.0], [0.0,0.0], [0.0,0.0], [-Infinity,Infinity], [0.0,0.0], [0.0,0.0], [0.0,0.0], [0.0,0.0], [0.0,0.0], [0.0,0.0], [0.0,0.0], [0.0,0.0], [0.0,0.0], [0.0,0.0]]
EXIT 2 FunctionEntry_11 [[-Infinity,Infinity], [-Infinity,Infinity], [-Infinity,Infinity], [-Infinity,Infinity], [0.0,0.0], [0.0,0.0], [-Infinity,Infinity], [0.0,0.0], [0.0,0.0], [0.0,0.0], [0.0,0.0], [0.0,0.0], [0.0,0.0], [0.0,0.0], [0.0,0.0], [0.0,0.0], [0.0,0.0], [0.0,0.0], [0.0,0.0], [0.0,0.0], [0.0,0.0], [0.0,0.0], [0.0,0.0], [0.0,0.0], [-Infinity,Infinity], [0.0,0.0], [0.0,0.0], [0.0,0.0], [0.0,0.0], [0.0,0.0], [0.0,0.0], [0.0,0.0], [0.0,0.0], [0.0,0.0], [0.0,0.0]]
ENTRY 2 IfStatement_8 [[-Infinity,Infinity], [-Infinity,Infinity], [-Infinity,Infinity], [-Infinity,Infinity], [0.0,0.0], [0.0,0.0], [-Infinity,Infinity], [0.0,0.0], [0.0,0.0], [0.0,0.0], [0.0,0.0], [0.0,0.0], [0.0,0.0], [0.0,0.0], [0.0,0.0], [0.0,0.0], [0.0,0.0], [0.0,0.0], [0.0,0.0], [0.0,0.0], [0.0,0.0], [0.0,0.0], [0.0,0.0], [0.0,0.0], [-Infinity,Infinity], [0.0,0.0], [0.0,0.0], [0.0,0.0], [0.0,0.0], [0.0,0.0], [0.0,0.0], [0.0,0.0], [0.0,0.0], [0.0,0.0], [0.0,0.0]]
EXIT 2 IfStatement_8 [[1.0,-1.0], [1.0,-1.0], [1.0,-1.0], [1.0,-1.0], [1.0,-1.0], [1.0,-1.0], [1.0,-1.0], [1.0,-1.0], [1.0,-1.0], [1.0,-1.0], [1.0,-1.0], [1.0,-1.0], [1.0,-1.0], [1.0,-1.0], [1.0,-1.0], [1.0,-1.0], [1.0,-1.0], [1.0,-1.0], [1.0,-1.0], [1.0,-1.0], [1.0,-1.0], [1.0,-1.0], [1.0,-1.0], [1.0,-1.0], [1.0,-1.0], [1.0,-1.0], [1.0,-1.0], [1.0,-1.0], [1.0,-1.0], [1.0,-1.0], [1.0,-1.0], [1.0,-1.0], [1.0,-1.0], [1.0,-1.0], [1.0,-1.0]]
ENTRY 2 ExpressionStatement_29 [[-Infinity,Infinity], [-Infinity,Infinity], [-Infinity,Infinity], [-Infinity,Infinity], [0.0,0.0], [0.0,0.0], [-Infinity,Infinity], [0.0,0.0], [0.0,0.0], [0.0,0.0], [0.0,0.0], [0.0,0.0], [0.0,0.0], [0.0,0.0], [0.0,0.0], [0.0,0.0], [0.0,0.0], [0.0,0.0], [0.0,0.0], [0.0,0.0], [0.0,0.0], [0.0,0.0], [0.0,0.0], [0.0,0.0], [-Infinity,Infinity], [0.0,0.0], [0.0,0.0], [0.0,0.0], [0.0,0.0], [0.0,0.0], [0.0,0.0], [0.0,0.0], [0.0,0.0], [0.0,0.0], [0.0,0.0]]
EXIT 2 ExpressionStatement_29 [[-Infinity,Infinity], [-Infinity,Infinity], [-Infinity,Infinity], [-Infinity,Infinity], [0.0,0.0], [0.0,0.0], [-Infinity,Infinity], [0.0,0.0], [0.0,0.0], [0.0,0.0], [0.0,0.0], [0.0,0.0], [0.0,0.0], [0.0,0.0], [0.0,0.0], [0.0,0.0], [0.0,0.0], [0.0,0.0], [0.0,0.0], [0.0,0.0], [0.0,0.0], [0.0,0.0], [0.0,0.0], [0.0,0.0], [-Infinity,Infinity], [0.0,0.0], [0.0,0.0], [0.0,0.0], [0.0,0.0], [0.0,0.0], [0.0,0.0], [-Infinity,Infinity], [0.0,0.0], [0.0,0.0], [0.0,0.0]]
ENTRY 2 ExpressionStatement_30 [[-Infinity,Infinity], [-Infinity,Infinity], [-Infinity,Infinity], [-Infinity,Infinity], [0.0,0.0], [0.0,0.0], [-Infinity,Infinity], [0.0,0.0], [0.0,0.0], [0.0,0.0], [0.0,0.0], [0.0,0.0], [0.0,0.0], [0.0,0.0], [0.0,0.0], [0.0,0.0], [0.0,0.0], [0.0,0.0], [0.0,0.0], [0.0,0.0], [0.0,0.0], [0.0,0.0], [0.0,0.0], [0.0,0.0], [-Infinity,Infinity], [0.0,0.0], [0.0,0.0], [0.0,0.0], [0.0,0.0], [0.0,0.0], [0.0,0.0], [-Infinity,Infinity], [0.0,0.0], [0.0,0.0], [0.0,0.0]]
EXIT 2 ExpressionStatement_30 [[-Infinity,Infinity], [-Infinity,Infinity], [-Infinity,Infinity], [-Infinity,Infinity], [0.0,0.0], [0.0,0.0], [-Infinity,Infinity], [0.0,0.0], [0.0,0.0], [0.0,0.0], [0.0,0.0], [0.0,0.0], [0.0,0.0], [0.0,0.0], [0.0,0.0], [0.0,0.0], [0.0,0.0], [0.0,0.0], [0.0,0.0], [0.0,0.0], [0.0,0.0], [0.0,0.0], [0.0,0.0], [0.0,0.0], [-Infinity,Infinity], [0.0,0.0], [0.0,0.0], [0.0,0.0], [0.0,0.0], [0.0,0.0], [0.0,0.0], [-Infinity,Infinity], [-Infinity,Infinity], [0.0,0.0], [0.0,0.0]]
ENTRY 2 ExpressionStatement_31 [[-Infinity,Infinity], [-Infinity,Infinity], [-Infinity,Infinity], [-Infinity,Infinity], [0.0,0.0], [0.0,0.0], [-Infinity,Infinity], [0.0,0.0], [0.0,0.0], [0.0,0.0], [0.0,0.0], [0.0,0.0], [0.0,0.0], [0.0,0.0], [0.0,0.0], [0.0,0.0], [0.0,0.0], [0.0,0.0], [0.0,0.0], [0.0,0.0], [0.0,0.0], [0.0,0.0], [0.0,0.0], [0.0,0.0], [-Infinity,Infinity], [0.0,0.0], [0.0,0.0], [0.0,0.0], [0.0,0.0], [0.0,0.0], [0.0,0.0], [-Infinity,Infinity], [-Infinity,Infinity], [0.0,0.0], [0.0,0.0]]
EXIT 2 ExpressionStatement_31 [[-Infinity,Infinity], [-Infinity,Infinity], [-Infinity,Infinity], [-Infinity,Infinity], [0.0,0.0], [0.0,0.0], [-Infinity,Infinity], [0.0,0.0], [0.0,0.0], [0.0,0.0], [0.0,0.0], [0.0,0.0], [0.0,0.0], [0.0,0.0], [0.0,0.0], [0.0,0.0], [0.0,0.0], [0.0,0.0], [0.0,0.0], [0.0,0.0], [0.0,0.0], [0.0,0.0], [0.0,0.0], [0.0,0.0], [-Infinity,Infinity], [0.0,0.0], [0.0,0.0], [0.0,0.0], [-Infinity,Infinity], [0.0,0.0], [0.0,0.0], [-Infinity,Infinity], [-Infinity,Infinity], [0.0,0.0], [0.0,0.0]]
ENTRY 2 IfConditionJoin_8 [[-Infinity,Infinity], [-Infinity,Infinity], [-Infinity,Infinity], [-Infinity,Infinity], [0.0,0.0], [0.0,0.0], [-Infinity,Infinity], [0.0,0.0], [0.0,0.0], [0.0,0.0], [0.0,0.0], [0.0,0.0], [0.0,0.0], [0.0,0.0], [0.0,0.0], [0.0,0.0], [0.0,0.0], [0.0,0.0], [0.0,0.0], [0.0,0.0], [0.0,0.0], [0.0,0.0], [0.0,0.0], [0.0,0.0], [-Infinity,Infinity], [0.0,0.0], [0.0,0.0], [0.0,0.0], [-Infinity,Infinity], [0.0,0.0], [0.0,0.0], [-Infinity,Infinity], [-Infinity,Infinity], [0.0,0.0], [0.0,0.0]]
EXIT 2 IfConditionJoin_8 [[-Infinity,Infinity], [-Infinity,Infinity], [-Infinity,Infinity], [-Infinity,Infinity], [0.0,0.0], [0.0,0.0], [-Infinity,Infinity], [0.0,0.0], [0.0,0.0], [0.0,0.0], [0.0,0.0], [0.0,0.0], [0.0,0.0], [0.0,0.0], [0.0,0.0], [0.0,0.0], [0.0,0.0], [0.0,0.0], [0.0,0.0], [0.0,0.0], [0.0,0.0], [0.0,0.0], [0.0,0.0], [0.0,0.0], [-Infinity,Infinity], [0.0,0.0], [0.0,0.0], [0.0,0.0], [-Infinity,Infinity], [0.0,0.0], [0.0,0.0], [-Infinity,Infinity], [-Infinity,Infinity], [0.0,0.0], [0.0,0.0]]
ENTRY 2 FunctionExit_11 [[-Infinity,Infinity], [-Infinity,Infinity], [-Infinity,Infinity], [-Infinity,Infinity], [0.0,0.0], [0.0,0.0], [-Infinity,Infinity], [0.0,0.0], [0.0,0.0], [0.0,0.0], [0.0,0.0], [0.0,0.0], [0.0,0.0], [0.0,0.0], [0.0,0.0], [0.0,0.0], [0.0,0.0], [0.0,0.0], [0.0,0.0], [0.0,0.0], [0.0,0.0], [0.0,0.0], [0.0,0.0], [0.0,0.0], [-Infinity,Infinity], [0.0,0.0], [0.0,0.0], [0.0,0.0], [-Infinity,Infinity], [0.0,0.0], [0.0,0.0], [-Infinity,Infinity], [-Infinity,Infinity], [0.0,0.0], [0.0,0.0]]
EXIT 2 FunctionExit_11 [[-Infinity,Infinity], [-Infinity,Infinity], [-Infinity,Infinity], [-Infinity,Infinity], [0.0,0.0], [0.0,0.0], [-Infinity,Infinity], [0.0,0.0], [0.0,0.0], [0.0,0.0], [0.0,0.0], [0.0,0.0], [0.0,0.0], [0.0,0.0], [0.0,0.0], [0.0,0.0], [0.0,0.0], [0.0,0.0], [0.0,0.0], [0.0,0.0], [0.0,0.0], [0.0,0.0], [0.0,0.0], [0.0,0.0], [-Infinity,Infinity], [0.0,0.0], [0.0,0.0], [0.0,0.0], [-Infinity,Infinity], [0.0,0.0], [0.0,0.0], [-Infinity,Infinity], [-Infinity,Infinity], [0.0,0.0], [0.0,0.0]]
ENTRY 2 FunctionDefinition_12 [[-Infinity,Infinity], [-Infinity,Infinity], [-Infinity,Infinity], [-Infinity,Infinity], [0.0,0.0], [0.0,0.0], [-Infinity,Infinity], [0.0,0.0], [0.0,0.0], [0.0,0.0], [0.0,0.0], [0.0,0.0], [0.0,0.0], [0.0,0.0], [0.0,0.0], [0.0,0.0], [0.0,0.0], [0.0,0.0], [0.0,0.0], [0.0,0.0], [0.0,0.0], [0.0,0.0], [0.0,0.0], [0.0,0.0], [-Infinity,Infinity], [0.0,0.0], [0.0,0.0], [0.0,0.0], [0.0,0.0], [0.0,0.0], [0.0,0.0], [0.0,0.0], [0.0,0.0], [0.0,0.0], [0.0,0.0]]
EXIT 2 FunctionDefinition_12 [[-Infinity,Infinity], [-Infinity,Infinity], [-Infinity,Infinity], [-Infinity,Infinity], [0.0,0.0], [0.0,0.0], [-Infinity,Infinity], [0.0,0.0], [0.0,0.0], [0.0,0.0], [0.0,0.0], [0.0,0.0], [0.0,0.0], [0.0,0.0], [0.0,0.0], [0.0,0.0], [0.0,0.0], [0.0,0.0], [0.0,0.0], [0.0,0.0], [0.0,0.0], [0.0,0.0], [0.0,0.0], [0.0,0.0], [-Infinity,Infinity], [0.0,0.0], [0.0,0.0], [0.0,0.0], [0.0,0.0], [0.0,0.0], [0.0,0.0], [0.0,0.0], [0.0,0.0], [0.0,0.0], [0.0,0.0]]
ENTRY 2 FunctionEntry_12 [[-Infinity,Infinity], [-Infinity,Infinity], [-Infinity,Infinity], [-Infinity,Infinity], [0.0,0.0], [0.0,0.0], [-Infinity,Infinity], [0.0,0.0], [0.0,0.0], [0.0,0.0], [0.0,0.0], [0.0,0.0], [0.0,0.0], [0.0,0.0], [0.0,0.0], [0.0,0.0], [0.0,0.0], [0.0,0.0], [0.0,0.0], [0.0,0.0], [0.0,0.0], [0.0,0.0], [0.0,0.0], [0.0,0.0], [-Infinity,Infinity], [0.0,0.0], [0.0,0.0], [0.0,0.0], [0.0,0.0], [0.0,0.0], [0.0,0.0], [0.0,0.0], [0.0,0.0], [0.0,0.0], [0.0,0.0]]
EXIT 2 FunctionEntry_12 [[-Infinity,Infinity], [-Infinity,Infinity], [-Infinity,Infinity], [-Infinity,Infinity], [0.0,0.0], [0.0,0.0], [-Infinity,Infinity], [0.0,0.0], [0.0,0.0], [0.0,0.0], [0.0,0.0], [0.0,0.0], [0.0,0.0], [0.0,0.0], [0.0,0.0], [0.0,0.0], [0.0,0.0], [0.0,0.0], [0.0,0.0], [0.0,0.0], [0.0,0.0], [0.0,0.0], [0.0,0.0], [0.0,0.0], [-Infinity,Infinity], [0.0,0.0], [0.0,0.0], [0.0,0.0], [0.0,0.0], [0.0,0.0], [0.0,0.0], [0.0,0.0], [0.0,0.0], [0.0,0.0], [0.0,0.0]]
ENTRY 2 IfStatement_9 [[-Infinity,Infinity], [-Infinity,Infinity], [-Infinity,Infinity], [-Infinity,Infinity], [0.0,0.0], [0.0,0.0], [-Infinity,Infinity], [0.0,0.0], [0.0,0.0], [0.0,0.0], [0.0,0.0], [0.0,0.0], [0.0,0.0], [0.0,0.0], [0.0,0.0], [0.0,0.0], [0.0,0.0], [0.0,0.0], [0.0,0.0], [0.0,0.0], [0.0,0.0], [0.0,0.0], [0.0,0.0], [0.0,0.0], [-Infinity,Infinity], [0.0,0.0], [0.0,0.0], [0.0,0.0], [0.0,0.0], [0.0,0.0], [0.0,0.0], [0.0,0.0], [0.0,0.0], [0.0,0.0], [0.0,0.0]]
EXIT 2 IfStatement_9 [[1.0,-1.0], [1.0,-1.0], [1.0,-1.0], [1.0,-1.0], [1.0,-1.0], [1.0,-1.0], [1.0,-1.0], [1.0,-1.0], [1.0,-1.0], [1.0,-1.0], [1.0,-1.0], [1.0,-1.0], [1.0,-1.0], [1.0,-1.0], [1.0,-1.0], [1.0,-1.0], [1.0,-1.0], [1.0,-1.0], [1.0,-1.0], [1.0,-1.0], [1.0,-1.0], [1.0,-1.0], [1.0,-1.0], [1.0,-1.0], [1.0,-1.0], [1.0,-1.0], [1.0,-1.0], [1.0,-1.0], [1.0,-1.0], [1.0,-1.0], [1.0,-1.0], [1.0,-1.0], [1.0,-1.0], [1.0,-1.0], [1.0,-1.0]]
ENTRY 2 ExpressionStatement_32 [[-Infinity,Infinity], [-Infinity,Infinity], [-Infinity,Infinity], [-Infinity,Infinity], [0.0,0.0], [0.0,0.0], [-Infinity,Infinity], [0.0,0.0], [0.0,0.0], [0.0,0.0], [0.0,0.0], [0.0,0.0], [0.0,0.0], [0.0,0.0], [0.0,0.0], [0.0,0.0], [0.0,0.0], [0.0,0.0], [0.0,0.0], [0.0,0.0], [0.0,0.0], [0.0,0.0], [0.0,0.0], [0.0,0.0], [-Infinity,Infinity], [0.0,0.0], [0.0,0.0], [0.0,0.0], [0.0,0.0], [0.0,0.0], [0.0,0.0], [0.0,0.0], [0.0,0.0], [0.0,0.0], [0.0,0.0]]
EXIT 2 ExpressionStatement_32 [[-Infinity,Infinity], [-Infinity,Infinity], [-Infinity,Infinity], [-Infinity,Infinity], [0.0,0.0], [0.0,0.0], [-Infinity,Infinity], [0.0,0.0], [0.0,0.0], [0.0,0.0], [0.0,0.0], [0.0,0.0], [0.0,0.0], [0.0,0.0], [0.0,0.0], [0.0,0.0], [0.0,0.0], [0.0,0.0], [0.0,0.0], [0.0,0.0], [0.0,0.0], [0.0,0.0], [0.0,0.0], [0.0,0.0], [-Infinity,Infinity], [0.0,0.0], [0.0,0.0], [0.0,0.0], [0.0,0.0], [0.0,0.0], [0.0,0.0], [0.0,0.0], [0.0,0.0], [-Infinity,Infinity], [0.0,0.0]]
ENTRY 2 ExpressionStatement_33 [[-Infinity,Infinity], [-Infinity,Infinity], [-Infinity,Infinity], [-Infinity,Infinity], [0.0,0.0], [0.0,0.0], [-Infinity,Infinity], [0.0,0.0], [0.0,0.0], [0.0,0.0], [0.0,0.0], [0.0,0.0], [0.0,0.0], [0.0,0.0], [0.0,0.0], [0.0,0.0], [0.0,0.0], [0.0,0.0], [0.0,0.0], [0.0,0.0], [0.0,0.0], [0.0,0.0], [0.0,0.0], [0.0,0.0], [-Infinity,Infinity], [0.0,0.0], [0.0,0.0], [0.0,0.0], [0.0,0.0], [0.0,0.0], [0.0,0.0], [0.0,0.0], [0.0,0.0], [-Infinity,Infinity], [0.0,0.0]]
EXIT 2 ExpressionStatement_33 [[-Infinity,Infinity], [-Infinity,Infinity], [-Infinity,Infinity], [-Infinity,Infinity], [0.0,0.0], [0.0,0.0], [-Infinity,Infinity], [0.0,0.0], [0.0,0.0], [0.0,0.0], [0.0,0.0], [0.0,0.0], [0.0,0.0], [0.0,0.0], [0.0,0.0], [0.0,0.0], [-Infinity,Infinity], [0.0,0.0], [0.0,0.0], [0.0,0.0], [0.0,0.0], [0.0,0.0], [0.0,0.0], [0.0,0.0], [-Infinity,Infinity], [0.0,0.0], [0.0,0.0], [0.0,0.0], [0.0,0.0], [0.0,0.0], [0.0,0.0], [0.0,0.0], [0.0,0.0], [-Infinity,Infinity], [0.0,0.0]]
ENTRY 2 ExpressionStatement_34 [[-Infinity,Infinity], [-Infinity,Infinity], [-Infinity,Infinity], [-Infinity,Infinity], [0.0,0.0], [0.0,0.0], [-Infinity,Infinity], [0.0,0.0], [0.0,0.0], [0.0,0.0], [0.0,0.0], [0.0,0.0], [0.0,0.0], [0.0,0.0], [0.0,0.0], [0.0,0.0], [-Infinity,Infinity], [0.0,0.0], [0.0,0.0], [0.0,0.0], [0.0,0.0], [0.0,0.0], [0.0,0.0], [0.0,0.0], [-Infinity,Infinity], [0.0,0.0], [0.0,0.0], [0.0,0.0], [0.0,0.0], [0.0,0.0], [0.0,0.0], [0.0,0.0], [0.0,0.0], [-Infinity,Infinity], [0.0,0.0]]
EXIT 2 ExpressionStatement_34 [[-Infinity,Infinity], [-Infinity,Infinity], [-Infinity,Infinity], [-Infinity,Infinity], [0.0,0.0], [0.0,0.0], [-Infinity,Infinity], [0.0,0.0], [0.0,0.0], [0.0,0.0], [0.0,0.0], [0.0,0.0], [0.0,0.0], [0.0,0.0], [0.0,0.0], [0.0,0.0], [-Infinity,Infinity], [0.0,0.0], [0.0,0.0], [0.0,0.0], [0.0,0.0], [0.0,0.0], [0.0,0.0], [0.0,0.0], [-Infinity,Infinity], [0.0,0.0], [0.0,0.0], [0.0,0.0], [0.0,0.0], [0.0,0.0], [0.0,0.0], [0.0,0.0], [0.0,0.0], [-Infinity,Infinity], [-Infinity,Infinity]]
ENTRY 2 ExpressionStatement_35 [[-Infinity,Infinity], [-Infinity,Infinity], [-Infinity,Infinity], [-Infinity,Infinity], [0.0,0.0], [0.0,0.0], [-Infinity,Infinity], [0.0,0.0], [0.0,0.0], [0.0,0.0], [0.0,0.0], [0.0,0.0], [0.0,0.0], [0.0,0.0], [0.0,0.0], [0.0,0.0], [-Infinity,Infinity], [0.0,0.0], [0.0,0.0], [0.0,0.0], [0.0,0.0], [0.0,0.0], [0.0,0.0], [0.0,0.0], [-Infinity,Infinity], [0.0,0.0], [0.0,0.0], [0.0,0.0], [0.0,0.0], [0.0,0.0], [0.0,0.0], [0.0,0.0], [0.0,0.0], [-Infinity,Infinity], [-Infinity,Infinity]]
EXIT 2 ExpressionStatement_35 [[-Infinity,Infinity], [-Infinity,Infinity], [-Infinity,Infinity], [-Infinity,Infinity], [0.0,0.0], [0.0,0.0], [-Infinity,Infinity], [0.0,0.0], [0.0,0.0], [0.0,0.0], [0.0,0.0], [0.0,0.0], [0.0,0.0], [0.0,0.0], [0.0,0.0], [0.0,0.0], [-Infinity,Infinity], [0.0,0.0], [0.0,0.0], [0.0,0.0], [0.0,0.0], [0.0,0.0], [0.0,0.0], [0.0,0.0], [-Infinity,Infinity], [0.0,0.0], [0.0,0.0], [0.0,0.0], [-Infinity,Infinity], [0.0,0.0], [0.0,0.0], [0.0,0.0], [0.0,0.0], [-Infinity,Infinity], [-Infinity,Infinity]]
ENTRY 2 IfConditionJoin_9 [[-Infinity,Infinity], [-Infinity,Infinity], [-Infinity,Infinity], [-Infinity,Infinity], [0.0,0.0], [0.0,0.0], [-Infinity,Infinity], [0.0,0.0], [0.0,0.0], [0.0,0.0], [0.0,0.0], [0.0,0.0], [0.0,0.0], [0.0,0.0], [0.0,0.0], [0.0,0.0], [-Infinity,Infinity], [0.0,0.0], [0.0,0.0], [0.0,0.0], [0.0,0.0], [0.0,0.0], [0.0,0.0], [0.0,0.0], [-Infinity,Infinity], [0.0,0.0], [0.0,0.0], [0.0,0.0], [-Infinity,Infinity], [0.0,0.0], [0.0,0.0], [0.0,0.0], [0.0,0.0], [-Infinity,Infinity], [-Infinity,Infinity]]
EXIT 2 IfConditionJoin_9 [[-Infinity,Infinity], [-Infinity,Infinity], [-Infinity,Infinity], [-Infinity,Infinity], [0.0,0.0], [0.0,0.0], [-Infinity,Infinity], [0.0,0.0], [0.0,0.0], [0.0,0.0], [0.0,0.0], [0.0,0.0], [0.0,0.0], [0.0,0.0], [0.0,0.0], [0.0,0.0], [-Infinity,Infinity], [0.0,0.0], [0.0,0.0], [0.0,0.0], [0.0,0.0], [0.0,0.0], [0.0,0.0], [0.0,0.0], [-Infinity,Infinity], [0.0,0.0], [0.0,0.0], [0.0,0.0], [-Infinity,Infinity], [0.0,0.0], [0.0,0.0], [0.0,0.0], [0.0,0.0], [-Infinity,Infinity], [-Infinity,Infinity]]
ENTRY 2 FunctionExit_12 [[-Infinity,Infinity], [-Infinity,Infinity], [-Infinity,Infinity], [-Infinity,Infinity], [0.0,0.0], [0.0,0.0], [-Infinity,Infinity], [0.0,0.0], [0.0,0.0], [0.0,0.0], [0.0,0.0], [0.0,0.0], [0.0,0.0], [0.0,0.0], [0.0,0.0], [0.0,0.0], [-Infinity,Infinity], [0.0,0.0], [0.0,0.0], [0.0,0.0], [0.0,0.0], [0.0,0.0], [0.0,0.0], [0.0,0.0], [-Infinity,Infinity], [0.0,0.0], [0.0,0.0], [0.0,0.0], [-Infinity,Infinity], [0.0,0.0], [0.0,0.0], [0.0,0.0], [0.0,0.0], [-Infinity,Infinity], [-Infinity,Infinity]]
EXIT 2 FunctionExit_12 [[-Infinity,Infinity], [-Infinity,Infinity], [-Infinity,Infinity], [-Infinity,Infinity], [0.0,0.0], [0.0,0.0], [-Infinity,Infinity], [0.0,0.0], [0.0,0.0], [0.0,0.0], [0.0,0.0], [0.0,0.0], [0.0,0.0], [0.0,0.0], [0.0,0.0], [0.0,0.0], [-Infinity,Infinity], [0.0,0.0], [0.0,0.0], [0.0,0.0], [0.0,0.0], [0.0,0.0], [0.0,0.0], [0.0,0.0], [-Infinity,Infinity], [0.0,0.0], [0.0,0.0], [0.0,0.0], [-Infinity,Infinity], [0.0,0.0], [0.0,0.0], [0.0,0.0], [0.0,0.0], [-Infinity,Infinity], [-Infinity,Infinity]]
ENTRY 3 SourceEntry_0 [[0.0,0.0], [0.0,0.0], [0.0,0.0], [0.0,0.0], [0.0,0.0], [0.0,0.0], [0.0,0.0], [0.0,0.0], [0.0,0.0], [0.0,0.0], [0.0,0.0], [0.0,0.0], [0.0,0.0], [0.0,0.0], [0.0,0.0], [0.0,0.0], [0.0,0.0], [0.0,0.0], [0.0,0.0], [0.0,0.0], [0.0,0.0], [0.0,0.0], [0.0,0.0], [0.0,0.0], [0.0,0.0], [0.0,0.0], [0.0,0.0], [0.0,0.0], [0.0,0.0], [0.0,0.0], [0.0,0.0], [0.0,0.0], [0.0,0.0], [0.0,0.0], [0.0,0.0]]
EXIT 3 SourceEntry_0 [[0.0,0.0], [0.0,0.0], [5.0,5.0], [125.0,125.0], [0.0,0.0], [0.0,0.0], [0.0,0.0], [0.0,0.0], [0.0,0.0], [0.0,0.0], [0.0,0.0], [0.0,0.0], [0.0,0.0], [0.0,0.0], [0.0,0.0], [0.0,0.0], [0.0,0.0], [0.0,0.0], [0.0,0.0], [0.0,0.0], [0.0,0.0], [0.0,0.0], [0.0,0.0], [0.0,0.0], [-Infinity,Infinity], [0.0,0.0], [0.0,0.0], [0.0,0.0], [0.0,0.0], [0.0,0.0], [0.0,0.0], [0.0,0.0], [0.0,0.0], [0.0,0.0], [0.0,0.0]]
ENTRY 3 SourceUnit_0 [[0.0,0.0], [0.0,0.0], [5.0,5.0], [125.0,125.0], [0.0,0.0], [0.0,0.0], [0.0,0.0], [0.0,0.0], [0.0,0.0], [0.0,0.0], [0.0,0.0], [0.0,0.0], [0.0,0.0], [0.0,0.0], [0.0,0.0], [0.0,0.0], [0.0,0.0], [0.0,0.0], [0.0,0.0], [0.0,0.0], [0.0,0.0], [0.0,0.0], [0.0,0.0], [0.0,0.0], [-Infinity,Infinity], [0.0,0.0], [0.0,0.0], [0.0,0.0], [0.0,0.0], [0.0,0.0], [0.0,0.0], [0.0,0.0], [0.0,0.0], [0.0,0.0], [0.0,0.0]]
EXIT 3 SourceUnit_0 [[0.0,0.0], [0.0,0.0], [5.0,5.0], [125.0,125.0], [0.0,0.0], [0.0,0.0], [0.0,0.0], [0.0,0.0], [0.0,0.0], [0.0,0.0], [0.0,0.0], [0.0,0.0], [0.0,0.0], [0.0,0.0], [0.0,0.0], [0.0,0.0], [0.0,0.0], [0.0,0.0], [0.0,0.0], [0.0,0.0], [0.0,0.0], [0.0,0.0], [0.0,0.0], [0.0,0.0], [-Infinity,Infinity], [0.0,0.0], [0.0,0.0], [0.0,0.0], [0.0,0.0], [0.0,0.0], [0.0,0.0], [0.0,0.0], [0.0,0.0], [0.0,0.0], [0.0,0.0]]
ENTRY 3 PragmaDirective_0 [[0.0,0.0], [0.0,0.0], [5.0,5.0], [125.0,125.0], [0.0,0.0], [0.0,0.0], [0.0,0.0], [0.0,0.0], [0.0,0.0], [0.0,0.0], [0.0,0.0], [0.0,0.0], [0.0,0.0], [0.0,0.0], [0.0,0.0], [0.0,0.0], [0.0,0.0], [0.0,0.0], [0.0,0.0], [0.0,0.0], [0.0,0.0], [0.0,0.0], [0.0,0.0], [0.0,0.0], [-Infinity,Infinity], [0.0,0.0], [0.0,0.0], [0.0,0.0], [0.0,0.0], [0.0,0.0], [0.0,0.0], [0.0,0.0], [0.0,0.0], [0.0,0.0], [0.0,0.0]]
EXIT 3 PragmaDirective_0 [[0.0,0.0], [0.0,0.0], [5.0,5.0], [125.0,125.0], [0.0,0.0], [0.0,0.0], [0.0,0.0], [0.0,0.0], [0.0,0.0], [0.0,0.0], [0.0,0.0], [0.0,0.0], [0.0,0.0], [0.0,0.0], [0.0,0.0], [0.0,0.0], [0.0,0.0], [0.0,0.0], [0.0,0.0], [0.0,0.0], [0.0,0.0], [0.0,0.0], [0.0,0.0], [0.0,0.0], [-Infinity,Infinity], [0.0,0.0], [0.0,0.0], [0.0,0.0], [0.0,0.0], [0.0,0.0], [0.0,0.0], [0.0,0.0], [0.0,0.0], [0.0,0.0], [0.0,0.0]]
ENTRY 3 SourceExit_0 [[-Infinity,Infinity], [-Infinity,Infinity], [-Infinity,Infinity], [-Infinity,Infinity], [0.0,0.0], [0.0,0.0], [-Infinity,Infinity], [0.0,1.0], [-Infinity,Infinity], [0.0,1.0], [0.0,0.0], [0.0,0.0], [0.0,0.0], [0.0,0.0], [0.0,0.0], [-Infinity,Infinity], [-Infinity,Infinity], [-Infinity,Infinity], [0.0,1.0], [0.0,0.0], [0.0,0.0], [0.0,0.0], [0.0,0.0], [-Infinity,Infinity], [-Infinity,Infinity], [-Infinity,Infinity], [-Infinity,Infinity], [-Infinity,Infinity], [-Infinity,Infinity], [-Infinity,Infinity], [-Infinity,Infinity], [-Infinity,Infinity], [-Infinity,Infinity], [-Infinity,Infinity], [-Infinity,Infinity]]
EXIT 3 SourceExit_0 [[0.0,0.0], [0.0,0.0], [5.0,5.0], [125.0,125.0], [0.0,0.0], [0.0,0.0], [0.0,0.0], [0.0,1.0], [-Infinity,Infinity], [0.0,1.0], [0.0,0.0], [0.0,0.0], [0.0,0.0], [0.0,0.0], [0.0,0.0], [-Infinity,Infinity], [-Infinity,Infinity], [-Infinity,Infinity], [0.0,1.0], [0.0,0.0], [0.0,0.0], [0.0,0.0], [0.0,0.0], [-Infinity,Infinity], [-Infinity,Infinity], [-Infinity,Infinity], [-Infinity,Infinity], [-Infinity,Infinity], [-Infinity,Infinity], [-Infinity,Infinity], [-Infinity,Infinity], [-Infinity,Infinity], [-Infinity,Infinity], [-Infinity,Infinity], [-Infinity,Infinity]]
ENTRY 3 ContractDefinition_0 [[0.0,0.0], [0.0,0.0], [5.0,5.0], [125.0,125.0], [0.0,0.0], [0.0,0.0], [0.0,0.0], [0.0,0.0], [0.0,0.0], [0.0,0.0], [0.0,0.0], [0.0,0.0], [0.0,0.0], [0.0,0.0], [0.0,0.0], [0.0,0.0], [0.0,0.0], [0.0,0.0], [0.0,0.0], [0.0,0.0], [0.0,0.0], [0.0,0.0], [0.0,0.0], [0.0,0.0], [-Infinity,Infinity], [0.0,0.0], [0.0,0.0], [0.0,0.0], [0.0,0.0], [0.0,0.0], [0.0,0.0], [0.0,0.0], [0.0,0.0], [0.0,0.0], [0.0,0.0]]
EXIT 3 ContractDefinition_0 [[0.0,0.0], [0.0,0.0], [5.0,5.0], [125.0,125.0], [0.0,0.0], [0.0,0.0], [0.0,0.0], [0.0,0.0], [0.0,0.0], [0.0,0.0], [0.0,0.0], [0.0,0.0], [0.0,0.0], [0.0,0.0], [0.0,0.0], [0.0,0.0], [0.0,0.0], [0.0,0.0], [0.0,0.0], [0.0,0.0], [0.0,0.0], [0.0,0.0], [0.0,0.0], [0.0,0.0], [-Infinity,Infinity], [0.0,0.0], [0.0,0.0], [0.0,0.0], [0.0,0.0], [0.0,0.0], [0.0,0.0], [0.0,0.0], [0.0,0.0], [0.0,0.0], [0.0,0.0]]
ENTRY 3 VariableDeclaration_0 [[0.0,0.0], [0.0,0.0], [5.0,5.0], [125.0,125.0], [0.0,0.0], [0.0,0.0], [0.0,0.0], [0.0,0.0], [0.0,0.0], [0.0,0.0], [0.0,0.0], [0.0,0.0], [0.0,0.0], [0.0,0.0], [0.0,0.0], [0.0,0.0], [0.0,0.0], [0.0,0.0], [0.0,0.0], [0.0,0.0], [0.0,0.0], [0.0,0.0], [0.0,0.0], [0.0,0.0], [-Infinity,Infinity], [0.0,0.0], [0.0,0.0], [0.0,0.0], [0.0,0.0], [0.0,0.0], [0.0,0.0], [0.0,0.0], [0.0,0.0], [0.0,0.0], [0.0,0.0]]
EXIT 3 VariableDeclaration_0 [[0.0,0.0], [0.0,0.0], [5.0,5.0], [125.0,125.0], [0.0,0.0], [0.0,0.0], [0.0,0.0], [0.0,0.0], [0.0,0.0], [0.0,0.0], [0.0,0.0], [0.0,0.0], [0.0,0.0], [0.0,0.0], [0.0,0.0], [0.0,0.0], [0.0,0.0], [0.0,0.0], [0.0,0.0], [0.0,0.0], [0.0,0.0], [0.0,0.0], [0.0,0.0], [0.0,0.0], [-Infinity,Infinity], [0.0,0.0], [0.0,0.0], [0.0,0.0], [0.0,0.0], [0.0,0.0], [0.0,0.0], [0.0,0.0], [0.0,0.0], [0.0,0.0], [0.0,0.0]]
ENTRY 3 VariableDeclaration_1 [[0.0,0.0], [0.0,0.0], [5.0,5.0], [125.0,125.0], [0.0,0.0], [0.0,0.0], [0.0,0.0], [0.0,0.0], [0.0,0.0], [0.0,0.0], [0.0,0.0], [0.0,0.0], [0.0,0.0], [0.0,0.0], [0.0,0.0], [0.0,0.0], [0.0,0.0], [0.0,0.0], [0.0,0.0], [0.0,0.0], [0.0,0.0], [0.0,0.0], [0.0,0.0], [0.0,0.0], [-Infinity,Infinity], [0.0,0.0], [0.0,0.0], [0.0,0.0], [0.0,0.0], [0.0,0.0], [0.0,0.0], [0.0,0.0], [0.0,0.0], [0.0,0.0], [0.0,0.0]]
EXIT 3 VariableDeclaration_1 [[0.0,0.0], [0.0,0.0], [5.0,5.0], [125.0,125.0], [0.0,0.0], [0.0,0.0], [0.0,0.0], [0.0,0.0], [0.0,0.0], [0.0,0.0], [0.0,0.0], [0.0,0.0], [0.0,0.0], [0.0,0.0], [0.0,0.0], [0.0,0.0], [0.0,0.0], [0.0,0.0], [0.0,0.0], [0.0,0.0], [0.0,0.0], [0.0,0.0], [0.0,0.0], [0.0,0.0], [-Infinity,Infinity], [0.0,0.0], [0.0,0.0], [0.0,0.0], [0.0,0.0], [0.0,0.0], [0.0,0.0], [0.0,0.0], [0.0,0.0], [0.0,0.0], [0.0,0.0]]
ENTRY 3 VariableDeclaration_2 [[0.0,0.0], [0.0,0.0], [5.0,5.0], [125.0,125.0], [0.0,0.0], [0.0,0.0], [0.0,0.0], [0.0,0.0], [0.0,0.0], [0.0,0.0], [0.0,0.0], [0.0,0.0], [0.0,0.0], [0.0,0.0], [0.0,0.0], [0.0,0.0], [0.0,0.0], [0.0,0.0], [0.0,0.0], [0.0,0.0], [0.0,0.0], [0.0,0.0], [0.0,0.0], [0.0,0.0], [-Infinity,Infinity], [0.0,0.0], [0.0,0.0], [0.0,0.0], [0.0,0.0], [0.0,0.0], [0.0,0.0], [0.0,0.0], [0.0,0.0], [0.0,0.0], [0.0,0.0]]
EXIT 3 VariableDeclaration_2 [[0.0,0.0], [0.0,0.0], [5.0,5.0], [125.0,125.0], [0.0,0.0], [0.0,0.0], [0.0,0.0], [0.0,0.0], [0.0,0.0], [0.0,0.0], [0.0,0.0], [0.0,0.0], [0.0,0.0], [0.0,0.0], [0.0,0.0], [0.0,0.0], [0.0,0.0], [0.0,0.0], [0.0,0.0], [0.0,0.0], [0.0,0.0], [0.0,0.0], [0.0,0.0], [0.0,0.0], [-Infinity,Infinity], [0.0,0.0], [0.0,0.0], [0.0,0.0], [0.0,0.0], [0.0,0.0], [0.0,0.0], [0.0,0.0], [0.0,0.0], [0.0,0.0], [0.0,0.0]]
ENTRY 3 VariableDeclaration_3 [[0.0,0.0], [0.0,0.0], [5.0,5.0], [125.0,125.0], [0.0,0.0], [0.0,0.0], [0.0,0.0], [0.0,0.0], [0.0,0.0], [0.0,0.0], [0.0,0.0], [0.0,0.0], [0.0,0.0], [0.0,0.0], [0.0,0.0], [0.0,0.0], [0.0,0.0], [0.0,0.0], [0.0,0.0], [0.0,0.0], [0.0,0.0], [0.0,0.0], [0.0,0.0], [0.0,0.0], [-Infinity,Infinity], [0.0,0.0], [0.0,0.0], [0.0,0.0], [0.0,0.0], [0.0,0.0], [0.0,0.0], [0.0,0.0], [0.0,0.0], [0.0,0.0], [0.0,0.0]]
EXIT 3 VariableDeclaration_3 [[0.0,0.0], [0.0,0.0], [5.0,5.0], [125.0,125.0], [0.0,0.0], [0.0,0.0], [0.0,0.0], [0.0,0.0], [0.0,0.0], [0.0,0.0], [0.0,0.0], [0.0,0.0], [0.0,0.0], [0.0,0.0], [0.0,0.0], [0.0,0.0], [0.0,0.0], [0.0,0.0], [0.0,0.0], [0.0,0.0], [0.0,0.0], [0.0,0.0], [0.0,0.0], [0.0,0.0], [-Infinity,Infinity], [0.0,0.0], [0.0,0.0], [0.0,0.0], [0.0,0.0], [0.0,0.0], [0.0,0.0], [0.0,0.0], [0.0,0.0], [0.0,0.0], [0.0,0.0]]
ENTRY 3 VariableDeclaration_4 [[0.0,0.0], [0.0,0.0], [5.0,5.0], [125.0,125.0], [0.0,0.0], [0.0,0.0], [0.0,0.0], [0.0,0.0], [0.0,0.0], [0.0,0.0], [0.0,0.0], [0.0,0.0], [0.0,0.0], [0.0,0.0], [0.0,0.0], [0.0,0.0], [0.0,0.0], [0.0,0.0], [0.0,0.0], [0.0,0.0], [0.0,0.0], [0.0,0.0], [0.0,0.0], [0.0,0.0], [-Infinity,Infinity], [0.0,0.0], [0.0,0.0], [0.0,0.0], [0.0,0.0], [0.0,0.0], [0.0,0.0], [0.0,0.0], [0.0,0.0], [0.0,0.0], [0.0,0.0]]
EXIT 3 VariableDeclaration_4 [[0.0,0.0], [0.0,0.0], [5.0,5.0], [125.0,125.0], [0.0,0.0], [0.0,0.0], [0.0,0.0], [0.0,0.0], [0.0,0.0], [0.0,0.0], [0.0,0.0], [0.0,0.0], [0.0,0.0], [0.0,0.0], [0.0,0.0], [0.0,0.0], [0.0,0.0], [0.0,0.0], [0.0,0.0], [0.0,0.0], [0.0,0.0], [0.0,0.0], [0.0,0.0], [0.0,0.0], [-Infinity,Infinity], [0.0,0.0], [0.0,0.0], [0.0,0.0], [0.0,0.0], [0.0,0.0], [0.0,0.0], [0.0,0.0], [0.0,0.0], [0.0,0.0], [0.0,0.0]]
ENTRY 3 VariableDeclaration_5 [[0.0,0.0], [0.0,0.0], [5.0,5.0], [125.0,125.0], [0.0,0.0], [0.0,0.0], [0.0,0.0], [0.0,0.0], [0.0,0.0], [0.0,0.0], [0.0,0.0], [0.0,0.0], [0.0,0.0], [0.0,0.0], [0.0,0.0], [0.0,0.0], [0.0,0.0], [0.0,0.0], [0.0,0.0], [0.0,0.0], [0.0,0.0], [0.0,0.0], [0.0,0.0], [0.0,0.0], [-Infinity,Infinity], [0.0,0.0], [0.0,0.0], [0.0,0.0], [0.0,0.0], [0.0,0.0], [0.0,0.0], [0.0,0.0], [0.0,0.0], [0.0,0.0], [0.0,0.0]]
EXIT 3 VariableDeclaration_5 [[0.0,0.0], [0.0,0.0], [5.0,5.0], [125.0,125.0], [0.0,0.0], [0.0,0.0], [0.0,0.0], [0.0,0.0], [0.0,0.0], [0.0,0.0], [0.0,0.0], [0.0,0.0], [0.0,0.0], [0.0,0.0], [0.0,0.0], [0.0,0.0], [0.0,0.0], [0.0,0.0], [0.0,0.0], [0.0,0.0], [0.0,0.0], [0.0,0.0], [0.0,0.0], [0.0,0.0], [-Infinity,Infinity], [0.0,0.0], [0.0,0.0], [0.0,0.0], [0.0,0.0], [0.0,0.0], [0.0,0.0], [0.0,0.0], [0.0,0.0], [0.0,0.0], [0.0,0.0]]
ENTRY 3 VariableDeclaration_6 [[0.0,0.0], [0.0,0.0], [5.0,5.0], [125.0,125.0], [0.0,0.0], [0.0,0.0], [0.0,0.0], [0.0,0.0], [0.0,0.0], [0.0,0.0], [0.0,0.0], [0.0,0.0], [0.0,0.0], [0.0,0.0], [0.0,0.0], [0.0,0.0], [0.0,0.0], [0.0,0.0], [0.0,0.0], [0.0,0.0], [0.0,0.0], [0.0,0.0], [0.0,0.0], [0.0,0.0], [-Infinity,Infinity], [0.0,0.0], [0.0,0.0], [0.0,0.0], [0.0,0.0], [0.0,0.0], [0.0,0.0], [0.0,0.0], [0.0,0.0], [0.0,0.0], [0.0,0.0]]
EXIT 3 VariableDeclaration_6 [[0.0,0.0], [0.0,0.0], [5.0,5.0], [125.0,125.0], [0.0,0.0], [0.0,0.0], [0.0,0.0], [0.0,0.0], [0.0,0.0], [0.0,0.0], [0.0,0.0], [0.0,0.0], [0.0,0.0], [0.0,0.0], [0.0,0.0], [0.0,0.0], [0.0,0.0], [0.0,0.0], [0.0,0.0], [0.0,0.0], [0.0,0.0], [0.0,0.0], [0.0,0.0], [0.0,0.0], [-Infinity,Infinity], [0.0,0.0], [0.0,0.0], [0.0,0.0], [0.0,0.0], [0.0,0.0], [0.0,0.0], [0.0,0.0], [0.0,0.0], [0.0,0.0], [0.0,0.0]]
ENTRY 3 FunctionDefinition_0 [[0.0,0.0], [0.0,0.0], [5.0,5.0], [125.0,125.0], [0.0,0.0], [0.0,0.0], [0.0,0.0], [0.0,0.0], [0.0,0.0], [0.0,0.0], [0.0,0.0], [0.0,0.0], [0.0,0.0], [0.0,0.0], [0.0,0.0], [0.0,0.0], [0.0,0.0], [0.0,0.0], [0.0,0.0], [0.0,0.0], [0.0,0.0], [0.0,0.0], [0.0,0.0], [0.0,0.0], [-Infinity,Infinity], [0.0,0.0], [0.0,0.0], [0.0,0.0], [0.0,0.0], [0.0,0.0], [0.0,0.0], [0.0,0.0], [0.0,0.0], [0.0,0.0], [0.0,0.0]]
EXIT 3 FunctionDefinition_0 [[0.0,0.0], [0.0,0.0], [5.0,5.0], [125.0,125.0], [0.0,0.0], [0.0,0.0], [0.0,0.0], [0.0,0.0], [0.0,0.0], [0.0,0.0], [0.0,0.0], [0.0,0.0], [0.0,0.0], [0.0,0.0], [0.0,0.0], [0.0,0.0], [0.0,0.0], [0.0,0.0], [0.0,0.0], [0.0,0.0], [0.0,0.0], [0.0,0.0], [0.0,0.0], [0.0,0.0], [-Infinity,Infinity], [0.0,0.0], [0.0,0.0], [0.0,0.0], [0.0,0.0], [0.0,0.0], [0.0,0.0], [0.0,0.0], [0.0,0.0], [0.0,0.0], [0.0,0.0]]
ENTRY 3 FunctionEntry_0 [[0.0,0.0], [0.0,0.0], [5.0,5.0], [125.0,125.0], [0.0,0.0], [0.0,0.0], [0.0,0.0], [0.0,0.0], [0.0,0.0], [0.0,0.0], [0.0,0.0], [0.0,0.0], [0.0,0.0], [0.0,0.0], [0.0,0.0], [0.0,0.0], [0.0,0.0], [0.0,0.0], [0.0,0.0], [0.0,0.0], [0.0,0.0], [0.0,0.0], [0.0,0.0], [0.0,0.0], [-Infinity,Infinity], [0.0,0.0], [0.0,0.0], [0.0,0.0], [0.0,0.0], [0.0,0.0], [0.0,0.0], [0.0,0.0], [0.0,0.0], [0.0,0.0], [0.0,0.0]]
EXIT 3 FunctionEntry_0 [[0.0,0.0], [0.0,0.0], [5.0,5.0], [125.0,125.0], [0.0,0.0], [0.0,0.0], [0.0,0.0], [0.0,0.0], [0.0,0.0], [0.0,0.0], [0.0,0.0], [0.0,0.0], [0.0,0.0], [0.0,0.0], [0.0,0.0], [0.0,0.0], [0.0,0.0], [0.0,0.0], [0.0,0.0], [0.0,0.0], [0.0,0.0], [0.0,0.0], [0.0,0.0], [0.0,0.0], [-Infinity,Infinity], [0.0,0.0], [0.0,0.0], [0.0,0.0], [0.0,0.0], [0.0,0.0], [0.0,0.0], [0.0,0.0], [0.0,0.0], [0.0,0.0], [0.0,0.0]]
ENTRY 3 ExpressionStatement_0 [[0.0,0.0], [0.0,0.0], [5.0,5.0], [125.0,125.0], [0.0,0.0], [0.0,0.0], [0.0,0.0], [0.0,0.0], [0.0,0.0], [0.0,0.0], [0.0,0.0], [0.0,0.0], [0.0,0.0], [0.0,0.0], [0.0,0.0], [0.0,0.0], [0.0,0.0], [0.0,0.0], [0.0,0.0], [0.0,0.0], [0.0,0.0], [0.0,0.0], [0.0,0.0], [0.0,0.0], [-Infinity,Infinity], [0.0,0.0], [0.0,0.0], [0.0,0.0], [0.0,0.0], [0.0,0.0], [0.0,0.0], [0.0,0.0], [0.0,0.0], [0.0,0.0], [0.0,0.0]]
EXIT 3 ExpressionStatement_0 [[-Infinity,Infinity], [0.0,0.0], [5.0,5.0], [125.0,125.0], [0.0,0.0], [0.0,0.0], [0.0,0.0], [0.0,0.0], [0.0,0.0], [0.0,0.0], [0.0,0.0], [0.0,0.0], [0.0,0.0], [0.0,0.0], [0.0,0.0], [0.0,0.0], [0.0,0.0], [0.0,0.0], [0.0,0.0], [0.0,0.0], [0.0,0.0], [0.0,0.0], [0.0,0.0], [0.0,0.0], [-Infinity,Infinity], [0.0,0.0], [0.0,0.0], [0.0,0.0], [0.0,0.0], [0.0,0.0], [0.0,0.0], [0.0,0.0], [0.0,0.0], [0.0,0.0], [0.0,0.0]]
ENTRY 3 FunctionExit_0 [[-Infinity,Infinity], [0.0,0.0], [5.0,5.0], [125.0,125.0], [0.0,0.0], [0.0,0.0], [0.0,0.0], [0.0,0.0], [0.0,0.0], [0.0,0.0], [0.0,0.0], [0.0,0.0], [0.0,0.0], [0.0,0.0], [0.0,0.0], [0.0,0.0], [0.0,0.0], [0.0,0.0], [0.0,0.0], [0.0,0.0], [0.0,0.0], [0.0,0.0], [0.0,0.0], [0.0,0.0], [-Infinity,Infinity], [0.0,0.0], [0.0,0.0], [0.0,0.0], [0.0,0.0], [0.0,0.0], [0.0,0.0], [0.0,0.0], [0.0,0.0], [0.0,0.0], [0.0,0.0]]
EXIT 3 FunctionExit_0 [[-Infinity,Infinity], [0.0,0.0], [5.0,5.0], [125.0,125.0], [0.0,0.0], [0.0,0.0], [0.0,0.0], [0.0,0.0], [0.0,0.0], [0.0,0.0], [0.0,0.0], [0.0,0.0], [0.0,0.0], [0.0,0.0], [0.0,0.0], [0.0,0.0], [0.0,0.0], [0.0,0.0], [0.0,0.0], [0.0,0.0], [0.0,0.0], [0.0,0.0], [0.0,0.0], [0.0,0.0], [-Infinity,Infinity], [0.0,0.0], [0.0,0.0], [0.0,0.0], [0.0,0.0], [0.0,0.0], [0.0,0.0], [0.0,0.0], [0.0,0.0], [0.0,0.0], [0.0,0.0]]
ENTRY 3 ModifierDefinition_0 [[0.0,0.0], [0.0,0.0], [5.0,5.0], [125.0,125.0], [0.0,0.0], [0.0,0.0], [0.0,0.0], [0.0,0.0], [0.0,0.0], [0.0,0.0], [0.0,0.0], [0.0,0.0], [0.0,0.0], [0.0,0.0], [0.0,0.0], [0.0,0.0], [0.0,0.0], [0.0,0.0], [0.0,0.0], [0.0,0.0], [0.0,0.0], [0.0,0.0], [0.0,0.0], [0.0,0.0], [-Infinity,Infinity], [0.0,0.0], [0.0,0.0], [0.0,0.0], [0.0,0.0], [0.0,0.0], [0.0,0.0], [0.0,0.0], [0.0,0.0], [0.0,0.0], [0.0,0.0]]
EXIT 3 ModifierDefinition_0 [[0.0,0.0], [0.0,0.0], [5.0,5.0], [125.0,125.0], [0.0,0.0], [0.0,0.0], [0.0,0.0], [0.0,0.0], [0.0,0.0], [0.0,0.0], [0.0,0.0], [0.0,0.0], [0.0,0.0], [0.0,0.0], [0.0,0.0], [0.0,0.0], [0.0,0.0], [0.0,0.0], [0.0,0.0], [0.0,0.0], [0.0,0.0], [0.0,0.0], [0.0,0.0], [0.0,0.0], [-Infinity,Infinity], [0.0,0.0], [0.0,0.0], [0.0,0.0], [0.0,0.0], [0.0,0.0], [0.0,0.0], [0.0,0.0], [0.0,0.0], [0.0,0.0], [0.0,0.0]]
ENTRY 3 StructDefinition_0 [[0.0,0.0], [0.0,0.0], [5.0,5.0], [125.0,125.0], [0.0,0.0], [0.0,0.0], [0.0,0.0], [0.0,0.0], [0.0,0.0], [0.0,0.0], [0.0,0.0], [0.0,0.0], [0.0,0.0], [0.0,0.0], [0.0,0.0], [0.0,0.0], [0.0,0.0], [0.0,0.0], [0.0,0.0], [0.0,0.0], [0.0,0.0], [0.0,0.0], [0.0,0.0], [0.0,0.0], [-Infinity,Infinity], [0.0,0.0], [0.0,0.0], [0.0,0.0], [0.0,0.0], [0.0,0.0], [0.0,0.0], [0.0,0.0], [0.0,0.0], [0.0,0.0], [0.0,0.0]]
EXIT 3 StructDefinition_0 [[0.0,0.0], [0.0,0.0], [5.0,5.0], [125.0,125.0], [0.0,0.0], [0.0,0.0], [0.0,0.0], [0.0,0.0], [0.0,0.0], [0.0,0.0], [0.0,0.0], [0.0,0.0], [0.0,0.0], [0.0,0.0], [0.0,0.0], [0.0,0.0], [0.0,0.0], [0.0,0.0], [0.0,0.0], [0.0,0.0], [0.0,0.0], [0.0,0.0], [0.0,0.0], [0.0,0.0], [-Infinity,Infinity], [0.0,0.0], [0.0,0.0], [0.0,0.0], [0.0,0.0], [0.0,0.0], [0.0,0.0], [0.0,0.0], [0.0,0.0], [0.0,0.0], [0.0,0.0]]
ENTRY 3 StructDefinition_1 [[0.0,0.0], [0.0,0.0], [5.0,5.0], [125.0,125.0], [0.0,0.0], [0.0,0.0], [0.0,0.0], [0.0,0.0], [0.0,0.0], [0.0,0.0], [0.0,0.0], [0.0,0.0], [0.0,0.0], [0.0,0.0], [0.0,0.0], [0.0,0.0], [0.0,0.0], [0.0,0.0], [0.0,0.0], [0.0,0.0], [0.0,0.0], [0.0,0.0], [0.0,0.0], [0.0,0.0], [-Infinity,Infinity], [0.0,0.0], [0.0,0.0], [0.0,0.0], [0.0,0.0], [0.0,0.0], [0.0,0.0], [0.0,0.0], [0.0,0.0], [0.0,0.0], [0.0,0.0]]
EXIT 3 StructDefinition_1 [[0.0,0.0], [0.0,0.0], [5.0,5.0], [125.0,125.0], [0.0,0.0], [0.0,0.0], [0.0,0.0], [0.0,0.0], [0.0,0.0], [0.0,0.0], [0.0,0.0], [0.0,0.0], [0.0,0.0], [0.0,0.0], [0.0,0.0], [0.0,0.0], [0.0,0.0], [0.0,0.0], [0.0,0.0], [0.0,0.0], [0.0,0.0], [0.0,0.0], [0.0,0.0], [0.0,0.0], [-Infinity,Infinity], [0.0,0.0], [0.0,0.0], [0.0,0.0], [0.0,0.0], [0.0,0.0], [0.0,0.0], [0.0,0.0], [0.0,0.0], [0.0,0.0], [0.0,0.0]]
ENTRY 3 FunctionDefinition_1 [[-Infinity,Infinity], [0.0,0.0], [5.0,5.0], [125.0,125.0], [0.0,0.0], [0.0,0.0], [0.0,0.0], [0.0,0.0], [0.0,0.0], [0.0,0.0], [0.0,0.0], [0.0,0.0], [0.0,0.0], [0.0,0.0], [0.0,0.0], [0.0,0.0], [0.0,0.0], [0.0,0.0], [0.0,0.0], [0.0,0.0], [0.0,0.0], [0.0,0.0], [0.0,0.0], [0.0,0.0], [-Infinity,Infinity], [0.0,0.0], [0.0,0.0], [0.0,0.0], [0.0,0.0], [0.0,0.0], [0.0,0.0], [0.0,0.0], [0.0,0.0], [0.0,0.0], [0.0,0.0]]
EXIT 3 FunctionDefinition_1 [[-Infinity,Infinity], [0.0,0.0], [5.0,5.0], [125.0,125.0], [0.0,0.0], [0.0,0.0], [0.0,0.0], [0.0,0.0], [0.0,0.0], [0.0,0.0], [0.0,0.0], [0.0,0.0], [0.0,0.0], [0.0,0.0], [0.0,0.0], [0.0,0.0], [0.0,0.0], [0.0,0.0], [0.0,0.0], [0.0,0.0], [0.0,0.0], [0.0,0.0], [0.0,0.0], [0.0,0.0], [-Infinity,Infinity], [0.0,0.0], [0.0,0.0], [0.0,0.0], [0.0,0.0], [0.0,0.0], [0.0,0.0], [0.0,0.0], [0.0,0.0], [0.0,0.0], [0.0,0.0]]
ENTRY 3 FunctionEntry_1 [[-Infinity,Infinity], [0.0,0.0], [5.0,5.0], [125.0,125.0], [0.0,0.0], [0.0,0.0], [0.0,0.0], [0.0,0.0], [0.0,0.0], [0.0,0.0], [0.0,0.0], [0.0,0.0], [0.0,0.0], [0.0,0.0], [0.0,0.0], [0.0,0.0], [0.0,0.0], [0.0,0.0], [0.0,0.0], [0.0,0.0], [0.0,0.0], [0.0,0.0], [0.0,0.0], [0.0,0.0], [-Infinity,Infinity], [0.0,0.0], [0.0,0.0], [0.0,0.0], [0.0,0.0], [0.0,0.0], [0.0,0.0], [0.0,0.0], [0.0,0.0], [0.0,0.0], [0.0,0.0]]
EXIT 3 FunctionEntry_1 [[-Infinity,Infinity], [0.0,0.0], [5.0,5.0], [125.0,125.0], [0.0,0.0], [0.0,0.0], [0.0,0.0], [0.0,0.0], [0.0,0.0], [0.0,0.0], [0.0,0.0], [0.0,0.0], [0.0,0.0], [0.0,0.0], [0.0,0.0], [0.0,0.0], [0.0,0.0], [0.0,0.0], [0.0,0.0], [0.0,0.0], [0.0,0.0], [0.0,0.0], [0.0,0.0], [0.0,0.0], [-Infinity,Infinity], [0.0,0.0], [0.0,0.0], [0.0,0.0], [0.0,0.0], [0.0,0.0], [0.0,0.0], [0.0,0.0], [0.0,0.0], [0.0,0.0], [0.0,0.0]]
ENTRY 3 ExpressionStatement_1 [[-Infinity,Infinity], [0.0,0.0], [5.0,5.0], [125.0,125.0], [0.0,0.0], [0.0,0.0], [0.0,0.0], [0.0,0.0], [0.0,0.0], [0.0,0.0], [0.0,0.0], [0.0,0.0], [0.0,0.0], [0.0,0.0], [0.0,0.0], [0.0,0.0], [0.0,0.0], [0.0,0.0], [0.0,0.0], [0.0,0.0], [0.0,0.0], [0.0,0.0], [0.0,0.0], [0.0,0.0], [-Infinity,Infinity], [0.0,0.0], [0.0,0.0], [0.0,0.0], [0.0,0.0], [0.0,0.0], [0.0,0.0], [0.0,0.0], [0.0,0.0], [0.0,0.0], [0.0,0.0]]
EXIT 3 ExpressionStatement_1 [[-Infinity,Infinity], [0.0,0.0], [5.0,5.0], [125.0,125.0], [0.0,0.0], [0.0,0.0], [0.0,0.0], [0.0,0.0], [0.0,0.0], [0.0,0.0], [0.0,0.0], [0.0,0.0], [0.0,0.0], [0.0,0.0], [0.0,0.0], [0.0,0.0], [0.0,0.0], [0.0,0.0], [0.0,0.0], [0.0,0.0], [0.0,0.0], [0.0,0.0], [0.0,0.0], [0.0,0.0], [-Infinity,Infinity], [0.0,0.0], [0.0,0.0], [0.0,0.0], [0.0,0.0], [0.0,0.0], [0.0,0.0], [0.0,0.0], [0.0,0.0], [0.0,0.0], [0.0,0.0]]
ENTRY 3 FunctionExit_1 [[-Infinity,Infinity], [0.0,0.0], [5.0,5.0], [125.0,125.0], [0.0,0.0], [0.0,0.0], [0.0,0.0], [0.0,0.0], [0.0,0.0], [0.0,0.0], [0.0,0.0], [0.0,0.0], [0.0,0.0], [0.0,0.0], [0.0,0.0], [0.0,0.0], [0.0,0.0], [0.0,0.0], [0.0,0.0], [0.0,0.0], [0.0,0.0], [0.0,0.0], [0.0,0.0], [0.0,0.0], [-Infinity,Infinity], [0.0,0.0], [0.0,0.0], [0.0,0.0], [0.0,0.0], [0.0,0.0], [0.0,0.0], [0.0,0.0], [0.0,0.0], [0.0,0.0], [0.0,0.0]]
EXIT 3 FunctionExit_1 [[-Infinity,Infinity], [0.0,0.0], [5.0,5.0], [125.0,125.0], [0.0,0.0], [0.0,0.0], [0.0,0.0], [0.0,0.0], [0.0,0.0], [0.0,0.0], [0.0,0.0], [0.0,0.0], [0.0,0.0], [0.0,0.0], [0.0,0.0], [0.0,0.0], [0.0,0.0], [0.0,0.0], [0.0,0.0], [0.0,0.0], [0.0,0.0], [0.0,0.0], [0.0,0.0], [0.0,0.0], [-Infinity,Infinity], [0.0,0.0], [0.0,0.0], [0.0,0.0], [0.0,0.0], [0.0,0.0], [0.0,0.0], [0.0,0.0], [0.0,0.0], [0.0,0.0], [0.0,0.0]]
ENTRY 3 FunctionDefinition_2 [[-Infinity,Infinity], [0.0,0.0], [5.0,5.0], [125.0,125.0], [0.0,0.0], [0.0,0.0], [0.0,0.0], [0.0,0.0], [0.0,0.0], [0.0,0.0], [0.0,0.0], [0.0,0.0], [0.0,0.0], [0.0,0.0], [0.0,0.0], [0.0,0.0], [0.0,0.0], [0.0,0.0], [0.0,0.0], [0.0,0.0], [0.0,0.0], [0.0,0.0], [0.0,0.0], [0.0,0.0], [-Infinity,Infinity], [0.0,0.0], [0.0,0.0], [0.0,0.0], [0.0,0.0], [0.0,0.0], [0.0,0.0], [0.0,0.0], [0.0,0.0], [0.0,0.0], [0.0,0.0]]
EXIT 3 FunctionDefinition_2 [[-Infinity,Infinity], [0.0,0.0], [5.0,5.0], [125.0,125.0], [0.0,0.0], [0.0,0.0], [0.0,0.0], [0.0,0.0], [0.0,0.0], [0.0,0.0], [0.0,0.0], [0.0,0.0], [0.0,0.0], [0.0,0.0], [0.0,0.0], [0.0,0.0], [0.0,0.0], [0.0,0.0], [0.0,0.0], [0.0,0.0], [0.0,0.0], [0.0,0.0], [0.0,0.0], [0.0,0.0], [-Infinity,Infinity], [0.0,0.0], [0.0,0.0], [0.0,0.0], [0.0,0.0], [0.0,0.0], [0.0,0.0], [0.0,0.0], [0.0,0.0], [0.0,0.0], [0.0,0.0]]
ENTRY 3 FunctionEntry_2 [[-Infinity,Infinity], [0.0,0.0], [5.0,5.0], [125.0,125.0], [0.0,0.0], [0.0,0.0], [0.0,0.0], [0.0,0.0], [0.0,0.0], [0.0,0.0], [0.0,0.0], [0.0,0.0], [0.0,0.0], [0.0,0.0], [0.0,0.0], [0.0,0.0], [0.0,0.0], [0.0,0.0], [0.0,0.0], [0.0,0.0], [0.0,0.0], [0.0,0.0], [0.0,0.0], [0.0,0.0], [-Infinity,Infinity], [0.0,0.0], [0.0,0.0], [0.0,0.0], [0.0,0.0], [0.0,0.0], [0.0,0.0], [0.0,0.0], [0.0,0.0], [0.0,0.0], [0.0,0.0]]
EXIT 3 FunctionEntry_2 [[-Infinity,Infinity], [0.0,0.0], [5.0,5.0], [125.0,125.0], [0.0,0.0], [0.0,0.0], [0.0,0.0], [0.0,0.0], [0.0,0.0], [0.0,0.0], [0.0,0.0], [0.0,0.0], [0.0,0.0], [0.0,0.0], [0.0,0.0], [0.0,0.0], [0.0,0.0], [0.0,0.0], [0.0,0.0], [0.0,0.0], [0.0,0.0], [0.0,0.0], [0.0,0.0], [0.0,0.0], [-Infinity,Infinity], [0.0,0.0], [0.0,0.0], [0.0,0.0], [0.0,0.0], [0.0,0.0], [0.0,0.0], [0.0,0.0], [0.0,0.0], [0.0,0.0], [0.0,0.0]]
ENTRY 3 IfStatement_0 [[-Infinity,Infinity], [0.0,0.0], [5.0,5.0], [125.0,125.0], [0.0,0.0], [0.0,0.0], [0.0,0.0], [0.0,0.0], [0.0,0.0], [0.0,0.0], [0.0,0.0], [0.0,0.0], [0.0,0.0], [0.0,0.0], [0.0,0.0], [0.0,0.0], [0.0,0.0], [0.0,0.0], [0.0,0.0], [0.0,0.0], [0.0,0.0], [0.0,0.0], [0.0,0.0], [0.0,0.0], [-Infinity,Infinity], [0.0,0.0], [0.0,0.0], [0.0,0.0], [0.0,0.0], [0.0,0.0], [0.0,0.0], [0.0,0.0], [0.0,0.0], [0.0,0.0], [0.0,0.0]]
EXIT 3 IfStatement_0 [[1.0,-1.0], [1.0,-1.0], [1.0,-1.0], [1.0,-1.0], [1.0,-1.0], [1.0,-1.0], [1.0,-1.0], [1.0,-1.0], [1.0,-1.0], [1.0,-1.0], [1.0,-1.0], [1.0,-1.0], [1.0,-1.0], [1.0,-1.0], [1.0,-1.0], [1.0,-1.0], [1.0,-1.0], [1.0,-1.0], [1.0,-1.0], [1.0,-1.0], [1.0,-1.0], [1.0,-1.0], [1.0,-1.0], [1.0,-1.0], [1.0,-1.0], [1.0,-1.0], [1.0,-1.0], [1.0,-1.0], [1.0,-1.0], [1.0,-1.0], [1.0,-1.0], [1.0,-1.0], [1.0,-1.0], [1.0,-1.0], [1.0,-1.0]]
ENTRY 3 ExpressionStatement_2 [[-Infinity,Infinity], [0.0,0.0], [5.0,5.0], [125.0,125.0], [0.0,0.0], [0.0,0.0], [0.0,0.0], [0.0,0.0], [0.0,0.0], [0.0,0.0], [0.0,0.0], [0.0,0.0], [0.0,0.0], [0.0,0.0], [0.0,0.0], [0.0,0.0], [0.0,0.0], [0.0,0.0], [0.0,0.0], [0.0,0.0], [0.0,0.0], [0.0,0.0], [0.0,0.0], [0.0,0.0], [-Infinity,Infinity], [0.0,0.0], [0.0,0.0], [0.0,0.0], [0.0,0.0], [0.0,0.0], [0.0,0.0], [0.0,0.0], [0.0,0.0], [0.0,0.0], [0.0,0.0]]
EXIT 3 ExpressionStatement_2 [[-Infinity,Infinity], [0.0,0.0], [5.0,5.0], [125.0,125.0], [0.0,0.0], [0.0,0.0], [0.0,0.0], [0.0,0.0], [0.0,0.0], [0.0,0.0], [0.0,0.0], [0.0,0.0], [0.0,0.0], [0.0,0.0], [0.0,0.0], [0.0,0.0], [0.0,0.0], [0.0,0.0], [0.0,0.0], [0.0,0.0], [0.0,0.0], [0.0,0.0], [0.0,0.0], [0.0,0.0], [-Infinity,Infinity], [0.0,0.0], [0.0,0.0], [0.0,0.0], [0.0,0.0], [0.0,0.0], [0.0,0.0], [0.0,0.0], [0.0,0.0], [0.0,0.0], [0.0,0.0]]
ENTRY 3 Return_0 [[-Infinity,Infinity], [0.0,0.0], [5.0,5.0], [125.0,125.0], [0.0,0.0], [0.0,0.0], [0.0,0.0], [0.0,0.0], [0.0,0.0], [0.0,0.0], [0.0,0.0], [0.0,0.0], [0.0,0.0], [0.0,0.0], [0.0,0.0], [0.0,0.0], [0.0,0.0], [0.0,0.0], [0.0,0.0], [0.0,0.0], [0.0,0.0], [0.0,0.0], [0.0,0.0], [0.0,0.0], [-Infinity,Infinity], [0.0,0.0], [0.0,0.0], [0.0,0.0], [0.0,0.0], [0.0,0.0], [0.0,0.0], [0.0,0.0], [0.0,0.0], [0.0,0.0], [0.0,0.0]]
EXIT 3 Return_0 [[-Infinity,Infinity], [0.0,0.0], [5.0,5.0], [125.0,125.0], [0.0,0.0], [0.0,0.0], [0.0,0.0], [0.0,0.0], [0.0,0.0], [0.0,0.0], [0.0,0.0], [0.0,0.0], [0.0,0.0], [0.0,0.0], [0.0,0.0], [0.0,0.0], [0.0,0.0], [0.0,0.0], [0.0,0.0], [0.0,0.0], [0.0,0.0], [0.0,0.0], [0.0,0.0], [0.0,0.0], [-Infinity,Infinity], [0.0,0.0], [0.0,0.0], [0.0,0.0], [0.0,0.0], [0.0,0.0], [0.0,0.0], [0.0,0.0], [0.0,0.0], [0.0,0.0], [0.0,0.0]]
ENTRY 3 IfConditionJoin_0 [[-Infinity,Infinity], [0.0,0.0], [5.0,5.0], [125.0,125.0], [0.0,0.0], [0.0,0.0], [0.0,0.0], [0.0,0.0], [0.0,0.0], [0.0,0.0], [0.0,0.0], [0.0,0.0], [0.0,0.0], [0.0,0.0], [0.0,0.0], [0.0,0.0], [0.0,0.0], [0.0,0.0], [0.0,0.0], [0.0,0.0], [0.0,0.0], [0.0,0.0], [0.0,0.0], [0.0,0.0], [-Infinity,Infinity], [0.0,0.0], [0.0,0.0], [0.0,0.0], [0.0,0.0], [0.0,0.0], [0.0,0.0], [0.0,0.0], [0.0,0.0], [0.0,0.0], [0.0,0.0]]
EXIT 3 IfConditionJoin_0 [[-Infinity,Infinity], [0.0,0.0], [5.0,5.0], [125.0,125.0], [0.0,0.0], [0.0,0.0], [0.0,0.0], [0.0,0.0], [0.0,0.0], [0.0,0.0], [0.0,0.0], [0.0,0.0], [0.0,0.0], [0.0,0.0], [0.0,0.0], [0.0,0.0], [0.0,0.0], [0.0,0.0], [0.0,0.0], [0.0,0.0], [0.0,0.0], [0.0,0.0], [0.0,0.0], [0.0,0.0], [-Infinity,Infinity], [0.0,0.0], [0.0,0.0], [0.0,0.0], [0.0,0.0], [0.0,0.0], [0.0,0.0], [0.0,0.0], [0.0,0.0], [0.0,0.0], [0.0,0.0]]
ENTRY 3 ExpressionStatement_3 [[-Infinity,Infinity], [0.0,0.0], [5.0,5.0], [125.0,125.0], [0.0,0.0], [0.0,0.0], [0.0,0.0], [0.0,0.0], [0.0,0.0], [0.0,0.0], [0.0,0.0], [0.0,0.0], [0.0,0.0], [0.0,0.0], [0.0,0.0], [0.0,0.0], [0.0,0.0], [0.0,0.0], [0.0,0.0], [0.0,0.0], [0.0,0.0], [0.0,0.0], [0.0,0.0], [0.0,0.0], [-Infinity,Infinity], [0.0,0.0], [0.0,0.0], [0.0,0.0], [0.0,0.0], [0.0,0.0], [0.0,0.0], [0.0,0.0], [0.0,0.0], [0.0,0.0], [0.0,0.0]]
EXIT 3 ExpressionStatement_3 [[-Infinity,Infinity], [0.0,0.0], [5.0,5.0], [125.0,125.0], [0.0,0.0], [0.0,0.0], [0.0,0.0], [0.0,0.0], [0.0,0.0], [0.0,0.0], [0.0,0.0], [0.0,0.0], [0.0,0.0], [0.0,0.0], [0.0,0.0], [0.0,0.0], [0.0,0.0], [0.0,0.0], [0.0,0.0], [0.0,0.0], [0.0,0.0], [0.0,0.0], [0.0,0.0], [0.0,0.0], [-Infinity,Infinity], [0.0,0.0], [0.0,0.0], [0.0,0.0], [0.0,0.0], [0.0,0.0], [0.0,0.0], [0.0,0.0], [0.0,0.0], [0.0,0.0], [0.0,0.0]]
ENTRY 3 FunctionExit_2 [[-Infinity,Infinity], [0.0,0.0], [5.0,5.0], [125.0,125.0], [0.0,0.0], [0.0,0.0], [0.0,0.0], [0.0,0.0], [0.0,0.0], [0.0,0.0], [0.0,0.0], [0.0,0.0], [0.0,0.0], [0.0,0.0], [0.0,0.0], [0.0,0.0], [0.0,0.0], [0.0,0.0], [0.0,0.0], [0.0,0.0], [0.0,0.0], [0.0,0.0], [0.0,0.0], [0.0,0.0], [-Infinity,Infinity], [0.0,0.0], [0.0,0.0], [0.0,0.0], [0.0,0.0], [0.0,0.0], [0.0,0.0], [0.0,0.0], [0.0,0.0], [0.0,0.0], [0.0,0.0]]
EXIT 3 FunctionExit_2 [[-Infinity,Infinity], [0.0,0.0], [5.0,5.0], [125.0,125.0], [0.0,0.0], [0.0,0.0], [0.0,0.0], [0.0,0.0], [0.0,0.0], [0.0,0.0], [0.0,0.0], [0.0,0.0], [0.0,0.0], [0.0,0.0], [0.0,0.0], [0.0,0.0], [0.0,0.0], [0.0,0.0], [0.0,0.0], [0.0,0.0], [0.0,0.0], [0.0,0.0], [0.0,0.0], [0.0,0.0], [-Infinity,Infinity], [0.0,0.0], [0.0,0.0], [0.0,0.0], [0.0,0.0], [0.0,0.0], [0.0,0.0], [0.0,0.0], [0.0,0.0], [0.0,0.0], [0.0,0.0]]
ENTRY 3 FunctionDefinition_3 [[-Infinity,Infinity], [0.0,0.0], [5.0,5.0], [125.0,125.0], [0.0,0.0], [0.0,0.0], [0.0,0.0], [0.0,0.0], [0.0,0.0], [0.0,0.0], [0.0,0.0], [0.0,0.0], [0.0,0.0], [0.0,0.0], [0.0,0.0], [0.0,0.0], [0.0,0.0], [0.0,0.0], [0.0,0.0], [0.0,0.0], [0.0,0.0], [0.0,0.0], [0.0,0.0], [0.0,0.0], [-Infinity,Infinity], [0.0,0.0], [0.0,0.0], [0.0,0.0], [0.0,0.0], [0.0,0.0], [0.0,0.0], [0.0,0.0], [0.0,0.0], [0.0,0.0], [0.0,0.0]]
EXIT 3 FunctionDefinition_3 [[-Infinity,Infinity], [0.0,0.0], [5.0,5.0], [125.0,125.0], [0.0,0.0], [0.0,0.0], [0.0,0.0], [0.0,0.0], [0.0,0.0], [0.0,0.0], [0.0,0.0], [0.0,0.0], [0.0,0.0], [0.0,0.0], [0.0,0.0], [0.0,0.0], [0.0,0.0], [0.0,0.0], [0.0,0.0], [0.0,0.0], [0.0,0.0], [0.0,0.0], [0.0,0.0], [0.0,0.0], [-Infinity,Infinity], [0.0,0.0], [0.0,0.0], [0.0,0.0], [0.0,0.0], [0.0,0.0], [0.0,0.0], [0.0,0.0], [0.0,0.0], [0.0,0.0], [0.0,0.0]]
ENTRY 3 FunctionEntry_3 [[-Infinity,Infinity], [0.0,0.0], [5.0,5.0], [125.0,125.0], [0.0,0.0], [0.0,0.0], [0.0,0.0], [0.0,0.0], [0.0,0.0], [0.0,0.0], [0.0,0.0], [0.0,0.0], [0.0,0.0], [0.0,0.0], [0.0,0.0], [0.0,0.0], [0.0,0.0], [0.0,0.0], [0.0,0.0], [0.0,0.0], [0.0,0.0], [0.0,0.0], [0.0,0.0], [0.0,0.0], [-Infinity,Infinity], [0.0,0.0], [0.0,0.0], [0.0,0.0], [0.0,0.0], [0.0,0.0], [0.0,0.0], [0.0,0.0], [0.0,0.0], [0.0,0.0], [0.0,0.0]]
EXIT 3 FunctionEntry_3 [[-Infinity,Infinity], [0.0,0.0], [5.0,5.0], [125.0,125.0], [0.0,0.0], [0.0,0.0], [0.0,0.0], [0.0,0.0], [0.0,0.0], [0.0,0.0], [0.0,0.0], [0.0,0.0], [0.0,0.0], [0.0,0.0], [0.0,0.0], [0.0,0.0], [0.0,0.0], [0.0,0.0], [0.0,0.0], [0.0,0.0], [0.0,0.0], [0.0,0.0], [0.0,0.0], [0.0,0.0], [-Infinity,Infinity], [0.0,0.0], [0.0,0.0], [0.0,0.0], [0.0,0.0], [0.0,0.0], [0.0,0.0], [0.0,0.0], [0.0,0.0], [0.0,0.0], [0.0,0.0]]
ENTRY 3 VariableDeclarationStatement_0 [[-Infinity,Infinity], [0.0,0.0], [5.0,5.0], [125.0,125.0], [0.0,0.0], [0.0,0.0], [0.0,0.0], [0.0,0.0], [0.0,0.0], [0.0,0.0], [0.0,0.0], [0.0,0.0], [0.0,0.0], [0.0,0.0], [0.0,0.0], [0.0,0.0], [0.0,0.0], [0.0,0.0], [0.0,0.0], [0.0,0.0], [0.0,0.0], [0.0,0.0], [0.0,0.0], [0.0,0.0], [-Infinity,Infinity], [0.0,0.0], [0.0,0.0], [0.0,0.0], [0.0,0.0], [0.0,0.0], [0.0,0.0], [0.0,0.0], [0.0,0.0], [0.0,0.0], [0.0,0.0]]
EXIT 3 VariableDeclarationStatement_0 [[-Infinity,Infinity], [0.0,0.0], [5.0,5.0], [125.0,125.0], [0.0,0.0], [0.0,0.0], [0.0,0.0], [1.0,1.0], [0.0,0.0], [0.0,0.0], [0.0,0.0], [0.0,0.0], [0.0,0.0], [0.0,0.0], [0.0,0.0], [0.0,0.0], [0.0,0.0], [0.0,0.0], [0.0,0.0], [0.0,0.0], [0.0,0.0], [0.0,0.0], [0.0,0.0], [0.0,0.0], [-Infinity,Infinity], [0.0,0.0], [0.0,0.0], [0.0,0.0], [0.0,0.0], [0.0,0.0], [0.0,0.0], [0.0,0.0], [0.0,0.0], [0.0,0.0], [0.0,0.0]]
ENTRY 3 IfStatement_1 [[-Infinity,Infinity], [0.0,0.0], [5.0,5.0], [125.0,125.0], [0.0,0.0], [0.0,0.0], [0.0,0.0], [1.0,1.0], [0.0,0.0], [0.0,0.0], [0.0,0.0], [0.0,0.0], [0.0,0.0], [0.0,0.0], [0.0,0.0], [0.0,0.0], [0.0,0.0], [0.0,0.0], [0.0,0.0], [0.0,0.0], [0.0,0.0], [0.0,0.0], [0.0,0.0], [0.0,0.0], [-Infinity,Infinity], [0.0,0.0], [0.0,0.0], [0.0,0.0], [0.0,0.0], [0.0,0.0], [0.0,0.0], [0.0,0.0], [0.0,0.0], [0.0,0.0], [0.0,0.0]]
EXIT 3 IfStatement_1 [[1.0,-1.0], [1.0,-1.0], [1.0,-1.0], [1.0,-1.0], [1.0,-1.0], [1.0,-1.0], [1.0,-1.0], [1.0,-1.0], [1.0,-1.0], [1.0,-1.0], [1.0,-1.0], [1.0,-1.0], [1.0,-1.0], [1.0,-1.0], [1.0,-1.0], [1.0,-1.0], [1.0,-1.0], [1.0,-1.0], [1.0,-1.0], [1.0,-1.0], [1.0,-1.0], [1.0,-1.0], [1.0,-1.0], [1.0,-1.0], [1.0,-1.0], [1.0,-1.0], [1.0,-1.0], [1.0,-1.0], [1.0,-1.0], [1.0,-1.0], [1.0,-1.0], [1.0,-1.0], [1.0,-1.0], [1.0,-1.0], [1.0,-1.0]]
ENTRY 3 ExpressionStatement_4 [[-Infinity,Infinity], [0.0,0.0], [5.0,5.0], [125.0,125.0], [0.0,0.0], [0.0,0.0], [0.0,0.0], [1.0,1.0], [0.0,0.0], [0.0,0.0], [0.0,0.0], [0.0,0.0], [0.0,0.0], [0.0,0.0], [0.0,0.0], [0.0,0.0], [0.0,0.0], [0.0,0.0], [0.0,0.0], [0.0,0.0], [0.0,0.0], [0.0,0.0], [0.0,0.0], [0.0,0.0], [-Infinity,Infinity], [0.0,0.0], [0.0,0.0], [0.0,0.0], [0.0,0.0], [0.0,0.0], [0.0,0.0], [0.0,0.0], [0.0,0.0], [0.0,0.0], [0.0,0.0]]
EXIT 3 ExpressionStatement_4 [[-Infinity,Infinity], [0.0,0.0], [5.0,5.0], [125.0,125.0], [0.0,0.0], [0.0,0.0], [0.0,0.0], [1.0,1.0], [0.0,0.0], [0.0,0.0], [0.0,0.0], [0.0,0.0], [0.0,0.0], [0.0,0.0], [0.0,0.0], [0.0,0.0], [0.0,0.0], [0.0,0.0], [0.0,0.0], [0.0,0.0], [0.0,0.0], [0.0,0.0], [0.0,0.0], [0.0,0.0], [-Infinity,Infinity], [0.0,0.0], [0.0,0.0], [0.0,0.0], [0.0,0.0], [0.0,0.0], [0.0,0.0], [0.0,0.0], [0.0,0.0], [0.0,0.0], [0.0,0.0]]
ENTRY 3 ExpressionStatement_5 [[-Infinity,Infinity], [0.0,0.0], [5.0,5.0], [125.0,125.0], [0.0,0.0], [0.0,0.0], [0.0,0.0], [1.0,1.0], [0.0,0.0], [0.0,0.0], [0.0,0.0], [0.0,0.0], [0.0,0.0], [0.0,0.0], [0.0,0.0], [0.0,0.0], [0.0,0.0], [0.0,0.0], [0.0,0.0], [0.0,0.0], [0.0,0.0], [0.0,0.0], [0.0,0.0], [0.0,0.0], [-Infinity,Infinity], [0.0,0.0], [0.0,0.0], [0.0,0.0], [0.0,0.0], [0.0,0.0], [0.0,0.0], [0.0,0.0], [0.0,0.0], [0.0,0.0], [0.0,0.0]]
EXIT 3 ExpressionStatement_5 [[-Infinity,Infinity], [0.0,0.0], [5.0,5.0], [125.0,125.0], [0.0,0.0], [0.0,0.0], [0.0,0.0], [1.0,1.0], [0.0,0.0], [0.0,0.0], [0.0,0.0], [0.0,0.0], [0.0,0.0], [0.0,0.0], [0.0,0.0], [0.0,0.0], [0.0,0.0], [0.0,0.0], [0.0,0.0], [0.0,0.0], [0.0,0.0], [0.0,0.0], [0.0,0.0], [0.0,0.0], [-Infinity,Infinity], [0.0,0.0], [0.0,0.0], [0.0,0.0], [0.0,0.0], [0.0,0.0], [0.0,0.0], [0.0,0.0], [0.0,0.0], [0.0,0.0], [0.0,0.0]]
ENTRY 3 IfConditionJoin_1 [[-Infinity,Infinity], [0.0,0.0], [5.0,5.0], [125.0,125.0], [0.0,0.0], [0.0,0.0], [0.0,0.0], [1.0,1.0], [0.0,0.0], [0.0,0.0], [0.0,0.0], [0.0,0.0], [0.0,0.0], [0.0,0.0], [0.0,0.0], [0.0,0.0], [0.0,0.0], [0.0,0.0], [0.0,0.0], [0.0,0.0], [0.0,0.0], [0.0,0.0], [0.0,0.0], [0.0,0.0], [-Infinity,Infinity], [0.0,0.0], [0.0,0.0], [0.0,0.0], [0.0,0.0], [0.0,0.0], [0.0,0.0], [0.0,0.0], [0.0,0.0], [0.0,0.0], [0.0,0.0]]
EXIT 3 IfConditionJoin_1 [[-Infinity,Infinity], [0.0,0.0], [5.0,5.0], [125.0,125.0], [0.0,0.0], [0.0,0.0], [0.0,0.0], [1.0,1.0], [0.0,0.0], [0.0,0.0], [0.0,0.0], [0.0,0.0], [0.0,0.0], [0.0,0.0], [0.0,0.0], [0.0,0.0], [0.0,0.0], [0.0,0.0], [0.0,0.0], [0.0,0.0], [0.0,0.0], [0.0,0.0], [0.0,0.0], [0.0,0.0], [-Infinity,Infinity], [0.0,0.0], [0.0,0.0], [0.0,0.0], [0.0,0.0], [0.0,0.0], [0.0,0.0], [0.0,0.0], [0.0,0.0], [0.0,0.0], [0.0,0.0]]
ENTRY 3 IfStatement_2 [[-Infinity,Infinity], [0.0,0.0], [5.0,5.0], [125.0,125.0], [0.0,0.0], [0.0,0.0], [0.0,0.0], [1.0,1.0], [0.0,0.0], [0.0,0.0], [0.0,0.0], [0.0,0.0], [0.0,0.0], [0.0,0.0], [0.0,0.0], [0.0,0.0], [0.0,0.0], [0.0,0.0], [0.0,0.0], [0.0,0.0], [0.0,0.0], [0.0,0.0], [0.0,0.0], [0.0,0.0], [-Infinity,Infinity], [0.0,0.0], [0.0,0.0], [0.0,0.0], [0.0,0.0], [0.0,0.0], [0.0,0.0], [0.0,0.0], [0.0,0.0], [0.0,0.0], [0.0,0.0]]
EXIT 3 IfStatement_2 [[1.0,-1.0], [1.0,-1.0], [1.0,-1.0], [1.0,-1.0], [1.0,-1.0], [1.0,-1.0], [1.0,-1.0], [1.0,-1.0], [1.0,-1.0], [1.0,-1.0], [1.0,-1.0], [1.0,-1.0], [1.0,-1.0], [1.0,-1.0], [1.0,-1.0], [1.0,-1.0], [1.0,-1.0], [1.0,-1.0], [1.0,-1.0], [1.0,-1.0], [1.0,-1.0], [1.0,-1.0], [1.0,-1.0], [1.0,-1.0], [1.0,-1.0], [1.0,-1.0], [1.0,-1.0], [1.0,-1.0], [1.0,-1.0], [1.0,-1.0], [1.0,-1.0], [1.0,-1.0], [1.0,-1.0], [1.0,-1.0], [1.0,-1.0]]
ENTRY 3 ExpressionStatement_6 [[-Infinity,Infinity], [0.0,0.0], [5.0,5.0], [125.0,125.0], [0.0,0.0], [0.0,0.0], [0.0,0.0], [1.0,1.0], [0.0,0.0], [0.0,0.0], [0.0,0.0], [0.0,0.0], [0.0,0.0], [0.0,0.0], [0.0,0.0], [0.0,0.0], [0.0,0.0], [0.0,0.0], [0.0,0.0], [0.0,0.0], [0.0,0.0], [0.0,0.0], [0.0,0.0], [0.0,0.0], [-Infinity,Infinity], [0.0,0.0], [0.0,0.0], [0.0,0.0], [0.0,0.0], [0.0,0.0], [0.0,0.0], [0.0,0.0], [0.0,0.0], [0.0,0.0], [0.0,0.0]]
EXIT 3 ExpressionStatement_6 [[-Infinity,Infinity], [0.0,0.0], [5.0,5.0], [125.0,125.0], [0.0,0.0], [0.0,0.0], [0.0,0.0], [1.0,1.0], [-Infinity,Infinity], [0.0,0.0], [0.0,0.0], [0.0,0.0], [0.0,0.0], [0.0,0.0], [0.0,0.0], [0.0,0.0], [0.0,0.0], [0.0,0.0], [0.0,0.0], [0.0,0.0], [0.0,0.0], [0.0,0.0], [0.0,0.0], [0.0,0.0], [-Infinity,Infinity], [0.0,0.0], [0.0,0.0], [0.0,0.0], [0.0,0.0], [0.0,0.0], [0.0,0.0], [0.0,0.0], [0.0,0.0], [0.0,0.0], [0.0,0.0]]
ENTRY 3 ExpressionStatement_7 [[-Infinity,Infinity], [0.0,0.0], [5.0,5.0], [125.0,125.0], [0.0,0.0], [0.0,0.0], [0.0,0.0], [1.0,1.0], [-Infinity,Infinity], [0.0,0.0], [0.0,0.0], [0.0,0.0], [0.0,0.0], [0.0,0.0], [0.0,0.0], [0.0,0.0], [0.0,0.0], [0.0,0.0], [0.0,0.0], [0.0,0.0], [0.0,0.0], [0.0,0.0], [0.0,0.0], [0.0,0.0], [-Infinity,Infinity], [0.0,0.0], [0.0,0.0], [0.0,0.0], [0.0,0.0], [0.0,0.0], [0.0,0.0], [0.0,0.0], [0.0,0.0], [0.0,0.0], [0.0,0.0]]
EXIT 3 ExpressionStatement_7 [[-Infinity,Infinity], [0.0,0.0], [5.0,5.0], [125.0,125.0], [0.0,0.0], [0.0,0.0], [0.0,0.0], [1.0,1.0], [-Infinity,Infinity], [0.0,0.0], [0.0,0.0], [0.0,0.0], [0.0,0.0], [0.0,0.0], [0.0,0.0], [0.0,0.0], [0.0,0.0], [0.0,0.0], [0.0,0.0], [0.0,0.0], [0.0,0.0], [0.0,0.0], [0.0,0.0], [0.0,0.0], [-Infinity,Infinity], [0.0,0.0], [0.0,0.0], [0.0,0.0], [0.0,0.0], [0.0,0.0], [0.0,0.0], [0.0,0.0], [0.0,0.0], [0.0,0.0], [0.0,0.0]]
ENTRY 3 ExpressionStatement_8 [[-Infinity,Infinity], [0.0,0.0], [5.0,5.0], [125.0,125.0], [0.0,0.0], [0.0,0.0], [0.0,0.0], [1.0,1.0], [-Infinity,Infinity], [0.0,0.0], [0.0,0.0], [0.0,0.0], [0.0,0.0], [0.0,0.0], [0.0,0.0], [0.0,0.0], [0.0,0.0], [0.0,0.0], [0.0,0.0], [0.0,0.0], [0.0,0.0], [0.0,0.0], [0.0,0.0], [0.0,0.0], [-Infinity,Infinity], [0.0,0.0], [0.0,0.0], [0.0,0.0], [0.0,0.0], [0.0,0.0], [0.0,0.0], [0.0,0.0], [0.0,0.0], [0.0,0.0], [0.0,0.0]]
EXIT 3 ExpressionStatement_8 [[-Infinity,Infinity], [0.0,0.0], [5.0,5.0], [125.0,125.0], [0.0,0.0], [0.0,0.0], [0.0,0.0], [1.0,1.0], [-Infinity,Infinity], [0.0,0.0], [0.0,0.0], [0.0,0.0], [0.0,0.0], [0.0,0.0], [0.0,0.0], [0.0,0.0], [0.0,0.0], [0.0,0.0], [0.0,0.0], [0.0,0.0], [0.0,0.0], [0.0,0.0], [0.0,0.0], [0.0,0.0], [-Infinity,Infinity], [0.0,0.0], [0.0,0.0], [0.0,0.0], [0.0,0.0], [0.0,0.0], [0.0,0.0], [0.0,0.0], [0.0,0.0], [0.0,0.0], [0.0,0.0]]
ENTRY 3 IfConditionJoin_2 [[-Infinity,Infinity], [0.0,0.0], [5.0,5.0], [125.0,125.0], [0.0,0.0], [0.0,0.0], [0.0,0.0], [1.0,1.0], [-Infinity,Infinity], [0.0,0.0], [0.0,0.0], [0.0,0.0], [0.0,0.0], [0.0,0.0], [0.0,0.0], [0.0,0.0], [0.0,0.0], [0.0,0.0], [0.0,0.0], [0.0,0.0], [0.0,0.0], [0.0,0.0], [0.0,0.0], [0.0,0.0], [-Infinity,Infinity], [0.0,0.0], [0.0,0.0], [0.0,0.0], [0.0,0.0], [0.0,0.0], [0.0,0.0], [0.0,0.0], [0.0,0.0], [0.0,0.0], [0.0,0.0]]
EXIT 3 IfConditionJoin_2 [[-Infinity,Infinity], [0.0,0.0], [5.0,5.0], [125.0,125.0], [0.0,0.0], [0.0,0.0], [0.0,0.0], [1.0,1.0], [-Infinity,Infinity], [0.0,0.0], [0.0,0.0], [0.0,0.0], [0.0,0.0], [0.0,0.0], [0.0,0.0], [0.0,0.0], [0.0,0.0], [0.0,0.0], [0.0,0.0], [0.0,0.0], [0.0,0.0], [0.0,0.0], [0.0,0.0], [0.0,0.0], [-Infinity,Infinity], [0.0,0.0], [0.0,0.0], [0.0,0.0], [0.0,0.0], [0.0,0.0], [0.0,0.0], [0.0,0.0], [0.0,0.0], [0.0,0.0], [0.0,0.0]]
ENTRY 3 ExpressionStatement_9 [[-Infinity,Infinity], [0.0,0.0], [5.0,5.0], [125.0,125.0], [0.0,0.0], [0.0,0.0], [0.0,0.0], [1.0,1.0], [-Infinity,Infinity], [0.0,0.0], [0.0,0.0], [0.0,0.0], [0.0,0.0], [0.0,0.0], [0.0,0.0], [0.0,0.0], [0.0,0.0], [0.0,0.0], [0.0,0.0], [0.0,0.0], [0.0,0.0], [0.0,0.0], [0.0,0.0], [0.0,0.0], [-Infinity,Infinity], [0.0,0.0], [0.0,0.0], [0.0,0.0], [0.0,0.0], [0.0,0.0], [0.0,0.0], [0.0,0.0], [0.0,0.0], [0.0,0.0], [0.0,0.0]]
EXIT 3 ExpressionStatement_9 [[-Infinity,Infinity], [0.0,0.0], [5.0,5.0], [125.0,125.0], [0.0,0.0], [0.0,0.0], [0.0,0.0], [1.0,1.0], [-Infinity,Infinity], [0.0,0.0], [0.0,0.0], [0.0,0.0], [0.0,0.0], [0.0,0.0], [0.0,0.0], [0.0,0.0], [0.0,0.0], [0.0,0.0], [0.0,0.0], [0.0,0.0], [0.0,0.0], [0.0,0.0], [0.0,0.0], [0.0,0.0], [-Infinity,Infinity], [0.0,0.0], [0.0,0.0], [0.0,0.0], [0.0,0.0], [0.0,0.0], [0.0,0.0], [0.0,0.0], [0.0,0.0], [0.0,0.0], [0.0,0.0]]
ENTRY 3 ExpressionStatement_10 [[-Infinity,Infinity], [0.0,0.0], [5.0,5.0], [125.0,125.0], [0.0,0.0], [0.0,0.0], [0.0,0.0], [1.0,1.0], [-Infinity,Infinity], [0.0,0.0], [0.0,0.0], [0.0,0.0], [0.0,0.0], [0.0,0.0], [0.0,0.0], [0.0,0.0], [0.0,0.0], [0.0,0.0], [0.0,0.0], [0.0,0.0], [0.0,0.0], [0.0,0.0], [0.0,0.0], [0.0,0.0], [-Infinity,Infinity], [0.0,0.0], [0.0,0.0], [0.0,0.0], [0.0,0.0], [0.0,0.0], [0.0,0.0], [0.0,0.0], [0.0,0.0], [0.0,0.0], [0.0,0.0]]
EXIT 3 ExpressionStatement_10 [[-Infinity,Infinity], [0.0,0.0], [5.0,5.0], [125.0,125.0], [0.0,0.0], [0.0,0.0], [0.0,0.0], [1.0,1.0], [-Infinity,Infinity], [1.0,1.0], [0.0,0.0], [0.0,0.0], [0.0,0.0], [0.0,0.0], [0.0,0.0], [0.0,0.0], [0.0,0.0], [0.0,0.0], [0.0,0.0], [0.0,0.0], [0.0,0.0], [0.0,0.0], [0.0,0.0], [0.0,0.0], [-Infinity,Infinity], [0.0,0.0], [0.0,0.0], [0.0,0.0], [0.0,0.0], [0.0,0.0], [0.0,0.0], [0.0,0.0], [0.0,0.0], [0.0,0.0], [0.0,0.0]]
ENTRY 3 ExpressionStatement_11 [[-Infinity,Infinity], [0.0,0.0], [5.0,5.0], [125.0,125.0], [0.0,0.0], [0.0,0.0], [0.0,0.0], [1.0,1.0], [-Infinity,Infinity], [1.0,1.0], [0.0,0.0], [0.0,0.0], [0.0,0.0], [0.0,0.0], [0.0,0.0], [0.0,0.0], [0.0,0.0], [0.0,0.0], [0.0,0.0], [0.0,0.0], [0.0,0.0], [0.0,0.0], [0.0,0.0], [0.0,0.0], [-Infinity,Infinity], [0.0,0.0], [0.0,0.0], [0.0,0.0], [0.0,0.0], [0.0,0.0], [0.0,0.0], [0.0,0.0], [0.0,0.0], [0.0,0.0], [0.0,0.0]]
EXIT 3 ExpressionStatement_11 [[-Infinity,Infinity], [0.0,0.0], [5.0,5.0], [125.0,125.0], [0.0,0.0], [0.0,0.0], [0.0,0.0], [1.0,1.0], [-Infinity,Infinity], [1.0,1.0], [0.0,0.0], [0.0,0.0], [0.0,0.0], [0.0,0.0], [0.0,0.0], [0.0,0.0], [0.0,0.0], [0.0,0.0], [0.0,0.0], [0.0,0.0], [0.0,0.0], [0.0,0.0], [0.0,0.0], [0.0,0.0], [-Infinity,Infinity], [0.0,0.0], [0.0,0.0], [0.0,0.0], [0.0,0.0], [0.0,0.0], [0.0,0.0], [0.0,0.0], [0.0,0.0], [0.0,0.0], [0.0,0.0]]
ENTRY 3 ExpressionStatement_12 [[-Infinity,Infinity], [0.0,0.0], [5.0,5.0], [125.0,125.0], [0.0,0.0], [0.0,0.0], [0.0,0.0], [1.0,1.0], [-Infinity,Infinity], [1.0,1.0], [0.0,0.0], [0.0,0.0], [0.0,0.0], [0.0,0.0], [0.0,0.0], [0.0,0.0], [0.0,0.0], [0.0,0.0], [0.0,0.0], [0.0,0.0], [0.0,0.0], [0.0,0.0], [0.0,0.0], [0.0,0.0], [-Infinity,Infinity], [0.0,0.0], [0.0,0.0], [0.0,0.0], [0.0,0.0], [0.0,0.0], [0.0,0.0], [0.0,0.0], [0.0,0.0], [0.0,0.0], [0.0,0.0]]
EXIT 3 ExpressionStatement_12 [[-Infinity,Infinity], [-Infinity,Infinity], [5.0,5.0], [125.0,125.0], [0.0,0.0], [0.0,0.0], [0.0,0.0], [1.0,1.0], [-Infinity,Infinity], [1.0,1.0], [0.0,0.0], [0.0,0.0], [0.0,0.0], [0.0,0.0], [0.0,0.0], [0.0,0.0], [0.0,0.0], [0.0,0.0], [0.0,0.0], [0.0,0.0], [0.0,0.0], [0.0,0.0], [0.0,0.0], [0.0,0.0], [-Infinity,Infinity], [0.0,0.0], [0.0,0.0], [0.0,0.0], [0.0,0.0], [0.0,0.0], [0.0,0.0], [0.0,0.0], [0.0,0.0], [0.0,0.0], [0.0,0.0]]
ENTRY 3 VariableDeclarationStatement_1 [[-Infinity,Infinity], [-Infinity,Infinity], [5.0,5.0], [125.0,125.0], [0.0,0.0], [0.0,0.0], [0.0,0.0], [1.0,1.0], [-Infinity,Infinity], [1.0,1.0], [0.0,0.0], [0.0,0.0], [0.0,0.0], [0.0,0.0], [0.0,0.0], [0.0,0.0], [0.0,0.0], [0.0,0.0], [0.0,0.0], [0.0,0.0], [0.0,0.0], [0.0,0.0], [0.0,0.0], [0.0,0.0], [-Infinity,Infinity], [0.0,0.0], [0.0,0.0], [0.0,0.0], [0.0,0.0], [0.0,0.0], [0.0,0.0], [0.0,0.0], [0.0,0.0], [0.0,0.0], [0.0,0.0]]
EXIT 3 VariableDeclarationStatement_1 [[-Infinity,Infinity], [-Infinity,Infinity], [5.0,5.0], [125.0,125.0], [0.0,0.0], [0.0,0.0], [0.0,0.0], [1.0,1.0], [-Infinity,Infinity], [1.0,1.0], [0.0,0.0], [0.0,0.0], [0.0,0.0], [0.0,0.0], [0.0,0.0], [0.0,0.0], [0.0,0.0], [0.0,0.0], [0.0,0.0], [0.0,0.0], [0.0,0.0], [0.0,0.0], [0.0,0.0], [0.0,0.0], [-Infinity,Infinity], [0.0,0.0], [0.0,0.0], [0.0,0.0], [0.0,0.0], [0.0,0.0], [0.0,0.0], [0.0,0.0], [0.0,0.0], [0.0,0.0], [0.0,0.0]]
ENTRY 3 VariableDeclarationStatement_2 [[-Infinity,Infinity], [-Infinity,Infinity], [5.0,5.0], [125.0,125.0], [0.0,0.0], [0.0,0.0], [0.0,0.0], [1.0,1.0], [-Infinity,Infinity], [1.0,1.0], [0.0,0.0], [0.0,0.0], [0.0,0.0], [0.0,0.0], [0.0,0.0], [0.0,0.0], [0.0,0.0], [0.0,0.0], [0.0,0.0], [0.0,0.0], [0.0,0.0], [0.0,0.0], [0.0,0.0], [0.0,0.0], [-Infinity,Infinity], [0.0,0.0], [0.0,0.0], [0.0,0.0], [0.0,0.0], [0.0,0.0], [0.0,0.0], [0.0,0.0], [0.0,0.0], [0.0,0.0], [0.0,0.0]]
EXIT 3 VariableDeclarationStatement_2 [[-Infinity,Infinity], [-Infinity,Infinity], [5.0,5.0], [125.0,125.0], [0.0,0.0], [0.0,0.0], [0.0,0.0], [1.0,1.0], [-Infinity,Infinity], [1.0,1.0], [0.0,0.0], [0.0,0.0], [0.0,0.0], [0.0,0.0], [0.0,0.0], [-Infinity,Infinity], [0.0,0.0], [0.0,0.0], [0.0,0.0], [0.0,0.0], [0.0,0.0], [0.0,0.0], [0.0,0.0], [0.0,0.0], [-Infinity,Infinity], [0.0,0.0], [0.0,0.0], [0.0,0.0], [0.0,0.0], [0.0,0.0], [0.0,0.0], [0.0,0.0], [0.0,0.0], [0.0,0.0], [0.0,0.0]]
ENTRY 3 IfStatement_3 [[-Infinity,Infinity], [-Infinity,Infinity], [5.0,5.0], [125.0,125.0], [0.0,0.0], [0.0,0.0], [0.0,0.0], [1.0,1.0], [-Infinity,Infinity], [1.0,1.0], [0.0,0.0], [0.0,0.0], [0.0,0.0], [0.0,0.0], [0.0,0.0], [-Infinity,Infinity], [0.0,0.0], [0.0,0.0], [0.0,0.0], [0.0,0.0], [0.0,0.0], [0.0,0.0], [0.0,0.0], [0.0,0.0], [-Infinity,Infinity], [0.0,0.0], [0.0,0.0], [0.0,0.0], [0.0,0.0], [0.0,0.0], [0.0,0.0], [0.0,0.0], [0.0,0.0], [0.0,0.0], [0.0,0.0]]
EXIT 3 IfStatement_3 [[1.0,-1.0], [1.0,-1.0], [1.0,-1.0], [1.0,-1.0], [1.0,-1.0], [1.0,-1.0], [1.0,-1.0], [1.0,-1.0], [1.0,-1.0], [1.0,-1.0], [1.0,-1.0], [1.0,-1.0], [1.0,-1.0], [1.0,-1.0], [1.0,-1.0], [1.0,-1.0], [1.0,-1.0], [1.0,-1.0], [1.0,-1.0], [1.0,-1.0], [1.0,-1.0], [1.0,-1.0], [1.0,-1.0], [1.0,-1.0], [1.0,-1.0], [1.0,-1.0], [1.0,-1.0], [1.0,-1.0], [1.0,-1.0], [1.0,-1.0], [1.0,-1.0], [1.0,-1.0], [1.0,-1.0], [1.0,-1.0], [1.0,-1.0]]
ENTRY 3 VariableDeclarationStatement_3 [[-Infinity,Infinity], [-Infinity,Infinity], [5.0,5.0], [125.0,125.0], [0.0,0.0], [0.0,0.0], [0.0,0.0], [1.0,1.0], [-Infinity,Infinity], [1.0,1.0], [0.0,0.0], [0.0,0.0], [0.0,0.0], [0.0,0.0], [0.0,0.0], [-Infinity,Infinity], [0.0,0.0], [0.0,0.0], [0.0,0.0], [0.0,0.0], [0.0,0.0], [0.0,0.0], [0.0,0.0], [0.0,0.0], [-Infinity,Infinity], [0.0,0.0], [0.0,0.0], [0.0,0.0], [0.0,0.0], [0.0,0.0], [0.0,0.0], [0.0,0.0], [0.0,0.0], [0.0,0.0], [0.0,0.0]]
EXIT 3 VariableDeclarationStatement_3 [[-Infinity,Infinity], [-Infinity,Infinity], [5.0,5.0], [125.0,125.0], [0.0,0.0], [0.0,0.0], [0.0,0.0], [1.0,1.0], [-Infinity,Infinity], [1.0,1.0], [0.0,0.0], [0.0,0.0], [0.0,0.0], [0.0,0.0], [0.0,0.0], [-Infinity,Infinity], [-Infinity,Infinity], [0.0,0.0], [0.0,0.0], [0.0,0.0], [0.0,0.0], [0.0,0.0], [0.0,0.0], [0.0,0.0], [-Infinity,Infinity], [0.0,0.0], [0.0,0.0], [0.0,0.0], [0.0,0.0], [0.0,0.0], [0.0,0.0], [0.0,0.0], [0.0,0.0], [0.0,0.0], [0.0,0.0]]
ENTRY 3 ExpressionStatement_13 [[-Infinity,Infinity], [-Infinity,Infinity], [5.0,5.0], [125.0,125.0], [0.0,0.0], [0.0,0.0], [0.0,0.0], [1.0,1.0], [-Infinity,Infinity], [1.0,1.0], [0.0,0.0], [0.0,0.0], [0.0,0.0], [0.0,0.0], [0.0,0.0], [-Infinity,Infinity], [-Infinity,Infinity], [0.0,0.0], [0.0,0.0], [0.0,0.0], [0.0,0.0], [0.0,0.0], [0.0,0.0], [0.0,0.0], [-Infinity,Infinity], [0.0,0.0], [0.0,0.0], [0.0,0.0], [0.0,0.0], [0.0,0.0], [0.0,0.0], [0.0,0.0], [0.0,0.0], [0.0,0.0], [0.0,0.0]]
EXIT 3 ExpressionStatement_13 [[-Infinity,Infinity], [-Infinity,Infinity], [5.0,5.0], [125.0,125.0], [0.0,0.0], [0.0,0.0], [0.0,0.0], [1.0,1.0], [-Infinity,Infinity], [1.0,1.0], [0.0,0.0], [0.0,0.0], [0.0,0.0], [0.0,0.0], [0.0,0.0], [-Infinity,Infinity], [-Infinity,Infinity], [0.0,0.0], [0.0,0.0], [0.0,0.0], [0.0,0.0], [0.0,0.0], [0.0,0.0], [0.0,0.0], [-Infinity,Infinity], [0.0,0.0], [0.0,0.0], [0.0,0.0], [0.0,0.0], [0.0,0.0], [0.0,0.0], [0.0,0.0], [0.0,0.0], [0.0,0.0], [0.0,0.0]]
ENTRY 3 ExpressionStatement_14 [[-Infinity,Infinity], [-Infinity,Infinity], [5.0,5.0], [125.0,125.0], [0.0,0.0], [0.0,0.0], [0.0,0.0], [1.0,1.0], [-Infinity,Infinity], [1.0,1.0], [0.0,0.0], [0.0,0.0], [0.0,0.0], [0.0,0.0], [0.0,0.0], [-Infinity,Infinity], [-Infinity,Infinity], [0.0,0.0], [0.0,0.0], [0.0,0.0], [0.0,0.0], [0.0,0.0], [0.0,0.0], [0.0,0.0], [-Infinity,Infinity], [0.0,0.0], [0.0,0.0], [0.0,0.0], [0.0,0.0], [0.0,0.0], [0.0,0.0], [0.0,0.0], [0.0,0.0], [0.0,0.0], [0.0,0.0]]
EXIT 3 ExpressionStatement_14 [[-Infinity,Infinity], [-Infinity,Infinity], [5.0,5.0], [125.0,125.0], [0.0,0.0], [0.0,0.0], [0.0,0.0], [1.0,1.0], [-Infinity,Infinity], [1.0,1.0], [0.0,0.0], [0.0,0.0], [0.0,0.0], [0.0,0.0], [0.0,0.0], [-Infinity,Infinity], [-Infinity,Infinity], [-Infinity,Infinity], [0.0,0.0], [0.0,0.0], [0.0,0.0], [0.0,0.0], [0.0,0.0], [0.0,0.0], [-Infinity,Infinity], [0.0,0.0], [0.0,0.0], [0.0,0.0], [0.0,0.0], [0.0,0.0], [0.0,0.0], [0.0,0.0], [0.0,0.0], [0.0,0.0], [0.0,0.0]]
ENTRY 3 ExpressionStatement_15 [[-Infinity,Infinity], [-Infinity,Infinity], [5.0,5.0], [125.0,125.0], [0.0,0.0], [0.0,0.0], [0.0,0.0], [1.0,1.0], [-Infinity,Infinity], [1.0,1.0], [0.0,0.0], [0.0,0.0], [0.0,0.0], [0.0,0.0], [0.0,0.0], [-Infinity,Infinity], [-Infinity,Infinity], [-Infinity,Infinity], [0.0,0.0], [0.0,0.0], [0.0,0.0], [0.0,0.0], [0.0,0.0], [0.0,0.0], [-Infinity,Infinity], [0.0,0.0], [0.0,0.0], [0.0,0.0], [0.0,0.0], [0.0,0.0], [0.0,0.0], [0.0,0.0], [0.0,0.0], [0.0,0.0], [0.0,0.0]]
EXIT 3 ExpressionStatement_15 [[-Infinity,Infinity], [-Infinity,Infinity], [5.0,5.0], [125.0,125.0], [0.0,0.0], [0.0,0.0], [0.0,0.0], [1.0,1.0], [-Infinity,Infinity], [1.0,1.0], [0.0,0.0], [0.0,0.0], [0.0,0.0], [0.0,0.0], [0.0,0.0], [-Infinity,Infinity], [-Infinity,Infinity], [-Infinity,Infinity], [1.0,1.0], [0.0,0.0], [0.0,0.0], [0.0,0.0], [0.0,0.0], [0.0,0.0], [-Infinity,Infinity], [0.0,0.0], [0.0,0.0], [0.0,0.0], [0.0,0.0], [0.0,0.0], [0.0,0.0], [0.0,0.0], [0.0,0.0], [0.0,0.0], [0.0,0.0]]
ENTRY 3 ExpressionStatement_16 [[-Infinity,Infinity], [-Infinity,Infinity], [5.0,5.0], [125.0,125.0], [0.0,0.0], [0.0,0.0], [0.0,0.0], [1.0,1.0], [-Infinity,Infinity], [1.0,1.0], [0.0,0.0], [0.0,0.0], [0.0,0.0], [0.0,0.0], [0.0,0.0], [-Infinity,Infinity], [-Infinity,Infinity], [-Infinity,Infinity], [1.0,1.0], [0.0,0.0], [0.0,0.0], [0.0,0.0], [0.0,0.0], [0.0,0.0], [-Infinity,Infinity], [0.0,0.0], [0.0,0.0], [0.0,0.0], [0.0,0.0], [0.0,0.0], [0.0,0.0], [0.0,0.0], [0.0,0.0], [0.0,0.0], [0.0,0.0]]
EXIT 3 ExpressionStatement_16 [[-Infinity,Infinity], [-Infinity,Infinity], [5.0,5.0], [125.0,125.0], [0.0,0.0], [0.0,0.0], [0.0,0.0], [1.0,1.0], [-Infinity,Infinity], [1.0,1.0], [0.0,0.0], [0.0,0.0], [0.0,0.0], [0.0,0.0], [0.0,0.0], [-Infinity,Infinity], [-Infinity,Infinity], [-Infinity,Infinity], [1.0,1.0], [0.0,0.0], [0.0,0.0], [0.0,0.0], [0.0,0.0], [0.0,0.0], [-Infinity,Infinity], [0.0,0.0], [0.0,0.0], [0.0,0.0], [0.0,0.0], [0.0,0.0], [0.0,0.0], [0.0,0.0], [0.0,0.0], [0.0,0.0], [0.0,0.0]]
ENTRY 3 IfStatement_4 [[-Infinity,Infinity], [-Infinity,Infinity], [5.0,5.0], [125.0,125.0], [0.0,0.0], [0.0,0.0], [0.0,0.0], [1.0,1.0], [-Infinity,Infinity], [1.0,1.0], [0.0,0.0], [0.0,0.0], [0.0,0.0], [0.0,0.0], [0.0,0.0], [-Infinity,Infinity], [-Infinity,Infinity], [-Infinity,Infinity], [1.0,1.0], [0.0,0.0], [0.0,0.0], [0.0,0.0], [0.0,0.0], [0.0,0.0], [-Infinity,Infinity], [0.0,0.0], [0.0,0.0], [0.0,0.0], [0.0,0.0], [0.0,0.0], [0.0,0.0], [0.0,0.0], [0.0,0.0], [0.0,0.0], [0.0,0.0]]
EXIT 3 IfStatement_4 [[1.0,-1.0], [1.0,-1.0], [1.0,-1.0], [1.0,-1.0], [1.0,-1.0], [1.0,-1.0], [1.0,-1.0], [1.0,-1.0], [1.0,-1.0], [1.0,-1.0], [1.0,-1.0], [1.0,-1.0], [1.0,-1.0], [1.0,-1.0], [1.0,-1.0], [1.0,-1.0], [1.0,-1.0], [1.0,-1.0], [1.0,-1.0], [1.0,-1.0], [1.0,-1.0], [1.0,-1.0], [1.0,-1.0], [1.0,-1.0], [1.0,-1.0], [1.0,-1.0], [1.0,-1.0], [1.0,-1.0], [1.0,-1.0], [1.0,-1.0], [1.0,-1.0], [1.0,-1.0], [1.0,-1.0], [1.0,-1.0], [1.0,-1.0]]
ENTRY 3 ExpressionStatement_17 [[-Infinity,Infinity], [-Infinity,Infinity], [5.0,5.0], [125.0,125.0], [0.0,0.0], [0.0,0.0], [0.0,0.0], [1.0,1.0], [-Infinity,Infinity], [1.0,1.0], [0.0,0.0], [0.0,0.0], [0.0,0.0], [0.0,0.0], [0.0,0.0], [-Infinity,Infinity], [-Infinity,Infinity], [-Infinity,Infinity], [1.0,1.0], [0.0,0.0], [0.0,0.0], [0.0,0.0], [0.0,0.0], [0.0,0.0], [-Infinity,Infinity], [0.0,0.0], [0.0,0.0], [0.0,0.0], [0.0,0.0], [0.0,0.0], [0.0,0.0], [0.0,0.0], [0.0,0.0], [0.0,0.0], [0.0,0.0]]
EXIT 3 ExpressionStatement_17 [[-Infinity,Infinity], [-Infinity,Infinity], [5.0,5.0], [125.0,125.0], [0.0,0.0], [0.0,0.0], [-Infinity,Infinity], [1.0,1.0], [-Infinity,Infinity], [1.0,1.0], [0.0,0.0], [0.0,0.0], [0.0,0.0], [0.0,0.0], [0.0,0.0], [-Infinity,Infinity], [-Infinity,Infinity], [-Infinity,Infinity], [1.0,1.0], [0.0,0.0], [0.0,0.0], [0.0,0.0], [0.0,0.0], [0.0,0.0], [-Infinity,Infinity], [0.0,0.0], [0.0,0.0], [0.0,0.0], [0.0,0.0], [0.0,0.0], [0.0,0.0], [0.0,0.0], [0.0,0.0], [0.0,0.0], [0.0,0.0]]
ENTRY 3 IfConditionJoin_4 [[-Infinity,Infinity], [-Infinity,Infinity], [5.0,5.0], [125.0,125.0], [0.0,0.0], [0.0,0.0], [-Infinity,Infinity], [1.0,1.0], [-Infinity,Infinity], [1.0,1.0], [0.0,0.0], [0.0,0.0], [0.0,0.0], [0.0,0.0], [0.0,0.0], [-Infinity,Infinity], [-Infinity,Infinity], [-Infinity,Infinity], [1.0,1.0], [0.0,0.0], [0.0,0.0], [0.0,0.0], [0.0,0.0], [0.0,0.0], [-Infinity,Infinity], [0.0,0.0], [0.0,0.0], [0.0,0.0], [0.0,0.0], [0.0,0.0], [0.0,0.0], [0.0,0.0], [0.0,0.0], [0.0,0.0], [0.0,0.0]]
EXIT 3 IfConditionJoin_4 [[-Infinity,Infinity], [-Infinity,Infinity], [5.0,5.0], [125.0,125.0], [0.0,0.0], [0.0,0.0], [-Infinity,Infinity], [1.0,1.0], [-Infinity,Infinity], [1.0,1.0], [0.0,0.0], [0.0,0.0], [0.0,0.0], [0.0,0.0], [0.0,0.0], [-Infinity,Infinity], [-Infinity,Infinity], [-Infinity,Infinity], [1.0,1.0], [0.0,0.0], [0.0,0.0], [0.0,0.0], [0.0,0.0], [0.0,0.0], [-Infinity,Infinity], [0.0,0.0], [0.0,0.0], [0.0,0.0], [0.0,0.0], [0.0,0.0], [0.0,0.0], [0.0,0.0], [0.0,0.0], [0.0,0.0], [0.0,0.0]]
ENTRY 3 ExpressionStatement_18 [[-Infinity,Infinity], [-Infinity,Infinity], [5.0,5.0], [125.0,125.0], [0.0,0.0], [0.0,0.0], [-Infinity,Infinity], [1.0,1.0], [-Infinity,Infinity], [1.0,1.0], [0.0,0.0], [0.0,0.0], [0.0,0.0], [0.0,0.0], [0.0,0.0], [-Infinity,Infinity], [-Infinity,Infinity], [-Infinity,Infinity], [1.0,1.0], [0.0,0.0], [0.0,0.0], [0.0,0.0], [0.0,0.0], [0.0,0.0], [-Infinity,Infinity], [0.0,0.0], [0.0,0.0], [0.0,0.0], [0.0,0.0], [0.0,0.0], [0.0,0.0], [0.0,0.0], [0.0,0.0], [0.0,0.0], [0.0,0.0]]
EXIT 3 ExpressionStatement_18 [[-Infinity,Infinity], [-Infinity,Infinity], [5.0,5.0], [125.0,125.0], [0.0,0.0], [0.0,0.0], [-Infinity,Infinity], [1.0,1.0], [-Infinity,Infinity], [1.0,1.0], [0.0,0.0], [0.0,0.0], [0.0,0.0], [0.0,0.0], [0.0,0.0], [-Infinity,Infinity], [-Infinity,Infinity], [-Infinity,Infinity], [1.0,1.0], [0.0,0.0], [0.0,0.0], [0.0,0.0], [0.0,0.0], [0.0,0.0], [-Infinity,Infinity], [0.0,0.0], [0.0,0.0], [0.0,0.0], [0.0,0.0], [0.0,0.0], [0.0,0.0], [0.0,0.0], [0.0,0.0], [0.0,0.0], [0.0,0.0]]
ENTRY 3 IfConditionJoin_3 [[-Infinity,Infinity], [-Infinity,Infinity], [5.0,5.0], [125.0,125.0], [0.0,0.0], [0.0,0.0], [-Infinity,Infinity], [1.0,1.0], [-Infinity,Infinity], [1.0,1.0], [0.0,0.0], [0.0,0.0], [0.0,0.0], [0.0,0.0], [0.0,0.0], [-Infinity,Infinity], [-Infinity,Infinity], [-Infinity,Infinity], [0.0,1.0], [0.0,0.0], [0.0,0.0], [0.0,0.0], [0.0,0.0], [0.0,0.0], [-Infinity,Infinity], [0.0,0.0], [0.0,0.0], [0.0,0.0], [0.0,0.0], [0.0,0.0], [0.0,0.0], [0.0,0.0], [0.0,0.0], [0.0,0.0], [0.0,0.0]]
EXIT 3 IfConditionJoin_3 [[-Infinity,Infinity], [-Infinity,Infinity], [5.0,5.0], [125.0,125.0], [0.0,0.0], [0.0,0.0], [-Infinity,Infinity], [1.0,1.0], [-Infinity,Infinity], [1.0,1.0], [0.0,0.0], [0.0,0.0], [0.0,0.0], [0.0,0.0], [0.0,0.0], [-Infinity,Infinity], [-Infinity,Infinity], [-Infinity,Infinity], [0.0,1.0], [0.0,0.0], [0.0,0.0], [0.0,0.0], [0.0,0.0], [0.0,0.0], [-Infinity,Infinity], [0.0,0.0], [0.0,0.0], [0.0,0.0], [0.0,0.0], [0.0,0.0], [0.0,0.0], [0.0,0.0], [0.0,0.0], [0.0,0.0], [0.0,0.0]]
ENTRY 3 VariableDeclarationStatement_4 [[-Infinity,Infinity], [-Infinity,Infinity], [5.0,5.0], [125.0,125.0], [0.0,0.0], [0.0,0.0], [-Infinity,Infinity], [1.0,1.0], [-Infinity,Infinity], [1.0,1.0], [0.0,0.0], [0.0,0.0], [0.0,0.0], [0.0,0.0], [0.0,0.0], [-Infinity,Infinity], [-Infinity,Infinity], [-Infinity,Infinity], [0.0,1.0], [0.0,0.0], [0.0,0.0], [0.0,0.0], [0.0,0.0], [0.0,0.0], [-Infinity,Infinity], [0.0,0.0], [0.0,0.0], [0.0,0.0], [0.0,0.0], [0.0,0.0], [0.0,0.0], [0.0,0.0], [0.0,0.0], [0.0,0.0], [0.0,0.0]]
EXIT 3 VariableDeclarationStatement_4 [[-Infinity,Infinity], [-Infinity,Infinity], [5.0,5.0], [125.0,125.0], [0.0,0.0], [0.0,0.0], [-Infinity,Infinity], [1.0,1.0], [-Infinity,Infinity], [1.0,1.0], [0.0,0.0], [0.0,0.0], [0.0,0.0], [0.0,0.0], [0.0,0.0], [-Infinity,Infinity], [-Infinity,Infinity], [-Infinity,Infinity], [0.0,1.0], [0.0,0.0], [0.0,0.0], [0.0,0.0], [0.0,0.0], [-Infinity,Infinity], [-Infinity,Infinity], [0.0,0.0], [0.0,0.0], [0.0,0.0], [0.0,0.0], [0.0,0.0], [0.0,0.0], [0.0,0.0], [0.0,0.0], [0.0,0.0], [0.0,0.0]]
ENTRY 3 IfStatement_5 [[-Infinity,Infinity], [-Infinity,Infinity], [5.0,5.0], [125.0,125.0], [0.0,0.0], [0.0,0.0], [-Infinity,Infinity], [1.0,1.0], [-Infinity,Infinity], [1.0,1.0], [0.0,0.0], [0.0,0.0], [0.0,0.0], [0.0,0.0], [0.0,0.0], [-Infinity,Infinity], [-Infinity,Infinity], [-Infinity,Infinity], [0.0,1.0], [0.0,0.0], [0.0,0.0], [0.0,0.0], [0.0,0.0], [-Infinity,Infinity], [-Infinity,Infinity], [0.0,0.0], [0.0,0.0], [0.0,0.0], [0.0,0.0], [0.0,0.0], [0.0,0.0], [0.0,0.0], [0.0,0.0], [0.0,0.0], [0.0,0.0]]
EXIT 3 IfStatement_5 [[1.0,-1.0], [1.0,-1.0], [1.0,-1.0], [1.0,-1.0], [1.0,-1.0], [1.0,-1.0], [1.0,-1.0], [1.0,-1.0], [1.0,-1.0], [1.0,-1.0], [1.0,-1.0], [1.0,-1.0], [1.0,-1.0], [1.0,-1.0], [1.0,-1.0], [1.0,-1.0], [1.0,-1.0], [1.0,-1.0], [1.0,-1.0], [1.0,-1.0], [1.0,-1.0], [1.0,-1.0], [1.0,-1.0], [1.0,-1.0], [1.0,-1.0], [1.0,-1.0], [1.0,-1.0], [1.0,-1.0], [1.0,-1.0], [1.0,-1.0], [1.0,-1.0], [1.0,-1.0], [1.0,-1.0], [1.0,-1.0], [1.0,-1.0]]
ENTRY 3 ExpressionStatement_19 [[-Infinity,Infinity], [-Infinity,Infinity], [5.0,5.0], [125.0,125.0], [0.0,0.0], [0.0,0.0], [-Infinity,Infinity], [1.0,1.0], [-Infinity,Infinity], [1.0,1.0], [0.0,0.0], [0.0,0.0], [0.0,0.0], [0.0,0.0], [0.0,0.0], [-Infinity,Infinity], [-Infinity,Infinity], [-Infinity,Infinity], [0.0,1.0], [0.0,0.0], [0.0,0.0], [0.0,0.0], [0.0,0.0], [-Infinity,Infinity], [-Infinity,Infinity], [0.0,0.0], [0.0,0.0], [0.0,0.0], [0.0,0.0], [0.0,0.0], [0.0,0.0], [0.0,0.0], [0.0,0.0], [0.0,0.0], [0.0,0.0]]
EXIT 3 ExpressionStatement_19 [[-Infinity,Infinity], [-Infinity,Infinity], [5.0,5.0], [125.0,125.0], [0.0,0.0], [0.0,0.0], [-Infinity,Infinity], [1.0,1.0], [-Infinity,Infinity], [1.0,1.0], [0.0,0.0], [0.0,0.0], [0.0,0.0], [0.0,0.0], [0.0,0.0], [-Infinity,Infinity], [-Infinity,Infinity], [-Infinity,Infinity], [0.0,1.0], [0.0,0.0], [0.0,0.0], [0.0,0.0], [0.0,0.0], [-Infinity,Infinity], [-Infinity,Infinity], [0.0,0.0], [0.0,0.0], [0.0,0.0], [0.0,0.0], [0.0,0.0], [0.0,0.0], [0.0,0.0], [0.0,0.0], [0.0,0.0], [0.0,0.0]]
ENTRY 3 IfConditionJoin_5 [[-Infinity,Infinity], [-Infinity,Infinity], [5.0,5.0], [125.0,125.0], [0.0,0.0], [0.0,0.0], [-Infinity,Infinity], [1.0,1.0], [-Infinity,Infinity], [1.0,1.0], [0.0,0.0], [0.0,0.0], [0.0,0.0], [0.0,0.0], [0.0,0.0], [-Infinity,Infinity], [-Infinity,Infinity], [-Infinity,Infinity], [0.0,1.0], [0.0,0.0], [0.0,0.0], [0.0,0.0], [0.0,0.0], [-Infinity,Infinity], [-Infinity,Infinity], [0.0,0.0], [0.0,0.0], [0.0,0.0], [0.0,0.0], [0.0,0.0], [0.0,0.0], [0.0,0.0], [0.0,0.0], [0.0,0.0], [0.0,0.0]]
EXIT 3 IfConditionJoin_5 [[-Infinity,Infinity], [-Infinity,Infinity], [5.0,5.0], [125.0,125.0], [0.0,0.0], [0.0,0.0], [-Infinity,Infinity], [1.0,1.0], [-Infinity,Infinity], [1.0,1.0], [0.0,0.0], [0.0,0.0], [0.0,0.0], [0.0,0.0], [0.0,0.0], [-Infinity,Infinity], [-Infinity,Infinity], [-Infinity,Infinity], [0.0,1.0], [0.0,0.0], [0.0,0.0], [0.0,0.0], [0.0,0.0], [-Infinity,Infinity], [-Infinity,Infinity], [0.0,0.0], [0.0,0.0], [0.0,0.0], [0.0,0.0], [0.0,0.0], [0.0,0.0], [0.0,0.0], [0.0,0.0], [0.0,0.0], [0.0,0.0]]
ENTRY 3 FunctionExit_3 [[-Infinity,Infinity], [-Infinity,Infinity], [5.0,5.0], [125.0,125.0], [0.0,0.0], [0.0,0.0], [-Infinity,Infinity], [1.0,1.0], [-Infinity,Infinity], [1.0,1.0], [0.0,0.0], [0.0,0.0], [0.0,0.0], [0.0,0.0], [0.0,0.0], [-Infinity,Infinity], [-Infinity,Infinity], [-Infinity,Infinity], [0.0,1.0], [0.0,0.0], [0.0,0.0], [0.0,0.0], [0.0,0.0], [-Infinity,Infinity], [-Infinity,Infinity], [0.0,0.0], [0.0,0.0], [0.0,0.0], [0.0,0.0], [0.0,0.0], [0.0,0.0], [0.0,0.0], [0.0,0.0], [0.0,0.0], [0.0,0.0]]
EXIT 3 FunctionExit_3 [[-Infinity,Infinity], [-Infinity,Infinity], [5.0,5.0], [125.0,125.0], [0.0,0.0], [0.0,0.0], [-Infinity,Infinity], [1.0,1.0], [-Infinity,Infinity], [1.0,1.0], [0.0,0.0], [0.0,0.0], [0.0,0.0], [0.0,0.0], [0.0,0.0], [-Infinity,Infinity], [-Infinity,Infinity], [-Infinity,Infinity], [0.0,1.0], [0.0,0.0], [0.0,0.0], [0.0,0.0], [0.0,0.0], [-Infinity,Infinity], [-Infinity,Infinity], [0.0,0.0], [0.0,0.0], [0.0,0.0], [0.0,0.0], [0.0,0.0], [0.0,0.0], [0.0,0.0], [0.0,0.0], [0.0,0.0], [0.0,0.0]]
ENTRY 3 VariableDeclaration_12 [[0.0,0.0], [0.0,0.0], [5.0,5.0], [125.0,125.0], [0.0,0.0], [0.0,0.0], [0.0,0.0], [0.0,0.0], [0.0,0.0], [0.0,0.0], [0.0,0.0], [0.0,0.0], [0.0,0.0], [0.0,0.0], [0.0,0.0], [0.0,0.0], [0.0,0.0], [0.0,0.0], [0.0,0.0], [0.0,0.0], [0.0,0.0], [0.0,0.0], [0.0,0.0], [0.0,0.0], [-Infinity,Infinity], [0.0,0.0], [0.0,0.0], [0.0,0.0], [0.0,0.0], [0.0,0.0], [0.0,0.0], [0.0,0.0], [0.0,0.0], [0.0,0.0], [0.0,0.0]]
EXIT 3 VariableDeclaration_12 [[0.0,0.0], [0.0,0.0], [5.0,5.0], [125.0,125.0], [0.0,0.0], [0.0,0.0], [0.0,0.0], [0.0,0.0], [0.0,0.0], [0.0,0.0], [0.0,0.0], [0.0,0.0], [0.0,0.0], [0.0,0.0], [0.0,0.0], [0.0,0.0], [0.0,0.0], [0.0,0.0], [0.0,0.0], [0.0,0.0], [0.0,0.0], [0.0,0.0], [0.0,0.0], [0.0,0.0], [-Infinity,Infinity], [0.0,0.0], [0.0,0.0], [0.0,0.0], [0.0,0.0], [0.0,0.0], [0.0,0.0], [0.0,0.0], [0.0,0.0], [0.0,0.0], [0.0,0.0]]
ENTRY 3 FunctionDefinition_4 [[-Infinity,Infinity], [-Infinity,Infinity], [5.0,5.0], [125.0,125.0], [0.0,0.0], [0.0,0.0], [-Infinity,Infinity], [0.0,0.0], [0.0,0.0], [0.0,0.0], [0.0,0.0], [0.0,0.0], [0.0,0.0], [0.0,0.0], [0.0,0.0], [0.0,0.0], [0.0,0.0], [0.0,0.0], [0.0,0.0], [0.0,0.0], [0.0,0.0], [0.0,0.0], [0.0,0.0], [0.0,0.0], [-Infinity,Infinity], [0.0,0.0], [0.0,0.0], [0.0,0.0], [0.0,0.0], [0.0,0.0], [0.0,0.0], [0.0,0.0], [0.0,0.0], [0.0,0.0], [0.0,0.0]]
EXIT 3 FunctionDefinition_4 [[-Infinity,Infinity], [-Infinity,Infinity], [5.0,5.0], [125.0,125.0], [0.0,0.0], [0.0,0.0], [-Infinity,Infinity], [0.0,0.0], [0.0,0.0], [0.0,0.0], [0.0,0.0], [0.0,0.0], [0.0,0.0], [0.0,0.0], [0.0,0.0], [0.0,0.0], [0.0,0.0], [0.0,0.0], [0.0,0.0], [0.0,0.0], [0.0,0.0], [0.0,0.0], [0.0,0.0], [0.0,0.0], [-Infinity,Infinity], [0.0,0.0], [0.0,0.0], [0.0,0.0], [0.0,0.0], [0.0,0.0], [0.0,0.0], [0.0,0.0], [0.0,0.0], [0.0,0.0], [0.0,0.0]]
ENTRY 3 FunctionEntry_4 [[-Infinity,Infinity], [-Infinity,Infinity], [5.0,5.0], [125.0,125.0], [0.0,0.0], [0.0,0.0], [-Infinity,Infinity], [0.0,0.0], [0.0,0.0], [0.0,0.0], [0.0,0.0], [0.0,0.0], [0.0,0.0], [0.0,0.0], [0.0,0.0], [0.0,0.0], [0.0,0.0], [0.0,0.0], [0.0,0.0], [0.0,0.0], [0.0,0.0], [0.0,0.0], [0.0,0.0], [0.0,0.0], [-Infinity,Infinity], [0.0,0.0], [0.0,0.0], [0.0,0.0], [0.0,0.0], [0.0,0.0], [0.0,0.0], [0.0,0.0], [0.0,0.0], [0.0,0.0], [0.0,0.0]]
EXIT 3 FunctionEntry_4 [[-Infinity,Infinity], [-Infinity,Infinity], [5.0,5.0], [125.0,125.0], [0.0,0.0], [0.0,0.0], [-Infinity,Infinity], [0.0,0.0], [0.0,0.0], [0.0,0.0], [0.0,0.0], [0.0,0.0], [0.0,0.0], [0.0,0.0], [0.0,0.0], [0.0,0.0], [0.0,0.0], [0.0,0.0], [0.0,0.0], [0.0,0.0], [0.0,0.0], [0.0,0.0], [0.0,0.0], [0.0,0.0], [-Infinity,Infinity], [0.0,0.0], [0.0,0.0], [0.0,0.0], [0.0,0.0], [0.0,0.0], [0.0,0.0], [0.0,0.0], [0.0,0.0], [0.0,0.0], [0.0,0.0]]
ENTRY 3 VariableDeclarationStatement_5 [[-Infinity,Infinity], [-Infinity,Infinity], [5.0,5.0], [125.0,125.0], [0.0,0.0], [0.0,0.0], [-Infinity,Infinity], [0.0,0.0], [0.0,0.0], [0.0,0.0], [0.0,0.0], [0.0,0.0], [0.0,0.0], [0.0,0.0], [0.0,0.0], [0.0,0.0], [0.0,0.0], [0.0,0.0], [0.0,0.0], [0.0,0.0], [0.0,0.0], [0.0,0.0], [0.0,0.0], [0.0,0.0], [-Infinity,Infinity], [0.0,0.0], [0.0,0.0], [0.0,0.0], [0.0,0.0], [0.0,0.0], [0.0,0.0], [0.0,0.0], [0.0,0.0], [0.0,0.0], [0.0,0.0]]
EXIT 3 VariableDeclarationStatement_5 [[-Infinity,Infinity], [-Infinity,Infinity], [5.0,5.0], [125.0,125.0], [0.0,0.0], [0.0,0.0], [-Infinity,Infinity], [0.0,0.0], [0.0,0.0], [0.0,0.0], [0.0,0.0], [0.0,0.0], [0.0,0.0], [0.0,0.0], [0.0,0.0], [0.0,0.0], [0.0,0.0], [0.0,0.0], [0.0,0.0], [0.0,0.0], [0.0,0.0], [0.0,0.0], [0.0,0.0], [0.0,0.0], [-Infinity,Infinity], [-Infinity,Infinity], [0.0,0.0], [0.0,0.0], [0.0,0.0], [0.0,0.0], [0.0,0.0], [0.0,0.0], [0.0,0.0], [0.0,0.0], [0.0,0.0]]
ENTRY 3 VariableDeclarationStatement_6 [[-Infinity,Infinity], [-Infinity,Infinity], [5.0,5.0], [125.0,125.0], [0.0,0.0], [0.0,0.0], [-Infinity,Infinity], [0.0,0.0], [0.0,0.0], [0.0,0.0], [0.0,0.0], [0.0,0.0], [0.0,0.0], [0.0,0.0], [0.0,0.0], [0.0,0.0], [0.0,0.0], [0.0,0.0], [0.0,0.0], [0.0,0.0], [0.0,0.0], [0.0,0.0], [0.0,0.0], [0.0,0.0], [-Infinity,Infinity], [-Infinity,Infinity], [0.0,0.0], [0.0,0.0], [0.0,0.0], [0.0,0.0], [0.0,0.0], [0.0,0.0], [0.0,0.0], [0.0,0.0], [0.0,0.0]]
EXIT 3 VariableDeclarationStatement_6 [[-Infinity,Infinity], [-Infinity,Infinity], [5.0,5.0], [125.0,125.0], [0.0,0.0], [0.0,0.0], [-Infinity,Infinity], [0.0,0.0], [0.0,0.0], [0.0,0.0], [0.0,0.0], [0.0,0.0], [0.0,0.0], [0.0,0.0], [0.0,0.0], [0.0,0.0], [0.0,0.0], [0.0,0.0], [0.0,0.0], [0.0,0.0], [0.0,0.0], [0.0,0.0], [0.0,0.0], [0.0,0.0], [-Infinity,Infinity], [-Infinity,Infinity], [-Infinity,Infinity], [0.0,0.0], [0.0,0.0], [0.0,0.0], [0.0,0.0], [0.0,0.0], [0.0,0.0], [0.0,0.0], [0.0,0.0]]
ENTRY 3 VariableDeclarationStatement_7 [[-Infinity,Infinity], [-Infinity,Infinity], [5.0,5.0], [125.0,125.0], [0.0,0.0], [0.0,0.0], [-Infinity,Infinity], [0.0,0.0], [0.0,0.0], [0.0,0.0], [0.0,0.0], [0.0,0.0], [0.0,0.0], [0.0,0.0], [0.0,0.0], [0.0,0.0], [0.0,0.0], [0.0,0.0], [0.0,0.0], [0.0,0.0], [0.0,0.0], [0.0,0.0], [0.0,0.0], [0.0,0.0], [-Infinity,Infinity], [-Infinity,Infinity], [-Infinity,Infinity], [0.0,0.0], [0.0,0.0], [0.0,0.0], [0.0,0.0], [0.0,0.0], [0.0,0.0], [0.0,0.0], [0.0,0.0]]
EXIT 3 VariableDeclarationStatement_7 [[-Infinity,Infinity], [-Infinity,Infinity], [5.0,5.0], [125.0,125.0], [0.0,0.0], [0.0,0.0], [-Infinity,Infinity], [0.0,0.0], [0.0,0.0], [0.0,0.0], [0.0,0.0], [0.0,0.0], [0.0,0.0], [0.0,0.0], [0.0,0.0], [0.0,0.0], [0.0,0.0], [0.0,0.0], [0.0,0.0], [0.0,0.0], [0.0,0.0], [0.0,0.0], [0.0,0.0], [0.0,0.0], [-Infinity,Infinity], [-Infinity,Infinity], [-Infinity,Infinity], [-Infinity,Infinity], [0.0,0.0], [0.0,0.0], [0.0,0.0], [0.0,0.0], [0.0,0.0], [0.0,0.0], [0.0,0.0]]
ENTRY 3 Return_1 [[-Infinity,Infinity], [-Infinity,Infinity], [5.0,5.0], [125.0,125.0], [0.0,0.0], [0.0,0.0], [-Infinity,Infinity], [0.0,0.0], [0.0,0.0], [0.0,0.0], [0.0,0.0], [0.0,0.0], [0.0,0.0], [0.0,0.0], [0.0,0.0], [0.0,0.0], [0.0,0.0], [0.0,0.0], [0.0,0.0], [0.0,0.0], [0.0,0.0], [0.0,0.0], [0.0,0.0], [0.0,0.0], [-Infinity,Infinity], [-Infinity,Infinity], [-Infinity,Infinity], [-Infinity,Infinity], [0.0,0.0], [0.0,0.0], [0.0,0.0], [0.0,0.0], [0.0,0.0], [0.0,0.0], [0.0,0.0]]
EXIT 3 Return_1 [[-Infinity,Infinity], [-Infinity,Infinity], [5.0,5.0], [125.0,125.0], [0.0,0.0], [0.0,0.0], [-Infinity,Infinity], [0.0,0.0], [0.0,0.0], [0.0,0.0], [0.0,0.0], [0.0,0.0], [0.0,0.0], [0.0,0.0], [0.0,0.0], [0.0,0.0], [0.0,0.0], [0.0,0.0], [0.0,0.0], [0.0,0.0], [0.0,0.0], [0.0,0.0], [0.0,0.0], [0.0,0.0], [-Infinity,Infinity], [-Infinity,Infinity], [-Infinity,Infinity], [-Infinity,Infinity], [0.0,0.0], [0.0,0.0], [0.0,0.0], [0.0,0.0], [0.0,0.0], [0.0,0.0], [0.0,0.0]]
ENTRY 3 FunctionExit_4 [[-Infinity,Infinity], [-Infinity,Infinity], [5.0,5.0], [125.0,125.0], [0.0,0.0], [0.0,0.0], [-Infinity,Infinity], [0.0,0.0], [0.0,0.0], [0.0,0.0], [0.0,0.0], [0.0,0.0], [0.0,0.0], [0.0,0.0], [0.0,0.0], [0.0,0.0], [0.0,0.0], [0.0,0.0], [0.0,0.0], [0.0,0.0], [0.0,0.0], [0.0,0.0], [0.0,0.0], [0.0,0.0], [-Infinity,Infinity], [-Infinity,Infinity], [-Infinity,Infinity], [-Infinity,Infinity], [0.0,0.0], [0.0,0.0], [0.0,0.0], [0.0,0.0], [0.0,0.0], [0.0,0.0], [0.0,0.0]]
EXIT 3 FunctionExit_4 [[-Infinity,Infinity], [-Infinity,Infinity], [5.0,5.0], [125.0,125.0], [0.0,0.0], [0.0,0.0], [-Infinity,Infinity], [0.0,0.0], [0.0,0.0], [0.0,0.0], [0.0,0.0], [0.0,0.0], [0.0,0.0], [0.0,0.0], [0.0,0.0], [0.0,0.0], [0.0,0.0], [0.0,0.0], [0.0,0.0], [0.0,0.0], [0.0,0.0], [0.0,0.0], [0.0,0.0], [0.0,0.0], [-Infinity,Infinity], [-Infinity,Infinity], [-Infinity,Infinity], [-Infinity,Infinity], [0.0,0.0], [0.0,0.0], [0.0,0.0], [0.0,0.0], [0.0,0.0], [0.0,0.0], [0.0,0.0]]
ENTRY 3 FunctionDefinition_5 [[-Infinity,Infinity], [-Infinity,Infinity], [5.0,5.0], [125.0,125.0], [0.0,0.0], [0.0,0.0], [-Infinity,Infinity], [0.0,0.0], [0.0,0.0], [0.0,0.0], [0.0,0.0], [0.0,0.0], [0.0,0.0], [0.0,0.0], [0.0,0.0], [0.0,0.0], [0.0,0.0], [0.0,0.0], [0.0,0.0], [0.0,0.0], [0.0,0.0], [0.0,0.0], [0.0,0.0], [0.0,0.0], [-Infinity,Infinity], [0.0,0.0], [0.0,0.0], [0.0,0.0], [0.0,0.0], [0.0,0.0], [0.0,0.0], [0.0,0.0], [0.0,0.0], [0.0,0.0], [0.0,0.0]]
EXIT 3 FunctionDefinition_5 [[-Infinity,Infinity], [-Infinity,Infinity], [5.0,5.0], [125.0,125.0], [0.0,0.0], [0.0,0.0], [-Infinity,Infinity], [0.0,0.0], [0.0,0.0], [0.0,0.0], [0.0,0.0], [0.0,0.0], [0.0,0.0], [0.0,0.0], [0.0,0.0], [0.0,0.0], [0.0,0.0], [0.0,0.0], [0.0,0.0], [0.0,0.0], [0.0,0.0], [0.0,0.0], [0.0,0.0], [0.0,0.0], [-Infinity,Infinity], [0.0,0.0], [0.0,0.0], [0.0,0.0], [0.0,0.0], [0.0,0.0], [0.0,0.0], [0.0,0.0], [0.0,0.0], [0.0,0.0], [0.0,0.0]]
ENTRY 3 FunctionEntry_5 [[-Infinity,Infinity], [-Infinity,Infinity], [5.0,5.0], [125.0,125.0], [0.0,0.0], [0.0,0.0], [-Infinity,Infinity], [0.0,0.0], [0.0,0.0], [0.0,0.0], [0.0,0.0], [0.0,0.0], [0.0,0.0], [0.0,0.0], [0.0,0.0], [0.0,0.0], [0.0,0.0], [0.0,0.0], [0.0,0.0], [0.0,0.0], [0.0,0.0], [0.0,0.0], [0.0,0.0], [0.0,0.0], [-Infinity,Infinity], [0.0,0.0], [0.0,0.0], [0.0,0.0], [0.0,0.0], [0.0,0.0], [0.0,0.0], [0.0,0.0], [0.0,0.0], [0.0,0.0], [0.0,0.0]]
EXIT 3 FunctionEntry_5 [[-Infinity,Infinity], [-Infinity,Infinity], [5.0,5.0], [125.0,125.0], [0.0,0.0], [0.0,0.0], [-Infinity,Infinity], [0.0,0.0], [0.0,0.0], [0.0,0.0], [0.0,0.0], [0.0,0.0], [0.0,0.0], [0.0,0.0], [0.0,0.0], [0.0,0.0], [0.0,0.0], [0.0,0.0], [0.0,0.0], [0.0,0.0], [0.0,0.0], [0.0,0.0], [0.0,0.0], [0.0,0.0], [-Infinity,Infinity], [0.0,0.0], [0.0,0.0], [0.0,0.0], [0.0,0.0], [0.0,0.0], [0.0,0.0], [0.0,0.0], [0.0,0.0], [0.0,0.0], [0.0,0.0]]
ENTRY 3 ExpressionStatement_20 [[-Infinity,Infinity], [-Infinity,Infinity], [5.0,5.0], [125.0,125.0], [0.0,0.0], [0.0,0.0], [-Infinity,Infinity], [0.0,0.0], [0.0,0.0], [0.0,0.0], [0.0,0.0], [0.0,0.0], [0.0,0.0], [0.0,0.0], [0.0,0.0], [0.0,0.0], [0.0,0.0], [0.0,0.0], [0.0,0.0], [0.0,0.0], [0.0,0.0], [0.0,0.0], [0.0,0.0], [0.0,0.0], [-Infinity,Infinity], [0.0,0.0], [0.0,0.0], [0.0,0.0], [0.0,0.0], [0.0,0.0], [0.0,0.0], [0.0,0.0], [0.0,0.0], [0.0,0.0], [0.0,0.0]]
EXIT 3 ExpressionStatement_20 [[-Infinity,Infinity], [-Infinity,Infinity], [5.0,5.0], [125.0,125.0], [0.0,0.0], [0.0,0.0], [-Infinity,Infinity], [0.0,0.0], [0.0,0.0], [0.0,0.0], [0.0,0.0], [0.0,0.0], [0.0,0.0], [0.0,0.0], [0.0,0.0], [0.0,0.0], [0.0,0.0], [0.0,0.0], [0.0,0.0], [0.0,0.0], [0.0,0.0], [0.0,0.0], [0.0,0.0], [0.0,0.0], [-Infinity,Infinity], [0.0,0.0], [0.0,0.0], [0.0,0.0], [0.0,0.0], [0.0,0.0], [0.0,0.0], [0.0,0.0], [0.0,0.0], [0.0,0.0], [0.0,0.0]]
ENTRY 3 FunctionExit_5 [[-Infinity,Infinity], [-Infinity,Infinity], [5.0,5.0], [125.0,125.0], [0.0,0.0], [0.0,0.0], [-Infinity,Infinity], [0.0,0.0], [0.0,0.0], [0.0,0.0], [0.0,0.0], [0.0,0.0], [0.0,0.0], [0.0,0.0], [0.0,0.0], [0.0,0.0], [0.0,0.0], [0.0,0.0], [0.0,0.0], [0.0,0.0], [0.0,0.0], [0.0,0.0], [0.0,0.0], [0.0,0.0], [-Infinity,Infinity], [0.0,0.0], [0.0,0.0], [0.0,0.0], [0.0,0.0], [0.0,0.0], [0.0,0.0], [0.0,0.0], [0.0,0.0], [0.0,0.0], [0.0,0.0]]
EXIT 3 FunctionExit_5 [[-Infinity,Infinity], [-Infinity,Infinity], [5.0,5.0], [125.0,125.0], [0.0,0.0], [0.0,0.0], [-Infinity,Infinity], [0.0,0.0], [0.0,0.0], [0.0,0.0], [0.0,0.0], [0.0,0.0], [0.0,0.0], [0.0,0.0], [0.0,0.0], [0.0,0.0], [0.0,0.0], [0.0,0.0], [0.0,0.0], [0.0,0.0], [0.0,0.0], [0.0,0.0], [0.0,0.0], [0.0,0.0], [-Infinity,Infinity], [0.0,0.0], [0.0,0.0], [0.0,0.0], [0.0,0.0], [0.0,0.0], [0.0,0.0], [0.0,0.0], [0.0,0.0], [0.0,0.0], [0.0,0.0]]
ENTRY 3 FunctionDefinition_6 [[-Infinity,Infinity], [-Infinity,Infinity], [5.0,5.0], [125.0,125.0], [0.0,0.0], [0.0,0.0], [-Infinity,Infinity], [0.0,0.0], [0.0,0.0], [0.0,0.0], [0.0,0.0], [0.0,0.0], [0.0,0.0], [0.0,0.0], [0.0,0.0], [0.0,0.0], [0.0,0.0], [0.0,0.0], [0.0,0.0], [0.0,0.0], [0.0,0.0], [0.0,0.0], [0.0,0.0], [0.0,0.0], [-Infinity,Infinity], [0.0,0.0], [0.0,0.0], [0.0,0.0], [0.0,0.0], [0.0,0.0], [0.0,0.0], [0.0,0.0], [0.0,0.0], [0.0,0.0], [0.0,0.0]]
EXIT 3 FunctionDefinition_6 [[-Infinity,Infinity], [-Infinity,Infinity], [5.0,5.0], [125.0,125.0], [0.0,0.0], [0.0,0.0], [-Infinity,Infinity], [0.0,0.0], [0.0,0.0], [0.0,0.0], [0.0,0.0], [0.0,0.0], [0.0,0.0], [0.0,0.0], [0.0,0.0], [0.0,0.0], [0.0,0.0], [0.0,0.0], [0.0,0.0], [0.0,0.0], [0.0,0.0], [0.0,0.0], [0.0,0.0], [0.0,0.0], [-Infinity,Infinity], [0.0,0.0], [0.0,0.0], [0.0,0.0], [0.0,0.0], [0.0,0.0], [0.0,0.0], [0.0,0.0], [0.0,0.0], [0.0,0.0], [0.0,0.0]]
ENTRY 3 FunctionEntry_6 [[-Infinity,Infinity], [-Infinity,Infinity], [5.0,5.0], [125.0,125.0], [0.0,0.0], [0.0,0.0], [-Infinity,Infinity], [0.0,0.0], [0.0,0.0], [0.0,0.0], [0.0,0.0], [0.0,0.0], [0.0,0.0], [0.0,0.0], [0.0,0.0], [0.0,0.0], [0.0,0.0], [0.0,0.0], [0.0,0.0], [0.0,0.0], [0.0,0.0], [0.0,0.0], [0.0,0.0], [0.0,0.0], [-Infinity,Infinity], [0.0,0.0], [0.0,0.0], [0.0,0.0], [0.0,0.0], [0.0,0.0], [0.0,0.0], [0.0,0.0], [0.0,0.0], [0.0,0.0], [0.0,0.0]]
EXIT 3 FunctionEntry_6 [[-Infinity,Infinity], [-Infinity,Infinity], [5.0,5.0], [125.0,125.0], [0.0,0.0], [0.0,0.0], [-Infinity,Infinity], [0.0,0.0], [0.0,0.0], [0.0,0.0], [0.0,0.0], [0.0,0.0], [0.0,0.0], [0.0,0.0], [0.0,0.0], [0.0,0.0], [0.0,0.0], [0.0,0.0], [0.0,0.0], [0.0,0.0], [0.0,0.0], [0.0,0.0], [0.0,0.0], [0.0,0.0], [-Infinity,Infinity], [0.0,0.0], [0.0,0.0], [0.0,0.0], [0.0,0.0], [0.0,0.0], [0.0,0.0], [0.0,0.0], [0.0,0.0], [0.0,0.0], [0.0,0.0]]
ENTRY 3 IfStatement_6 [[-Infinity,Infinity], [-Infinity,Infinity], [5.0,5.0], [125.0,125.0], [0.0,0.0], [0.0,0.0], [-Infinity,Infinity], [0.0,0.0], [0.0,0.0], [0.0,0.0], [0.0,0.0], [0.0,0.0], [0.0,0.0], [0.0,0.0], [0.0,0.0], [0.0,0.0], [0.0,0.0], [0.0,0.0], [0.0,0.0], [0.0,0.0], [0.0,0.0], [0.0,0.0], [0.0,0.0], [0.0,0.0], [-Infinity,Infinity], [0.0,0.0], [0.0,0.0], [0.0,0.0], [0.0,0.0], [0.0,0.0], [0.0,0.0], [0.0,0.0], [0.0,0.0], [0.0,0.0], [0.0,0.0]]
EXIT 3 IfStatement_6 [[1.0,-1.0], [1.0,-1.0], [1.0,-1.0], [1.0,-1.0], [1.0,-1.0], [1.0,-1.0], [1.0,-1.0], [1.0,-1.0], [1.0,-1.0], [1.0,-1.0], [1.0,-1.0], [1.0,-1.0], [1.0,-1.0], [1.0,-1.0], [1.0,-1.0], [1.0,-1.0], [1.0,-1.0], [1.0,-1.0], [1.0,-1.0], [1.0,-1.0], [1.0,-1.0], [1.0,-1.0], [1.0,-1.0], [1.0,-1.0], [1.0,-1.0], [1.0,-1.0], [1.0,-1.0], [1.0,-1.0], [1.0,-1.0], [1.0,-1.0], [1.0,-1.0], [1.0,-1.0], [1.0,-1.0], [1.0,-1.0], [1.0,-1.0]]
ENTRY 3 Throw_0 [[1.0,-1.0], [1.0,-1.0], [1.0,-1.0], [1.0,-1.0], [1.0,-1.0], [1.0,-1.0], [1.0,-1.0], [1.0,-1.0], [1.0,-1.0], [1.0,-1.0], [1.0,-1.0], [1.0,-1.0], [1.0,-1.0], [1.0,-1.0], [1.0,-1.0], [1.0,-1.0], [1.0,-1.0], [1.0,-1.0], [1.0,-1.0], [1.0,-1.0], [1.0,-1.0], [1.0,-1.0], [1.0,-1.0], [1.0,-1.0], [1.0,-1.0], [1.0,-1.0], [1.0,-1.0], [1.0,-1.0], [1.0,-1.0], [1.0,-1.0], [1.0,-1.0], [1.0,-1.0], [1.0,-1.0], [1.0,-1.0], [1.0,-1.0]]
EXIT 3 Throw_0 [[1.0,-1.0], [1.0,-1.0], [1.0,-1.0], [1.0,-1.0], [1.0,-1.0], [1.0,-1.0], [1.0,-1.0], [1.0,-1.0], [1.0,-1.0], [1.0,-1.0], [1.0,-1.0], [1.0,-1.0], [1.0,-1.0], [1.0,-1.0], [1.0,-1.0], [1.0,-1.0], [1.0,-1.0], [1.0,-1.0], [1.0,-1.0], [1.0,-1.0], [1.0,-1.0], [1.0,-1.0], [1.0,-1.0], [1.0,-1.0], [1.0,-1.0], [1.0,-1.0], [1.0,-1.0], [1.0,-1.0], [1.0,-1.0], [1.0,-1.0], [1.0,-1.0], [1.0,-1.0], [1.0,-1.0], [1.0,-1.0], [1.0,-1.0]]
ENTRY 3 IfConditionJoin_6 [[-Infinity,Infinity], [-Infinity,Infinity], [5.0,5.0], [125.0,125.0], [0.0,0.0], [0.0,0.0], [-Infinity,Infinity], [0.0,0.0], [0.0,0.0], [0.0,0.0], [0.0,0.0], [0.0,0.0], [0.0,0.0], [0.0,0.0], [0.0,0.0], [0.0,0.0], [0.0,0.0], [0.0,0.0], [0.0,0.0], [0.0,0.0], [0.0,0.0], [0.0,0.0], [0.0,0.0], [0.0,0.0], [-Infinity,Infinity], [0.0,0.0], [0.0,0.0], [0.0,0.0], [0.0,0.0], [0.0,0.0], [0.0,0.0], [0.0,0.0], [0.0,0.0], [0.0,0.0], [0.0,0.0]]
EXIT 3 IfConditionJoin_6 [[-Infinity,Infinity], [-Infinity,Infinity], [5.0,5.0], [125.0,125.0], [0.0,0.0], [0.0,0.0], [-Infinity,Infinity], [0.0,0.0], [0.0,0.0], [0.0,0.0], [0.0,0.0], [0.0,0.0], [0.0,0.0], [0.0,0.0], [0.0,0.0], [0.0,0.0], [0.0,0.0], [0.0,0.0], [0.0,0.0], [0.0,0.0], [0.0,0.0], [0.0,0.0], [0.0,0.0], [0.0,0.0], [-Infinity,Infinity], [0.0,0.0], [0.0,0.0], [0.0,0.0], [0.0,0.0], [0.0,0.0], [0.0,0.0], [0.0,0.0], [0.0,0.0], [0.0,0.0], [0.0,0.0]]
ENTRY 3 ExpressionStatement_21 [[-Infinity,Infinity], [-Infinity,Infinity], [5.0,5.0], [125.0,125.0], [0.0,0.0], [0.0,0.0], [-Infinity,Infinity], [0.0,0.0], [0.0,0.0], [0.0,0.0], [0.0,0.0], [0.0,0.0], [0.0,0.0], [0.0,0.0], [0.0,0.0], [0.0,0.0], [0.0,0.0], [0.0,0.0], [0.0,0.0], [0.0,0.0], [0.0,0.0], [0.0,0.0], [0.0,0.0], [0.0,0.0], [-Infinity,Infinity], [0.0,0.0], [0.0,0.0], [0.0,0.0], [0.0,0.0], [0.0,0.0], [0.0,0.0], [0.0,0.0], [0.0,0.0], [0.0,0.0], [0.0,0.0]]
EXIT 3 ExpressionStatement_21 [[-Infinity,Infinity], [-Infinity,Infinity], [5.0,5.0], [-Infinity,Infinity], [0.0,0.0], [0.0,0.0], [-Infinity,Infinity], [0.0,0.0], [0.0,0.0], [0.0,0.0], [0.0,0.0], [0.0,0.0], [0.0,0.0], [0.0,0.0], [0.0,0.0], [0.0,0.0], [0.0,0.0], [0.0,0.0], [0.0,0.0], [0.0,0.0], [0.0,0.0], [0.0,0.0], [0.0,0.0], [0.0,0.0], [-Infinity,Infinity], [0.0,0.0], [0.0,0.0], [0.0,0.0], [0.0,0.0], [0.0,0.0], [0.0,0.0], [0.0,0.0], [0.0,0.0], [0.0,0.0], [0.0,0.0]]
ENTRY 3 FunctionExit_6 [[-Infinity,Infinity], [-Infinity,Infinity], [5.0,5.0], [-Infinity,Infinity], [0.0,0.0], [0.0,0.0], [-Infinity,Infinity], [0.0,0.0], [0.0,0.0], [0.0,0.0], [0.0,0.0], [0.0,0.0], [0.0,0.0], [0.0,0.0], [0.0,0.0], [0.0,0.0], [0.0,0.0], [0.0,0.0], [0.0,0.0], [0.0,0.0], [0.0,0.0], [0.0,0.0], [0.0,0.0], [0.0,0.0], [-Infinity,Infinity], [0.0,0.0], [0.0,0.0], [0.0,0.0], [0.0,0.0], [0.0,0.0], [0.0,0.0], [0.0,0.0], [0.0,0.0], [0.0,0.0], [0.0,0.0]]
EXIT 3 FunctionExit_6 [[-Infinity,Infinity], [-Infinity,Infinity], [5.0,5.0], [-Infinity,Infinity], [0.0,0.0], [0.0,0.0], [-Infinity,Infinity], [0.0,0.0], [0.0,0.0], [0.0,0.0], [0.0,0.0], [0.0,0.0], [0.0,0.0], [0.0,0.0], [0.0,0.0], [0.0,0.0], [0.0,0.0], [0.0,0.0], [0.0,0.0], [0.0,0.0], [0.0,0.0], [0.0,0.0], [0.0,0.0], [0.0,0.0], [-Infinity,Infinity], [0.0,0.0], [0.0,0.0], [0.0,0.0], [0.0,0.0], [0.0,0.0], [0.0,0.0], [0.0,0.0], [0.0,0.0], [0.0,0.0], [0.0,0.0]]
ENTRY 3 FunctionDefinition_7 [[-Infinity,Infinity], [-Infinity,Infinity], [5.0,5.0], [-Infinity,Infinity], [0.0,0.0], [0.0,0.0], [-Infinity,Infinity], [0.0,0.0], [0.0,0.0], [0.0,0.0], [0.0,0.0], [0.0,0.0], [0.0,0.0], [0.0,0.0], [0.0,0.0], [0.0,0.0], [0.0,0.0], [0.0,0.0], [0.0,0.0], [0.0,0.0], [0.0,0.0], [0.0,0.0], [0.0,0.0], [0.0,0.0], [-Infinity,Infinity], [0.0,0.0], [0.0,0.0], [0.0,0.0], [0.0,0.0], [0.0,0.0], [0.0,0.0], [0.0,0.0], [0.0,0.0], [0.0,0.0], [0.0,0.0]]
EXIT 3 FunctionDefinition_7 [[-Infinity,Infinity], [-Infinity,Infinity], [5.0,5.0], [-Infinity,Infinity], [0.0,0.0], [0.0,0.0], [-Infinity,Infinity], [0.0,0.0], [0.0,0.0], [0.0,0.0], [0.0,0.0], [0.0,0.0], [0.0,0.0], [0.0,0.0], [0.0,0.0], [0.0,0.0], [0.0,0.0], [0.0,0.0], [0.0,0.0], [0.0,0.0], [0.0,0.0], [0.0,0.0], [0.0,0.0], [0.0,0.0], [-Infinity,Infinity], [0.0,0.0], [0.0,0.0], [0.0,0.0], [0.0,0.0], [0.0,0.0], [0.0,0.0], [0.0,0.0], [0.0,0.0], [0.0,0.0], [0.0,0.0]]
ENTRY 3 FunctionEntry_7 [[-Infinity,Infinity], [-Infinity,Infinity], [5.0,5.0], [-Infinity,Infinity], [0.0,0.0], [0.0,0.0], [-Infinity,Infinity], [0.0,0.0], [0.0,0.0], [0.0,0.0], [0.0,0.0], [0.0,0.0], [0.0,0.0], [0.0,0.0], [0.0,0.0], [0.0,0.0], [0.0,0.0], [0.0,0.0], [0.0,0.0], [0.0,0.0], [0.0,0.0], [0.0,0.0], [0.0,0.0], [0.0,0.0], [-Infinity,Infinity], [0.0,0.0], [0.0,0.0], [0.0,0.0], [0.0,0.0], [0.0,0.0], [0.0,0.0], [0.0,0.0], [0.0,0.0], [0.0,0.0], [0.0,0.0]]
EXIT 3 FunctionEntry_7 [[-Infinity,Infinity], [-Infinity,Infinity], [5.0,5.0], [-Infinity,Infinity], [0.0,0.0], [0.0,0.0], [-Infinity,Infinity], [0.0,0.0], [0.0,0.0], [0.0,0.0], [0.0,0.0], [0.0,0.0], [0.0,0.0], [0.0,0.0], [0.0,0.0], [0.0,0.0], [0.0,0.0], [0.0,0.0], [0.0,0.0], [0.0,0.0], [0.0,0.0], [0.0,0.0], [0.0,0.0], [0.0,0.0], [-Infinity,Infinity], [0.0,0.0], [0.0,0.0], [0.0,0.0], [0.0,0.0], [0.0,0.0], [0.0,0.0], [0.0,0.0], [0.0,0.0], [0.0,0.0], [0.0,0.0]]
ENTRY 3 IfStatement_7 [[-Infinity,Infinity], [-Infinity,Infinity], [5.0,5.0], [-Infinity,Infinity], [0.0,0.0], [0.0,0.0], [-Infinity,Infinity], [0.0,0.0], [0.0,0.0], [0.0,0.0], [0.0,0.0], [0.0,0.0], [0.0,0.0], [0.0,0.0], [0.0,0.0], [0.0,0.0], [0.0,0.0], [0.0,0.0], [0.0,0.0], [0.0,0.0], [0.0,0.0], [0.0,0.0], [0.0,0.0], [0.0,0.0], [-Infinity,Infinity], [0.0,0.0], [0.0,0.0], [0.0,0.0], [0.0,0.0], [0.0,0.0], [0.0,0.0], [0.0,0.0], [0.0,0.0], [0.0,0.0], [0.0,0.0]]
EXIT 3 IfStatement_7 [[1.0,-1.0], [1.0,-1.0], [1.0,-1.0], [1.0,-1.0], [1.0,-1.0], [1.0,-1.0], [1.0,-1.0], [1.0,-1.0], [1.0,-1.0], [1.0,-1.0], [1.0,-1.0], [1.0,-1.0], [1.0,-1.0], [1.0,-1.0], [1.0,-1.0], [1.0,-1.0], [1.0,-1.0], [1.0,-1.0], [1.0,-1.0], [1.0,-1.0], [1.0,-1.0], [1.0,-1.0], [1.0,-1.0], [1.0,-1.0], [1.0,-1.0], [1.0,-1.0], [1.0,-1.0], [1.0,-1.0], [1.0,-1.0], [1.0,-1.0], [1.0,-1.0], [1.0,-1.0], [1.0,-1.0], [1.0,-1.0], [1.0,-1.0]]
ENTRY 3 Throw_1 [[1.0,-1.0], [1.0,-1.0], [1.0,-1.0], [1.0,-1.0], [1.0,-1.0], [1.0,-1.0], [1.0,-1.0], [1.0,-1.0], [1.0,-1.0], [1.0,-1.0], [1.0,-1.0], [1.0,-1.0], [1.0,-1.0], [1.0,-1.0], [1.0,-1.0], [1.0,-1.0], [1.0,-1.0], [1.0,-1.0], [1.0,-1.0], [1.0,-1.0], [1.0,-1.0], [1.0,-1.0], [1.0,-1.0], [1.0,-1.0], [1.0,-1.0], [1.0,-1.0], [1.0,-1.0], [1.0,-1.0], [1.0,-1.0], [1.0,-1.0], [1.0,-1.0], [1.0,-1.0], [1.0,-1.0], [1.0,-1.0], [1.0,-1.0]]
EXIT 3 Throw_1 [[1.0,-1.0], [1.0,-1.0], [1.0,-1.0], [1.0,-1.0], [1.0,-1.0], [1.0,-1.0], [1.0,-1.0], [1.0,-1.0], [1.0,-1.0], [1.0,-1.0], [1.0,-1.0], [1.0,-1.0], [1.0,-1.0], [1.0,-1.0], [1.0,-1.0], [1.0,-1.0], [1.0,-1.0], [1.0,-1.0], [1.0,-1.0], [1.0,-1.0], [1.0,-1.0], [1.0,-1.0], [1.0,-1.0], [1.0,-1.0], [1.0,-1.0], [1.0,-1.0], [1.0,-1.0], [1.0,-1.0], [1.0,-1.0], [1.0,-1.0], [1.0,-1.0], [1.0,-1.0], [1.0,-1.0], [1.0,-1.0], [1.0,-1.0]]
ENTRY 3 IfConditionJoin_7 [[-Infinity,Infinity], [-Infinity,Infinity], [5.0,5.0], [-Infinity,Infinity], [0.0,0.0], [0.0,0.0], [-Infinity,Infinity], [0.0,0.0], [0.0,0.0], [0.0,0.0], [0.0,0.0], [0.0,0.0], [0.0,0.0], [0.0,0.0], [0.0,0.0], [0.0,0.0], [0.0,0.0], [0.0,0.0], [0.0,0.0], [0.0,0.0], [0.0,0.0], [0.0,0.0], [0.0,0.0], [0.0,0.0], [-Infinity,Infinity], [0.0,0.0], [0.0,0.0], [0.0,0.0], [0.0,0.0], [0.0,0.0], [0.0,0.0], [0.0,0.0], [0.0,0.0], [0.0,0.0], [0.0,0.0]]
EXIT 3 IfConditionJoin_7 [[-Infinity,Infinity], [-Infinity,Infinity], [5.0,5.0], [-Infinity,Infinity], [0.0,0.0], [0.0,0.0], [-Infinity,Infinity], [0.0,0.0], [0.0,0.0], [0.0,0.0], [0.0,0.0], [0.0,0.0], [0.0,0.0], [0.0,0.0], [0.0,0.0], [0.0,0.0], [0.0,0.0], [0.0,0.0], [0.0,0.0], [0.0,0.0], [0.0,0.0], [0.0,0.0], [0.0,0.0], [0.0,0.0], [-Infinity,Infinity], [0.0,0.0], [0.0,0.0], [0.0,0.0], [0.0,0.0], [0.0,0.0], [0.0,0.0], [0.0,0.0], [0.0,0.0], [0.0,0.0], [0.0,0.0]]
ENTRY 3 ExpressionStatement_22 [[-Infinity,Infinity], [-Infinity,Infinity], [5.0,5.0], [-Infinity,Infinity], [0.0,0.0], [0.0,0.0], [-Infinity,Infinity], [0.0,0.0], [0.0,0.0], [0.0,0.0], [0.0,0.0], [0.0,0.0], [0.0,0.0], [0.0,0.0], [0.0,0.0], [0.0,0.0], [0.0,0.0], [0.0,0.0], [0.0,0.0], [0.0,0.0], [0.0,0.0], [0.0,0.0], [0.0,0.0], [0.0,0.0], [-Infinity,Infinity], [0.0,0.0], [0.0,0.0], [0.0,0.0], [0.0,0.0], [0.0,0.0], [0.0,0.0], [0.0,0.0], [0.0,0.0], [0.0,0.0], [0.0,0.0]]
EXIT 3 ExpressionStatement_22 [[-Infinity,Infinity], [-Infinity,Infinity], [-Infinity,Infinity], [-Infinity,Infinity], [0.0,0.0], [0.0,0.0], [-Infinity,Infinity], [0.0,0.0], [0.0,0.0], [0.0,0.0], [0.0,0.0], [0.0,0.0], [0.0,0.0], [0.0,0.0], [0.0,0.0], [0.0,0.0], [0.0,0.0], [0.0,0.0], [0.0,0.0], [0.0,0.0], [0.0,0.0], [0.0,0.0], [0.0,0.0], [0.0,0.0], [-Infinity,Infinity], [0.0,0.0], [0.0,0.0], [0.0,0.0], [0.0,0.0], [0.0,0.0], [0.0,0.0], [0.0,0.0], [0.0,0.0], [0.0,0.0], [0.0,0.0]]
ENTRY 3 FunctionExit_7 [[-Infinity,Infinity], [-Infinity,Infinity], [-Infinity,Infinity], [-Infinity,Infinity], [0.0,0.0], [0.0,0.0], [-Infinity,Infinity], [0.0,0.0], [0.0,0.0], [0.0,0.0], [0.0,0.0], [0.0,0.0], [0.0,0.0], [0.0,0.0], [0.0,0.0], [0.0,0.0], [0.0,0.0], [0.0,0.0], [0.0,0.0], [0.0,0.0], [0.0,0.0], [0.0,0.0], [0.0,0.0], [0.0,0.0], [-Infinity,Infinity], [0.0,0.0], [0.0,0.0], [0.0,0.0], [0.0,0.0], [0.0,0.0], [0.0,0.0], [0.0,0.0], [0.0,0.0], [0.0,0.0], [0.0,0.0]]
EXIT 3 FunctionExit_7 [[-Infinity,Infinity], [-Infinity,Infinity], [-Infinity,Infinity], [-Infinity,Infinity], [0.0,0.0], [0.0,0.0], [-Infinity,Infinity], [0.0,0.0], [0.0,0.0], [0.0,0.0], [0.0,0.0], [0.0,0.0], [0.0,0.0], [0.0,0.0], [0.0,0.0], [0.0,0.0], [0.0,0.0], [0.0,0.0], [0.0,0.0], [0.0,0.0], [0.0,0.0], [0.0,0.0], [0.0,0.0], [0.0,0.0], [-Infinity,Infinity], [0.0,0.0], [0.0,0.0], [0.0,0.0], [0.0,0.0], [0.0,0.0], [0.0,0.0], [0.0,0.0], [0.0,0.0], [0.0,0.0], [0.0,0.0]]
ENTRY 3 FunctionDefinition_8 [[-Infinity,Infinity], [-Infinity,Infinity], [-Infinity,Infinity], [-Infinity,Infinity], [0.0,0.0], [0.0,0.0], [-Infinity,Infinity], [0.0,0.0], [0.0,0.0], [0.0,0.0], [0.0,0.0], [0.0,0.0], [0.0,0.0], [0.0,0.0], [0.0,0.0], [0.0,0.0], [0.0,0.0], [0.0,0.0], [0.0,0.0], [0.0,0.0], [0.0,0.0], [0.0,0.0], [0.0,0.0], [0.0,0.0], [-Infinity,Infinity], [0.0,0.0], [0.0,0.0], [0.0,0.0], [0.0,0.0], [0.0,0.0], [0.0,0.0], [0.0,0.0], [0.0,0.0], [0.0,0.0], [0.0,0.0]]
EXIT 3 FunctionDefinition_8 [[-Infinity,Infinity], [-Infinity,Infinity], [-Infinity,Infinity], [-Infinity,Infinity], [0.0,0.0], [0.0,0.0], [-Infinity,Infinity], [0.0,0.0], [0.0,0.0], [0.0,0.0], [0.0,0.0], [0.0,0.0], [0.0,0.0], [0.0,0.0], [0.0,0.0], [0.0,0.0], [0.0,0.0], [0.0,0.0], [0.0,0.0], [0.0,0.0], [0.0,0.0], [0.0,0.0], [0.0,0.0], [0.0,0.0], [-Infinity,Infinity], [0.0,0.0], [0.0,0.0], [0.0,0.0], [0.0,0.0], [0.0,0.0], [0.0,0.0], [0.0,0.0], [0.0,0.0], [0.0,0.0], [0.0,0.0]]
ENTRY 3 FunctionEntry_8 [[-Infinity,Infinity], [-Infinity,Infinity], [-Infinity,Infinity], [-Infinity,Infinity], [0.0,0.0], [0.0,0.0], [-Infinity,Infinity], [0.0,0.0], [0.0,0.0], [0.0,0.0], [0.0,0.0], [0.0,0.0], [0.0,0.0], [0.0,0.0], [0.0,0.0], [0.0,0.0], [0.0,0.0], [0.0,0.0], [0.0,0.0], [0.0,0.0], [0.0,0.0], [0.0,0.0], [0.0,0.0], [0.0,0.0], [-Infinity,Infinity], [0.0,0.0], [0.0,0.0], [0.0,0.0], [0.0,0.0], [0.0,0.0], [0.0,0.0], [0.0,0.0], [0.0,0.0], [0.0,0.0], [0.0,0.0]]
EXIT 3 FunctionEntry_8 [[-Infinity,Infinity], [-Infinity,Infinity], [-Infinity,Infinity], [-Infinity,Infinity], [0.0,0.0], [0.0,0.0], [-Infinity,Infinity], [0.0,0.0], [0.0,0.0], [0.0,0.0], [0.0,0.0], [0.0,0.0], [0.0,0.0], [0.0,0.0], [0.0,0.0], [0.0,0.0], [0.0,0.0], [0.0,0.0], [0.0,0.0], [0.0,0.0], [0.0,0.0], [0.0,0.0], [0.0,0.0], [0.0,0.0], [-Infinity,Infinity], [0.0,0.0], [0.0,0.0], [0.0,0.0], [0.0,0.0], [0.0,0.0], [0.0,0.0], [0.0,0.0], [0.0,0.0], [0.0,0.0], [0.0,0.0]]
ENTRY 3 ExpressionStatement_23 [[-Infinity,Infinity], [-Infinity,Infinity], [-Infinity,Infinity], [-Infinity,Infinity], [0.0,0.0], [0.0,0.0], [-Infinity,Infinity], [0.0,0.0], [0.0,0.0], [0.0,0.0], [0.0,0.0], [0.0,0.0], [0.0,0.0], [0.0,0.0], [0.0,0.0], [0.0,0.0], [0.0,0.0], [0.0,0.0], [0.0,0.0], [0.0,0.0], [0.0,0.0], [0.0,0.0], [0.0,0.0], [0.0,0.0], [-Infinity,Infinity], [0.0,0.0], [0.0,0.0], [0.0,0.0], [0.0,0.0], [0.0,0.0], [0.0,0.0], [0.0,0.0], [0.0,0.0], [0.0,0.0], [0.0,0.0]]
EXIT 3 ExpressionStatement_23 [[-Infinity,Infinity], [-Infinity,Infinity], [-Infinity,Infinity], [-Infinity,Infinity], [0.0,0.0], [0.0,0.0], [-Infinity,Infinity], [0.0,0.0], [0.0,0.0], [0.0,0.0], [0.0,0.0], [0.0,0.0], [0.0,0.0], [0.0,0.0], [0.0,0.0], [0.0,0.0], [0.0,0.0], [0.0,0.0], [0.0,0.0], [0.0,0.0], [0.0,0.0], [0.0,0.0], [0.0,0.0], [0.0,0.0], [-Infinity,Infinity], [-Infinity,Infinity], [0.0,0.0], [0.0,0.0], [0.0,0.0], [0.0,0.0], [0.0,0.0], [0.0,0.0], [0.0,0.0], [0.0,0.0], [0.0,0.0]]
ENTRY 3 ExpressionStatement_24 [[-Infinity,Infinity], [-Infinity,Infinity], [-Infinity,Infinity], [-Infinity,Infinity], [0.0,0.0], [0.0,0.0], [-Infinity,Infinity], [0.0,0.0], [0.0,0.0], [0.0,0.0], [0.0,0.0], [0.0,0.0], [0.0,0.0], [0.0,0.0], [0.0,0.0], [0.0,0.0], [0.0,0.0], [0.0,0.0], [0.0,0.0], [0.0,0.0], [0.0,0.0], [0.0,0.0], [0.0,0.0], [0.0,0.0], [-Infinity,Infinity], [-Infinity,Infinity], [0.0,0.0], [0.0,0.0], [0.0,0.0], [0.0,0.0], [0.0,0.0], [0.0,0.0], [0.0,0.0], [0.0,0.0], [0.0,0.0]]
EXIT 3 ExpressionStatement_24 [[-Infinity,Infinity], [-Infinity,Infinity], [-Infinity,Infinity], [-Infinity,Infinity], [0.0,0.0], [0.0,0.0], [-Infinity,Infinity], [0.0,0.0], [0.0,0.0], [0.0,0.0], [0.0,0.0], [0.0,0.0], [0.0,0.0], [0.0,0.0], [0.0,0.0], [0.0,0.0], [0.0,0.0], [0.0,0.0], [0.0,0.0], [0.0,0.0], [0.0,0.0], [0.0,0.0], [0.0,0.0], [0.0,0.0], [-Infinity,Infinity], [-Infinity,Infinity], [0.0,0.0], [0.0,0.0], [-Infinity,Infinity], [0.0,0.0], [0.0,0.0], [0.0,0.0], [0.0,0.0], [0.0,0.0], [0.0,0.0]]
ENTRY 3 FunctionExit_8 [[-Infinity,Infinity], [-Infinity,Infinity], [-Infinity,Infinity], [-Infinity,Infinity], [0.0,0.0], [0.0,0.0], [-Infinity,Infinity], [0.0,0.0], [0.0,0.0], [0.0,0.0], [0.0,0.0], [0.0,0.0], [0.0,0.0], [0.0,0.0], [0.0,0.0], [0.0,0.0], [0.0,0.0], [0.0,0.0], [0.0,0.0], [0.0,0.0], [0.0,0.0], [0.0,0.0], [0.0,0.0], [0.0,0.0], [-Infinity,Infinity], [-Infinity,Infinity], [0.0,0.0], [0.0,0.0], [-Infinity,Infinity], [0.0,0.0], [0.0,0.0], [0.0,0.0], [0.0,0.0], [0.0,0.0], [0.0,0.0]]
EXIT 3 FunctionExit_8 [[-Infinity,Infinity], [-Infinity,Infinity], [-Infinity,Infinity], [-Infinity,Infinity], [0.0,0.0], [0.0,0.0], [-Infinity,Infinity], [0.0,0.0], [0.0,0.0], [0.0,0.0], [0.0,0.0], [0.0,0.0], [0.0,0.0], [0.0,0.0], [0.0,0.0], [0.0,0.0], [0.0,0.0], [0.0,0.0], [0.0,0.0], [0.0,0.0], [0.0,0.0], [0.0,0.0], [0.0,0.0], [0.0,0.0], [-Infinity,Infinity], [-Infinity,Infinity], [0.0,0.0], [0.0,0.0], [-Infinity,Infinity], [0.0,0.0], [0.0,0.0], [0.0,0.0], [0.0,0.0], [0.0,0.0], [0.0,0.0]]
ENTRY 3 FunctionDefinition_9 [[-Infinity,Infinity], [-Infinity,Infinity], [-Infinity,Infinity], [-Infinity,Infinity], [0.0,0.0], [0.0,0.0], [-Infinity,Infinity], [0.0,0.0], [0.0,0.0], [0.0,0.0], [0.0,0.0], [0.0,0.0], [0.0,0.0], [0.0,0.0], [0.0,0.0], [0.0,0.0], [0.0,0.0], [0.0,0.0], [0.0,0.0], [0.0,0.0], [0.0,0.0], [0.0,0.0], [0.0,0.0], [0.0,0.0], [-Infinity,Infinity], [0.0,0.0], [0.0,0.0], [0.0,0.0], [0.0,0.0], [0.0,0.0], [0.0,0.0], [0.0,0.0], [0.0,0.0], [0.0,0.0], [0.0,0.0]]
EXIT 3 FunctionDefinition_9 [[-Infinity,Infinity], [-Infinity,Infinity], [-Infinity,Infinity], [-Infinity,Infinity], [0.0,0.0], [0.0,0.0], [-Infinity,Infinity], [0.0,0.0], [0.0,0.0], [0.0,0.0], [0.0,0.0], [0.0,0.0], [0.0,0.0], [0.0,0.0], [0.0,0.0], [0.0,0.0], [0.0,0.0], [0.0,0.0], [0.0,0.0], [0.0,0.0], [0.0,0.0], [0.0,0.0], [0.0,0.0], [0.0,0.0], [-Infinity,Infinity], [0.0,0.0], [0.0,0.0], [0.0,0.0], [0.0,0.0], [0.0,0.0], [0.0,0.0], [0.0,0.0], [0.0,0.0], [0.0,0.0], [0.0,0.0]]
ENTRY 3 FunctionEntry_9 [[-Infinity,Infinity], [-Infinity,Infinity], [-Infinity,Infinity], [-Infinity,Infinity], [0.0,0.0], [0.0,0.0], [-Infinity,Infinity], [0.0,0.0], [0.0,0.0], [0.0,0.0], [0.0,0.0], [0.0,0.0], [0.0,0.0], [0.0,0.0], [0.0,0.0], [0.0,0.0], [0.0,0.0], [0.0,0.0], [0.0,0.0], [0.0,0.0], [0.0,0.0], [0.0,0.0], [0.0,0.0], [0.0,0.0], [-Infinity,Infinity], [0.0,0.0], [0.0,0.0], [0.0,0.0], [0.0,0.0], [0.0,0.0], [0.0,0.0], [0.0,0.0], [0.0,0.0], [0.0,0.0], [0.0,0.0]]
EXIT 3 FunctionEntry_9 [[-Infinity,Infinity], [-Infinity,Infinity], [-Infinity,Infinity], [-Infinity,Infinity], [0.0,0.0], [0.0,0.0], [-Infinity,Infinity], [0.0,0.0], [0.0,0.0], [0.0,0.0], [0.0,0.0], [0.0,0.0], [0.0,0.0], [0.0,0.0], [0.0,0.0], [0.0,0.0], [0.0,0.0], [0.0,0.0], [0.0,0.0], [0.0,0.0], [0.0,0.0], [0.0,0.0], [0.0,0.0], [0.0,0.0], [-Infinity,Infinity], [0.0,0.0], [0.0,0.0], [0.0,0.0], [0.0,0.0], [0.0,0.0], [0.0,0.0], [0.0,0.0], [0.0,0.0], [0.0,0.0], [0.0,0.0]]
ENTRY 3 ExpressionStatement_25 [[-Infinity,Infinity], [-Infinity,Infinity], [-Infinity,Infinity], [-Infinity,Infinity], [0.0,0.0], [0.0,0.0], [-Infinity,Infinity], [0.0,0.0], [0.0,0.0], [0.0,0.0], [0.0,0.0], [0.0,0.0], [0.0,0.0], [0.0,0.0], [0.0,0.0], [0.0,0.0], [0.0,0.0], [0.0,0.0], [0.0,0.0], [0.0,0.0], [0.0,0.0], [0.0,0.0], [0.0,0.0], [0.0,0.0], [-Infinity,Infinity], [0.0,0.0], [0.0,0.0], [0.0,0.0], [0.0,0.0], [0.0,0.0], [0.0,0.0], [0.0,0.0], [0.0,0.0], [0.0,0.0], [0.0,0.0]]
EXIT 3 ExpressionStatement_25 [[-Infinity,Infinity], [-Infinity,Infinity], [-Infinity,Infinity], [-Infinity,Infinity], [0.0,0.0], [0.0,0.0], [-Infinity,Infinity], [0.0,0.0], [0.0,0.0], [0.0,0.0], [0.0,0.0], [0.0,0.0], [0.0,0.0], [0.0,0.0], [0.0,0.0], [0.0,0.0], [0.0,0.0], [0.0,0.0], [0.0,0.0], [0.0,0.0], [0.0,0.0], [0.0,0.0], [0.0,0.0], [0.0,0.0], [-Infinity,Infinity], [0.0,0.0], [0.0,0.0], [0.0,0.0], [0.0,0.0], [-Infinity,Infinity], [0.0,0.0], [0.0,0.0], [0.0,0.0], [0.0,0.0], [0.0,0.0]]
ENTRY 3 ExpressionStatement_26 [[-Infinity,Infinity], [-Infinity,Infinity], [-Infinity,Infinity], [-Infinity,Infinity], [0.0,0.0], [0.0,0.0], [-Infinity,Infinity], [0.0,0.0], [0.0,0.0], [0.0,0.0], [0.0,0.0], [0.0,0.0], [0.0,0.0], [0.0,0.0], [0.0,0.0], [0.0,0.0], [0.0,0.0], [0.0,0.0], [0.0,0.0], [0.0,0.0], [0.0,0.0], [0.0,0.0], [0.0,0.0], [0.0,0.0], [-Infinity,Infinity], [0.0,0.0], [0.0,0.0], [0.0,0.0], [0.0,0.0], [-Infinity,Infinity], [0.0,0.0], [0.0,0.0], [0.0,0.0], [0.0,0.0], [0.0,0.0]]
EXIT 3 ExpressionStatement_26 [[-Infinity,Infinity], [-Infinity,Infinity], [-Infinity,Infinity], [-Infinity,Infinity], [0.0,0.0], [0.0,0.0], [-Infinity,Infinity], [0.0,0.0], [0.0,0.0], [0.0,0.0], [0.0,0.0], [0.0,0.0], [0.0,0.0], [0.0,0.0], [0.0,0.0], [0.0,0.0], [0.0,0.0], [0.0,0.0], [0.0,0.0], [0.0,0.0], [0.0,0.0], [0.0,0.0], [0.0,0.0], [0.0,0.0], [-Infinity,Infinity], [0.0,0.0], [0.0,0.0], [0.0,0.0], [-Infinity,Infinity], [-Infinity,Infinity], [0.0,0.0], [0.0,0.0], [0.0,0.0], [0.0,0.0], [0.0,0.0]]
ENTRY 3 FunctionExit_9 [[-Infinity,Infinity], [-Infinity,Infinity], [-Infinity,Infinity], [-Infinity,Infinity], [0.0,0.0], [0.0,0.0], [-Infinity,Infinity], [0.0,0.0], [0.0,0.0], [0.0,0.0], [0.0,0.0], [0.0,0.0], [0.0,0.0], [0.0,0.0], [0.0,0.0], [0.0,0.0], [0.0,0.0], [0.0,0.0], [0.0,0.0], [0.0,0.0], [0.0,0.0], [0.0,0.0], [0.0,0.0], [0.0,0.0], [-Infinity,Infinity], [0.0,0.0], [0.0,0.0], [0.0,0.0], [-Infinity,Infinity], [-Infinity,Infinity], [0.0,0.0], [0.0,0.0], [0.0,0.0], [0.0,0.0], [0.0,0.0]]
EXIT 3 FunctionExit_9 [[-Infinity,Infinity], [-Infinity,Infinity], [-Infinity,Infinity], [-Infinity,Infinity], [0.0,0.0], [0.0,0.0], [-Infinity,Infinity], [0.0,0.0], [0.0,0.0], [0.0,0.0], [0.0,0.0], [0.0,0.0], [0.0,0.0], [0.0,0.0], [0.0,0.0], [0.0,0.0], [0.0,0.0], [0.0,0.0], [0.0,0.0], [0.0,0.0], [0.0,0.0], [0.0,0.0], [0.0,0.0], [0.0,0.0], [-Infinity,Infinity], [0.0,0.0], [0.0,0.0], [0.0,0.0], [-Infinity,Infinity], [-Infinity,Infinity], [0.0,0.0], [0.0,0.0], [0.0,0.0], [0.0,0.0], [0.0,0.0]]
ENTRY 3 FunctionDefinition_10 [[-Infinity,Infinity], [-Infinity,Infinity], [-Infinity,Infinity], [-Infinity,Infinity], [0.0,0.0], [0.0,0.0], [-Infinity,Infinity], [0.0,0.0], [0.0,0.0], [0.0,0.0], [0.0,0.0], [0.0,0.0], [0.0,0.0], [0.0,0.0], [0.0,0.0], [0.0,0.0], [0.0,0.0], [0.0,0.0], [0.0,0.0], [0.0,0.0], [0.0,0.0], [0.0,0.0], [0.0,0.0], [0.0,0.0], [-Infinity,Infinity], [0.0,0.0], [0.0,0.0], [0.0,0.0], [0.0,0.0], [0.0,0.0], [0.0,0.0], [0.0,0.0], [0.0,0.0], [0.0,0.0], [0.0,0.0]]
EXIT 3 FunctionDefinition_10 [[-Infinity,Infinity], [-Infinity,Infinity], [-Infinity,Infinity], [-Infinity,Infinity], [0.0,0.0], [0.0,0.0], [-Infinity,Infinity], [0.0,0.0], [0.0,0.0], [0.0,0.0], [0.0,0.0], [0.0,0.0], [0.0,0.0], [0.0,0.0], [0.0,0.0], [0.0,0.0], [0.0,0.0], [0.0,0.0], [0.0,0.0], [0.0,0.0], [0.0,0.0], [0.0,0.0], [0.0,0.0], [0.0,0.0], [-Infinity,Infinity], [0.0,0.0], [0.0,0.0], [0.0,0.0], [0.0,0.0], [0.0,0.0], [0.0,0.0], [0.0,0.0], [0.0,0.0], [0.0,0.0], [0.0,0.0]]
ENTRY 3 FunctionEntry_10 [[-Infinity,Infinity], [-Infinity,Infinity], [-Infinity,Infinity], [-Infinity,Infinity], [0.0,0.0], [0.0,0.0], [-Infinity,Infinity], [0.0,0.0], [0.0,0.0], [0.0,0.0], [0.0,0.0], [0.0,0.0], [0.0,0.0], [0.0,0.0], [0.0,0.0], [0.0,0.0], [0.0,0.0], [0.0,0.0], [0.0,0.0], [0.0,0.0], [0.0,0.0], [0.0,0.0], [0.0,0.0], [0.0,0.0], [-Infinity,Infinity], [0.0,0.0], [0.0,0.0], [0.0,0.0], [0.0,0.0], [0.0,0.0], [0.0,0.0], [0.0,0.0], [0.0,0.0], [0.0,0.0], [0.0,0.0]]
EXIT 3 FunctionEntry_10 [[-Infinity,Infinity], [-Infinity,Infinity], [-Infinity,Infinity], [-Infinity,Infinity], [0.0,0.0], [0.0,0.0], [-Infinity,Infinity], [0.0,0.0], [0.0,0.0], [0.0,0.0], [0.0,0.0], [0.0,0.0], [0.0,0.0], [0.0,0.0], [0.0,0.0], [0.0,0.0], [0.0,0.0], [0.0,0.0], [0.0,0.0], [0.0,0.0], [0.0,0.0], [0.0,0.0], [0.0,0.0], [0.0,0.0], [-Infinity,Infinity], [0.0,0.0], [0.0,0.0], [0.0,0.0], [0.0,0.0], [0.0,0.0], [0.0,0.0], [0.0,0.0], [0.0,0.0], [0.0,0.0], [0.0,0.0]]
ENTRY 3 ExpressionStatement_27 [[-Infinity,Infinity], [-Infinity,Infinity], [-Infinity,Infinity], [-Infinity,Infinity], [0.0,0.0], [0.0,0.0], [-Infinity,Infinity], [0.0,0.0], [0.0,0.0], [0.0,0.0], [0.0,0.0], [0.0,0.0], [0.0,0.0], [0.0,0.0], [0.0,0.0], [0.0,0.0], [0.0,0.0], [0.0,0.0], [0.0,0.0], [0.0,0.0], [0.0,0.0], [0.0,0.0], [0.0,0.0], [0.0,0.0], [-Infinity,Infinity], [0.0,0.0], [0.0,0.0], [0.0,0.0], [0.0,0.0], [0.0,0.0], [0.0,0.0], [0.0,0.0], [0.0,0.0], [0.0,0.0], [0.0,0.0]]
EXIT 3 ExpressionStatement_27 [[-Infinity,Infinity], [-Infinity,Infinity], [-Infinity,Infinity], [-Infinity,Infinity], [0.0,0.0], [0.0,0.0], [-Infinity,Infinity], [0.0,0.0], [0.0,0.0], [0.0,0.0], [0.0,0.0], [0.0,0.0], [0.0,0.0], [0.0,0.0], [0.0,0.0], [0.0,0.0], [0.0,0.0], [0.0,0.0], [0.0,0.0], [0.0,0.0], [0.0,0.0], [0.0,0.0], [0.0,0.0], [0.0,0.0], [-Infinity,Infinity], [0.0,0.0], [0.0,0.0], [0.0,0.0], [0.0,0.0], [0.0,0.0], [-Infinity,Infinity], [0.0,0.0], [0.0,0.0], [0.0,0.0], [0.0,0.0]]
ENTRY 3 ExpressionStatement_28 [[-Infinity,Infinity], [-Infinity,Infinity], [-Infinity,Infinity], [-Infinity,Infinity], [0.0,0.0], [0.0,0.0], [-Infinity,Infinity], [0.0,0.0], [0.0,0.0], [0.0,0.0], [0.0,0.0], [0.0,0.0], [0.0,0.0], [0.0,0.0], [0.0,0.0], [0.0,0.0], [0.0,0.0], [0.0,0.0], [0.0,0.0], [0.0,0.0], [0.0,0.0], [0.0,0.0], [0.0,0.0], [0.0,0.0], [-Infinity,Infinity], [0.0,0.0], [0.0,0.0], [0.0,0.0], [0.0,0.0], [0.0,0.0], [-Infinity,Infinity], [0.0,0.0], [0.0,0.0], [0.0,0.0], [0.0,0.0]]
EXIT 3 ExpressionStatement_28 [[-Infinity,Infinity], [-Infinity,Infinity], [-Infinity,Infinity], [-Infinity,Infinity], [0.0,0.0], [0.0,0.0], [-Infinity,Infinity], [0.0,0.0], [0.0,0.0], [0.0,0.0], [0.0,0.0], [0.0,0.0], [0.0,0.0], [0.0,0.0], [0.0,0.0], [0.0,0.0], [0.0,0.0], [0.0,0.0], [0.0,0.0], [0.0,0.0], [0.0,0.0], [0.0,0.0], [0.0,0.0], [0.0,0.0], [-Infinity,Infinity], [0.0,0.0], [0.0,0.0], [0.0,0.0], [-Infinity,Infinity], [0.0,0.0], [-Infinity,Infinity], [0.0,0.0], [0.0,0.0], [0.0,0.0], [0.0,0.0]]
ENTRY 3 FunctionExit_10 [[-Infinity,Infinity], [-Infinity,Infinity], [-Infinity,Infinity], [-Infinity,Infinity], [0.0,0.0], [0.0,0.0], [-Infinity,Infinity], [0.0,0.0], [0.0,0.0], [0.0,0.0], [0.0,0.0], [0.0,0.0], [0.0,0.0], [0.0,0.0], [0.0,0.0], [0.0,0.0], [0.0,0.0], [0.0,0.0], [0.0,0.0], [0.0,0.0], [0.0,0.0], [0.0,0.0], [0.0,0.0], [0.0,0.0], [-Infinity,Infinity], [0.0,0.0], [0.0,0.0], [0.0,0.0], [-Infinity,Infinity], [0.0,0.0], [-Infinity,Infinity], [0.0,0.0], [0.0,0.0], [0.0,0.0], [0.0,0.0]]
EXIT 3 FunctionExit_10 [[-Infinity,Infinity], [-Infinity,Infinity], [-Infinity,Infinity], [-Infinity,Infinity], [0.0,0.0], [0.0,0.0], [-Infinity,Infinity], [0.0,0.0], [0.0,0.0], [0.0,0.0], [0.0,0.0], [0.0,0.0], [0.0,0.0], [0.0,0.0], [0.0,0.0], [0.0,0.0], [0.0,0.0], [0.0,0.0], [0.0,0.0], [0.0,0.0], [0.0,0.0], [0.0,0.0], [0.0,0.0], [0.0,0.0], [-Infinity,Infinity], [0.0,0.0], [0.0,0.0], [0.0,0.0], [-Infinity,Infinity], [0.0,0.0], [-Infinity,Infinity], [0.0,0.0], [0.0,0.0], [0.0,0.0], [0.0,0.0]]
ENTRY 3 FunctionDefinition_11 [[-Infinity,Infinity], [-Infinity,Infinity], [-Infinity,Infinity], [-Infinity,Infinity], [0.0,0.0], [0.0,0.0], [-Infinity,Infinity], [0.0,0.0], [0.0,0.0], [0.0,0.0], [0.0,0.0], [0.0,0.0], [0.0,0.0], [0.0,0.0], [0.0,0.0], [0.0,0.0], [0.0,0.0], [0.0,0.0], [0.0,0.0], [0.0,0.0], [0.0,0.0], [0.0,0.0], [0.0,0.0], [0.0,0.0], [-Infinity,Infinity], [0.0,0.0], [0.0,0.0], [0.0,0.0], [0.0,0.0], [0.0,0.0], [0.0,0.0], [0.0,0.0], [0.0,0.0], [0.0,0.0], [0.0,0.0]]
EXIT 3 FunctionDefinition_11 [[-Infinity,Infinity], [-Infinity,Infinity], [-Infinity,Infinity], [-Infinity,Infinity], [0.0,0.0], [0.0,0.0], [-Infinity,Infinity], [0.0,0.0], [0.0,0.0], [0.0,0.0], [0.0,0.0], [0.0,0.0], [0.0,0.0], [0.0,0.0], [0.0,0.0], [0.0,0.0], [0.0,0.0], [0.0,0.0], [0.0,0.0], [0.0,0.0], [0.0,0.0], [0.0,0.0], [0.0,0.0], [0.0,0.0], [-Infinity,Infinity], [0.0,0.0], [0.0,0.0], [0.0,0.0], [0.0,0.0], [0.0,0.0], [0.0,0.0], [0.0,0.0], [0.0,0.0], [0.0,0.0], [0.0,0.0]]
ENTRY 3 FunctionEntry_11 [[-Infinity,Infinity], [-Infinity,Infinity], [-Infinity,Infinity], [-Infinity,Infinity], [0.0,0.0], [0.0,0.0], [-Infinity,Infinity], [0.0,0.0], [0.0,0.0], [0.0,0.0], [0.0,0.0], [0.0,0.0], [0.0,0.0], [0.0,0.0], [0.0,0.0], [0.0,0.0], [0.0,0.0], [0.0,0.0], [0.0,0.0], [0.0,0.0], [0.0,0.0], [0.0,0.0], [0.0,0.0], [0.0,0.0], [-Infinity,Infinity], [0.0,0.0], [0.0,0.0], [0.0,0.0], [0.0,0.0], [0.0,0.0], [0.0,0.0], [0.0,0.0], [0.0,0.0], [0.0,0.0], [0.0,0.0]]
EXIT 3 FunctionEntry_11 [[-Infinity,Infinity], [-Infinity,Infinity], [-Infinity,Infinity], [-Infinity,Infinity], [0.0,0.0], [0.0,0.0], [-Infinity,Infinity], [0.0,0.0], [0.0,0.0], [0.0,0.0], [0.0,0.0], [0.0,0.0], [0.0,0.0], [0.0,0.0], [0.0,0.0], [0.0,0.0], [0.0,0.0], [0.0,0.0], [0.0,0.0], [0.0,0.0], [0.0,0.0], [0.0,0.0], [0.0,0.0], [0.0,0.0], [-Infinity,Infinity], [0.0,0.0], [0.0,0.0], [0.0,0.0], [0.0,0.0], [0.0,0.0], [0.0,0.0], [0.0,0.0], [0.0,0.0], [0.0,0.0], [0.0,0.0]]
ENTRY 3 IfStatement_8 [[-Infinity,Infinity], [-Infinity,Infinity], [-Infinity,Infinity], [-Infinity,Infinity], [0.0,0.0], [0.0,0.0], [-Infinity,Infinity], [0.0,0.0], [0.0,0.0], [0.0,0.0], [0.0,0.0], [0.0,0.0], [0.0,0.0], [0.0,0.0], [0.0,0.0], [0.0,0.0], [0.0,0.0], [0.0,0.0], [0.0,0.0], [0.0,0.0], [0.0,0.0], [0.0,0.0], [0.0,0.0], [0.0,0.0], [-Infinity,Infinity], [0.0,0.0], [0.0,0.0], [0.0,0.0], [0.0,0.0], [0.0,0.0], [0.0,0.0], [0.0,0.0], [0.0,0.0], [0.0,0.0], [0.0,0.0]]
EXIT 3 IfStatement_8 [[1.0,-1.0], [1.0,-1.0], [1.0,-1.0], [1.0,-1.0], [1.0,-1.0], [1.0,-1.0], [1.0,-1.0], [1.0,-1.0], [1.0,-1.0], [1.0,-1.0], [1.0,-1.0], [1.0,-1.0], [1.0,-1.0], [1.0,-1.0], [1.0,-1.0], [1.0,-1.0], [1.0,-1.0], [1.0,-1.0], [1.0,-1.0], [1.0,-1.0], [1.0,-1.0], [1.0,-1.0], [1.0,-1.0], [1.0,-1.0], [1.0,-1.0], [1.0,-1.0], [1.0,-1.0], [1.0,-1.0], [1.0,-1.0], [1.0,-1.0], [1.0,-1.0], [1.0,-1.0], [1.0,-1.0], [1.0,-1.0], [1.0,-1.0]]
ENTRY 3 ExpressionStatement_29 [[-Infinity,Infinity], [-Infinity,Infinity], [-Infinity,Infinity], [-Infinity,Infinity], [0.0,0.0], [0.0,0.0], [-Infinity,Infinity], [0.0,0.0], [0.0,0.0], [0.0,0.0], [0.0,0.0], [0.0,0.0], [0.0,0.0], [0.0,0.0], [0.0,0.0], [0.0,0.0], [0.0,0.0], [0.0,0.0], [0.0,0.0], [0.0,0.0], [0.0,0.0], [0.0,0.0], [0.0,0.0], [0.0,0.0], [-Infinity,Infinity], [0.0,0.0], [0.0,0.0], [0.0,0.0], [0.0,0.0], [0.0,0.0], [0.0,0.0], [0.0,0.0], [0.0,0.0], [0.0,0.0], [0.0,0.0]]
EXIT 3 ExpressionStatement_29 [[-Infinity,Infinity], [-Infinity,Infinity], [-Infinity,Infinity], [-Infinity,Infinity], [0.0,0.0], [0.0,0.0], [-Infinity,Infinity], [0.0,0.0], [0.0,0.0], [0.0,0.0], [0.0,0.0], [0.0,0.0], [0.0,0.0], [0.0,0.0], [0.0,0.0], [0.0,0.0], [0.0,0.0], [0.0,0.0], [0.0,0.0], [0.0,0.0], [0.0,0.0], [0.0,0.0], [0.0,0.0], [0.0,0.0], [-Infinity,Infinity], [0.0,0.0], [0.0,0.0], [0.0,0.0], [0.0,0.0], [0.0,0.0], [0.0,0.0], [-Infinity,Infinity], [0.0,0.0], [0.0,0.0], [0.0,0.0]]
ENTRY 3 ExpressionStatement_30 [[-Infinity,Infinity], [-Infinity,Infinity], [-Infinity,Infinity], [-Infinity,Infinity], [0.0,0.0], [0.0,0.0], [-Infinity,Infinity], [0.0,0.0], [0.0,0.0], [0.0,0.0], [0.0,0.0], [0.0,0.0], [0.0,0.0], [0.0,0.0], [0.0,0.0], [0.0,0.0], [0.0,0.0], [0.0,0.0], [0.0,0.0], [0.0,0.0], [0.0,0.0], [0.0,0.0], [0.0,0.0], [0.0,0.0], [-Infinity,Infinity], [0.0,0.0], [0.0,0.0], [0.0,0.0], [0.0,0.0], [0.0,0.0], [0.0,0.0], [-Infinity,Infinity], [0.0,0.0], [0.0,0.0], [0.0,0.0]]
EXIT 3 ExpressionStatement_30 [[-Infinity,Infinity], [-Infinity,Infinity], [-Infinity,Infinity], [-Infinity,Infinity], [0.0,0.0], [0.0,0.0], [-Infinity,Infinity], [0.0,0.0], [0.0,0.0], [0.0,0.0], [0.0,0.0], [0.0,0.0], [0.0,0.0], [0.0,0.0], [0.0,0.0], [0.0,0.0], [0.0,0.0], [0.0,0.0], [0.0,0.0], [0.0,0.0], [0.0,0.0], [0.0,0.0], [0.0,0.0], [0.0,0.0], [-Infinity,Infinity], [0.0,0.0], [0.0,0.0], [0.0,0.0], [0.0,0.0], [0.0,0.0], [0.0,0.0], [-Infinity,Infinity], [-Infinity,Infinity], [0.0,0.0], [0.0,0.0]]
ENTRY 3 ExpressionStatement_31 [[-Infinity,Infinity], [-Infinity,Infinity], [-Infinity,Infinity], [-Infinity,Infinity], [0.0,0.0], [0.0,0.0], [-Infinity,Infinity], [0.0,0.0], [0.0,0.0], [0.0,0.0], [0.0,0.0], [0.0,0.0], [0.0,0.0], [0.0,0.0], [0.0,0.0], [0.0,0.0], [0.0,0.0], [0.0,0.0], [0.0,0.0], [0.0,0.0], [0.0,0.0], [0.0,0.0], [0.0,0.0], [0.0,0.0], [-Infinity,Infinity], [0.0,0.0], [0.0,0.0], [0.0,0.0], [0.0,0.0], [0.0,0.0], [0.0,0.0], [-Infinity,Infinity], [-Infinity,Infinity], [0.0,0.0], [0.0,0.0]]
EXIT 3 ExpressionStatement_31 [[-Infinity,Infinity], [-Infinity,Infinity], [-Infinity,Infinity], [-Infinity,Infinity], [0.0,0.0], [0.0,0.0], [-Infinity,Infinity], [0.0,0.0], [0.0,0.0], [0.0,0.0], [0.0,0.0], [0.0,0.0], [0.0,0.0], [0.0,0.0], [0.0,0.0], [0.0,0.0], [0.0,0.0], [0.0,0.0], [0.0,0.0], [0.0,0.0], [0.0,0.0], [0.0,0.0], [0.0,0.0], [0.0,0.0], [-Infinity,Infinity], [0.0,0.0], [0.0,0.0], [0.0,0.0], [-Infinity,Infinity], [0.0,0.0], [0.0,0.0], [-Infinity,Infinity], [-Infinity,Infinity], [0.0,0.0], [0.0,0.0]]
ENTRY 3 IfConditionJoin_8 [[-Infinity,Infinity], [-Infinity,Infinity], [-Infinity,Infinity], [-Infinity,Infinity], [0.0,0.0], [0.0,0.0], [-Infinity,Infinity], [0.0,0.0], [0.0,0.0], [0.0,0.0], [0.0,0.0], [0.0,0.0], [0.0,0.0], [0.0,0.0], [0.0,0.0], [0.0,0.0], [0.0,0.0], [0.0,0.0], [0.0,0.0], [0.0,0.0], [0.0,0.0], [0.0,0.0], [0.0,0.0], [0.0,0.0], [-Infinity,Infinity], [0.0,0.0], [0.0,0.0], [0.0,0.0], [-Infinity,Infinity], [0.0,0.0], [0.0,0.0], [-Infinity,Infinity], [-Infinity,Infinity], [0.0,0.0], [0.0,0.0]]
EXIT 3 IfConditionJoin_8 [[-Infinity,Infinity], [-Infinity,Infinity], [-Infinity,Infinity], [-Infinity,Infinity], [0.0,0.0], [0.0,0.0], [-Infinity,Infinity], [0.0,0.0], [0.0,0.0], [0.0,0.0], [0.0,0.0], [0.0,0.0], [0.0,0.0], [0.0,0.0], [0.0,0.0], [0.0,0.0], [0.0,0.0], [0.0,0.0], [0.0,0.0], [0.0,0.0], [0.0,0.0], [0.0,0.0], [0.0,0.0], [0.0,0.0], [-Infinity,Infinity], [0.0,0.0], [0.0,0.0], [0.0,0.0], [-Infinity,Infinity], [0.0,0.0], [0.0,0.0], [-Infinity,Infinity], [-Infinity,Infinity], [0.0,0.0], [0.0,0.0]]
ENTRY 3 FunctionExit_11 [[-Infinity,Infinity], [-Infinity,Infinity], [-Infinity,Infinity], [-Infinity,Infinity], [0.0,0.0], [0.0,0.0], [-Infinity,Infinity], [0.0,0.0], [0.0,0.0], [0.0,0.0], [0.0,0.0], [0.0,0.0], [0.0,0.0], [0.0,0.0], [0.0,0.0], [0.0,0.0], [0.0,0.0], [0.0,0.0], [0.0,0.0], [0.0,0.0], [0.0,0.0], [0.0,0.0], [0.0,0.0], [0.0,0.0], [-Infinity,Infinity], [0.0,0.0], [0.0,0.0], [0.0,0.0], [-Infinity,Infinity], [0.0,0.0], [0.0,0.0], [-Infinity,Infinity], [-Infinity,Infinity], [0.0,0.0], [0.0,0.0]]
EXIT 3 FunctionExit_11 [[-Infinity,Infinity], [-Infinity,Infinity], [-Infinity,Infinity], [-Infinity,Infinity], [0.0,0.0], [0.0,0.0], [-Infinity,Infinity], [0.0,0.0], [0.0,0.0], [0.0,0.0], [0.0,0.0], [0.0,0.0], [0.0,0.0], [0.0,0.0], [0.0,0.0], [0.0,0.0], [0.0,0.0], [0.0,0.0], [0.0,0.0], [0.0,0.0], [0.0,0.0], [0.0,0.0], [0.0,0.0], [0.0,0.0], [-Infinity,Infinity], [0.0,0.0], [0.0,0.0], [0.0,0.0], [-Infinity,Infinity], [0.0,0.0], [0.0,0.0], [-Infinity,Infinity], [-Infinity,Infinity], [0.0,0.0], [0.0,0.0]]
ENTRY 3 FunctionDefinition_12 [[-Infinity,Infinity], [-Infinity,Infinity], [-Infinity,Infinity], [-Infinity,Infinity], [0.0,0.0], [0.0,0.0], [-Infinity,Infinity], [0.0,0.0], [0.0,0.0], [0.0,0.0], [0.0,0.0], [0.0,0.0], [0.0,0.0], [0.0,0.0], [0.0,0.0], [0.0,0.0], [0.0,0.0], [0.0,0.0], [0.0,0.0], [0.0,0.0], [0.0,0.0], [0.0,0.0], [0.0,0.0], [0.0,0.0], [-Infinity,Infinity], [0.0,0.0], [0.0,0.0], [0.0,0.0], [0.0,0.0], [0.0,0.0], [0.0,0.0], [0.0,0.0], [0.0,0.0], [0.0,0.0], [0.0,0.0]]
EXIT 3 FunctionDefinition_12 [[-Infinity,Infinity], [-Infinity,Infinity], [-Infinity,Infinity], [-Infinity,Infinity], [0.0,0.0], [0.0,0.0], [-Infinity,Infinity], [0.0,0.0], [0.0,0.0], [0.0,0.0], [0.0,0.0], [0.0,0.0], [0.0,0.0], [0.0,0.0], [0.0,0.0], [0.0,0.0], [0.0,0.0], [0.0,0.0], [0.0,0.0], [0.0,0.0], [0.0,0.0], [0.0,0.0], [0.0,0.0], [0.0,0.0], [-Infinity,Infinity], [0.0,0.0], [0.0,0.0], [0.0,0.0], [0.0,0.0], [0.0,0.0], [0.0,0.0], [0.0,0.0], [0.0,0.0], [0.0,0.0], [0.0,0.0]]
ENTRY 3 FunctionEntry_12 [[-Infinity,Infinity], [-Infinity,Infinity], [-Infinity,Infinity], [-Infinity,Infinity], [0.0,0.0], [0.0,0.0], [-Infinity,Infinity], [0.0,0.0], [0.0,0.0], [0.0,0.0], [0.0,0.0], [0.0,0.0], [0.0,0.0], [0.0,0.0], [0.0,0.0], [0.0,0.0], [0.0,0.0], [0.0,0.0], [0.0,0.0], [0.0,0.0], [0.0,0.0], [0.0,0.0], [0.0,0.0], [0.0,0.0], [-Infinity,Infinity], [0.0,0.0], [0.0,0.0], [0.0,0.0], [0.0,0.0], [0.0,0.0], [0.0,0.0], [0.0,0.0], [0.0,0.0], [0.0,0.0], [0.0,0.0]]
EXIT 3 FunctionEntry_12 [[-Infinity,Infinity], [-Infinity,Infinity], [-Infinity,Infinity], [-Infinity,Infinity], [0.0,0.0], [0.0,0.0], [-Infinity,Infinity], [0.0,0.0], [0.0,0.0], [0.0,0.0], [0.0,0.0], [0.0,0.0], [0.0,0.0], [0.0,0.0], [0.0,0.0], [0.0,0.0], [0.0,0.0], [0.0,0.0], [0.0,0.0], [0.0,0.0], [0.0,0.0], [0.0,0.0], [0.0,0.0], [0.0,0.0], [-Infinity,Infinity], [0.0,0.0], [0.0,0.0], [0.0,0.0], [0.0,0.0], [0.0,0.0], [0.0,0.0], [0.0,0.0], [0.0,0.0], [0.0,0.0], [0.0,0.0]]
ENTRY 3 IfStatement_9 [[-Infinity,Infinity], [-Infinity,Infinity], [-Infinity,Infinity], [-Infinity,Infinity], [0.0,0.0], [0.0,0.0], [-Infinity,Infinity], [0.0,0.0], [0.0,0.0], [0.0,0.0], [0.0,0.0], [0.0,0.0], [0.0,0.0], [0.0,0.0], [0.0,0.0], [0.0,0.0], [0.0,0.0], [0.0,0.0], [0.0,0.0], [0.0,0.0], [0.0,0.0], [0.0,0.0], [0.0,0.0], [0.0,0.0], [-Infinity,Infinity], [0.0,0.0], [0.0,0.0], [0.0,0.0], [0.0,0.0], [0.0,0.0], [0.0,0.0], [0.0,0.0], [0.0,0.0], [0.0,0.0], [0.0,0.0]]
EXIT 3 IfStatement_9 [[1.0,-1.0], [1.0,-1.0], [1.0,-1.0], [1.0,-1.0], [1.0,-1.0], [1.0,-1.0], [1.0,-1.0], [1.0,-1.0], [1.0,-1.0], [1.0,-1.0], [1.0,-1.0], [1.0,-1.0], [1.0,-1.0], [1.0,-1.0], [1.0,-1.0], [1.0,-1.0], [1.0,-1.0], [1.0,-1.0], [1.0,-1.0], [1.0,-1.0], [1.0,-1.0], [1.0,-1.0], [1.0,-1.0], [1.0,-1.0], [1.0,-1.0], [1.0,-1.0], [1.0,-1.0], [1.0,-1.0], [1.0,-1.0], [1.0,-1.0], [1.0,-1.0], [1.0,-1.0], [1.0,-1.0], [1.0,-1.0], [1.0,-1.0]]
ENTRY 3 ExpressionStatement_32 [[-Infinity,Infinity], [-Infinity,Infinity], [-Infinity,Infinity], [-Infinity,Infinity], [0.0,0.0], [0.0,0.0], [-Infinity,Infinity], [0.0,0.0], [0.0,0.0], [0.0,0.0], [0.0,0.0], [0.0,0.0], [0.0,0.0], [0.0,0.0], [0.0,0.0], [0.0,0.0], [0.0,0.0], [0.0,0.0], [0.0,0.0], [0.0,0.0], [0.0,0.0], [0.0,0.0], [0.0,0.0], [0.0,0.0], [-Infinity,Infinity], [0.0,0.0], [0.0,0.0], [0.0,0.0], [0.0,0.0], [0.0,0.0], [0.0,0.0], [0.0,0.0], [0.0,0.0], [0.0,0.0], [0.0,0.0]]
EXIT 3 ExpressionStatement_32 [[-Infinity,Infinity], [-Infinity,Infinity], [-Infinity,Infinity], [-Infinity,Infinity], [0.0,0.0], [0.0,0.0], [-Infinity,Infinity], [0.0,0.0], [0.0,0.0], [0.0,0.0], [0.0,0.0], [0.0,0.0], [0.0,0.0], [0.0,0.0], [0.0,0.0], [0.0,0.0], [0.0,0.0], [0.0,0.0], [0.0,0.0], [0.0,0.0], [0.0,0.0], [0.0,0.0], [0.0,0.0], [0.0,0.0], [-Infinity,Infinity], [0.0,0.0], [0.0,0.0], [0.0,0.0], [0.0,0.0], [0.0,0.0], [0.0,0.0], [0.0,0.0], [0.0,0.0], [-Infinity,Infinity], [0.0,0.0]]
ENTRY 3 ExpressionStatement_33 [[-Infinity,Infinity], [-Infinity,Infinity], [-Infinity,Infinity], [-Infinity,Infinity], [0.0,0.0], [0.0,0.0], [-Infinity,Infinity], [0.0,0.0], [0.0,0.0], [0.0,0.0], [0.0,0.0], [0.0,0.0], [0.0,0.0], [0.0,0.0], [0.0,0.0], [0.0,0.0], [0.0,0.0], [0.0,0.0], [0.0,0.0], [0.0,0.0], [0.0,0.0], [0.0,0.0], [0.0,0.0], [0.0,0.0], [-Infinity,Infinity], [0.0,0.0], [0.0,0.0], [0.0,0.0], [0.0,0.0], [0.0,0.0], [0.0,0.0], [0.0,0.0], [0.0,0.0], [-Infinity,Infinity], [0.0,0.0]]
EXIT 3 ExpressionStatement_33 [[-Infinity,Infinity], [-Infinity,Infinity], [-Infinity,Infinity], [-Infinity,Infinity], [0.0,0.0], [0.0,0.0], [-Infinity,Infinity], [0.0,0.0], [0.0,0.0], [0.0,0.0], [0.0,0.0], [0.0,0.0], [0.0,0.0], [0.0,0.0], [0.0,0.0], [0.0,0.0], [-Infinity,Infinity], [0.0,0.0], [0.0,0.0], [0.0,0.0], [0.0,0.0], [0.0,0.0], [0.0,0.0], [0.0,0.0], [-Infinity,Infinity], [0.0,0.0], [0.0,0.0], [0.0,0.0], [0.0,0.0], [0.0,0.0], [0.0,0.0], [0.0,0.0], [0.0,0.0], [-Infinity,Infinity], [0.0,0.0]]
ENTRY 3 ExpressionStatement_34 [[-Infinity,Infinity], [-Infinity,Infinity], [-Infinity,Infinity], [-Infinity,Infinity], [0.0,0.0], [0.0,0.0], [-Infinity,Infinity], [0.0,0.0], [0.0,0.0], [0.0,0.0], [0.0,0.0], [0.0,0.0], [0.0,0.0], [0.0,0.0], [0.0,0.0], [0.0,0.0], [-Infinity,Infinity], [0.0,0.0], [0.0,0.0], [0.0,0.0], [0.0,0.0], [0.0,0.0], [0.0,0.0], [0.0,0.0], [-Infinity,Infinity], [0.0,0.0], [0.0,0.0], [0.0,0.0], [0.0,0.0], [0.0,0.0], [0.0,0.0], [0.0,0.0], [0.0,0.0], [-Infinity,Infinity], [0.0,0.0]]
EXIT 3 ExpressionStatement_34 [[-Infinity,Infinity], [-Infinity,Infinity], [-Infinity,Infinity], [-Infinity,Infinity], [0.0,0.0], [0.0,0.0], [-Infinity,Infinity], [0.0,0.0], [0.0,0.0], [0.0,0.0], [0.0,0.0], [0.0,0.0], [0.0,0.0], [0.0,0.0], [0.0,0.0], [0.0,0.0], [-Infinity,Infinity], [0.0,0.0], [0.0,0.0], [0.0,0.0], [0.0,0.0], [0.0,0.0], [0.0,0.0], [0.0,0.0], [-Infinity,Infinity], [0.0,0.0], [0.0,0.0], [0.0,0.0], [0.0,0.0], [0.0,0.0], [0.0,0.0], [0.0,0.0], [0.0,0.0], [-Infinity,Infinity], [-Infinity,Infinity]]
ENTRY 3 ExpressionStatement_35 [[-Infinity,Infinity], [-Infinity,Infinity], [-Infinity,Infinity], [-Infinity,Infinity], [0.0,0.0], [0.0,0.0], [-Infinity,Infinity], [0.0,0.0], [0.0,0.0], [0.0,0.0], [0.0,0.0], [0.0,0.0], [0.0,0.0], [0.0,0.0], [0.0,0.0], [0.0,0.0], [-Infinity,Infinity], [0.0,0.0], [0.0,0.0], [0.0,0.0], [0.0,0.0], [0.0,0.0], [0.0,0.0], [0.0,0.0], [-Infinity,Infinity], [0.0,0.0], [0.0,0.0], [0.0,0.0], [0.0,0.0], [0.0,0.0], [0.0,0.0], [0.0,0.0], [0.0,0.0], [-Infinity,Infinity], [-Infinity,Infinity]]
EXIT 3 ExpressionStatement_35 [[-Infinity,Infinity], [-Infinity,Infinity], [-Infinity,Infinity], [-Infinity,Infinity], [0.0,0.0], [0.0,0.0], [-Infinity,Infinity], [0.0,0.0], [0.0,0.0], [0.0,0.0], [0.0,0.0], [0.0,0.0], [0.0,0.0], [0.0,0.0], [0.0,0.0], [0.0,0.0], [-Infinity,Infinity], [0.0,0.0], [0.0,0.0], [0.0,0.0], [0.0,0.0], [0.0,0.0], [0.0,0.0], [0.0,0.0], [-Infinity,Infinity], [0.0,0.0], [0.0,0.0], [0.0,0.0], [-Infinity,Infinity], [0.0,0.0], [0.0,0.0], [0.0,0.0], [0.0,0.0], [-Infinity,Infinity], [-Infinity,Infinity]]
ENTRY 3 IfConditionJoin_9 [[-Infinity,Infinity], [-Infinity,Infinity], [-Infinity,Infinity], [-Infinity,Infinity], [0.0,0.0], [0.0,0.0], [-Infinity,Infinity], [0.0,0.0], [0.0,0.0], [0.0,0.0], [0.0,0.0], [0.0,0.0], [0.0,0.0], [0.0,0.0], [0.0,0.0], [0.0,0.0], [-Infinity,Infinity], [0.0,0.0], [0.0,0.0], [0.0,0.0], [0.0,0.0], [0.0,0.0], [0.0,0.0], [0.0,0.0], [-Infinity,Infinity], [0.0,0.0], [0.0,0.0], [0.0,0.0], [-Infinity,Infinity], [0.0,0.0], [0.0,0.0], [0.0,0.0], [0.0,0.0], [-Infinity,Infinity], [-Infinity,Infinity]]
EXIT 3 IfConditionJoin_9 [[-Infinity,Infinity], [-Infinity,Infinity], [-Infinity,Infinity], [-Infinity,Infinity], [0.0,0.0], [0.0,0.0], [-Infinity,Infinity], [0.0,0.0], [0.0,0.0], [0.0,0.0], [0.0,0.0], [0.0,0.0], [0.0,0.0], [0.0,0.0], [0.0,0.0], [0.0,0.0], [-Infinity,Infinity], [0.0,0.0], [0.0,0.0], [0.0,0.0], [0.0,0.0], [0.0,0.0], [0.0,0.0], [0.0,0.0], [-Infinity,Infinity], [0.0,0.0], [0.0,0.0], [0.0,0.0], [-Infinity,Infinity], [0.0,0.0], [0.0,0.0], [0.0,0.0], [0.0,0.0], [-Infinity,Infinity], [-Infinity,Infinity]]
ENTRY 3 FunctionExit_12 [[-Infinity,Infinity], [-Infinity,Infinity], [-Infinity,Infinity], [-Infinity,Infinity], [0.0,0.0], [0.0,0.0], [-Infinity,Infinity], [0.0,0.0], [0.0,0.0], [0.0,0.0], [0.0,0.0], [0.0,0.0], [0.0,0.0], [0.0,0.0], [0.0,0.0], [0.0,0.0], [-Infinity,Infinity], [0.0,0.0], [0.0,0.0], [0.0,0.0], [0.0,0.0], [0.0,0.0], [0.0,0.0], [0.0,0.0], [-Infinity,Infinity], [0.0,0.0], [0.0,0.0], [0.0,0.0], [-Infinity,Infinity], [0.0,0.0], [0.0,0.0], [0.0,0.0], [0.0,0.0], [-Infinity,Infinity], [-Infinity,Infinity]]
EXIT 3 FunctionExit_12 [[-Infinity,Infinity], [-Infinity,Infinity], [-Infinity,Infinity], [-Infinity,Infinity], [0.0,0.0], [0.0,0.0], [-Infinity,Infinity], [0.0,0.0], [0.0,0.0], [0.0,0.0], [0.0,0.0], [0.0,0.0], [0.0,0.0], [0.0,0.0], [0.0,0.0], [0.0,0.0], [-Infinity,Infinity], [0.0,0.0], [0.0,0.0], [0.0,0.0], [0.0,0.0], [0.0,0.0], [0.0,0.0], [0.0,0.0], [-Infinity,Infinity], [0.0,0.0], [0.0,0.0], [0.0,0.0], [-Infinity,Infinity], [0.0,0.0], [0.0,0.0], [0.0,0.0], [0.0,0.0], [-Infinity,Infinity], [-Infinity,Infinity]]
