
===== OVERFLOW / UNDERFLOW (Box domain, original source) =====
ENTRY 1 SourceEntry_0 [[0.0,0.0], [0.0,0.0], [0.0,0.0], [0.0,0.0], [0.0,0.0], [0.0,0.0], [0.0,0.0], [0.0,0.0], [0.0,0.0], [0.0,0.0], [0.0,0.0], [0.0,0.0], [0.0,0.0], [0.0,0.0], [0.0,0.0]]
EXIT 1 SourceEntry_0 [[0.0,0.0], [0.0,0.0], [0.0,0.0], [0.0,0.0], [0.0,0.0], [0.0,0.0], [0.0,0.0], [0.0,0.0], [0.0,0.0], [0.0,0.0], [0.0,0.0], [0.0,0.0], [0.0,0.0], [0.0,0.0], [0.0,0.0]]
ENTRY 1 SourceUnit_0 [[0.0,0.0], [0.0,0.0], [0.0,0.0], [0.0,0.0], [0.0,0.0], [0.0,0.0], [0.0,0.0], [0.0,0.0], [0.0,0.0], [0.0,0.0], [0.0,0.0], [0.0,0.0], [0.0,0.0], [0.0,0.0], [0.0,0.0]]
EXIT 1 SourceUnit_0 [[0.0,0.0], [0.0,0.0], [0.0,0.0], [0.0,0.0], [0.0,0.0], [0.0,0.0], [0.0,0.0], [0.0,0.0], [0.0,0.0], [0.0,0.0], [0.0,0.0], [0.0,0.0], [0.0,0.0], [0.0,0.0], [0.0,0.0]]
ENTRY 1 PragmaDirective_0 [[0.0,0.0], [0.0,0.0], [0.0,0.0], [0.0,0.0], [0.0,0.0], [0.0,0.0], [0.0,0.0], [0.0,0.0], [0.0,0.0], [0.0,0.0], [0.0,0.0], [0.0,0.0], [0.0,0.0], [0.0,0.0], [0.0,0.0]]
EXIT 1 PragmaDirective_0 [[0.0,0.0], [0.0,0.0], [0.0,0.0], [0.0,0.0], [0.0,0.0], [0.0,0.0], [0.0,0.0], [0.0,0.0], [0.0,0.0], [0.0,0.0], [0.0,0.0], [0.0,0.0], [0.0,0.0], [0.0,0.0], [0.0,0.0]]
ENTRY 1 SourceExit_0 [[0.0,0.0], [0.0,0.0], [0.0,0.0], [0.0,0.0], [0.0,0.0], [0.0,0.0], [0.0,0.0], [0.0,0.0], [0.0,0.0], [0.0,0.0], [0.0,0.0], [0.0,0.0], [0.0,0.0], [0.0,0.0], [0.0,0.0]]
EXIT 1 SourceExit_0 [[0.0,0.0], [0.0,0.0], [0.0,0.0], [0.0,0.0], [0.0,0.0], [0.0,0.0], [0.0,0.0], [0.0,0.0], [0.0,0.0], [0.0,0.0], [0.0,0.0], [0.0,0.0], [0.0,0.0], [0.0,0.0], [0.0,0.0]]
ENTRY 1 ContractDefinition_0 [[0.0,0.0], [0.0,0.0], [0.0,0.0], [0.0,0.0], [0.0,0.0], [0.0,0.0], [0.0,0.0], [0.0,0.0], [0.0,0.0], [0.0,0.0], [0.0,0.0], [0.0,0.0], [0.0,0.0], [0.0,0.0], [0.0,0.0]]
EXIT 1 ContractDefinition_0 [[0.0,0.0], [0.0,0.0], [0.0,0.0], [0.0,0.0], [0.0,0.0], [0.0,0.0], [0.0,0.0], [0.0,0.0], [0.0,0.0], [0.0,0.0], [0.0,0.0], [0.0,0.0], [0.0,0.0], [0.0,0.0], [0.0,0.0]]
ENTRY 1 StructDefinition_0 [[0.0,0.0], [0.0,0.0], [0.0,0.0], [0.0,0.0], [0.0,0.0], [0.0,0.0], [0.0,0.0], [0.0,0.0], [0.0,0.0], [0.0,0.0], [0.0,0.0], [0.0,0.0], [0.0,0.0], [0.0,0.0], [0.0,0.0]]
EXIT 1 StructDefinition_0 [[0.0,0.0], [0.0,0.0], [0.0,0.0], [0.0,0.0], [0.0,0.0], [0.0,0.0], [0.0,0.0], [0.0,0.0], [0.0,0.0], [0.0,0.0], [0.0,0.0], [0.0,0.0], [0.0,0.0], [0.0,0.0], [0.0,0.0]]
ENTRY 1 VariableDeclaration_0 [[0.0,0.0], [0.0,0.0], [0.0,0.0], [0.0,0.0], [0.0,0.0], [0.0,0.0], [0.0,0.0], [0.0,0.0], [0.0,0.0], [0.0,0.0], [0.0,0.0], [0.0,0.0], [0.0,0.0], [0.0,0.0], [0.0,0.0]]
EXIT 1 VariableDeclaration_0 [[0.0,0.0], [0.0,0.0], [0.0,0.0], [0.0,0.0], [0.0,0.0], [0.0,0.0], [0.0,0.0], [0.0,0.0], [0.0,0.0], [0.0,0.0], [0.0,0.0], [0.0,0.0], [0.0,0.0], [0.0,0.0], [0.0,0.0]]
ENTRY 1 VariableDeclaration_1 [[0.0,0.0], [0.0,0.0], [0.0,0.0], [0.0,0.0], [0.0,0.0], [0.0,0.0], [0.0,0.0], [0.0,0.0], [0.0,0.0], [0.0,0.0], [0.0,0.0], [0.0,0.0], [0.0,0.0], [0.0,0.0], [0.0,0.0]]
EXIT 1 VariableDeclaration_1 [[0.0,0.0], [0.0,0.0], [0.0,0.0], [0.0,0.0], [0.0,0.0], [0.0,0.0], [0.0,0.0], [0.0,0.0], [0.0,0.0], [0.0,0.0], [0.0,0.0], [0.0,0.0], [0.0,0.0], [0.0,0.0], [0.0,0.0]]
ENTRY 1 VariableDeclaration_2 [[0.0,0.0], [0.0,0.0], [0.0,0.0], [0.0,0.0], [0.0,0.0], [0.0,0.0], [0.0,0.0], [0.0,0.0], [0.0,0.0], [0.0,0.0], [0.0,0.0], [0.0,0.0], [0.0,0.0], [0.0,0.0], [0.0,0.0]]
EXIT 1 VariableDeclaration_2 [[0.0,0.0], [0.0,0.0], [0.0,0.0], [0.0,0.0], [0.0,0.0], [0.0,0.0], [0.0,0.0], [0.0,0.0], [0.0,0.0], [0.0,0.0], [0.0,0.0], [0.0,0.0], [0.0,0.0], [0.0,0.0], [0.0,0.0]]
ENTRY 1 VariableDeclaration_3 [[0.0,0.0], [0.0,0.0], [0.0,0.0], [0.0,0.0], [0.0,0.0], [0.0,0.0], [0.0,0.0], [0.0,0.0], [0.0,0.0], [0.0,0.0], [0.0,0.0], [0.0,0.0], [0.0,0.0], [0.0,0.0], [0.0,0.0]]
EXIT 1 VariableDeclaration_3 [[0.0,0.0], [0.0,0.0], [0.0,0.0], [7.0,7.0], [0.0,0.0], [0.0,0.0], [0.0,0.0], [0.0,0.0], [0.0,0.0], [0.0,0.0], [0.0,0.0], [0.0,0.0], [0.0,0.0], [0.0,0.0], [0.0,0.0]]
ENTRY 1 VariableDeclaration_4 [[0.0,0.0], [0.0,0.0], [0.0,0.0], [0.0,0.0], [0.0,0.0], [0.0,0.0], [0.0,0.0], [0.0,0.0], [0.0,0.0], [0.0,0.0], [0.0,0.0], [0.0,0.0], [0.0,0.0], [0.0,0.0], [0.0,0.0]]
EXIT 1 VariableDeclaration_4 [[0.0,0.0], [0.0,0.0], [0.0,0.0], [0.0,0.0], [0.0,0.0], [0.0,0.0], [0.0,0.0], [0.0,0.0], [0.0,0.0], [0.0,0.0], [0.0,0.0], [0.0,0.0], [0.0,0.0], [0.0,0.0], [0.0,0.0]]
ENTRY 1 FunctionDefinition_0 [[0.0,0.0], [0.0,0.0], [0.0,0.0], [0.0,0.0], [0.0,0.0], [0.0,0.0], [0.0,0.0], [0.0,0.0], [0.0,0.0], [0.0,0.0], [0.0,0.0], [0.0,0.0], [0.0,0.0], [0.0,0.0], [0.0,0.0]]
EXIT 1 FunctionDefinition_0 [[0.0,0.0], [0.0,0.0], [0.0,0.0], [0.0,0.0], [0.0,0.0], [0.0,0.0], [0.0,0.0], [0.0,0.0], [0.0,0.0], [0.0,0.0], [0.0,0.0], [0.0,0.0], [0.0,0.0], [0.0,0.0], [0.0,0.0]]
ENTRY 1 FunctionEntry_0 [[0.0,0.0], [0.0,0.0], [0.0,0.0], [0.0,0.0], [0.0,0.0], [0.0,0.0], [0.0,0.0], [0.0,0.0], [0.0,0.0], [0.0,0.0], [0.0,0.0], [0.0,0.0], [0.0,0.0], [0.0,0.0], [0.0,0.0]]
EXIT 1 FunctionEntry_0 [[0.0,0.0], [0.0,0.0], [0.0,0.0], [0.0,0.0], [0.0,0.0], [0.0,0.0], [0.0,0.0], [0.0,0.0], [0.0,0.0], [0.0,0.0], [0.0,0.0], [0.0,0.0], [0.0,0.0], [0.0,0.0], [0.0,0.0]]
ENTRY 1 ExpressionStatement_0 [[0.0,0.0], [0.0,0.0], [0.0,0.0], [0.0,0.0], [0.0,0.0], [0.0,0.0], [0.0,0.0], [0.0,0.0], [0.0,0.0], [0.0,0.0], [0.0,0.0], [0.0,0.0], [0.0,0.0], [0.0,0.0], [0.0,0.0]]
EXIT 1 ExpressionStatement_0 [[-Infinity,Infinity], [0.0,0.0], [0.0,0.0], [0.0,0.0], [0.0,0.0], [0.0,0.0], [0.0,0.0], [0.0,0.0], [0.0,0.0], [0.0,0.0], [0.0,0.0], [0.0,0.0], [0.0,0.0], [0.0,0.0], [0.0,0.0]]
ENTRY 1 ExpressionStatement_1 [[-Infinity,Infinity], [0.0,0.0], [0.0,0.0], [0.0,0.0], [0.0,0.0], [0.0,0.0], [0.0,0.0], [0.0,0.0], [0.0,0.0], [0.0,0.0], [0.0,0.0], [0.0,0.0], [0.0,0.0], [0.0,0.0], [0.0,0.0]]
EXIT 1 ExpressionStatement_1 [[-Infinity,Infinity], [0.0,0.0], [0.0,0.0], [0.0,0.0], [0.0,0.0], [0.0,0.0], [0.0,0.0], [0.0,0.0], [0.0,0.0], [0.0,0.0], [0.0,0.0], [0.0,0.0], [0.0,0.0], [0.0,0.0], [0.0,0.0]]
ENTRY 1 FunctionExit_0 [[-Infinity,Infinity], [0.0,0.0], [0.0,0.0], [0.0,0.0], [0.0,0.0], [0.0,0.0], [0.0,0.0], [0.0,0.0], [0.0,0.0], [0.0,0.0], [0.0,0.0], [0.0,0.0], [0.0,0.0], [0.0,0.0], [0.0,0.0]]
EXIT 1 FunctionExit_0 [[-Infinity,Infinity], [0.0,0.0], [0.0,0.0], [0.0,0.0], [0.0,0.0], [0.0,0.0], [0.0,0.0], [0.0,0.0], [0.0,0.0], [0.0,0.0], [0.0,0.0], [0.0,0.0], [0.0,0.0], [0.0,0.0], [0.0,0.0]]
ENTRY 1 FunctionDefinition_1 [[-Infinity,Infinity], [0.0,0.0], [0.0,0.0], [0.0,0.0], [0.0,0.0], [0.0,0.0], [0.0,0.0], [0.0,0.0], [0.0,0.0], [0.0,0.0], [0.0,0.0], [0.0,0.0], [0.0,0.0], [0.0,0.0], [0.0,0.0]]
EXIT 1 FunctionDefinition_1 [[-Infinity,Infinity], [0.0,0.0], [0.0,0.0], [0.0,0.0], [0.0,0.0], [0.0,0.0], [0.0,0.0], [0.0,0.0], [0.0,0.0], [0.0,0.0], [0.0,0.0], [0.0,0.0], [0.0,0.0], [0.0,0.0], [0.0,0.0]]
ENTRY 1 FunctionEntry_1 [[-Infinity,Infinity], [0.0,0.0], [0.0,0.0], [0.0,0.0], [0.0,0.0], [0.0,0.0], [0.0,0.0], [0.0,0.0], [0.0,0.0], [0.0,0.0], [0.0,0.0], [0.0,0.0], [0.0,0.0], [0.0,0.0], [0.0,0.0]]
EXIT 1 FunctionEntry_1 [[-Infinity,Infinity], [0.0,0.0], [0.0,0.0], [0.0,0.0], [0.0,0.0], [0.0,0.0], [0.0,0.0], [0.0,0.0], [0.0,0.0], [0.0,0.0], [0.0,0.0], [0.0,0.0], [0.0,0.0], [0.0,0.0], [0.0,0.0]]
ENTRY 1 IfStatement_0 [[-Infinity,Infinity], [0.0,0.0], [0.0,0.0], [0.0,0.0], [0.0,0.0], [0.0,0.0], [0.0,0.0], [0.0,0.0], [0.0,0.0], [0.0,0.0], [0.0,0.0], [0.0,0.0], [0.0,0.0], [0.0,0.0], [0.0,0.0]]
EXIT 1 IfStatement_0 [[1.0,-1.0], [1.0,-1.0], [1.0,-1.0], [1.0,-1.0], [1.0,-1.0], [1.0,-1.0], [1.0,-1.0], [1.0,-1.0], [1.0,-1.0], [1.0,-1.0], [1.0,-1.0], [1.0,-1.0], [1.0,-1.0], [1.0,-1.0], [1.0,-1.0]]
ENTRY 1 Return_0 [[-Infinity,Infinity], [0.0,0.0], [0.0,0.0], [0.0,0.0], [0.0,0.0], [0.0,0.0], [0.0,0.0], [0.0,0.0], [0.0,0.0], [0.0,0.0], [0.0,0.0], [0.0,0.0], [0.0,0.0], [0.0,0.0], [0.0,0.0]]
EXIT 1 Return_0 [[-Infinity,Infinity], [0.0,0.0], [0.0,0.0], [0.0,0.0], [0.0,0.0], [0.0,0.0], [0.0,0.0], [0.0,0.0], [0.0,0.0], [0.0,0.0], [0.0,0.0], [0.0,0.0], [0.0,0.0], [0.0,0.0], [0.0,0.0]]
ENTRY 1 IfConditionJoin_0 [[-Infinity,Infinity], [0.0,0.0], [0.0,0.0], [0.0,0.0], [0.0,0.0], [0.0,0.0], [0.0,0.0], [0.0,0.0], [0.0,0.0], [0.0,0.0], [0.0,0.0], [0.0,0.0], [0.0,0.0], [0.0,0.0], [0.0,0.0]]
EXIT 1 IfConditionJoin_0 [[-Infinity,Infinity], [0.0,0.0], [0.0,0.0], [0.0,0.0], [0.0,0.0], [0.0,0.0], [0.0,0.0], [0.0,0.0], [0.0,0.0], [0.0,0.0], [0.0,0.0], [0.0,0.0], [0.0,0.0], [0.0,0.0], [0.0,0.0]]
ENTRY 1 ExpressionStatement_2 [[-Infinity,Infinity], [0.0,0.0], [0.0,0.0], [0.0,0.0], [0.0,0.0], [0.0,0.0], [0.0,0.0], [0.0,0.0], [0.0,0.0], [0.0,0.0], [0.0,0.0], [0.0,0.0], [0.0,0.0], [0.0,0.0], [0.0,0.0]]
EXIT 1 ExpressionStatement_2 [[-Infinity,Infinity], [0.0,0.0], [0.0,0.0], [0.0,0.0], [0.0,0.0], [0.0,0.0], [0.0,0.0], [0.0,0.0], [0.0,0.0], [0.0,0.0], [0.0,0.0], [0.0,0.0], [0.0,0.0], [0.0,0.0], [0.0,0.0]]
ENTRY 1 IfStatement_1 [[-Infinity,Infinity], [0.0,0.0], [0.0,0.0], [0.0,0.0], [0.0,0.0], [0.0,0.0], [0.0,0.0], [0.0,0.0], [0.0,0.0], [0.0,0.0], [0.0,0.0], [0.0,0.0], [0.0,0.0], [0.0,0.0], [0.0,0.0]]
EXIT 1 IfStatement_1 [[1.0,-1.0], [1.0,-1.0], [1.0,-1.0], [1.0,-1.0], [1.0,-1.0], [1.0,-1.0], [1.0,-1.0], [1.0,-1.0], [1.0,-1.0], [1.0,-1.0], [1.0,-1.0], [1.0,-1.0], [1.0,-1.0], [1.0,-1.0], [1.0,-1.0]]
ENTRY 1 ExpressionStatement_3 [[-Infinity,Infinity], [0.0,0.0], [0.0,0.0], [0.0,0.0], [0.0,0.0], [0.0,0.0], [0.0,0.0], [0.0,0.0], [0.0,0.0], [0.0,0.0], [0.0,0.0], [0.0,0.0], [0.0,0.0], [0.0,0.0], [0.0,0.0]]
EXIT 1 ExpressionStatement_3 [[-Infinity,Infinity], [0.0,0.0], [0.0,0.0], [0.0,0.0], [0.0,0.0], [-Infinity,Infinity], [0.0,0.0], [0.0,0.0], [0.0,0.0], [0.0,0.0], [0.0,0.0], [0.0,0.0], [0.0,0.0], [0.0,0.0], [0.0,0.0]]
ENTRY 1 VariableDeclarationStatement_0 [[-Infinity,Infinity], [0.0,0.0], [0.0,0.0], [0.0,0.0], [0.0,0.0], [-Infinity,Infinity], [0.0,0.0], [0.0,0.0], [0.0,0.0], [0.0,0.0], [0.0,0.0], [0.0,0.0], [0.0,0.0], [0.0,0.0], [0.0,0.0]]
EXIT 1 VariableDeclarationStatement_0 [[-Infinity,Infinity], [0.0,0.0], [0.0,0.0], [0.0,0.0], [0.0,0.0], [-Infinity,Infinity], [0.0,0.0], [0.0,0.0], [-Infinity,Infinity], [0.0,0.0], [0.0,0.0], [0.0,0.0], [0.0,0.0], [0.0,0.0], [0.0,0.0]]
ENTRY 1 IfStatement_2 [[-Infinity,Infinity], [0.0,0.0], [0.0,0.0], [0.0,0.0], [0.0,0.0], [-Infinity,Infinity], [0.0,0.0], [0.0,0.0], [-Infinity,Infinity], [0.0,0.0], [0.0,0.0], [0.0,0.0], [0.0,0.0], [0.0,0.0], [0.0,0.0]]
EXIT 1 IfStatement_2 [[1.0,-1.0], [1.0,-1.0], [1.0,-1.0], [1.0,-1.0], [1.0,-1.0], [1.0,-1.0], [1.0,-1.0], [1.0,-1.0], [1.0,-1.0], [1.0,-1.0], [1.0,-1.0], [1.0,-1.0], [1.0,-1.0], [1.0,-1.0], [1.0,-1.0]]
ENTRY 1 ExpressionStatement_4 [[-Infinity,Infinity], [0.0,0.0], [0.0,0.0], [0.0,0.0], [0.0,0.0], [-Infinity,Infinity], [0.0,0.0], [0.0,0.0], [-Infinity,Infinity], [0.0,0.0], [0.0,0.0], [0.0,0.0], [0.0,0.0], [0.0,0.0], [0.0,0.0]]
EXIT 1 ExpressionStatement_4 [[-Infinity,Infinity], [0.0,0.0], [0.0,0.0], [0.0,0.0], [0.0,0.0], [-Infinity,Infinity], [0.0,0.0], [0.0,0.0], [-Infinity,Infinity], [0.0,0.0], [0.0,0.0], [0.0,0.0], [0.0,0.0], [0.0,0.0], [0.0,0.0]]
ENTRY 1 IfConditionJoin_2 [[-Infinity,Infinity], [0.0,0.0], [0.0,0.0], [0.0,0.0], [0.0,0.0], [-Infinity,Infinity], [0.0,0.0], [0.0,0.0], [-Infinity,Infinity], [0.0,0.0], [0.0,0.0], [0.0,0.0], [0.0,0.0], [0.0,0.0], [0.0,0.0]]
EXIT 1 IfConditionJoin_2 [[-Infinity,Infinity], [0.0,0.0], [0.0,0.0], [0.0,0.0], [0.0,0.0], [-Infinity,Infinity], [0.0,0.0], [0.0,0.0], [-Infinity,Infinity], [0.0,0.0], [0.0,0.0], [0.0,0.0], [0.0,0.0], [0.0,0.0], [0.0,0.0]]
ENTRY 1 ExpressionStatement_5 [[-Infinity,Infinity], [0.0,0.0], [0.0,0.0], [0.0,0.0], [0.0,0.0], [-Infinity,Infinity], [0.0,0.0], [0.0,0.0], [-Infinity,Infinity], [0.0,0.0], [0.0,0.0], [0.0,0.0], [0.0,0.0], [0.0,0.0], [0.0,0.0]]
EXIT 1 ExpressionStatement_5 [[-Infinity,Infinity], [0.0,0.0], [0.0,0.0], [0.0,0.0], [0.0,0.0], [-Infinity,Infinity], [0.0,0.0], [0.0,0.0], [-Infinity,Infinity], [0.0,0.0], [0.0,0.0], [0.0,0.0], [0.0,0.0], [0.0,0.0], [0.0,0.0]]
ENTRY 1 IfConditionJoin_1 [[-Infinity,Infinity], [0.0,0.0], [0.0,0.0], [0.0,0.0], [0.0,0.0], [-Infinity,Infinity], [0.0,0.0], [0.0,0.0], [-Infinity,Infinity], [0.0,0.0], [0.0,0.0], [0.0,0.0], [0.0,0.0], [0.0,0.0], [0.0,0.0]]
EXIT 1 IfConditionJoin_1 [[-Infinity,Infinity], [0.0,0.0], [0.0,0.0], [0.0,0.0], [0.0,0.0], [-Infinity,Infinity], [0.0,0.0], [0.0,0.0], [-Infinity,Infinity], [0.0,0.0], [0.0,0.0], [0.0,0.0], [0.0,0.0], [0.0,0.0], [0.0,0.0]]
ENTRY 1 IfStatement_3 [[-Infinity,Infinity], [0.0,0.0], [0.0,0.0], [0.0,0.0], [0.0,0.0], [-Infinity,Infinity], [0.0,0.0], [0.0,0.0], [-Infinity,Infinity], [0.0,0.0], [0.0,0.0], [0.0,0.0], [0.0,0.0], [0.0,0.0], [0.0,0.0]]
EXIT 1 IfStatement_3 [[1.0,-1.0], [1.0,-1.0], [1.0,-1.0], [1.0,-1.0], [1.0,-1.0], [1.0,-1.0], [1.0,-1.0], [1.0,-1.0], [1.0,-1.0], [1.0,-1.0], [1.0,-1.0], [1.0,-1.0], [1.0,-1.0], [1.0,-1.0], [1.0,-1.0]]
ENTRY 1 ExpressionStatement_6 [[-Infinity,Infinity], [0.0,0.0], [0.0,0.0], [0.0,0.0], [0.0,0.0], [-Infinity,Infinity], [0.0,0.0], [0.0,0.0], [-Infinity,Infinity], [0.0,0.0], [0.0,0.0], [0.0,0.0], [0.0,0.0], [0.0,0.0], [0.0,0.0]]
EXIT 1 ExpressionStatement_6 [[-Infinity,Infinity], [0.0,0.0], [0.0,0.0], [0.0,0.0], [0.0,0.0], [-Infinity,Infinity], [0.0,0.0], [0.0,0.0], [-Infinity,Infinity], [0.0,0.0], [0.0,0.0], [0.0,0.0], [0.0,0.0], [0.0,0.0], [0.0,0.0]]
ENTRY 1 IfConditionJoin_3 [[-Infinity,Infinity], [0.0,0.0], [0.0,0.0], [0.0,0.0], [0.0,0.0], [-Infinity,Infinity], [0.0,0.0], [0.0,0.0], [-Infinity,Infinity], [0.0,0.0], [0.0,0.0], [0.0,0.0], [0.0,0.0], [0.0,0.0], [0.0,0.0]]
EXIT 1 IfConditionJoin_3 [[-Infinity,Infinity], [0.0,0.0], [0.0,0.0], [0.0,0.0], [0.0,0.0], [-Infinity,Infinity], [0.0,0.0], [0.0,0.0], [-Infinity,Infinity], [0.0,0.0], [0.0,0.0], [0.0,0.0], [0.0,0.0], [0.0,0.0], [0.0,0.0]]
ENTRY 1 FunctionExit_1 [[-Infinity,Infinity], [0.0,0.0], [0.0,0.0], [0.0,0.0], [0.0,0.0], [-Infinity,Infinity], [0.0,0.0], [0.0,0.0], [-Infinity,Infinity], [0.0,0.0], [0.0,0.0], [0.0,0.0], [0.0,0.0], [0.0,0.0], [0.0,0.0]]
EXIT 1 FunctionExit_1 [[-Infinity,Infinity], [0.0,0.0], [0.0,0.0], [0.0,0.0], [0.0,0.0], [-Infinity,Infinity], [0.0,0.0], [0.0,0.0], [-Infinity,Infinity], [0.0,0.0], [0.0,0.0], [0.0,0.0], [0.0,0.0], [0.0,0.0], [0.0,0.0]]
ENTRY 1 FunctionDefinition_2 [[-Infinity,Infinity], [0.0,0.0], [0.0,0.0], [0.0,0.0], [0.0,0.0], [0.0,0.0], [0.0,0.0], [0.0,0.0], [0.0,0.0], [0.0,0.0], [0.0,0.0], [0.0,0.0], [0.0,0.0], [0.0,0.0], [0.0,0.0]]
EXIT 1 FunctionDefinition_2 [[-Infinity,Infinity], [0.0,0.0], [0.0,0.0], [0.0,0.0], [0.0,0.0], [0.0,0.0], [0.0,0.0], [0.0,0.0], [0.0,0.0], [0.0,0.0], [0.0,0.0], [0.0,0.0], [0.0,0.0], [0.0,0.0], [0.0,0.0]]
ENTRY 1 FunctionEntry_2 [[-Infinity,Infinity], [0.0,0.0], [0.0,0.0], [0.0,0.0], [0.0,0.0], [0.0,0.0], [0.0,0.0], [0.0,0.0], [0.0,0.0], [0.0,0.0], [0.0,0.0], [0.0,0.0], [0.0,0.0], [0.0,0.0], [0.0,0.0]]
EXIT 1 FunctionEntry_2 [[-Infinity,Infinity], [0.0,0.0], [0.0,0.0], [0.0,0.0], [0.0,0.0], [0.0,0.0], [0.0,0.0], [0.0,0.0], [0.0,0.0], [0.0,0.0], [0.0,0.0], [0.0,0.0], [0.0,0.0], [0.0,0.0], [0.0,0.0]]
ENTRY 1 ExpressionStatement_7 [[-Infinity,Infinity], [0.0,0.0], [0.0,0.0], [0.0,0.0], [0.0,0.0], [0.0,0.0], [0.0,0.0], [0.0,0.0], [0.0,0.0], [0.0,0.0], [0.0,0.0], [0.0,0.0], [0.0,0.0], [0.0,0.0], [0.0,0.0]]
EXIT 1 ExpressionStatement_7 [[-Infinity,Infinity], [0.0,0.0], [0.0,0.0], [0.0,0.0], [0.0,0.0], [0.0,0.0], [0.0,0.0], [0.0,0.0], [0.0,0.0], [-8.0,8.0], [0.0,0.0], [0.0,0.0], [0.0,0.0], [0.0,0.0], [0.0,0.0]]
ENTRY 1 FunctionExit_2 [[-Infinity,Infinity], [0.0,0.0], [0.0,0.0], [0.0,0.0], [0.0,0.0], [0.0,0.0], [0.0,0.0], [0.0,0.0], [0.0,0.0], [-8.0,8.0], [0.0,0.0], [0.0,0.0], [0.0,0.0], [0.0,0.0], [0.0,0.0]]
EXIT 1 FunctionExit_2 [[-Infinity,Infinity], [0.0,0.0], [0.0,0.0], [0.0,0.0], [0.0,0.0], [0.0,0.0], [0.0,0.0], [0.0,0.0], [0.0,0.0], [-8.0,8.0], [0.0,0.0], [0.0,0.0], [0.0,0.0], [0.0,0.0], [0.0,0.0]]
ENTRY 1 FunctionDefinition_3 [[-Infinity,Infinity], [0.0,0.0], [0.0,0.0], [0.0,0.0], [0.0,0.0], [0.0,0.0], [0.0,0.0], [0.0,0.0], [0.0,0.0], [0.0,0.0], [0.0,0.0], [0.0,0.0], [0.0,0.0], [0.0,0.0], [0.0,0.0]]
EXIT 1 FunctionDefinition_3 [[-Infinity,Infinity], [0.0,0.0], [0.0,0.0], [0.0,0.0], [0.0,0.0], [0.0,0.0], [0.0,0.0], [0.0,0.0], [0.0,0.0], [0.0,0.0], [0.0,0.0], [0.0,0.0], [0.0,0.0], [0.0,0.0], [0.0,0.0]]
ENTRY 1 FunctionEntry_3 [[-Infinity,Infinity], [0.0,0.0], [0.0,0.0], [0.0,0.0], [0.0,0.0], [0.0,0.0], [0.0,0.0], [0.0,0.0], [0.0,0.0], [0.0,0.0], [0.0,0.0], [0.0,0.0], [0.0,0.0], [0.0,0.0], [0.0,0.0]]
EXIT 1 FunctionEntry_3 [[-Infinity,Infinity], [0.0,0.0], [0.0,0.0], [0.0,0.0], [0.0,0.0], [0.0,0.0], [0.0,0.0], [0.0,0.0], [0.0,0.0], [0.0,0.0], [0.0,0.0], [0.0,0.0], [0.0,0.0], [0.0,0.0], [0.0,0.0]]
ENTRY 1 ExpressionStatement_8 [[-Infinity,Infinity], [0.0,0.0], [0.0,0.0], [0.0,0.0], [0.0,0.0], [0.0,0.0], [0.0,0.0], [0.0,0.0], [0.0,0.0], [0.0,0.0], [0.0,0.0], [0.0,0.0], [0.0,0.0], [0.0,0.0], [0.0,0.0]]
EXIT 1 ExpressionStatement_8 [[-Infinity,Infinity], [-Infinity,Infinity], [0.0,0.0], [0.0,0.0], [0.0,0.0], [0.0,0.0], [0.0,0.0], [0.0,0.0], [0.0,0.0], [0.0,0.0], [0.0,0.0], [0.0,0.0], [0.0,0.0], [0.0,0.0], [0.0,0.0]]
ENTRY 1 ExpressionStatement_9 [[-Infinity,Infinity], [-Infinity,Infinity], [0.0,0.0], [0.0,0.0], [0.0,0.0], [0.0,0.0], [0.0,0.0], [0.0,0.0], [0.0,0.0], [0.0,0.0], [0.0,0.0], [0.0,0.0], [0.0,0.0], [0.0,0.0], [0.0,0.0]]
EXIT 1 ExpressionStatement_9 [[-Infinity,Infinity], [-Infinity,Infinity], [-Infinity,Infinity], [0.0,0.0], [0.0,0.0], [0.0,0.0], [0.0,0.0], [0.0,0.0], [0.0,0.0], [0.0,0.0], [0.0,0.0], [0.0,0.0], [0.0,0.0], [0.0,0.0], [0.0,0.0]]
ENTRY 1 FunctionExit_3 [[-Infinity,Infinity], [-Infinity,Infinity], [-Infinity,Infinity], [0.0,0.0], [0.0,0.0], [0.0,0.0], [0.0,0.0], [0.0,0.0], [0.0,0.0], [0.0,0.0], [0.0,0.0], [0.0,0.0], [0.0,0.0], [0.0,0.0], [0.0,0.0]]
EXIT 1 FunctionExit_3 [[-Infinity,Infinity], [-Infinity,Infinity], [-Infinity,Infinity], [0.0,0.0], [0.0,0.0], [0.0,0.0], [0.0,0.0], [0.0,0.0], [0.0,0.0], [0.0,0.0], [0.0,0.0], [0.0,0.0], [0.0,0.0], [0.0,0.0], [0.0,0.0]]
ENTRY 1 FunctionDefinition_4 [[-Infinity,Infinity], [-Infinity,Infinity], [-Infinity,Infinity], [0.0,0.0], [0.0,0.0], [0.0,0.0], [0.0,0.0], [0.0,0.0], [0.0,0.0], [0.0,0.0], [0.0,0.0], [0.0,0.0], [0.0,0.0], [0.0,0.0], [0.0,0.0]]
EXIT 1 FunctionDefinition_4 [[-Infinity,Infinity], [-Infinity,Infinity], [-Infinity,Infinity], [0.0,0.0], [0.0,0.0], [0.0,0.0], [0.0,0.0], [0.0,0.0], [0.0,0.0], [0.0,0.0], [0.0,0.0], [0.0,0.0], [0.0,0.0], [0.0,0.0], [0.0,0.0]]
ENTRY 1 FunctionEntry_4 [[-Infinity,Infinity], [-Infinity,Infinity], [-Infinity,Infinity], [0.0,0.0], [0.0,0.0], [0.0,0.0], [0.0,0.0], [0.0,0.0], [0.0,0.0], [0.0,0.0], [0.0,0.0], [0.0,0.0], [0.0,0.0], [0.0,0.0], [0.0,0.0]]
EXIT 1 FunctionEntry_4 [[-Infinity,Infinity], [-Infinity,Infinity], [-Infinity,Infinity], [0.0,0.0], [0.0,0.0], [0.0,0.0], [0.0,0.0], [0.0,0.0], [0.0,0.0], [0.0,0.0], [0.0,0.0], [0.0,0.0], [0.0,0.0], [0.0,0.0], [0.0,0.0]]
ENTRY 1 ExpressionStatement_10 [[-Infinity,Infinity], [-Infinity,Infinity], [-Infinity,Infinity], [0.0,0.0], [0.0,0.0], [0.0,0.0], [0.0,0.0], [0.0,0.0], [0.0,0.0], [0.0,0.0], [0.0,0.0], [0.0,0.0], [0.0,0.0], [0.0,0.0], [0.0,0.0]]
EXIT 1 ExpressionStatement_10 [[-Infinity,Infinity], [-Infinity,Infinity], [-Infinity,Infinity], [0.0,0.0], [0.0,0.0], [0.0,0.0], [0.0,0.0], [0.0,0.0], [0.0,0.0], [0.0,0.0], [0.0,0.0], [0.0,0.0], [0.0,0.0], [0.0,0.0], [0.0,0.0]]
ENTRY 1 ExpressionStatement_11 [[-Infinity,Infinity], [-Infinity,Infinity], [-Infinity,Infinity], [0.0,0.0], [0.0,0.0], [0.0,0.0], [0.0,0.0], [0.0,0.0], [0.0,0.0], [0.0,0.0], [0.0,0.0], [0.0,0.0], [0.0,0.0], [0.0,0.0], [0.0,0.0]]
EXIT 1 ExpressionStatement_11 [[-Infinity,Infinity], [-Infinity,Infinity], [-Infinity,Infinity], [0.0,0.0], [0.0,0.0], [0.0,0.0], [0.0,0.0], [0.0,0.0], [0.0,0.0], [0.0,0.0], [0.0,0.0], [0.0,0.0], [0.0,0.0], [0.0,0.0], [0.0,0.0]]
ENTRY 1 FunctionExit_4 [[-Infinity,Infinity], [-Infinity,Infinity], [-Infinity,Infinity], [0.0,0.0], [0.0,0.0], [0.0,0.0], [0.0,0.0], [0.0,0.0], [0.0,0.0], [0.0,0.0], [0.0,0.0], [0.0,0.0], [0.0,0.0], [0.0,0.0], [0.0,0.0]]
EXIT 1 FunctionExit_4 [[-Infinity,Infinity], [-Infinity,Infinity], [-Infinity,Infinity], [0.0,0.0], [0.0,0.0], [0.0,0.0], [0.0,0.0], [0.0,0.0], [0.0,0.0], [0.0,0.0], [0.0,0.0], [0.0,0.0], [0.0,0.0], [0.0,0.0], [0.0,0.0]]
ENTRY 1 FunctionDefinition_5 [[-Infinity,Infinity], [-Infinity,Infinity], [-Infinity,Infinity], [0.0,0.0], [0.0,0.0], [0.0,0.0], [0.0,0.0], [0.0,0.0], [0.0,0.0], [0.0,0.0], [0.0,0.0], [0.0,0.0], [0.0,0.0], [0.0,0.0], [0.0,0.0]]
EXIT 1 FunctionDefinition_5 [[-Infinity,Infinity], [-Infinity,Infinity], [-Infinity,Infinity], [0.0,0.0], [0.0,0.0], [0.0,0.0], [0.0,0.0], [0.0,0.0], [0.0,0.0], [0.0,0.0], [0.0,0.0], [0.0,0.0], [0.0,0.0], [0.0,0.0], [0.0,0.0]]
ENTRY 1 FunctionEntry_5 [[-Infinity,Infinity], [-Infinity,Infinity], [-Infinity,Infinity], [0.0,0.0], [0.0,0.0], [0.0,0.0], [0.0,0.0], [0.0,0.0], [0.0,0.0], [0.0,0.0], [0.0,0.0], [0.0,0.0], [0.0,0.0], [0.0,0.0], [0.0,0.0]]
EXIT 1 FunctionEntry_5 [[-Infinity,Infinity], [-Infinity,Infinity], [-Infinity,Infinity], [0.0,0.0], [0.0,0.0], [0.0,0.0], [0.0,0.0], [0.0,0.0], [0.0,0.0], [0.0,0.0], [0.0,0.0], [0.0,0.0], [0.0,0.0], [0.0,0.0], [0.0,0.0]]
ENTRY 1 ExpressionStatement_12 [[-Infinity,Infinity], [-Infinity,Infinity], [-Infinity,Infinity], [0.0,0.0], [0.0,0.0], [0.0,0.0], [0.0,0.0], [0.0,0.0], [0.0,0.0], [0.0,0.0], [0.0,0.0], [0.0,0.0], [0.0,0.0], [0.0,0.0], [0.0,0.0]]
EXIT 1 ExpressionStatement_12 [[-Infinity,Infinity], [-Infinity,Infinity], [-Infinity,Infinity], [0.0,0.0], [0.0,0.0], [0.0,0.0], [0.0,0.0], [0.0,0.0], [0.0,0.0], [0.0,0.0], [0.0,0.0], [0.0,0.0], [0.0,0.0], [0.0,0.0], [0.0,0.0]]
ENTRY 1 VariableDeclarationStatement_1 [[-Infinity,Infinity], [-Infinity,Infinity], [-Infinity,Infinity], [0.0,0.0], [0.0,0.0], [0.0,0.0], [0.0,0.0], [0.0,0.0], [0.0,0.0], [0.0,0.0], [0.0,0.0], [0.0,0.0], [0.0,0.0], [0.0,0.0], [0.0,0.0]]
EXIT 1 VariableDeclarationStatement_1 [[-Infinity,Infinity], [-Infinity,Infinity], [-Infinity,Infinity], [0.0,0.0], [0.0,0.0], [0.0,0.0], [0.0,0.0], [0.0,0.0], [0.0,0.0], [0.0,0.0], [0.0,0.0], [0.0,0.0], [0.0,0.0], [0.0,0.0], [0.0,0.0]]
ENTRY 1 ExpressionStatement_13 [[-Infinity,Infinity], [-Infinity,Infinity], [-Infinity,Infinity], [0.0,0.0], [0.0,0.0], [0.0,0.0], [0.0,0.0], [0.0,0.0], [0.0,0.0], [0.0,0.0], [0.0,0.0], [0.0,0.0], [0.0,0.0], [0.0,0.0], [0.0,0.0]]
EXIT 1 ExpressionStatement_13 [[-Infinity,Infinity], [-Infinity,Infinity], [-Infinity,Infinity], [0.0,0.0], [0.0,0.0], [0.0,0.0], [0.0,0.0], [0.0,0.0], [0.0,0.0], [0.0,0.0], [0.0,0.0], [-Infinity,Infinity], [0.0,0.0], [0.0,0.0], [0.0,0.0]]
ENTRY 1 ExpressionStatement_14 [[-Infinity,Infinity], [-Infinity,Infinity], [-Infinity,Infinity], [0.0,0.0], [0.0,0.0], [0.0,0.0], [0.0,0.0], [0.0,0.0], [0.0,0.0], [0.0,0.0], [0.0,0.0], [-Infinity,Infinity], [0.0,0.0], [0.0,0.0], [0.0,0.0]]
EXIT 1 ExpressionStatement_14 [[-Infinity,Infinity], [-Infinity,Infinity], [-Infinity,Infinity], [0.0,0.0], [0.0,0.0], [0.0,0.0], [0.0,0.0], [0.0,0.0], [0.0,0.0], [0.0,0.0], [0.0,0.0], [-Infinity,Infinity], [-Infinity,Infinity], [0.0,0.0], [0.0,0.0]]
ENTRY 1 ExpressionStatement_15 [[-Infinity,Infinity], [-Infinity,Infinity], [-Infinity,Infinity], [0.0,0.0], [0.0,0.0], [0.0,0.0], [0.0,0.0], [0.0,0.0], [0.0,0.0], [0.0,0.0], [0.0,0.0], [-Infinity,Infinity], [-Infinity,Infinity], [0.0,0.0], [0.0,0.0]]
EXIT 1 ExpressionStatement_15 [[-Infinity,Infinity], [-Infinity,Infinity], [-Infinity,Infinity], [0.0,0.0], [0.0,0.0], [0.0,0.0], [0.0,0.0], [0.0,0.0], [0.0,0.0], [0.0,0.0], [0.0,0.0], [-Infinity,Infinity], [-Infinity,Infinity], [-Infinity,Infinity], [0.0,0.0]]
ENTRY 1 ExpressionStatement_16 [[-Infinity,Infinity], [-Infinity,Infinity], [-Infinity,Infinity], [0.0,0.0], [0.0,0.0], [0.0,0.0], [0.0,0.0], [0.0,0.0], [0.0,0.0], [0.0,0.0], [0.0,0.0], [-Infinity,Infinity], [-Infinity,Infinity], [-Infinity,Infinity], [0.0,0.0]]
EXIT 1 ExpressionStatement_16 [[-Infinity,Infinity], [-Infinity,Infinity], [-Infinity,Infinity], [0.0,0.0], [0.0,0.0], [0.0,0.0], [0.0,0.0], [0.0,0.0], [0.0,0.0], [0.0,0.0], [0.0,0.0], [-Infinity,Infinity], [-Infinity,Infinity], [-Infinity,Infinity], [-Infinity,Infinity]]
ENTRY 1 ExpressionStatement_17 [[-Infinity,Infinity], [-Infinity,Infinity], [-Infinity,Infinity], [0.0,0.0], [0.0,0.0], [0.0,0.0], [0.0,0.0], [0.0,0.0], [0.0,0.0], [0.0,0.0], [0.0,0.0], [-Infinity,Infinity], [-Infinity,Infinity], [-Infinity,Infinity], [-Infinity,Infinity]]
EXIT 1 ExpressionStatement_17 [[-Infinity,Infinity], [-Infinity,Infinity], [-Infinity,Infinity], [0.0,0.0], [0.0,0.0], [0.0,0.0], [0.0,0.0], [0.0,0.0], [0.0,0.0], [0.0,0.0], [0.0,0.0], [-Infinity,Infinity], [-Infinity,Infinity], [-Infinity,Infinity], [-Infinity,Infinity]]
ENTRY 1 FunctionExit_5 [[-Infinity,Infinity], [-Infinity,Infinity], [-Infinity,Infinity], [0.0,0.0], [0.0,0.0], [0.0,0.0], [0.0,0.0], [0.0,0.0], [0.0,0.0], [0.0,0.0], [0.0,0.0], [-Infinity,Infinity], [-Infinity,Infinity], [-Infinity,Infinity], [-Infinity,Infinity]]
EXIT 1 FunctionExit_5 [[-Infinity,Infinity], [-Infinity,Infinity], [-Infinity,Infinity], [0.0,0.0], [0.0,0.0], [0.0,0.0], [0.0,0.0], [0.0,0.0], [0.0,0.0], [0.0,0.0], [0.0,0.0], [-Infinity,Infinity], [-Infinity,Infinity], [-Infinity,Infinity], [-Infinity,Infinity]]
ENTRY 1 FunctionDefinition_6 [[-Infinity,Infinity], [-Infinity,Infinity], [-Infinity,Infinity], [0.0,0.0], [0.0,0.0], [0.0,0.0], [0.0,0.0], [0.0,0.0], [0.0,0.0], [0.0,0.0], [0.0,0.0], [0.0,0.0], [0.0,0.0], [0.0,0.0], [0.0,0.0]]
EXIT 1 FunctionDefinition_6 [[-Infinity,Infinity], [-Infinity,Infinity], [-Infinity,Infinity], [0.0,0.0], [0.0,0.0], [0.0,0.0], [0.0,0.0], [0.0,0.0], [0.0,0.0], [0.0,0.0], [0.0,0.0], [0.0,0.0], [0.0,0.0], [0.0,0.0], [0.0,0.0]]
ENTRY 1 FunctionEntry_6 [[-Infinity,Infinity], [-Infinity,Infinity], [-Infinity,Infinity], [0.0,0.0], [0.0,0.0], [0.0,0.0], [0.0,0.0], [0.0,0.0], [0.0,0.0], [0.0,0.0], [0.0,0.0], [0.0,0.0], [0.0,0.0], [0.0,0.0], [0.0,0.0]]
EXIT 1 FunctionEntry_6 [[-Infinity,Infinity], [-Infinity,Infinity], [-Infinity,Infinity], [0.0,0.0], [0.0,0.0], [0.0,0.0], [0.0,0.0], [0.0,0.0], [0.0,0.0], [0.0,0.0], [0.0,0.0], [0.0,0.0], [0.0,0.0], [0.0,0.0], [0.0,0.0]]
ENTRY 1 IfStatement_4 [[-Infinity,Infinity], [-Infinity,Infinity], [-Infinity,Infinity], [0.0,0.0], [0.0,0.0], [0.0,0.0], [0.0,0.0], [0.0,0.0], [0.0,0.0], [0.0,0.0], [0.0,0.0], [0.0,0.0], [0.0,0.0], [0.0,0.0], [0.0,0.0]]
EXIT 1 IfStatement_4 [[1.0,-1.0], [1.0,-1.0], [1.0,-1.0], [1.0,-1.0], [1.0,-1.0], [1.0,-1.0], [1.0,-1.0], [1.0,-1.0], [1.0,-1.0], [1.0,-1.0], [1.0,-1.0], [1.0,-1.0], [1.0,-1.0], [1.0,-1.0], [1.0,-1.0]]
ENTRY 1 ExpressionStatement_18 [[-Infinity,Infinity], [-Infinity,Infinity], [-Infinity,Infinity], [0.0,0.0], [0.0,0.0], [0.0,0.0], [0.0,0.0], [0.0,0.0], [0.0,0.0], [0.0,0.0], [0.0,0.0], [0.0,0.0], [0.0,0.0], [0.0,0.0], [0.0,0.0]]
EXIT 1 ExpressionStatement_18 [[-Infinity,Infinity], [-Infinity,Infinity], [-Infinity,Infinity], [0.0,0.0], [0.0,0.0], [0.0,0.0], [0.0,0.0], [0.0,0.0], [0.0,0.0], [0.0,0.0], [0.0,0.0], [0.0,0.0], [0.0,0.0], [0.0,0.0], [0.0,0.0]]
ENTRY 1 IfConditionJoin_4 [[-Infinity,Infinity], [-Infinity,Infinity], [-Infinity,Infinity], [0.0,0.0], [0.0,0.0], [0.0,0.0], [0.0,0.0], [0.0,0.0], [0.0,0.0], [0.0,0.0], [0.0,0.0], [0.0,0.0], [0.0,0.0], [0.0,0.0], [0.0,0.0]]
EXIT 1 IfConditionJoin_4 [[-Infinity,Infinity], [-Infinity,Infinity], [-Infinity,Infinity], [0.0,0.0], [0.0,0.0], [0.0,0.0], [0.0,0.0], [0.0,0.0], [0.0,0.0], [0.0,0.0], [0.0,0.0], [0.0,0.0], [0.0,0.0], [0.0,0.0], [0.0,0.0]]
ENTRY 1 FunctionExit_6 [[-Infinity,Infinity], [-Infinity,Infinity], [-Infinity,Infinity], [0.0,0.0], [0.0,0.0], [0.0,0.0], [0.0,0.0], [0.0,0.0], [0.0,0.0], [0.0,0.0], [0.0,0.0], [0.0,0.0], [0.0,0.0], [0.0,0.0], [0.0,0.0]]
EXIT 1 FunctionExit_6 [[-Infinity,Infinity], [-Infinity,Infinity], [-Infinity,Infinity], [0.0,0.0], [0.0,0.0], [0.0,0.0], [0.0,0.0], [0.0,0.0], [0.0,0.0], [0.0,0.0], [0.0,0.0], [0.0,0.0], [0.0,0.0], [0.0,0.0], [0.0,0.0]]
ENTRY 2 SourceEntry_0 [[0.0,0.0], [0.0,0.0], [0.0,0.0], [0.0,0.0], [0.0,0.0], [0.0,0.0], [0.0,0.0], [0.0,0.0], [0.0,0.0], [0.0,0.0], [0.0,0.0], [0.0,0.0], [0.0,0.0], [0.0,0.0], [0.0,0.0]]
EXIT 2 SourceEntry_0 [[0.0,0.0], [0.0,0.0], [0.0,0.0], [7.0,7.0], [0.0,0.0], [0.0,0.0], [0.0,0.0], [0.0,0.0], [0.0,0.0], [0.0,0.0], [0.0,0.0], [0.0,0.0], [0.0,0.0], [0.0,0.0], [0.0,0.0]]
ENTRY 2 SourceUnit_0 [[0.0,0.0], [0.0,0.0], [0.0,0.0], [7.0,7.0], [0.0,0.0], [0.0,0.0], [0.0,0.0], [0.0,0.0], [0.0,0.0], [0.0,0.0], [0.0,0.0], [0.0,0.0], [0.0,0.0], [0.0,0.0], [0.0,0.0]]
EXIT 2 SourceUnit_0 [[0.0,0.0], [0.0,0.0], [0.0,0.0], [7.0,7.0], [0.0,0.0], [0.0,0.0], [0.0,0.0], [0.0,0.0], [0.0,0.0], [0.0,0.0], [0.0,0.0], [0.0,0.0], [0.0,0.0], [0.0,0.0], [0.0,0.0]]
ENTRY 2 PragmaDirective_0 [[0.0,0.0], [0.0,0.0], [0.0,0.0], [7.0,7.0], [0.0,0.0], [0.0,0.0], [0.0,0.0], [0.0,0.0], [0.0,0.0], [0.0,0.0], [0.0,0.0], [0.0,0.0], [0.0,0.0], [0.0,0.0], [0.0,0.0]]
EXIT 2 PragmaDirective_0 [[0.0,0.0], [0.0,0.0], [0.0,0.0], [7.0,7.0], [0.0,0.0], [0.0,0.0], [0.0,0.0], [0.0,0.0], [0.0,0.0], [0.0,0.0], [0.0,0.0], [0.0,0.0], [0.0,0.0], [0.0,0.0], [0.0,0.0]]
ENTRY 2 SourceExit_0 [[-Infinity,Infinity], [-Infinity,Infinity], [-Infinity,Infinity], [0.0,7.0], [0.0,0.0], [-Infinity,Infinity], [0.0,0.0], [0.0,0.0], [-Infinity,Infinity], [-8.0,8.0], [0.0,0.0], [-Infinity,Infinity], [-Infinity,Infinity], [-Infinity,Infinity], [-Infinity,Infinity]]
EXIT 2 SourceExit_0 [[0.0,0.0], [0.0,0.0], [0.0,0.0], [7.0,7.0], [0.0,0.0], [-Infinity,Infinity], [0.0,0.0], [0.0,0.0], [-Infinity,Infinity], [-8.0,8.0], [0.0,0.0], [-Infinity,Infinity], [-Infinity,Infinity], [-Infinity,Infinity], [-Infinity,Infinity]]
ENTRY 2 ContractDefinition_0 [[0.0,0.0], [0.0,0.0], [0.0,0.0], [7.0,7.0], [0.0,0.0], [0.0,0.0], [0.0,0.0], [0.0,0.0], [0.0,0.0], [0.0,0.0], [0.0,0.0], [0.0,0.0], [0.0,0.0], [0.0,0.0], [0.0,0.0]]
EXIT 2 ContractDefinition_0 [[0.0,0.0], [0.0,0.0], [0.0,0.0], [7.0,7.0], [0.0,0.0], [0.0,0.0], [0.0,0.0], [0.0,0.0], [0.0,0.0], [0.0,0.0], [0.0,0.0], [0.0,0.0], [0.0,0.0], [0.0,0.0], [0.0,0.0]]
ENTRY 2 StructDefinition_0 [[0.0,0.0], [0.0,0.0], [0.0,0.0], [7.0,7.0], [0.0,0.0], [0.0,0.0], [0.0,0.0], [0.0,0.0], [0.0,0.0], [0.0,0.0], [0.0,0.0], [0.0,0.0], [0.0,0.0], [0.0,0.0], [0.0,0.0]]
EXIT 2 StructDefinition_0 [[0.0,0.0], [0.0,0.0], [0.0,0.0], [7.0,7.0], [0.0,0.0], [0.0,0.0], [0.0,0.0], [0.0,0.0], [0.0,0.0], [0.0,0.0], [0.0,0.0], [0.0,0.0], [0.0,0.0], [0.0,0.0], [0.0,0.0]]
ENTRY 2 VariableDeclaration_0 [[0.0,0.0], [0.0,0.0], [0.0,0.0], [7.0,7.0], [0.0,0.0], [0.0,0.0], [0.0,0.0], [0.0,0.0], [0.0,0.0], [0.0,0.0], [0.0,0.0], [0.0,0.0], [0.0,0.0], [0.0,0.0], [0.0,0.0]]
EXIT 2 VariableDeclaration_0 [[0.0,0.0], [0.0,0.0], [0.0,0.0], [7.0,7.0], [0.0,0.0], [0.0,0.0], [0.0,0.0], [0.0,0.0], [0.0,0.0], [0.0,0.0], [0.0,0.0], [0.0,0.0], [0.0,0.0], [0.0,0.0], [0.0,0.0]]
ENTRY 2 VariableDeclaration_1 [[0.0,0.0], [0.0,0.0], [0.0,0.0], [7.0,7.0], [0.0,0.0], [0.0,0.0], [0.0,0.0], [0.0,0.0], [0.0,0.0], [0.0,0.0], [0.0,0.0], [0.0,0.0], [0.0,0.0], [0.0,0.0], [0.0,0.0]]
EXIT 2 VariableDeclaration_1 [[0.0,0.0], [0.0,0.0], [0.0,0.0], [7.0,7.0], [0.0,0.0], [0.0,0.0], [0.0,0.0], [0.0,0.0], [0.0,0.0], [0.0,0.0], [0.0,0.0], [0.0,0.0], [0.0,0.0], [0.0,0.0], [0.0,0.0]]
ENTRY 2 VariableDeclaration_2 [[0.0,0.0], [0.0,0.0], [0.0,0.0], [7.0,7.0], [0.0,0.0], [0.0,0.0], [0.0,0.0], [0.0,0.0], [0.0,0.0], [0.0,0.0], [0.0,0.0], [0.0,0.0], [0.0,0.0], [0.0,0.0], [0.0,0.0]]
EXIT 2 VariableDeclaration_2 [[0.0,0.0], [0.0,0.0], [0.0,0.0], [7.0,7.0], [0.0,0.0], [0.0,0.0], [0.0,0.0], [0.0,0.0], [0.0,0.0], [0.0,0.0], [0.0,0.0], [0.0,0.0], [0.0,0.0], [0.0,0.0], [0.0,0.0]]
ENTRY 2 VariableDeclaration_3 [[0.0,0.0], [0.0,0.0], [0.0,0.0], [7.0,7.0], [0.0,0.0], [0.0,0.0], [0.0,0.0], [0.0,0.0], [0.0,0.0], [0.0,0.0], [0.0,0.0], [0.0,0.0], [0.0,0.0], [0.0,0.0], [0.0,0.0]]
EXIT 2 VariableDeclaration_3 [[0.0,0.0], [0.0,0.0], [0.0,0.0], [7.0,7.0], [0.0,0.0], [0.0,0.0], [0.0,0.0], [0.0,0.0], [0.0,0.0], [0.0,0.0], [0.0,0.0], [0.0,0.0], [0.0,0.0], [0.0,0.0], [0.0,0.0]]
ENTRY 2 VariableDeclaration_4 [[0.0,0.0], [0.0,0.0], [0.0,0.0], [7.0,7.0], [0.0,0.0], [0.0,0.0], [0.0,0.0], [0.0,0.0], [0.0,0.0], [0.0,0.0], [0.0,0.0], [0.0,0.0], [0.0,0.0], [0.0,0.0], [0.0,0.0]]
EXIT 2 VariableDeclaration_4 [[0.0,0.0], [0.0,0.0], [0.0,0.0], [7.0,7.0], [0.0,0.0], [0.0,0.0], [0.0,0.0], [0.0,0.0], [0.0,0.0], [0.0,0.0], [0.0,0.0], [0.0,0.0], [0.0,0.0], [0.0,0.0], [0.0,0.0]]
ENTRY 2 FunctionDefinition_0 [[0.0,0.0], [0.0,0.0], [0.0,0.0], [7.0,7.0], [0.0,0.0], [0.0,0.0], [0.0,0.0], [0.0,0.0], [0.0,0.0], [0.0,0.0], [0.0,0.0], [0.0,0.0], [0.0,0.0], [0.0,0.0], [0.0,0.0]]
EXIT 2 FunctionDefinition_0 [[0.0,0.0], [0.0,0.0], [0.0,0.0], [7.0,7.0], [0.0,0.0], [0.0,0.0], [0.0,0.0], [0.0,0.0], [0.0,0.0], [0.0,0.0], [0.0,0.0], [0.0,0.0], [0.0,0.0], [0.0,0.0], [0.0,0.0]]
ENTRY 2 FunctionEntry_0 [[0.0,0.0], [0.0,0.0], [0.0,0.0], [7.0,7.0], [0.0,0.0], [0.0,0.0], [0.0,0.0], [0.0,0.0], [0.0,0.0], [0.0,0.0], [0.0,0.0], [0.0,0.0], [0.0,0.0], [0.0,0.0], [0.0,0.0]]
EXIT 2 FunctionEntry_0 [[0.0,0.0], [0.0,0.0], [0.0,0.0], [7.0,7.0], [0.0,0.0], [0.0,0.0], [0.0,0.0], [0.0,0.0], [0.0,0.0], [0.0,0.0], [0.0,0.0], [0.0,0.0], [0.0,0.0], [0.0,0.0], [0.0,0.0]]
ENTRY 2 ExpressionStatement_0 [[0.0,0.0], [0.0,0.0], [0.0,0.0], [7.0,7.0], [0.0,0.0], [0.0,0.0], [0.0,0.0], [0.0,0.0], [0.0,0.0], [0.0,0.0], [0.0,0.0], [0.0,0.0], [0.0,0.0], [0.0,0.0], [0.0,0.0]]
EXIT 2 ExpressionStatement_0 [[-Infinity,Infinity], [0.0,0.0], [0.0,0.0], [7.0,7.0], [0.0,0.0], [0.0,0.0], [0.0,0.0], [0.0,0.0], [0.0,0.0], [0.0,0.0], [0.0,0.0], [0.0,0.0], [0.0,0.0], [0.0,0.0], [0.0,0.0]]
ENTRY 2 ExpressionStatement_1 [[-Infinity,Infinity], [0.0,0.0], [0.0,0.0], [7.0,7.0], [0.0,0.0], [0.0,0.0], [0.0,0.0], [0.0,0.0], [0.0,0.0], [0.0,0.0], [0.0,0.0], [0.0,0.0], [0.0,0.0], [0.0,0.0], [0.0,0.0]]
EXIT 2 ExpressionStatement_1 [[-Infinity,Infinity], [0.0,0.0], [0.0,0.0], [7.0,7.0], [0.0,0.0], [0.0,0.0], [0.0,0.0], [0.0,0.0], [0.0,0.0], [0.0,0.0], [0.0,0.0], [0.0,0.0], [0.0,0.0], [0.0,0.0], [0.0,0.0]]
ENTRY 2 FunctionExit_0 [[-Infinity,Infinity], [0.0,0.0], [0.0,0.0], [7.0,7.0], [0.0,0.0], [0.0,0.0], [0.0,0.0], [0.0,0.0], [0.0,0.0], [0.0,0.0], [0.0,0.0], [0.0,0.0], [0.0,0.0], [0.0,0.0], [0.0,0.0]]
EXIT 2 FunctionExit_0 [[-Infinity,Infinity], [0.0,0.0], [0.0,0.0], [7.0,7.0], [0.0,0.0], [0.0,0.0], [0.0,0.0], [0.0,0.0], [0.0,0.0], [0.0,0.0], [0.0,0.0], [0.0,0.0], [0.0,0.0], [0.0,0.0], [0.0,0.0]]
ENTRY 2 FunctionDefinition_1 [[-Infinity,Infinity], [0.0,0.0], [0.0,0.0], [7.0,7.0], [0.0,0.0], [0.0,0.0], [0.0,0.0], [0.0,0.0], [0.0,0.0], [0.0,0.0], [0.0,0.0], [0.0,0.0], [0.0,0.0], [0.0,0.0], [0.0,0.0]]
EXIT 2 FunctionDefinition_1 [[-Infinity,Infinity], [0.0,0.0], [0.0,0.0], [7.0,7.0], [0.0,0.0], [0.0,0.0], [0.0,0.0], [0.0,0.0], [0.0,0.0], [0.0,0.0], [0.0,0.0], [0.0,0.0], [0.0,0.0], [0.0,0.0], [0.0,0.0]]
ENTRY 2 FunctionEntry_1 [[-Infinity,Infinity], [0.0,0.0], [0.0,0.0], [7.0,7.0], [0.0,0.0], [0.0,0.0], [0.0,0.0], [0.0,0.0], [0.0,0.0], [0.0,0.0], [0.0,0.0], [0.0,0.0], [0.0,0.0], [0.0,0.0], [0.0,0.0]]
EXIT 2 FunctionEntry_1 [[-Infinity,Infinity], [0.0,0.0], [0.0,0.0], [7.0,7.0], [0.0,0.0], [0.0,0.0], [0.0,0.0], [0.0,0.0], [0.0,0.0], [0.0,0.0], [0.0,0.0], [0.0,0.0], [0.0,0.0], [0.0,0.0], [0.0,0.0]]
ENTRY 2 IfStatement_0 [[-Infinity,Infinity], [0.0,0.0], [0.0,0.0], [7.0,7.0], [0.0,0.0], [0.0,0.0], [0.0,0.0], [0.0,0.0], [0.0,0.0], [0.0,0.0], [0.0,0.0], [0.0,0.0], [0.0,0.0], [0.0,0.0], [0.0,0.0]]
EXIT 2 IfStatement_0 [[1.0,-1.0], [1.0,-1.0], [1.0,-1.0], [1.0,-1.0], [1.0,-1.0], [1.0,-1.0], [1.0,-1.0], [1.0,-1.0], [1.0,-1.0], [1.0,-1.0], [1.0,-1.0], [1.0,-1.0], [1.0,-1.0], [1.0,-1.0], [1.0,-1.0]]
ENTRY 2 Return_0 [[-Infinity,Infinity], [0.0,0.0], [0.0,0.0], [7.0,7.0], [0.0,0.0], [0.0,0.0], [0.0,0.0], [0.0,0.0], [0.0,0.0], [0.0,0.0], [0.0,0.0], [0.0,0.0], [0.0,0.0], [0.0,0.0], [0.0,0.0]]
EXIT 2 Return_0 [[-Infinity,Infinity], [0.0,0.0], [0.0,0.0], [7.0,7.0], [0.0,0.0], [0.0,0.0], [0.0,0.0], [0.0,0.0], [0.0,0.0], [0.0,0.0], [0.0,0.0], [0.0,0.0], [0.0,0.0], [0.0,0.0], [0.0,0.0]]
ENTRY 2 IfConditionJoin_0 [[-Infinity,Infinity], [0.0,0.0], [0.0,0.0], [7.0,7.0], [0.0,0.0], [0.0,0.0], [0.0,0.0], [0.0,0.0], [0.0,0.0], [0.0,0.0], [0.0,0.0], [0.0,0.0], [0.0,0.0], [0.0,0.0], [0.0,0.0]]
EXIT 2 IfConditionJoin_0 [[-Infinity,Infinity], [0.0,0.0], [0.0,0.0], [7.0,7.0], [0.0,0.0], [0.0,0.0], [0.0,0.0], [0.0,0.0], [0.0,0.0], [0.0,0.0], [0.0,0.0], [0.0,0.0], [0.0,0.0], [0.0,0.0], [0.0,0.0]]
ENTRY 2 ExpressionStatement_2 [[-Infinity,Infinity], [0.0,0.0], [0.0,0.0], [7.0,7.0], [0.0,0.0], [0.0,0.0], [0.0,0.0], [0.0,0.0], [0.0,0.0], [0.0,0.0], [0.0,0.0], [0.0,0.0], [0.0,0.0], [0.0,0.0], [0.0,0.0]]
EXIT 2 ExpressionStatement_2 [[-Infinity,Infinity], [0.0,0.0], [0.0,0.0], [7.0,7.0], [0.0,0.0], [0.0,0.0], [0.0,0.0], [0.0,0.0], [0.0,0.0], [0.0,0.0], [0.0,0.0], [0.0,0.0], [0.0,0.0], [0.0,0.0], [0.0,0.0]]
ENTRY 2 IfStatement_1 [[-Infinity,Infinity], [0.0,0.0], [0.0,0.0], [7.0,7.0], [0.0,0.0], [0.0,0.0], [0.0,0.0], [0.0,0.0], [0.0,0.0], [0.0,0.0], [0.0,0.0], [0.0,0.0], [0.0,0.0], [0.0,0.0], [0.0,0.0]]
EXIT 2 IfStatement_1 [[1.0,-1.0], [1.0,-1.0], [1.0,-1.0], [1.0,-1.0], [1.0,-1.0], [1.0,-1.0], [1.0,-1.0], [1.0,-1.0], [1.0,-1.0], [1.0,-1.0], [1.0,-1.0], [1.0,-1.0], [1.0,-1.0], [1.0,-1.0], [1.0,-1.0]]
ENTRY 2 ExpressionStatement_3 [[-Infinity,Infinity], [0.0,0.0], [0.0,0.0], [7.0,7.0], [0.0,0.0], [0.0,0.0], [0.0,0.0], [0.0,0.0], [0.0,0.0], [0.0,0.0], [0.0,0.0], [0.0,0.0], [0.0,0.0], [0.0,0.0], [0.0,0.0]]
EXIT 2 ExpressionStatement_3 [[-Infinity,Infinity], [0.0,0.0], [0.0,0.0], [7.0,7.0], [0.0,0.0], [-Infinity,Infinity], [0.0,0.0], [0.0,0.0], [0.0,0.0], [0.0,0.0], [0.0,0.0], [0.0,0.0], [0.0,0.0], [0.0,0.0], [0.0,0.0]]
ENTRY 2 VariableDeclarationStatement_0 [[-Infinity,Infinity], [0.0,0.0], [0.0,0.0], [7.0,7.0], [0.0,0.0], [-Infinity,Infinity], [0.0,0.0], [0.0,0.0], [0.0,0.0], [0.0,0.0], [0.0,0.0], [0.0,0.0], [0.0,0.0], [0.0,0.0], [0.0,0.0]]
EXIT 2 VariableDeclarationStatement_0 [[-Infinity,Infinity], [0.0,0.0], [0.0,0.0], [7.0,7.0], [0.0,0.0], [-Infinity,Infinity], [0.0,0.0], [0.0,0.0], [-Infinity,Infinity], [0.0,0.0], [0.0,0.0], [0.0,0.0], [0.0,0.0], [0.0,0.0], [0.0,0.0]]
ENTRY 2 IfStatement_2 [[-Infinity,Infinity], [0.0,0.0], [0.0,0.0], [7.0,7.0], [0.0,0.0], [-Infinity,Infinity], [0.0,0.0], [0.0,0.0], [-Infinity,Infinity], [0.0,0.0], [0.0,0.0], [0.0,0.0], [0.0,0.0], [0.0,0.0], [0.0,0.0]]
EXIT 2 IfStatement_2 [[1.0,-1.0], [1.0,-1.0], [1.0,-1.0], [1.0,-1.0], [1.0,-1.0], [1.0,-1.0], [1.0,-1.0], [1.0,-1.0], [1.0,-1.0], [1.0,-1.0], [1.0,-1.0], [1.0,-1.0], [1.0,-1.0], [1.0,-1.0], [1.0,-1.0]]
ENTRY 2 ExpressionStatement_4 [[-Infinity,Infinity], [0.0,0.0], [0.0,0.0], [7.0,7.0], [0.0,0.0], [-Infinity,Infinity], [0.0,0.0], [0.0,0.0], [-Infinity,Infinity], [0.0,0.0], [0.0,0.0], [0.0,0.0], [0.0,0.0], [0.0,0.0], [0.0,0.0]]
EXIT 2 ExpressionStatement_4 [[-Infinity,Infinity], [0.0,0.0], [0.0,0.0], [7.0,7.0], [0.0,0.0], [-Infinity,Infinity], [0.0,0.0], [0.0,0.0], [-Infinity,Infinity], [0.0,0.0], [0.0,0.0], [0.0,0.0], [0.0,0.0], [0.0,0.0], [0.0,0.0]]
ENTRY 2 IfConditionJoin_2 [[-Infinity,Infinity], [0.0,0.0], [0.0,0.0], [7.0,7.0], [0.0,0.0], [-Infinity,Infinity], [0.0,0.0], [0.0,0.0], [-Infinity,Infinity], [0.0,0.0], [0.0,0.0], [0.0,0.0], [0.0,0.0], [0.0,0.0], [0.0,0.0]]
EXIT 2 IfConditionJoin_2 [[-Infinity,Infinity], [0.0,0.0], [0.0,0.0], [7.0,7.0], [0.0,0.0], [-Infinity,Infinity], [0.0,0.0], [0.0,0.0], [-Infinity,Infinity], [0.0,0.0], [0.0,0.0], [0.0,0.0], [0.0,0.0], [0.0,0.0], [0.0,0.0]]
ENTRY 2 ExpressionStatement_5 [[-Infinity,Infinity], [0.0,0.0], [0.0,0.0], [7.0,7.0], [0.0,0.0], [-Infinity,Infinity], [0.0,0.0], [0.0,0.0], [-Infinity,Infinity], [0.0,0.0], [0.0,0.0], [0.0,0.0], [0.0,0.0], [0.0,0.0], [0.0,0.0]]
EXIT 2 ExpressionStatement_5 [[-Infinity,Infinity], [0.0,0.0], [0.0,0.0], [7.0,7.0], [0.0,0.0], [-Infinity,Infinity], [0.0,0.0], [0.0,0.0], [-Infinity,Infinity], [0.0,0.0], [0.0,0.0], [0.0,0.0], [0.0,0.0], [0.0,0.0], [0.0,0.0]]
ENTRY 2 IfConditionJoin_1 [[-Infinity,Infinity], [0.0,0.0], [0.0,0.0], [7.0,7.0], [0.0,0.0], [-Infinity,Infinity], [0.0,0.0], [0.0,0.0], [-Infinity,Infinity], [0.0,0.0], [0.0,0.0], [0.0,0.0], [0.0,0.0], [0.0,0.0], [0.0,0.0]]
EXIT 2 IfConditionJoin_1 [[-Infinity,Infinity], [0.0,0.0], [0.0,0.0], [7.0,7.0], [0.0,0.0], [-Infinity,Infinity], [0.0,0.0], [0.0,0.0], [-Infinity,Infinity], [0.0,0.0], [0.0,0.0], [0.0,0.0], [0.0,0.0], [0.0,0.0], [0.0,0.0]]
ENTRY 2 IfStatement_3 [[-Infinity,Infinity], [0.0,0.0], [0.0,0.0], [7.0,7.0], [0.0,0.0], [-Infinity,Infinity], [0.0,0.0], [0.0,0.0], [-Infinity,Infinity], [0.0,0.0], [0.0,0.0], [0.0,0.0], [0.0,0.0], [0.0,0.0], [0.0,0.0]]
EXIT 2 IfStatement_3 [[1.0,-1.0], [1.0,-1.0], [1.0,-1.0], [1.0,-1.0], [1.0,-1.0], [1.0,-1.0], [1.0,-1.0], [1.0,-1.0], [1.0,-1.0], [1.0,-1.0], [1.0,-1.0], [1.0,-1.0], [1.0,-1.0], [1.0,-1.0], [1.0,-1.0]]
ENTRY 2 ExpressionStatement_6 [[-Infinity,Infinity], [0.0,0.0], [0.0,0.0], [7.0,7.0], [0.0,0.0], [-Infinity,Infinity], [0.0,0.0], [0.0,0.0], [-Infinity,Infinity], [0.0,0.0], [0.0,0.0], [0.0,0.0], [0.0,0.0], [0.0,0.0], [0.0,0.0]]
EXIT 2 ExpressionStatement_6 [[-Infinity,Infinity], [0.0,0.0], [0.0,0.0], [7.0,7.0], [0.0,0.0], [-Infinity,Infinity], [0.0,0.0], [0.0,0.0], [-Infinity,Infinity], [0.0,0.0], [0.0,0.0], [0.0,0.0], [0.0,0.0], [0.0,0.0], [0.0,0.0]]
ENTRY 2 IfConditionJoin_3 [[-Infinity,Infinity], [0.0,0.0], [0.0,0.0], [7.0,7.0], [0.0,0.0], [-Infinity,Infinity], [0.0,0.0], [0.0,0.0], [-Infinity,Infinity], [0.0,0.0], [0.0,0.0], [0.0,0.0], [0.0,0.0], [0.0,0.0], [0.0,0.0]]
EXIT 2 IfConditionJoin_3 [[-Infinity,Infinity], [0.0,0.0], [0.0,0.0], [7.0,7.0], [0.0,0.0], [-Infinity,Infinity], [0.0,0.0], [0.0,0.0], [-Infinity,Infinity], [0.0,0.0], [0.0,0.0], [0.0,0.0], [0.0,0.0], [0.0,0.0], [0.0,0.0]]
ENTRY 2 FunctionExit_1 [[-Infinity,Infinity], [0.0,0.0], [0.0,0.0], [7.0,7.0], [0.0,0.0], [-Infinity,Infinity], [0.0,0.0], [0.0,0.0], [-Infinity,Infinity], [0.0,0.0], [0.0,0.0], [0.0,0.0], [0.0,0.0], [0.0,0.0], [0.0,0.0]]
EXIT 2 FunctionExit_1 [[-Infinity,Infinity], [0.0,0.0], [0.0,0.0], [7.0,7.0], [0.0,0.0], [-Infinity,Infinity], [0.0,0.0], [0.0,0.0], [-Infinity,Infinity], [0.0,0.0], [0.0,0.0], [0.0,0.0], [0.0,0.0], [0.0,0.0], [0.0,0.0]]
ENTRY 2 FunctionDefinition_2 [[-Infinity,Infinity], [0.0,0.0], [0.0,0.0], [7.0,7.0], [0.0,0.0], [0.0,0.0], [0.0,0.0], [0.0,0.0], [0.0,0.0], [0.0,0.0], [0.0,0.0], [0.0,0.0], [0.0,0.0], [0.0,0.0], [0.0,0.0]]
EXIT 2 FunctionDefinition_2 [[-Infinity,Infinity], [0.0,0.0], [0.0,0.0], [7.0,7.0], [0.0,0.0], [0.0,0.0], [0.0,0.0], [0.0,0.0], [0.0,0.0], [0.0,0.0], [0.0,0.0], [0.0,0.0], [0.0,0.0], [0.0,0.0], [0.0,0.0]]
ENTRY 2 FunctionEntry_2 [[-Infinity,Infinity], [0.0,0.0], [0.0,0.0], [7.0,7.0], [0.0,0.0], [0.0,0.0], [0.0,0.0], [0.0,0.0], [0.0,0.0], [0.0,0.0], [0.0,0.0], [0.0,0.0], [0.0,0.0], [0.0,0.0], [0.0,0.0]]
EXIT 2 FunctionEntry_2 [[-Infinity,Infinity], [0.0,0.0], [0.0,0.0], [7.0,7.0], [0.0,0.0], [0.0,0.0], [0.0,0.0], [0.0,0.0], [0.0,0.0], [0.0,0.0], [0.0,0.0], [0.0,0.0], [0.0,0.0], [0.0,0.0], [0.0,0.0]]
ENTRY 2 ExpressionStatement_7 [[-Infinity,Infinity], [0.0,0.0], [0.0,0.0], [7.0,7.0], [0.0,0.0], [0.0,0.0], [0.0,0.0], [0.0,0.0], [0.0,0.0], [0.0,0.0], [0.0,0.0], [0.0,0.0], [0.0,0.0], [0.0,0.0], [0.0,0.0]]
EXIT 2 ExpressionStatement_7 [[-Infinity,Infinity], [0.0,0.0], [0.0,0.0], [7.0,7.0], [0.0,0.0], [0.0,0.0], [0.0,0.0], [0.0,0.0], [0.0,0.0], [-8.0,8.0], [0.0,0.0], [0.0,0.0], [0.0,0.0], [0.0,0.0], [0.0,0.0]]
ENTRY 2 FunctionExit_2 [[-Infinity,Infinity], [0.0,0.0], [0.0,0.0], [7.0,7.0], [0.0,0.0], [0.0,0.0], [0.0,0.0], [0.0,0.0], [0.0,0.0], [-8.0,8.0], [0.0,0.0], [0.0,0.0], [0.0,0.0], [0.0,0.0], [0.0,0.0]]
EXIT 2 FunctionExit_2 [[-Infinity,Infinity], [0.0,0.0], [0.0,0.0], [7.0,7.0], [0.0,0.0], [0.0,0.0], [0.0,0.0], [0.0,0.0], [0.0,0.0], [-8.0,8.0], [0.0,0.0], [0.0,0.0], [0.0,0.0], [0.0,0.0], [0.0,0.0]]
ENTRY 2 FunctionDefinition_3 [[-Infinity,Infinity], [0.0,0.0], [0.0,0.0], [7.0,7.0], [0.0,0.0], [0.0,0.0], [0.0,0.0], [0.0,0.0], [0.0,0.0], [0.0,0.0], [0.0,0.0], [0.0,0.0], [0.0,0.0], [0.0,0.0], [0.0,0.0]]
EXIT 2 FunctionDefinition_3 [[-Infinity,Infinity], [0.0,0.0], [0.0,0.0], [7.0,7.0], [0.0,0.0], [0.0,0.0], [0.0,0.0], [0.0,0.0], [0.0,0.0], [0.0,0.0], [0.0,0.0], [0.0,0.0], [0.0,0.0], [0.0,0.0], [0.0,0.0]]
ENTRY 2 FunctionEntry_3 [[-Infinity,Infinity], [0.0,0.0], [0.0,0.0], [7.0,7.0], [0.0,0.0], [0.0,0.0], [0.0,0.0], [0.0,0.0], [0.0,0.0], [0.0,0.0], [0.0,0.0], [0.0,0.0], [0.0,0.0], [0.0,0.0], [0.0,0.0]]
EXIT 2 FunctionEntry_3 [[-Infinity,Infinity], [0.0,0.0], [0.0,0.0], [7.0,7.0], [0.0,0.0], [0.0,0.0], [0.0,0.0], [0.0,0.0], [0.0,0.0], [0.0,0.0], [0.0,0.0], [0.0,0.0], [0.0,0.0], [0.0,0.0], [0.0,0.0]]
ENTRY 2 ExpressionStatement_8 [[-Infinity,Infinity], [0.0,0.0], [0.0,0.0], [7.0,7.0], [0.0,0.0], [0.0,0.0], [0.0,0.0], [0.0,0.0], [0.0,0.0], [0.0,0.0], [0.0,0.0], [0.0,0.0], [0.0,0.0], [0.0,0.0], [0.0,0.0]]
EXIT 2 ExpressionStatement_8 [[-Infinity,Infinity], [-Infinity,Infinity], [0.0,0.0], [7.0,7.0], [0.0,0.0], [0.0,0.0], [0.0,0.0], [0.0,0.0], [0.0,0.0], [0.0,0.0], [0.0,0.0], [0.0,0.0], [0.0,0.0], [0.0,0.0], [0.0,0.0]]
ENTRY 2 ExpressionStatement_9 [[-Infinity,Infinity], [-Infinity,Infinity], [0.0,0.0], [7.0,7.0], [0.0,0.0], [0.0,0.0], [0.0,0.0], [0.0,0.0], [0.0,0.0], [0.0,0.0], [0.0,0.0], [0.0,0.0], [0.0,0.0], [0.0,0.0], [0.0,0.0]]
EXIT 2 ExpressionStatement_9 [[-Infinity,Infinity], [-Infinity,Infinity], [-Infinity,Infinity], [7.0,7.0], [0.0,0.0], [0.0,0.0], [0.0,0.0], [0.0,0.0], [0.0,0.0], [0.0,0.0], [0.0,0.0], [0.0,0.0], [0.0,0.0], [0.0,0.0], [0.0,0.0]]
ENTRY 2 FunctionExit_3 [[-Infinity,Infinity], [-Infinity,Infinity], [-Infinity,Infinity], [7.0,7.0], [0.0,0.0], [0.0,0.0], [0.0,0.0], [0.0,0.0], [0.0,0.0], [0.0,0.0], [0.0,0.0], [0.0,0.0], [0.0,0.0], [0.0,0.0], [0.0,0.0]]
EXIT 2 FunctionExit_3 [[-Infinity,Infinity], [-Infinity,Infinity], [-Infinity,Infinity], [7.0,7.0], [0.0,0.0], [0.0,0.0], [0.0,0.0], [0.0,0.0], [0.0,0.0], [0.0,0.0], [0.0,0.0], [0.0,0.0], [0.0,0.0], [0.0,0.0], [0.0,0.0]]
ENTRY 2 FunctionDefinition_4 [[-Infinity,Infinity], [-Infinity,Infinity], [-Infinity,Infinity], [7.0,7.0], [0.0,0.0], [0.0,0.0], [0.0,0.0], [0.0,0.0], [0.0,0.0], [0.0,0.0], [0.0,0.0], [0.0,0.0], [0.0,0.0], [0.0,0.0], [0.0,0.0]]
EXIT 2 FunctionDefinition_4 [[-Infinity,Infinity], [-Infinity,Infinity], [-Infinity,Infinity], [7.0,7.0], [0.0,0.0], [0.0,0.0], [0.0,0.0], [0.0,0.0], [0.0,0.0], [0.0,0.0], [0.0,0.0], [0.0,0.0], [0.0,0.0], [0.0,0.0], [0.0,0.0]]
ENTRY 2 FunctionEntry_4 [[-Infinity,Infinity], [-Infinity,Infinity], [-Infinity,Infinity], [7.0,7.0], [0.0,0.0], [0.0,0.0], [0.0,0.0], [0.0,0.0], [0.0,0.0], [0.0,0.0], [0.0,0.0], [0.0,0.0], [0.0,0.0], [0.0,0.0], [0.0,0.0]]
EXIT 2 FunctionEntry_4 [[-Infinity,Infinity], [-Infinity,Infinity], [-Infinity,Infinity], [7.0,7.0], [0.0,0.0], [0.0,0.0], [0.0,0.0], [0.0,0.0], [0.0,0.0], [0.0,0.0], [0.0,0.0], [0.0,0.0], [0.0,0.0], [0.0,0.0], [0.0,0.0]]
ENTRY 2 ExpressionStatement_10 [[-Infinity,Infinity], [-Infinity,Infinity], [-Infinity,Infinity], [7.0,7.0], [0.0,0.0], [0.0,0.0], [0.0,0.0], [0.0,0.0], [0.0,0.0], [0.0,0.0], [0.0,0.0], [0.0,0.0], [0.0,0.0], [0.0,0.0], [0.0,0.0]]
EXIT 2 ExpressionStatement_10 [[-Infinity,Infinity], [-Infinity,Infinity], [-Infinity,Infinity], [7.0,7.0], [0.0,0.0], [0.0,0.0], [0.0,0.0], [0.0,0.0], [0.0,0.0], [0.0,0.0], [0.0,0.0], [0.0,0.0], [0.0,0.0], [0.0,0.0], [0.0,0.0]]
ENTRY 2 ExpressionStatement_11 [[-Infinity,Infinity], [-Infinity,Infinity], [-Infinity,Infinity], [7.0,7.0], [0.0,0.0], [0.0,0.0], [0.0,0.0], [0.0,0.0], [0.0,0.0], [0.0,0.0], [0.0,0.0], [0.0,0.0], [0.0,0.0], [0.0,0.0], [0.0,0.0]]
EXIT 2 ExpressionStatement_11 [[-Infinity,Infinity], [-Infinity,Infinity], [-Infinity,Infinity], [7.0,7.0], [0.0,0.0], [0.0,0.0], [0.0,0.0], [0.0,0.0], [0.0,0.0], [0.0,0.0], [0.0,0.0], [0.0,0.0], [0.0,0.0], [0.0,0.0], [0.0,0.0]]
ENTRY 2 FunctionExit_4 [[-Infinity,Infinity], [-Infinity,Infinity], [-Infinity,Infinity], [7.0,7.0], [0.0,0.0], [0.0,0.0], [0.0,0.0], [0.0,0.0], [0.0,0.0], [0.0,0.0], [0.0,0.0], [0.0,0.0], [0.0,0.0], [0.0,0.0], [0.0,0.0]]
EXIT 2 FunctionExit_4 [[-Infinity,Infinity], [-Infinity,Infinity], [-Infinity,Infinity], [7.0,7.0], [0.0,0.0], [0.0,0.0], [0.0,0.0], [0.0,0.0], [0.0,0.0], [0.0,0.0], [0.0,0.0], [0.0,0.0], [0.0,0.0], [0.0,0.0], [0.0,0.0]]
ENTRY 2 FunctionDefinition_5 [[-Infinity,Infinity], [-Infinity,Infinity], [-Infinity,Infinity], [7.0,7.0], [0.0,0.0], [0.0,0.0], [0.0,0.0], [0.0,0.0], [0.0,0.0], [0.0,0.0], [0.0,0.0], [0.0,0.0], [0.0,0.0], [0.0,0.0], [0.0,0.0]]
EXIT 2 FunctionDefinition_5 [[-Infinity,Infinity], [-Infinity,Infinity], [-Infinity,Infinity], [7.0,7.0], [0.0,0.0], [0.0,0.0], [0.0,0.0], [0.0,0.0], [0.0,0.0], [0.0,0.0], [0.0,0.0], [0.0,0.0], [0.0,0.0], [0.0,0.0], [0.0,0.0]]
ENTRY 2 FunctionEntry_5 [[-Infinity,Infinity], [-Infinity,Infinity], [-Infinity,Infinity], [7.0,7.0], [0.0,0.0], [0.0,0.0], [0.0,0.0], [0.0,0.0], [0.0,0.0], [0.0,0.0], [0.0,0.0], [0.0,0.0], [0.0,0.0], [0.0,0.0], [0.0,0.0]]
EXIT 2 FunctionEntry_5 [[-Infinity,Infinity], [-Infinity,Infinity], [-Infinity,Infinity], [7.0,7.0], [0.0,0.0], [0.0,0.0], [0.0,0.0], [0.0,0.0], [0.0,0.0], [0.0,0.0], [0.0,0.0], [0.0,0.0], [0.0,0.0], [0.0,0.0], [0.0,0.0]]
ENTRY 2 ExpressionStatement_12 [[-Infinity,Infinity], [-Infinity,Infinity], [-Infinity,Infinity], [7.0,7.0], [0.0,0.0], [0.0,0.0], [0.0,0.0], [0.0,0.0], [0.0,0.0], [0.0,0.0], [0.0,0.0], [0.0,0.0], [0.0,0.0], [0.0,0.0], [0.0,0.0]]
EXIT 2 ExpressionStatement_12 [[-Infinity,Infinity], [-Infinity,Infinity], [-Infinity,Infinity], [7.0,7.0], [0.0,0.0], [0.0,0.0], [0.0,0.0], [0.0,0.0], [0.0,0.0], [0.0,0.0], [0.0,0.0], [0.0,0.0], [0.0,0.0], [0.0,0.0], [0.0,0.0]]
ENTRY 2 VariableDeclarationStatement_1 [[-Infinity,Infinity], [-Infinity,Infinity], [-Infinity,Infinity], [7.0,7.0], [0.0,0.0], [0.0,0.0], [0.0,0.0], [0.0,0.0], [0.0,0.0], [0.0,0.0], [0.0,0.0], [0.0,0.0], [0.0,0.0], [0.0,0.0], [0.0,0.0]]
EXIT 2 VariableDeclarationStatement_1 [[-Infinity,Infinity], [-Infinity,Infinity], [-Infinity,Infinity], [7.0,7.0], [0.0,0.0], [0.0,0.0], [0.0,0.0], [0.0,0.0], [0.0,0.0], [0.0,0.0], [0.0,0.0], [0.0,0.0], [0.0,0.0], [0.0,0.0], [0.0,0.0]]
ENTRY 2 ExpressionStatement_13 [[-Infinity,Infinity], [-Infinity,Infinity], [-Infinity,Infinity], [7.0,7.0], [0.0,0.0], [0.0,0.0], [0.0,0.0], [0.0,0.0], [0.0,0.0], [0.0,0.0], [0.0,0.0], [0.0,0.0], [0.0,0.0], [0.0,0.0], [0.0,0.0]]
EXIT 2 ExpressionStatement_13 [[-Infinity,Infinity], [-Infinity,Infinity], [-Infinity,Infinity], [7.0,7.0], [0.0,0.0], [0.0,0.0], [0.0,0.0], [0.0,0.0], [0.0,0.0], [0.0,0.0], [0.0,0.0], [-Infinity,Infinity], [0.0,0.0], [0.0,0.0], [0.0,0.0]]
ENTRY 2 ExpressionStatement_14 [[-Infinity,Infinity], [-Infinity,Infinity], [-Infinity,Infinity], [7.0,7.0], [0.0,0.0], [0.0,0.0], [0.0,0.0], [0.0,0.0], [0.0,0.0], [0.0,0.0], [0.0,0.0], [-Infinity,Infinity], [0.0,0.0], [0.0,0.0], [0.0,0.0]]
EXIT 2 ExpressionStatement_14 [[-Infinity,Infinity], [-Infinity,Infinity], [-Infinity,Infinity], [7.0,7.0], [0.0,0.0], [0.0,0.0], [0.0,0.0], [0.0,0.0], [0.0,0.0], [0.0,0.0], [0.0,0.0], [-Infinity,Infinity], [-Infinity,Infinity], [0.0,0.0], [0.0,0.0]]
ENTRY 2 ExpressionStatement_15 [[-Infinity,Infinity], [-Infinity,Infinity], [-Infinity,Infinity], [7.0,7.0], [0.0,0.0], [0.0,0.0], [0.0,0.0], [0.0,0.0], [0.0,0.0], [0.0,0.0], [0.0,0.0], [-Infinity,Infinity], [-Infinity,Infinity], [0.0,0.0], [0.0,0.0]]
EXIT 2 ExpressionStatement_15 [[-Infinity,Infinity], [-Infinity,Infinity], [-Infinity,Infinity], [7.0,7.0], [0.0,0.0], [0.0,0.0], [0.0,0.0], [0.0,0.0], [0.0,0.0], [0.0,0.0], [0.0,0.0], [-Infinity,Infinity], [-Infinity,Infinity], [-Infinity,Infinity], [0.0,0.0]]
ENTRY 2 ExpressionStatement_16 [[-Infinity,Infinity], [-Infinity,Infinity], [-Infinity,Infinity], [7.0,7.0], [0.0,0.0], [0.0,0.0], [0.0,0.0], [0.0,0.0], [0.0,0.0], [0.0,0.0], [0.0,0.0], [-Infinity,Infinity], [-Infinity,Infinity], [-Infinity,Infinity], [0.0,0.0]]
EXIT 2 ExpressionStatement_16 [[-Infinity,Infinity], [-Infinity,Infinity], [-Infinity,Infinity], [7.0,7.0], [0.0,0.0], [0.0,0.0], [0.0,0.0], [0.0,0.0], [0.0,0.0], [0.0,0.0], [0.0,0.0], [-Infinity,Infinity], [-Infinity,Infinity], [-Infinity,Infinity], [-Infinity,Infinity]]
ENTRY 2 ExpressionStatement_17 [[-Infinity,Infinity], [-Infinity,Infinity], [-Infinity,Infinity], [7.0,7.0], [0.0,0.0], [0.0,0.0], [0.0,0.0], [0.0,0.0], [0.0,0.0], [0.0,0.0], [0.0,0.0], [-Infinity,Infinity], [-Infinity,Infinity], [-Infinity,Infinity], [-Infinity,Infinity]]
EXIT 2 ExpressionStatement_17 [[-Infinity,Infinity], [-Infinity,Infinity], [-Infinity,Infinity], [7.0,7.0], [0.0,0.0], [0.0,0.0], [0.0,0.0], [0.0,0.0], [0.0,0.0], [0.0,0.0], [0.0,0.0], [-Infinity,Infinity], [-Infinity,Infinity], [-Infinity,Infinity], [-Infinity,Infinity]]
ENTRY 2 FunctionExit_5 [[-Infinity,Infinity], [-Infinity,Infinity], [-Infinity,Infinity], [7.0,7.0], [0.0,0.0], [0.0,0.0], [0.0,0.0], [0.0,0.0], [0.0,0.0], [0.0,0.0], [0.0,0.0], [-Infinity,Infinity], [-Infinity,Infinity], [-Infinity,Infinity], [-Infinity,Infinity]]
EXIT 2 FunctionExit_5 [[-Infinity,Infinity], [-Infinity,Infinity], [-Infinity,Infinity], [7.0,7.0], [0.0,0.0], [0.0,0.0], [0.0,0.0], [0.0,0.0], [0.0,0.0], [0.0,0.0], [0.0,0.0], [-Infinity,Infinity], [-Infinity,Infinity], [-Infinity,Infinity], [-Infinity,Infinity]]
ENTRY 2 FunctionDefinition_6 [[-Infinity,Infinity], [-Infinity,Infinity], [-Infinity,Infinity], [7.0,7.0], [0.0,0.0], [0.0,0.0], [0.0,0.0], [0.0,0.0], [0.0,0.0], [0.0,0.0], [0.0,0.0], [0.0,0.0], [0.0,0.0], [0.0,0.0], [0.0,0.0]]
EXIT 2 FunctionDefinition_6 [[-Infinity,Infinity], [-Infinity,Infinity], [-Infinity,Infinity], [7.0,7.0], [0.0,0.0], [0.0,0.0], [0.0,0.0], [0.0,0.0], [0.0,0.0], [0.0,0.0], [0.0,0.0], [0.0,0.0], [0.0,0.0], [0.0,0.0], [0.0,0.0]]
ENTRY 2 FunctionEntry_6 [[-Infinity,Infinity], [-Infinity,Infinity], [-Infinity,Infinity], [7.0,7.0], [0.0,0.0], [0.0,0.0], [0.0,0.0], [0.0,0.0], [0.0,0.0], [0.0,0.0], [0.0,0.0], [0.0,0.0], [0.0,0.0], [0.0,0.0], [0.0,0.0]]
EXIT 2 FunctionEntry_6 [[-Infinity,Infinity], [-Infinity,Infinity], [-Infinity,Infinity], [7.0,7.0], [0.0,0.0], [0.0,0.0], [0.0,0.0], [0.0,0.0], [0.0,0.0], [0.0,0.0], [0.0,0.0], [0.0,0.0], [0.0,0.0], [0.0,0.0], [0.0,0.0]]
ENTRY 2 IfStatement_4 [[-Infinity,Infinity], [-Infinity,Infinity], [-Infinity,Infinity], [7.0,7.0], [0.0,0.0], [0.0,0.0], [0.0,0.0], [0.0,0.0], [0.0,0.0], [0.0,0.0], [0.0,0.0], [0.0,0.0], [0.0,0.0], [0.0,0.0], [0.0,0.0]]
EXIT 2 IfStatement_4 [[1.0,-1.0], [1.0,-1.0], [1.0,-1.0], [1.0,-1.0], [1.0,-1.0], [1.0,-1.0], [1.0,-1.0], [1.0,-1.0], [1.0,-1.0], [1.0,-1.0], [1.0,-1.0], [1.0,-1.0], [1.0,-1.0], [1.0,-1.0], [1.0,-1.0]]
ENTRY 2 ExpressionStatement_18 [[-Infinity,Infinity], [-Infinity,Infinity], [-Infinity,Infinity], [7.0,7.0], [0.0,0.0], [0.0,0.0], [0.0,0.0], [0.0,0.0], [0.0,0.0], [0.0,0.0], [0.0,0.0], [0.0,0.0], [0.0,0.0], [0.0,0.0], [0.0,0.0]]
EXIT 2 ExpressionStatement_18 [[-Infinity,Infinity], [-Infinity,Infinity], [-Infinity,Infinity], [7.0,7.0], [0.0,0.0], [0.0,0.0], [0.0,0.0], [0.0,0.0], [0.0,0.0], [0.0,0.0], [0.0,0.0], [0.0,0.0], [0.0,0.0], [0.0,0.0], [0.0,0.0]]
ENTRY 2 IfConditionJoin_4 [[-Infinity,Infinity], [-Infinity,Infinity], [-Infinity,Infinity], [7.0,7.0], [0.0,0.0], [0.0,0.0], [0.0,0.0], [0.0,0.0], [0.0,0.0], [0.0,0.0], [0.0,0.0], [0.0,0.0], [0.0,0.0], [0.0,0.0], [0.0,0.0]]
EXIT 2 IfConditionJoin_4 [[-Infinity,Infinity], [-Infinity,Infinity], [-Infinity,Infinity], [7.0,7.0], [0.0,0.0], [0.0,0.0], [0.0,0.0], [0.0,0.0], [0.0,0.0], [0.0,0.0], [0.0,0.0], [0.0,0.0], [0.0,0.0], [0.0,0.0], [0.0,0.0]]
ENTRY 2 FunctionExit_6 [[-Infinity,Infinity], [-Infinity,Infinity], [-Infinity,Infinity], [7.0,7.0], [0.0,0.0], [0.0,0.0], [0.0,0.0], [0.0,0.0], [0.0,0.0], [0.0,0.0], [0.0,0.0], [0.0,0.0], [0.0,0.0], [0.0,0.0], [0.0,0.0]]
EXIT 2 FunctionExit_6 [[-Infinity,Infinity], [-Infinity,Infinity], [-Infinity,Infinity], [7.0,7.0], [0.0,0.0], [0.0,0.0], [0.0,0.0], [0.0,0.0], [0.0,0.0], [0.0,0.0], [0.0,0.0], [0.0,0.0], [0.0,0.0], [0.0,0.0], [0.0,0.0]]
ENTRY 3 SourceEntry_0 [[0.0,0.0], [0.0,0.0], [0.0,0.0], [0.0,0.0], [0.0,0.0], [0.0,0.0], [0.0,0.0], [0.0,0.0], [0.0,0.0], [0.0,0.0], [0.0,0.0], [0.0,0.0], [0.0,0.0], [0.0,0.0], [0.0,0.0]]
EXIT 3 SourceEntry_0 [[0.0,0.0], [0.0,0.0], [0.0,0.0], [7.0,7.0], [0.0,0.0], [0.0,0.0], [0.0,0.0], [0.0,0.0], [0.0,0.0], [0.0,0.0], [0.0,0.0], [0.0,0.0], [0.0,0.0], [0.0,0.0], [0.0,0.0]]
ENTRY 3 SourceUnit_0 [[0.0,0.0], [0.0,0.0], [0.0,0.0], [7.0,7.0], [0.0,0.0], [0.0,0.0], [0.0,0.0], [0.0,0.0], [0.0,0.0], [0.0,0.0], [0.0,0.0], [0.0,0.0], [0.0,0.0], [0.0,0.0], [0.0,0.0]]
EXIT 3 SourceUnit_0 [[0.0,0.0], [0.0,0.0], [0.0,0.0], [7.0,7.0], [0.0,0.0], [0.0,0.0], [0.0,0.0], [0.0,0.0], [0.0,0.0], [0.0,0.0], [0.0,0.0], [0.0,0.0], [0.0,0.0], [0.0,0.0], [0.0,0.0]]
ENTRY 3 PragmaDirective_0 [[0.0,0.0], [0.0,0.0], [0.0,0.0], [7.0,7.0], [0.0,0.0], [0.0,0.0], [0.0,0.0], [0.0,0.0], [0.0,0.0], [0.0,0.0], [0.0,0.0], [0.0,0.0], [0.0,0.0], [0.0,0.0], [0.0,0.0]]
EXIT 3 PragmaDirective_0 [[0.0,0.0], [0.0,0.0], [0.0,0.0], [7.0,7.0], [0.0,0.0], [0.0,0.0], [0.0,0.0], [0.0,0.0], [0.0,0.0], [0.0,0.0], [0.0,0.0], [0.0,0.0], [0.0,0.0], [0.0,0.0], [0.0,0.0]]
ENTRY 3 SourceExit_0 [[-Infinity,Infinity], [-Infinity,Infinity], [-Infinity,Infinity], [7.0,7.0], [0.0,0.0], [-Infinity,Infinity], [0.0,0.0], [0.0,0.0], [-Infinity,Infinity], [-8.0,8.0], [0.0,0.0], [-Infinity,Infinity], [-Infinity,Infinity], [-Infinity,Infinity], [-Infinity,Infinity]]
EXIT 3 SourceExit_0 [[0.0,0.0], [0.0,0.0], [0.0,0.0], [7.0,7.0], [0.0,0.0], [-Infinity,Infinity], [0.0,0.0], [0.0,0.0], [-Infinity,Infinity], [-8.0,8.0], [0.0,0.0], [-Infinity,Infinity], [-Infinity,Infinity], [-Infinity,Infinity], [-Infinity,Infinity]]
ENTRY 3 ContractDefinition_0 [[0.0,0.0], [0.0,0.0], [0.0,0.0], [7.0,7.0], [0.0,0.0], [0.0,0.0], [0.0,0.0], [0.0,0.0], [0.0,0.0], [0.0,0.0], [0.0,0.0], [0.0,0.0], [0.0,0.0], [0.0,0.0], [0.0,0.0]]
EXIT 3 ContractDefinition_0 [[0.0,0.0], [0.0,0.0], [0.0,0.0], [7.0,7.0], [0.0,0.0], [0.0,0.0], [0.0,0.0], [0.0,0.0], [0.0,0.0], [0.0,0.0], [0.0,0.0], [0.0,0.0], [0.0,0.0], [0.0,0.0], [0.0,0.0]]
ENTRY 3 StructDefinition_0 [[0.0,0.0], [0.0,0.0], [0.0,0.0], [7.0,7.0], [0.0,0.0], [0.0,0.0], [0.0,0.0], [0.0,0.0], [0.0,0.0], [0.0,0.0], [0.0,0.0], [0.0,0.0], [0.0,0.0], [0.0,0.0], [0.0,0.0]]
EXIT 3 StructDefinition_0 [[0.0,0.0], [0.0,0.0], [0.0,0.0], [7.0,7.0], [0.0,0.0], [0.0,0.0], [0.0,0.0], [0.0,0.0], [0.0,0.0], [0.0,0.0], [0.0,0.0], [0.0,0.0], [0.0,0.0], [0.0,0.0], [0.0,0.0]]
ENTRY 3 VariableDeclaration_0 [[0.0,0.0], [0.0,0.0], [0.0,0.0], [7.0,7.0], [0.0,0.0], [0.0,0.0], [0.0,0.0], [0.0,0.0], [0.0,0.0], [0.0,0.0], [0.0,0.0], [0.0,0.0], [0.0,0.0], [0.0,0.0], [0.0,0.0]]
EXIT 3 VariableDeclaration_0 [[0.0,0.0], [0.0,0.0], [0.0,0.0], [7.0,7.0], [0.0,0.0], [0.0,0.0], [0.0,0.0], [0.0,0.0], [0.0,0.0], [0.0,0.0], [0.0,0.0], [0.0,0.0], [0.0,0.0], [0.0,0.0], [0.0,0.0]]
ENTRY 3 VariableDeclaration_1 [[0.0,0.0], [0.0,0.0], [0.0,0.0], [7.0,7.0], [0.0,0.0], [0.0,0.0], [0.0,0.0], [0.0,0.0], [0.0,0.0], [0.0,0.0], [0.0,0.0], [0.0,0.0], [0.0,0.0], [0.0,0.0], [0.0,0.0]]
EXIT 3 VariableDeclaration_1 [[0.0,0.0], [0.0,0.0], [0.0,0.0], [7.0,7.0], [0.0,0.0], [0.0,0.0], [0.0,0.0], [0.0,0.0], [0.0,0.0], [0.0,0.0], [0.0,0.0], [0.0,0.0], [0.0,0.0], [0.0,0.0], [0.0,0.0]]
ENTRY 3 VariableDeclaration_2 [[0.0,0.0], [0.0,0.0], [0.0,0.0], [7.0,7.0], [0.0,0.0], [0.0,0.0], [0.0,0.0], [0.0,0.0], [0.0,0.0], [0.0,0.0], [0.0,0.0], [0.0,0.0], [0.0,0.0], [0.0,0.0], [0.0,0.0]]
EXIT 3 VariableDeclaration_2 [[0.0,0.0], [0.0,0.0], [0.0,0.0], [7.0,7.0], [0.0,0.0], [0.0,0.0], [0.0,0.0], [0.0,0.0], [0.0,0.0], [0.0,0.0], [0.0,0.0], [0.0,0.0], [0.0,0.0], [0.0,0.0], [0.0,0.0]]
ENTRY 3 VariableDeclaration_3 [[0.0,0.0], [0.0,0.0], [0.0,0.0], [7.0,7.0], [0.0,0.0], [0.0,0.0], [0.0,0.0], [0.0,0.0], [0.0,0.0], [0.0,0.0], [0.0,0.0], [0.0,0.0], [0.0,0.0], [0.0,0.0], [0.0,0.0]]
EXIT 3 VariableDeclaration_3 [[0.0,0.0], [0.0,0.0], [0.0,0.0], [7.0,7.0], [0.0,0.0], [0.0,0.0], [0.0,0.0], [0.0,0.0], [0.0,0.0], [0.0,0.0], [0.0,0.0], [0.0,0.0], [0.0,0.0], [0.0,0.0], [0.0,0.0]]
ENTRY 3 VariableDeclaration_4 [[0.0,0.0], [0.0,0.0], [0.0,0.0], [7.0,7.0], [0.0,0.0], [0.0,0.0], [0.0,0.0], [0.0,0.0], [0.0,0.0], [0.0,0.0], [0.0,0.0], [0.0,0.0], [0.0,0.0], [0.0,0.0], [0.0,0.0]]
EXIT 3 VariableDeclaration_4 [[0.0,0.0], [0.0,0.0], [0.0,0.0], [7.0,7.0], [0.0,0.0], [0.0,0.0], [0.0,0.0], [0.0,0.0], [0.0,0.0], [0.0,0.0], [0.0,0.0], [0.0,0.0], [0.0,0.0], [0.0,0.0], [0.0,0.0]]
ENTRY 3 FunctionDefinition_0 [[0.0,0.0], [0.0,0.0], [0.0,0.0], [7.0,7.0], [0.0,0.0], [0.0,0.0], [0.0,0.0], [0.0,0.0], [0.0,0.0], [0.0,0.0], [0.0,0.0], [0.0,0.0], [0.0,0.0], [0.0,0.0], [0.0,0.0]]
EXIT 3 FunctionDefinition_0 [[0.0,0.0], [0.0,0.0], [0.0,0.0], [7.0,7.0], [0.0,0.0], [0.0,0.0], [0.0,0.0], [0.0,0.0], [0.0,0.0], [0.0,0.0], [0.0,0.0], [0.0,0.0], [0.0,0.0], [0.0,0.0], [0.0,0.0]]
ENTRY 3 FunctionEntry_0 [[0.0,0.0], [0.0,0.0], [0.0,0.0], [7.0,7.0], [0.0,0.0], [0.0,0.0], [0.0,0.0], [0.0,0.0], [0.0,0.0], [0.0,0.0], [0.0,0.0], [0.0,0.0], [0.0,0.0], [0.0,0.0], [0.0,0.0]]
EXIT 3 FunctionEntry_0 [[0.0,0.0], [0.0,0.0], [0.0,0.0], [7.0,7.0], [0.0,0.0], [0.0,0.0], [0.0,0.0], [0.0,0.0], [0.0,0.0], [0.0,0.0], [0.0,0.0], [0.0,0.0], [0.0,0.0], [0.0,0.0], [0.0,0.0]]
ENTRY 3 ExpressionStatement_0 [[0.0,0.0], [0.0,0.0], [0.0,0.0], [7.0,7.0], [0.0,0.0], [0.0,0.0], [0.0,0.0], [0.0,0.0], [0.0,0.0], [0.0,0.0], [0.0,0.0], [0.0,0.0], [0.0,0.0], [0.0,0.0], [0.0,0.0]]
EXIT 3 ExpressionStatement_0 [[-Infinity,Infinity], [0.0,0.0], [0.0,0.0], [7.0,7.0], [0.0,0.0], [0.0,0.0], [0.0,0.0], [0.0,0.0], [0.0,0.0], [0.0,0.0], [0.0,0.0], [0.0,0.0], [0.0,0.0], [0.0,0.0], [0.0,0.0]]
ENTRY 3 ExpressionStatement_1 [[-Infinity,Infinity], [0.0,0.0], [0.0,0.0], [7.0,7.0], [0.0,0.0], [0.0,0.0], [0.0,0.0], [0.0,0.0], [0.0,0.0], [0.0,0.0], [0.0,0.0], [0.0,0.0], [0.0,0.0], [0.0,0.0], [0.0,0.0]]
EXIT 3 ExpressionStatement_1 [[-Infinity,Infinity], [0.0,0.0], [0.0,0.0], [7.0,7.0], [0.0,0.0], [0.0,0.0], [0.0,0.0], [0.0,0.0], [0.0,0.0], [0.0,0.0], [0.0,0.0], [0.0,0.0], [0.0,0.0], [0.0,0.0], [0.0,0.0]]
ENTRY 3 FunctionExit_0 [[-Infinity,Infinity], [0.0,0.0], [0.0,0.0], [7.0,7.0], [0.0,0.0], [0.0,0.0], [0.0,0.0], [0.0,0.0], [0.0,0.0], [0.0,0.0], [0.0,0.0], [0.0,0.0], [0.0,0.0], [0.0,0.0], [0.0,0.0]]
EXIT 3 FunctionExit_0 [[-Infinity,Infinity], [0.0,0.0], [0.0,0.0], [7.0,7.0], [0.0,0.0], [0.0,0.0], [0.0,0.0], [0.0,0.0], [0.0,0.0], [0.0,0.0], [0.0,0.0], [0.0,0.0], [0.0,0.0], [0.0,0.0], [0.0,0.0]]
ENTRY 3 FunctionDefinition_1 [[-Infinity,Infinity], [0.0,0.0], [0.0,0.0], [7.0,7.0], [0.0,0.0], [0.0,0.0], [0.0,0.0], [0.0,0.0], [0.0,0.0], [0.0,0.0], [0.0,0.0], [0.0,0.0], [0.0,0.0], [0.0,0.0], [0.0,0.0]]
EXIT 3 FunctionDefinition_1 [[-Infinity,Infinity], [0.0,0.0], [0.0,0.0], [7.0,7.0], [0.0,0.0], [0.0,0.0], [0.0,0.0], [0.0,0.0], [0.0,0.0], [0.0,0.0], [0.0,0.0], [0.0,0.0], [0.0,0.0], [0.0,0.0], [0.0,0.0]]
ENTRY 3 FunctionEntry_1 [[-Infinity,Infinity], [0.0,0.0], [0.0,0.0], [7.0,7.0], [0.0,0.0], [0.0,0.0], [0.0,0.0], [0.0,0.0], [0.0,0.0], [0.0,0.0], [0.0,0.0], [0.0,0.0], [0.0,0.0], [0.0,0.0], [0.0,0.0]]
EXIT 3 FunctionEntry_1 [[-Infinity,Infinity], [0.0,0.0], [0.0,0.0], [7.0,7.0], [0.0,0.0], [0.0,0.0], [0.0,0.0], [0.0,0.0], [0.0,0.0], [0.0,0.0], [0.0,0.0], [0.0,0.0], [0.0,0.0], [0.0,0.0], [0.0,0.0]]
ENTRY 3 IfStatement_0 [[-Infinity,Infinity], [0.0,0.0], [0.0,0.0], [7.0,7.0], [0.0,0.0], [0.0,0.0], [0.0,0.0], [0.0,0.0], [0.0,0.0], [0.0,0.0], [0.0,0.0], [0.0,0.0], [0.0,0.0], [0.0,0.0], [0.0,0.0]]
EXIT 3 IfStatement_0 [[1.0,-1.0], [1.0,-1.0], [1.0,-1.0], [1.0,-1.0], [1.0,-1.0], [1.0,-1.0], [1.0,-1.0], [1.0,-1.0], [1.0,-1.0], [1.0,-1.0], [1.0,-1.0], [1.0,-1.0], [1.0,-1.0], [1.0,-1.0], [1.0,-1.0]]
ENTRY 3 Return_0 [[-Infinity,Infinity], [0.0,0.0], [0.0,0.0], [7.0,7.0], [0.0,0.0], [0.0,0.0], [0.0,0.0], [0.0,0.0], [0.0,0.0], [0.0,0.0], [0.0,0.0], [0.0,0.0], [0.0,0.0], [0.0,0.0], [0.0,0.0]]
EXIT 3 Return_0 [[-Infinity,Infinity], [0.0,0.0], [0.0,0.0], [7.0,7.0], [0.0,0.0], [0.0,0.0], [0.0,0.0], [0.0,0.0], [0.0,0.0], [0.0,0.0], [0.0,0.0], [0.0,0.0], [0.0,0.0], [0.0,0.0], [0.0,0.0]]
ENTRY 3 IfConditionJoin_0 [[-Infinity,Infinity], [0.0,0.0], [0.0,0.0], [7.0,7.0], [0.0,0.0], [0.0,0.0], [0.0,0.0], [0.0,0.0], [0.0,0.0], [0.0,0.0], [0.0,0.0], [0.0,0.0], [0.0,0.0], [0.0,0.0], [0.0,0.0]]
EXIT 3 IfConditionJoin_0 [[-Infinity,Infinity], [0.0,0.0], [0.0,0.0], [7.0,7.0], [0.0,0.0], [0.0,0.0], [0.0,0.0], [0.0,0.0], [0.0,0.0], [0.0,0.0], [0.0,0.0], [0.0,0.0], [0.0,0.0], [0.0,0.0], [0.0,0.0]]
ENTRY 3 ExpressionStatement_2 [[-Infinity,Infinity], [0.0,0.0], [0.0,0.0], [7.0,7.0], [0.0,0.0], [0.0,0.0], [0.0,0.0], [0.0,0.0], [0.0,0.0], [0.0,0.0], [0.0,0.0], [0.0,0.0], [0.0,0.0], [0.0,0.0], [0.0,0.0]]
EXIT 3 ExpressionStatement_2 [[-Infinity,Infinity], [0.0,0.0], [0.0,0.0], [7.0,7.0], [0.0,0.0], [0.0,0.0], [0.0,0.0], [0.0,0.0], [0.0,0.0], [0.0,0.0], [0.0,0.0], [0.0,0.0], [0.0,0.0], [0.0,0.0], [0.0,0.0]]
ENTRY 3 IfStatement_1 [[-Infinity,Infinity], [0.0,0.0], [0.0,0.0], [7.0,7.0], [0.0,0.0], [0.0,0.0], [0.0,0.0], [0.0,0.0], [0.0,0.0], [0.0,0.0], [0.0,0.0], [0.0,0.0], [0.0,0.0], [0.0,0.0], [0.0,0.0]]
EXIT 3 IfStatement_1 [[1.0,-1.0], [1.0,-1.0], [1.0,-1.0], [1.0,-1.0], [1.0,-1.0], [1.0,-1.0], [1.0,-1.0], [1.0,-1.0], [1.0,-1.0], [1.0,-1.0], [1.0,-1.0], [1.0,-1.0], [1.0,-1.0], [1.0,-1.0], [1.0,-1.0]]
ENTRY 3 ExpressionStatement_3 [[-Infinity,Infinity], [0.0,0.0], [0.0,0.0], [7.0,7.0], [0.0,0.0], [0.0,0.0], [0.0,0.0], [0.0,0.0], [0.0,0.0], [0.0,0.0], [0.0,0.0], [0.0,0.0], [0.0,0.0], [0.0,0.0], [0.0,0.0]]
EXIT 3 ExpressionStatement_3 [[-Infinity,Infinity], [0.0,0.0], [0.0,0.0], [7.0,7.0], [0.0,0.0], [-Infinity,Infinity], [0.0,0.0], [0.0,0.0], [0.0,0.0], [0.0,0.0], [0.0,0.0], [0.0,0.0], [0.0,0.0], [0.0,0.0], [0.0,0.0]]
ENTRY 3 VariableDeclarationStatement_0 [[-Infinity,Infinity], [0.0,0.0], [0.0,0.0], [7.0,7.0], [0.0,0.0], [-Infinity,Infinity], [0.0,0.0], [0.0,0.0], [0.0,0.0], [0.0,0.0], [0.0,0.0], [0.0,0.0], [0.0,0.0], [0.0,0.0], [0.0,0.0]]
EXIT 3 VariableDeclarationStatement_0 [[-Infinity,Infinity], [0.0,0.0], [0.0,0.0], [7.0,7.0], [0.0,0.0], [-Infinity,Infinity], [0.0,0.0], [0.0,0.0], [-Infinity,Infinity], [0.0,0.0], [0.0,0.0], [0.0,0.0], [0.0,0.0], [0.0,0.0], [0.0,0.0]]
ENTRY 3 IfStatement_2 [[-Infinity,Infinity], [0.0,0.0], [0.0,0.0], [7.0,7.0], [0.0,0.0], [-Infinity,Infinity], [0.0,0.0], [0.0,0.0], [-Infinity,Infinity], [0.0,0.0], [0.0,0.0], [0.0,0.0], [0.0,0.0], [0.0,0.0], [0.0,0.0]]
EXIT 3 IfStatement_2 [[1.0,-1.0], [1.0,-1.0], [1.0,-1.0], [1.0,-1.0], [1.0,-1.0], [1.0,-1.0], [1.0,-1.0], [1.0,-1.0], [1.0,-1.0], [1.0,-1.0], [1.0,-1.0], [1.0,-1.0], [1.0,-1.0], [1.0,-1.0], [1.0,-1.0]]
ENTRY 3 ExpressionStatement_4 [[-Infinity,Infinity], [0.0,0.0], [0.0,0.0], [7.0,7.0], [0.0,0.0], [-Infinity,Infinity], [0.0,0.0], [0.0,0.0], [-Infinity,Infinity], [0.0,0.0], [0.0,0.0], [0.0,0.0], [0.0,0.0], [0.0,0.0], [0.0,0.0]]
EXIT 3 ExpressionStatement_4 [[-Infinity,Infinity], [0.0,0.0], [0.0,0.0], [7.0,7.0], [0.0,0.0], [-Infinity,Infinity], [0.0,0.0], [0.0,0.0], [-Infinity,Infinity], [0.0,0.0], [0.0,0.0], [0.0,0.0], [0.0,0.0], [0.0,0.0], [0.0,0.0]]
ENTRY 3 IfConditionJoin_2 [[-Infinity,Infinity], [0.0,0.0], [0.0,0.0], [7.0,7.0], [0.0,0.0], [-Infinity,Infinity], [0.0,0.0], [0.0,0.0], [-Infinity,Infinity], [0.0,0.0], [0.0,0.0], [0.0,0.0], [0.0,0.0], [0.0,0.0], [0.0,0.0]]
EXIT 3 IfConditionJoin_2 [[-Infinity,Infinity], [0.0,0.0], [0.0,0.0], [7.0,7.0], [0.0,0.0], [-Infinity,Infinity], [0.0,0.0], [0.0,0.0], [-Infinity,Infinity], [0.0,0.0], [0.0,0.0], [0.0,0.0], [0.0,0.0], [0.0,0.0], [0.0,0.0]]
ENTRY 3 ExpressionStatement_5 [[-Infinity,Infinity], [0.0,0.0], [0.0,0.0], [7.0,7.0], [0.0,0.0], [-Infinity,Infinity], [0.0,0.0], [0.0,0.0], [-Infinity,Infinity], [0.0,0.0], [0.0,0.0], [0.0,0.0], [0.0,0.0], [0.0,0.0], [0.0,0.0]]
EXIT 3 ExpressionStatement_5 [[-Infinity,Infinity], [0.0,0.0], [0.0,0.0], [7.0,7.0], [0.0,0.0], [-Infinity,Infinity], [0.0,0.0], [0.0,0.0], [-Infinity,Infinity], [0.0,0.0], [0.0,0.0], [0.0,0.0], [0.0,0.0], [0.0,0.0], [0.0,0.0]]
ENTRY 3 IfConditionJoin_1 [[-Infinity,Infinity], [0.0,0.0], [0.0,0.0], [7.0,7.0], [0.0,0.0], [-Infinity,Infinity], [0.0,0.0], [0.0,0.0], [-Infinity,Infinity], [0.0,0.0], [0.0,0.0], [0.0,0.0], [0.0,0.0], [0.0,0.0], [0.0,0.0]]
EXIT 3 IfConditionJoin_1 [[-Infinity,Infinity], [0.0,0.0], [0.0,0.0], [7.0,7.0], [0.0,0.0], [-Infinity,Infinity], [0.0,0.0], [0.0,0.0], [-Infinity,Infinity], [0.0,0.0], [0.0,0.0], [0.0,0.0], [0.0,0.0], [0.0,0.0], [0.0,0.0]]
ENTRY 3 IfStatement_3 [[-Infinity,Infinity], [0.0,0.0], [0.0,0.0], [7.0,7.0], [0.0,0.0], [-Infinity,Infinity], [0.0,0.0], [0.0,0.0], [-Infinity,Infinity], [0.0,0.0], [0.0,0.0], [0.0,0.0], [0.0,0.0], [0.0,0.0], [0.0,0.0]]
EXIT 3 IfStatement_3 [[1.0,-1.0], [1.0,-1.0], [1.0,-1.0], [1.0,-1.0], [1.0,-1.0], [1.0,-1.0], [1.0,-1.0], [1.0,-1.0], [1.0,-1.0], [1.0,-1.0], [1.0,-1.0], [1.0,-1.0], [1.0,-1.0], [1.0,-1.0], [1.0,-1.0]]
ENTRY 3 ExpressionStatement_6 [[-Infinity,Infinity], [0.0,0.0], [0.0,0.0], [7.0,7.0], [0.0,0.0], [-Infinity,Infinity], [0.0,0.0], [0.0,0.0], [-Infinity,Infinity], [0.0,0.0], [0.0,0.0], [0.0,0.0], [0.0,0.0], [0.0,0.0], [0.0,0.0]]
EXIT 3 ExpressionStatement_6 [[-Infinity,Infinity], [0.0,0.0], [0.0,0.0], [7.0,7.0], [0.0,0.0], [-Infinity,Infinity], [0.0,0.0], [0.0,0.0], [-Infinity,Infinity], [0.0,0.0], [0.0,0.0], [0.0,0.0], [0.0,0.0], [0.0,0.0], [0.0,0.0]]
ENTRY 3 IfConditionJoin_3 [[-Infinity,Infinity], [0.0,0.0], [0.0,0.0], [7.0,7.0], [0.0,0.0], [-Infinity,Infinity], [0.0,0.0], [0.0,0.0], [-Infinity,Infinity], [0.0,0.0], [0.0,0.0], [0.0,0.0], [0.0,0.0], [0.0,0.0], [0.0,0.0]]
EXIT 3 IfConditionJoin_3 [[-Infinity,Infinity], [0.0,0.0], [0.0,0.0], [7.0,7.0], [0.0,0.0], [-Infinity,Infinity], [0.0,0.0], [0.0,0.0], [-Infinity,Infinity], [0.0,0.0], [0.0,0.0], [0.0,0.0], [0.0,0.0], [0.0,0.0], [0.0,0.0]]
ENTRY 3 FunctionExit_1 [[-Infinity,Infinity], [0.0,0.0], [0.0,0.0], [7.0,7.0], [0.0,0.0], [-Infinity,Infinity], [0.0,0.0], [0.0,0.0], [-Infinity,Infinity], [0.0,0.0], [0.0,0.0], [0.0,0.0], [0.0,0.0], [0.0,0.0], [0.0,0.0]]
EXIT 3 FunctionExit_1 [[-Infinity,Infinity], [0.0,0.0], [0.0,0.0], [7.0,7.0], [0.0,0.0], [-Infinity,Infinity], [0.0,0.0], [0.0,0.0], [-Infinity,Infinity], [0.0,0.0], [0.0,0.0], [0.0,0.0], [0.0,0.0], [0.0,0.0], [0.0,0.0]]
ENTRY 3 FunctionDefinition_2 [[-Infinity,Infinity], [0.0,0.0], [0.0,0.0], [7.0,7.0], [0.0,0.0], [0.0,0.0], [0.0,0.0], [0.0,0.0], [0.0,0.0], [0.0,0.0], [0.0,0.0], [0.0,0.0], [0.0,0.0], [0.0,0.0], [0.0,0.0]]
EXIT 3 FunctionDefinition_2 [[-Infinity,Infinity], [0.0,0.0], [0.0,0.0], [7.0,7.0], [0.0,0.0], [0.0,0.0], [0.0,0.0], [0.0,0.0], [0.0,0.0], [0.0,0.0], [0.0,0.0], [0.0,0.0], [0.0,0.0], [0.0,0.0], [0.0,0.0]]
ENTRY 3 FunctionEntry_2 [[-Infinity,Infinity], [0.0,0.0], [0.0,0.0], [7.0,7.0], [0.0,0.0], [0.0,0.0], [0.0,0.0], [0.0,0.0], [0.0,0.0], [0.0,0.0], [0.0,0.0], [0.0,0.0], [0.0,0.0], [0.0,0.0], [0.0,0.0]]
EXIT 3 FunctionEntry_2 [[-Infinity,Infinity], [0.0,0.0], [0.0,0.0], [7.0,7.0], [0.0,0.0], [0.0,0.0], [0.0,0.0], [0.0,0.0], [0.0,0.0], [0.0,0.0], [0.0,0.0], [0.0,0.0], [0.0,0.0], [0.0,0.0], [0.0,0.0]]
ENTRY 3 ExpressionStatement_7 [[-Infinity,Infinity], [0.0,0.0], [0.0,0.0], [7.0,7.0], [0.0,0.0], [0.0,0.0], [0.0,0.0], [0.0,0.0], [0.0,0.0], [0.0,0.0], [0.0,0.0], [0.0,0.0], [0.0,0.0], [0.0,0.0], [0.0,0.0]]
EXIT 3 ExpressionStatement_7 [[-Infinity,Infinity], [0.0,0.0], [0.0,0.0], [7.0,7.0], [0.0,0.0], [0.0,0.0], [0.0,0.0], [0.0,0.0], [0.0,0.0], [-8.0,8.0], [0.0,0.0], [0.0,0.0], [0.0,0.0], [0.0,0.0], [0.0,0.0]]
ENTRY 3 FunctionExit_2 [[-Infinity,Infinity], [0.0,0.0], [0.0,0.0], [7.0,7.0], [0.0,0.0], [0.0,0.0], [0.0,0.0], [0.0,0.0], [0.0,0.0], [-8.0,8.0], [0.0,0.0], [0.0,0.0], [0.0,0.0], [0.0,0.0], [0.0,0.0]]
EXIT 3 FunctionExit_2 [[-Infinity,Infinity], [0.0,0.0], [0.0,0.0], [7.0,7.0], [0.0,0.0], [0.0,0.0], [0.0,0.0], [0.0,0.0], [0.0,0.0], [-8.0,8.0], [0.0,0.0], [0.0,0.0], [0.0,0.0], [0.0,0.0], [0.0,0.0]]
ENTRY 3 FunctionDefinition_3 [[-Infinity,Infinity], [0.0,0.0], [0.0,0.0], [7.0,7.0], [0.0,0.0], [0.0,0.0], [0.0,0.0], [0.0,0.0], [0.0,0.0], [0.0,0.0], [0.0,0.0], [0.0,0.0], [0.0,0.0], [0.0,0.0], [0.0,0.0]]
EXIT 3 FunctionDefinition_3 [[-Infinity,Infinity], [0.0,0.0], [0.0,0.0], [7.0,7.0], [0.0,0.0], [0.0,0.0], [0.0,0.0], [0.0,0.0], [0.0,0.0], [0.0,0.0], [0.0,0.0], [0.0,0.0], [0.0,0.0], [0.0,0.0], [0.0,0.0]]
ENTRY 3 FunctionEntry_3 [[-Infinity,Infinity], [0.0,0.0], [0.0,0.0], [7.0,7.0], [0.0,0.0], [0.0,0.0], [0.0,0.0], [0.0,0.0], [0.0,0.0], [0.0,0.0], [0.0,0.0], [0.0,0.0], [0.0,0.0], [0.0,0.0], [0.0,0.0]]
EXIT 3 FunctionEntry_3 [[-Infinity,Infinity], [0.0,0.0], [0.0,0.0], [7.0,7.0], [0.0,0.0], [0.0,0.0], [0.0,0.0], [0.0,0.0], [0.0,0.0], [0.0,0.0], [0.0,0.0], [0.0,0.0], [0.0,0.0], [0.0,0.0], [0.0,0.0]]
ENTRY 3 ExpressionStatement_8 [[-Infinity,Infinity], [0.0,0.0], [0.0,0.0], [7.0,7.0], [0.0,0.0], [0.0,0.0], [0.0,0.0], [0.0,0.0], [0.0,0.0], [0.0,0.0], [0.0,0.0], [0.0,0.0], [0.0,0.0], [0.0,0.0], [0.0,0.0]]
EXIT 3 ExpressionStatement_8 [[-Infinity,Infinity], [-Infinity,Infinity], [0.0,0.0], [7.0,7.0], [0.0,0.0], [0.0,0.0], [0.0,0.0], [0.0,0.0], [0.0,0.0], [0.0,0.0], [0.0,0.0], [0.0,0.0], [0.0,0.0], [0.0,0.0], [0.0,0.0]]
ENTRY 3 ExpressionStatement_9 [[-Infinity,Infinity], [-Infinity,Infinity], [0.0,0.0], [7.0,7.0], [0.0,0.0], [0.0,0.0], [0.0,0.0], [0.0,0.0], [0.0,0.0], [0.0,0.0], [0.0,0.0], [0.0,0.0], [0.0,0.0], [0.0,0.0], [0.0,0.0]]
EXIT 3 ExpressionStatement_9 [[-Infinity,Infinity], [-Infinity,Infinity], [-Infinity,Infinity], [7.0,7.0], [0.0,0.0], [0.0,0.0], [0.0,0.0], [0.0,0.0], [0.0,0.0], [0.0,0.0], [0.0,0.0], [0.0,0.0], [0.0,0.0], [0.0,0.0], [0.0,0.0]]
ENTRY 3 FunctionExit_3 [[-Infinity,Infinity], [-Infinity,Infinity], [-Infinity,Infinity], [7.0,7.0], [0.0,0.0], [0.0,0.0], [0.0,0.0], [0.0,0.0], [0.0,0.0], [0.0,0.0], [0.0,0.0], [0.0,0.0], [0.0,0.0], [0.0,0.0], [0.0,0.0]]
EXIT 3 FunctionExit_3 [[-Infinity,Infinity], [-Infinity,Infinity], [-Infinity,Infinity], [7.0,7.0], [0.0,0.0], [0.0,0.0], [0.0,0.0], [0.0,0.0], [0.0,0.0], [0.0,0.0], [0.0,0.0], [0.0,0.0], [0.0,0.0], [0.0,0.0], [0.0,0.0]]
ENTRY 3 FunctionDefinition_4 [[-Infinity,Infinity], [-Infinity,Infinity], [-Infinity,Infinity], [7.0,7.0], [0.0,0.0], [0.0,0.0], [0.0,0.0], [0.0,0.0], [0.0,0.0], [0.0,0.0], [0.0,0.0], [0.0,0.0], [0.0,0.0], [0.0,0.0], [0.0,0.0]]
EXIT 3 FunctionDefinition_4 [[-Infinity,Infinity], [-Infinity,Infinity], [-Infinity,Infinity], [7.0,7.0], [0.0,0.0], [0.0,0.0], [0.0,0.0], [0.0,0.0], [0.0,0.0], [0.0,0.0], [0.0,0.0], [0.0,0.0], [0.0,0.0], [0.0,0.0], [0.0,0.0]]
ENTRY 3 FunctionEntry_4 [[-Infinity,Infinity], [-Infinity,Infinity], [-Infinity,Infinity], [7.0,7.0], [0.0,0.0], [0.0,0.0], [0.0,0.0], [0.0,0.0], [0.0,0.0], [0.0,0.0], [0.0,0.0], [0.0,0.0], [0.0,0.0], [0.0,0.0], [0.0,0.0]]
EXIT 3 FunctionEntry_4 [[-Infinity,Infinity], [-Infinity,Infinity], [-Infinity,Infinity], [7.0,7.0], [0.0,0.0], [0.0,0.0], [0.0,0.0], [0.0,0.0], [0.0,0.0], [0.0,0.0], [0.0,0.0], [0.0,0.0], [0.0,0.0], [0.0,0.0], [0.0,0.0]]
ENTRY 3 ExpressionStatement_10 [[-Infinity,Infinity], [-Infinity,Infinity], [-Infinity,Infinity], [7.0,7.0], [0.0,0.0], [0.0,0.0], [0.0,0.0], [0.0,0.0], [0.0,0.0], [0.0,0.0], [0.0,0.0], [0.0,0.0], [0.0,0.0], [0.0,0.0], [0.0,0.0]]
EXIT 3 ExpressionStatement_10 [[-Infinity,Infinity], [-Infinity,Infinity], [-Infinity,Infinity], [7.0,7.0], [0.0,0.0], [0.0,0.0], [0.0,0.0], [0.0,0.0], [0.0,0.0], [0.0,0.0], [0.0,0.0], [0.0,0.0], [0.0,0.0], [0.0,0.0], [0.0,0.0]]
ENTRY 3 ExpressionStatement_11 [[-Infinity,Infinity], [-Infinity,Infinity], [-Infinity,Infinity], [7.0,7.0], [0.0,0.0], [0.0,0.0], [0.0,0.0], [0.0,0.0], [0.0,0.0], [0.0,0.0], [0.0,0.0], [0.0,0.0], [0.0,0.0], [0.0,0.0], [0.0,0.0]]
EXIT 3 ExpressionStatement_11 [[-Infinity,Infinity], [-Infinity,Infinity], [-Infinity,Infinity], [7.0,7.0], [0.0,0.0], [0.0,0.0], [0.0,0.0], [0.0,0.0], [0.0,0.0], [0.0,0.0], [0.0,0.0], [0.0,0.0], [0.0,0.0], [0.0,0.0], [0.0,0.0]]
ENTRY 3 FunctionExit_4 [[-Infinity,Infinity], [-Infinity,Infinity], [-Infinity,Infinity], [7.0,7.0], [0.0,0.0], [0.0,0.0], [0.0,0.0], [0.0,0.0], [0.0,0.0], [0.0,0.0], [0.0,0.0], [0.0,0.0], [0.0,0.0], [0.0,0.0], [0.0,0.0]]
EXIT 3 FunctionExit_4 [[-Infinity,Infinity], [-Infinity,Infinity], [-Infinity,Infinity], [7.0,7.0], [0.0,0.0], [0.0,0.0], [0.0,0.0], [0.0,0.0], [0.0,0.0], [0.0,0.0], [0.0,0.0], [0.0,0.0], [0.0,0.0], [0.0,0.0], [0.0,0.0]]
ENTRY 3 FunctionDefinition_5 [[-Infinity,Infinity], [-Infinity,Infinity], [-Infinity,Infinity], [7.0,7.0], [0.0,0.0], [0.0,0.0], [0.0,0.0], [0.0,0.0], [0.0,0.0], [0.0,0.0], [0.0,0.0], [0.0,0.0], [0.0,0.0], [0.0,0.0], [0.0,0.0]]
EXIT 3 FunctionDefinition_5 [[-Infinity,Infinity], [-Infinity,Infinity], [-Infinity,Infinity], [7.0,7.0], [0.0,0.0], [0.0,0.0], [0.0,0.0], [0.0,0.0], [0.0,0.0], [0.0,0.0], [0.0,0.0], [0.0,0.0], [0.0,0.0], [0.0,0.0], [0.0,0.0]]
ENTRY 3 FunctionEntry_5 [[-Infinity,Infinity], [-Infinity,Infinity], [-Infinity,Infinity], [7.0,7.0], [0.0,0.0], [0.0,0.0], [0.0,0.0], [0.0,0.0], [0.0,0.0], [0.0,0.0], [0.0,0.0], [0.0,0.0], [0.0,0.0], [0.0,0.0], [0.0,0.0]]
EXIT 3 FunctionEntry_5 [[-Infinity,Infinity], [-Infinity,Infinity], [-Infinity,Infinity], [7.0,7.0], [0.0,0.0], [0.0,0.0], [0.0,0.0], [0.0,0.0], [0.0,0.0], [0.0,0.0], [0.0,0.0], [0.0,0.0], [0.0,0.0], [0.0,0.0], [0.0,0.0]]
ENTRY 3 ExpressionStatement_12 [[-Infinity,Infinity], [-Infinity,Infinity], [-Infinity,Infinity], [7.0,7.0], [0.0,0.0], [0.0,0.0], [0.0,0.0], [0.0,0.0], [0.0,0.0], [0.0,0.0], [0.0,0.0], [0.0,0.0], [0.0,0.0], [0.0,0.0], [0.0,0.0]]
EXIT 3 ExpressionStatement_12 [[-Infinity,Infinity], [-Infinity,Infinity], [-Infinity,Infinity], [7.0,7.0], [0.0,0.0], [0.0,0.0], [0.0,0.0], [0.0,0.0], [0.0,0.0], [0.0,0.0], [0.0,0.0], [0.0,0.0], [0.0,0.0], [0.0,0.0], [0.0,0.0]]
ENTRY 3 VariableDeclarationStatement_1 [[-Infinity,Infinity], [-Infinity,Infinity], [-Infinity,Infinity], [7.0,7.0], [0.0,0.0], [0.0,0.0], [0.0,0.0], [0.0,0.0], [0.0,0.0], [0.0,0.0], [0.0,0.0], [0.0,0.0], [0.0,0.0], [0.0,0.0], [0.0,0.0]]
EXIT 3 VariableDeclarationStatement_1 [[-Infinity,Infinity], [-Infinity,Infinity], [-Infinity,Infinity], [7.0,7.0], [0.0,0.0], [0.0,0.0], [0.0,0.0], [0.0,0.0], [0.0,0.0], [0.0,0.0], [0.0,0.0], [0.0,0.0], [0.0,0.0], [0.0,0.0], [0.0,0.0]]
ENTRY 3 ExpressionStatement_13 [[-Infinity,Infinity], [-Infinity,Infinity], [-Infinity,Infinity], [7.0,7.0], [0.0,0.0], [0.0,0.0], [0.0,0.0], [0.0,0.0], [0.0,0.0], [0.0,0.0], [0.0,0.0], [0.0,0.0], [0.0,0.0], [0.0,0.0], [0.0,0.0]]
EXIT 3 ExpressionStatement_13 [[-Infinity,Infinity], [-Infinity,Infinity], [-Infinity,Infinity], [7.0,7.0], [0.0,0.0], [0.0,0.0], [0.0,0.0], [0.0,0.0], [0.0,0.0], [0.0,0.0], [0.0,0.0], [-Infinity,Infinity], [0.0,0.0], [0.0,0.0], [0.0,0.0]]
ENTRY 3 ExpressionStatement_14 [[-Infinity,Infinity], [-Infinity,Infinity], [-Infinity,Infinity], [7.0,7.0], [0.0,0.0], [0.0,0.0], [0.0,0.0], [0.0,0.0], [0.0,0.0], [0.0,0.0], [0.0,0.0], [-Infinity,Infinity], [0.0,0.0], [0.0,0.0], [0.0,0.0]]
EXIT 3 ExpressionStatement_14 [[-Infinity,Infinity], [-Infinity,Infinity], [-Infinity,Infinity], [7.0,7.0], [0.0,0.0], [0.0,0.0], [0.0,0.0], [0.0,0.0], [0.0,0.0], [0.0,0.0], [0.0,0.0], [-Infinity,Infinity], [-Infinity,Infinity], [0.0,0.0], [0.0,0.0]]
ENTRY 3 ExpressionStatement_15 [[-Infinity,Infinity], [-Infinity,Infinity], [-Infinity,Infinity], [7.0,7.0], [0.0,0.0], [0.0,0.0], [0.0,0.0], [0.0,0.0], [0.0,0.0], [0.0,0.0], [0.0,0.0], [-Infinity,Infinity], [-Infinity,Infinity], [0.0,0.0], [0.0,0.0]]
EXIT 3 ExpressionStatement_15 [[-Infinity,Infinity], [-Infinity,Infinity], [-Infinity,Infinity], [7.0,7.0], [0.0,0.0], [0.0,0.0], [0.0,0.0], [0.0,0.0], [0.0,0.0], [0.0,0.0], [0.0,0.0], [-Infinity,Infinity], [-Infinity,Infinity], [-Infinity,Infinity], [0.0,0.0]]
ENTRY 3 ExpressionStatement_16 [[-Infinity,Infinity], [-Infinity,Infinity], [-Infinity,Infinity], [7.0,7.0], [0.0,0.0], [0.0,0.0], [0.0,0.0], [0.0,0.0], [0.0,0.0], [0.0,0.0], [0.0,0.0], [-Infinity,Infinity], [-Infinity,Infinity], [-Infinity,Infinity], [0.0,0.0]]
EXIT 3 ExpressionStatement_16 [[-Infinity,Infinity], [-Infinity,Infinity], [-Infinity,Infinity], [7.0,7.0], [0.0,0.0], [0.0,0.0], [0.0,0.0], [0.0,0.0], [0.0,0.0], [0.0,0.0], [0.0,0.0], [-Infinity,Infinity], [-Infinity,Infinity], [-Infinity,Infinity], [-Infinity,Infinity]]
ENTRY 3 ExpressionStatement_17 [[-Infinity,Infinity], [-Infinity,Infinity], [-Infinity,Infinity], [7.0,7.0], [0.0,0.0], [0.0,0.0], [0.0,0.0], [0.0,0.0], [0.0,0.0], [0.0,0.0], [0.0,0.0], [-Infinity,Infinity], [-Infinity,Infinity], [-Infinity,Infinity], [-Infinity,Infinity]]
EXIT 3 ExpressionStatement_17 [[-Infinity,Infinity], [-Infinity,Infinity], [-Infinity,Infinity], [7.0,7.0], [0.0,0.0], [0.0,0.0], [0.0,0.0], [0.0,0.0], [0.0,0.0], [0.0,0.0], [0.0,0.0], [-Infinity,Infinity], [-Infinity,Infinity], [-Infinity,Infinity], [-Infinity,Infinity]]
ENTRY 3 FunctionExit_5 [[-Infinity,Infinity], [-Infinity,Infinity], [-Infinity,Infinity], [7.0,7.0], [0.0,0.0], [0.0,0.0], [0.0,0.0], [0.0,0.0], [0.0,0.0], [0.0,0.0], [0.0,0.0], [-Infinity,Infinity], [-Infinity,Infinity], [-Infinity,Infinity], [-Infinity,Infinity]]
EXIT 3 FunctionExit_5 [[-Infinity,Infinity], [-Infinity,Infinity], [-Infinity,Infinity], [7.0,7.0], [0.0,0.0], [0.0,0.0], [0.0,0.0], [0.0,0.0], [0.0,0.0], [0.0,0.0], [0.0,0.0], [-Infinity,Infinity], [-Infinity,Infinity], [-Infinity,Infinity], [-Infinity,Infinity]]
ENTRY 3 FunctionDefinition_6 [[-Infinity,Infinity], [-Infinity,Infinity], [-Infinity,Infinity], [7.0,7.0], [0.0,0.0], [0.0,0.0], [0.0,0.0], [0.0,0.0], [0.0,0.0], [0.0,0.0], [0.0,0.0], [0.0,0.0], [0.0,0.0], [0.0,0.0], [0.0,0.0]]
EXIT 3 FunctionDefinition_6 [[-Infinity,Infinity], [-Infinity,Infinity], [-Infinity,Infinity], [7.0,7.0], [0.0,0.0], [0.0,0.0], [0.0,0.0], [0.0,0.0], [0.0,0.0], [0.0,0.0], [0.0,0.0], [0.0,0.0], [0.0,0.0], [0.0,0.0], [0.0,0.0]]
ENTRY 3 FunctionEntry_6 [[-Infinity,Infinity], [-Infinity,Infinity], [-Infinity,Infinity], [7.0,7.0], [0.0,0.0], [0.0,0.0], [0.0,0.0], [0.0,0.0], [0.0,0.0], [0.0,0.0], [0.0,0.0], [0.0,0.0], [0.0,0.0], [0.0,0.0], [0.0,0.0]]
EXIT 3 FunctionEntry_6 [[-Infinity,Infinity], [-Infinity,Infinity], [-Infinity,Infinity], [7.0,7.0], [0.0,0.0], [0.0,0.0], [0.0,0.0], [0.0,0.0], [0.0,0.0], [0.0,0.0], [0.0,0.0], [0.0,0.0], [0.0,0.0], [0.0,0.0], [0.0,0.0]]
ENTRY 3 IfStatement_4 [[-Infinity,Infinity], [-Infinity,Infinity], [-Infinity,Infinity], [7.0,7.0], [0.0,0.0], [0.0,0.0], [0.0,0.0], [0.0,0.0], [0.0,0.0], [0.0,0.0], [0.0,0.0], [0.0,0.0], [0.0,0.0], [0.0,0.0], [0.0,0.0]]
EXIT 3 IfStatement_4 [[1.0,-1.0], [1.0,-1.0], [1.0,-1.0], [1.0,-1.0], [1.0,-1.0], [1.0,-1.0], [1.0,-1.0], [1.0,-1.0], [1.0,-1.0], [1.0,-1.0], [1.0,-1.0], [1.0,-1.0], [1.0,-1.0], [1.0,-1.0], [1.0,-1.0]]
ENTRY 3 ExpressionStatement_18 [[-Infinity,Infinity], [-Infinity,Infinity], [-Infinity,Infinity], [7.0,7.0], [0.0,0.0], [0.0,0.0], [0.0,0.0], [0.0,0.0], [0.0,0.0], [0.0,0.0], [0.0,0.0], [0.0,0.0], [0.0,0.0], [0.0,0.0], [0.0,0.0]]
EXIT 3 ExpressionStatement_18 [[-Infinity,Infinity], [-Infinity,Infinity], [-Infinity,Infinity], [7.0,7.0], [0.0,0.0], [0.0,0.0], [0.0,0.0], [0.0,0.0], [0.0,0.0], [0.0,0.0], [0.0,0.0], [0.0,0.0], [0.0,0.0], [0.0,0.0], [0.0,0.0]]
ENTRY 3 IfConditionJoin_4 [[-Infinity,Infinity], [-Infinity,Infinity], [-Infinity,Infinity], [7.0,7.0], [0.0,0.0], [0.0,0.0], [0.0,0.0], [0.0,0.0], [0.0,0.0], [0.0,0.0], [0.0,0.0], [0.0,0.0], [0.0,0.0], [0.0,0.0], [0.0,0.0]]
EXIT 3 IfConditionJoin_4 [[-Infinity,Infinity], [-Infinity,Infinity], [-Infinity,Infinity], [7.0,7.0], [0.0,0.0], [0.0,0.0], [0.0,0.0], [0.0,0.0], [0.0,0.0], [0.0,0.0], [0.0,0.0], [0.0,0.0], [0.0,0.0], [0.0,0.0], [0.0,0.0]]
ENTRY 3 FunctionExit_6 [[-Infinity,Infinity], [-Infinity,Infinity], [-Infinity,Infinity], [7.0,7.0], [0.0,0.0], [0.0,0.0], [0.0,0.0], [0.0,0.0], [0.0,0.0], [0.0,0.0], [0.0,0.0], [0.0,0.0], [0.0,0.0], [0.0,0.0], [0.0,0.0]]
EXIT 3 FunctionExit_6 [[-Infinity,Infinity], [-Infinity,Infinity], [-Infinity,Infinity], [7.0,7.0], [0.0,0.0], [0.0,0.0], [0.0,0.0], [0.0,0.0], [0.0,0.0], [0.0,0.0], [0.0,0.0], [0.0,0.0], [0.0,0.0], [0.0,0.0], [0.0,0.0]]
ENTRY 4 SourceEntry_0 [[0.0,0.0], [0.0,0.0], [0.0,0.0], [0.0,0.0], [0.0,0.0], [0.0,0.0], [0.0,0.0], [0.0,0.0], [0.0,0.0], [0.0,0.0], [0.0,0.0], [0.0,0.0], [0.0,0.0], [0.0,0.0], [0.0,0.0]]
EXIT 4 SourceEntry_0 [[0.0,0.0], [0.0,0.0], [0.0,0.0], [7.0,7.0], [0.0,0.0], [0.0,0.0], [0.0,0.0], [0.0,0.0], [0.0,0.0], [0.0,0.0], [0.0,0.0], [0.0,0.0], [0.0,0.0], [0.0,0.0], [0.0,0.0]]
ENTRY 4 SourceUnit_0 [[0.0,0.0], [0.0,0.0], [0.0,0.0], [7.0,7.0], [0.0,0.0], [0.0,0.0], [0.0,0.0], [0.0,0.0], [0.0,0.0], [0.0,0.0], [0.0,0.0], [0.0,0.0], [0.0,0.0], [0.0,0.0], [0.0,0.0]]
EXIT 4 SourceUnit_0 [[0.0,0.0], [0.0,0.0], [0.0,0.0], [7.0,7.0], [0.0,0.0], [0.0,0.0], [0.0,0.0], [0.0,0.0], [0.0,0.0], [0.0,0.0], [0.0,0.0], [0.0,0.0], [0.0,0.0], [0.0,0.0], [0.0,0.0]]
ENTRY 4 PragmaDirective_0 [[0.0,0.0], [0.0,0.0], [0.0,0.0], [7.0,7.0], [0.0,0.0], [0.0,0.0], [0.0,0.0], [0.0,0.0], [0.0,0.0], [0.0,0.0], [0.0,0.0], [0.0,0.0], [0.0,0.0], [0.0,0.0], [0.0,0.0]]
EXIT 4 PragmaDirective_0 [[0.0,0.0], [0.0,0.0], [0.0,0.0], [7.0,7.0], [0.0,0.0], [0.0,0.0], [0.0,0.0], [0.0,0.0], [0.0,0.0], [0.0,0.0], [0.0,0.0], [0.0,0.0], [0.0,0.0], [0.0,0.0], [0.0,0.0]]
ENTRY 4 SourceExit_0 [[-Infinity,Infinity], [-Infinity,Infinity], [-Infinity,Infinity], [7.0,7.0], [0.0,0.0], [-Infinity,Infinity], [0.0,0.0], [0.0,0.0], [-Infinity,Infinity], [-8.0,8.0], [0.0,0.0], [-Infinity,Infinity], [-Infinity,Infinity], [-Infinity,Infinity], [-Infinity,Infinity]]
EXIT 4 SourceExit_0 [[0.0,0.0], [0.0,0.0], [0.0,0.0], [7.0,7.0], [0.0,0.0], [-Infinity,Infinity], [0.0,0.0], [0.0,0.0], [-Infinity,Infinity], [-8.0,8.0], [0.0,0.0], [-Infinity,Infinity], [-Infinity,Infinity], [-Infinity,Infinity], [-Infinity,Infinity]]
ENTRY 4 ContractDefinition_0 [[0.0,0.0], [0.0,0.0], [0.0,0.0], [7.0,7.0], [0.0,0.0], [0.0,0.0], [0.0,0.0], [0.0,0.0], [0.0,0.0], [0.0,0.0], [0.0,0.0], [0.0,0.0], [0.0,0.0], [0.0,0.0], [0.0,0.0]]
EXIT 4 ContractDefinition_0 [[0.0,0.0], [0.0,0.0], [0.0,0.0], [7.0,7.0], [0.0,0.0], [0.0,0.0], [0.0,0.0], [0.0,0.0], [0.0,0.0], [0.0,0.0], [0.0,0.0], [0.0,0.0], [0.0,0.0], [0.0,0.0], [0.0,0.0]]
ENTRY 4 StructDefinition_0 [[0.0,0.0], [0.0,0.0], [0.0,0.0], [7.0,7.0], [0.0,0.0], [0.0,0.0], [0.0,0.0], [0.0,0.0], [0.0,0.0], [0.0,0.0], [0.0,0.0], [0.0,0.0], [0.0,0.0], [0.0,0.0], [0.0,0.0]]
EXIT 4 StructDefinition_0 [[0.0,0.0], [0.0,0.0], [0.0,0.0], [7.0,7.0], [0.0,0.0], [0.0,0.0], [0.0,0.0], [0.0,0.0], [0.0,0.0], [0.0,0.0], [0.0,0.0], [0.0,0.0], [0.0,0.0], [0.0,0.0], [0.0,0.0]]
ENTRY 4 VariableDeclaration_0 [[0.0,0.0], [0.0,0.0], [0.0,0.0], [7.0,7.0], [0.0,0.0], [0.0,0.0], [0.0,0.0], [0.0,0.0], [0.0,0.0], [0.0,0.0], [0.0,0.0], [0.0,0.0], [0.0,0.0], [0.0,0.0], [0.0,0.0]]
EXIT 4 VariableDeclaration_0 [[0.0,0.0], [0.0,0.0], [0.0,0.0], [7.0,7.0], [0.0,0.0], [0.0,0.0], [0.0,0.0], [0.0,0.0], [0.0,0.0], [0.0,0.0], [0.0,0.0], [0.0,0.0], [0.0,0.0], [0.0,0.0], [0.0,0.0]]
ENTRY 4 VariableDeclaration_1 [[0.0,0.0], [0.0,0.0], [0.0,0.0], [7.0,7.0], [0.0,0.0], [0.0,0.0], [0.0,0.0], [0.0,0.0], [0.0,0.0], [0.0,0.0], [0.0,0.0], [0.0,0.0], [0.0,0.0], [0.0,0.0], [0.0,0.0]]
EXIT 4 VariableDeclaration_1 [[0.0,0.0], [0.0,0.0], [0.0,0.0], [7.0,7.0], [0.0,0.0], [0.0,0.0], [0.0,0.0], [0.0,0.0], [0.0,0.0], [0.0,0.0], [0.0,0.0], [0.0,0.0], [0.0,0.0], [0.0,0.0], [0.0,0.0]]
ENTRY 4 VariableDeclaration_2 [[0.0,0.0], [0.0,0.0], [0.0,0.0], [7.0,7.0], [0.0,0.0], [0.0,0.0], [0.0,0.0], [0.0,0.0], [0.0,0.0], [0.0,0.0], [0.0,0.0], [0.0,0.0], [0.0,0.0], [0.0,0.0], [0.0,0.0]]
EXIT 4 VariableDeclaration_2 [[0.0,0.0], [0.0,0.0], [0.0,0.0], [7.0,7.0], [0.0,0.0], [0.0,0.0], [0.0,0.0], [0.0,0.0], [0.0,0.0], [0.0,0.0], [0.0,0.0], [0.0,0.0], [0.0,0.0], [0.0,0.0], [0.0,0.0]]
ENTRY 4 VariableDeclaration_3 [[0.0,0.0], [0.0,0.0], [0.0,0.0], [7.0,7.0], [0.0,0.0], [0.0,0.0], [0.0,0.0], [0.0,0.0], [0.0,0.0], [0.0,0.0], [0.0,0.0], [0.0,0.0], [0.0,0.0], [0.0,0.0], [0.0,0.0]]
EXIT 4 VariableDeclaration_3 [[0.0,0.0], [0.0,0.0], [0.0,0.0], [7.0,7.0], [0.0,0.0], [0.0,0.0], [0.0,0.0], [0.0,0.0], [0.0,0.0], [0.0,0.0], [0.0,0.0], [0.0,0.0], [0.0,0.0], [0.0,0.0], [0.0,0.0]]
ENTRY 4 VariableDeclaration_4 [[0.0,0.0], [0.0,0.0], [0.0,0.0], [7.0,7.0], [0.0,0.0], [0.0,0.0], [0.0,0.0], [0.0,0.0], [0.0,0.0], [0.0,0.0], [0.0,0.0], [0.0,0.0], [0.0,0.0], [0.0,0.0], [0.0,0.0]]
EXIT 4 VariableDeclaration_4 [[0.0,0.0], [0.0,0.0], [0.0,0.0], [7.0,7.0], [0.0,0.0], [0.0,0.0], [0.0,0.0], [0.0,0.0], [0.0,0.0], [0.0,0.0], [0.0,0.0], [0.0,0.0], [0.0,0.0], [0.0,0.0], [0.0,0.0]]
ENTRY 4 FunctionDefinition_0 [[0.0,0.0], [0.0,0.0], [0.0,0.0], [7.0,7.0], [0.0,0.0], [0.0,0.0], [0.0,0.0], [0.0,0.0], [0.0,0.0], [0.0,0.0], [0.0,0.0], [0.0,0.0], [0.0,0.0], [0.0,0.0], [0.0,0.0]]
EXIT 4 FunctionDefinition_0 [[0.0,0.0], [0.0,0.0], [0.0,0.0], [7.0,7.0], [0.0,0.0], [0.0,0.0], [0.0,0.0], [0.0,0.0], [0.0,0.0], [0.0,0.0], [0.0,0.0], [0.0,0.0], [0.0,0.0], [0.0,0.0], [0.0,0.0]]
ENTRY 4 FunctionEntry_0 [[0.0,0.0], [0.0,0.0], [0.0,0.0], [7.0,7.0], [0.0,0.0], [0.0,0.0], [0.0,0.0], [0.0,0.0], [0.0,0.0], [0.0,0.0], [0.0,0.0], [0.0,0.0], [0.0,0.0], [0.0,0.0], [0.0,0.0]]
EXIT 4 FunctionEntry_0 [[0.0,0.0], [0.0,0.0], [0.0,0.0], [7.0,7.0], [0.0,0.0], [0.0,0.0], [0.0,0.0], [0.0,0.0], [0.0,0.0], [0.0,0.0], [0.0,0.0], [0.0,0.0], [0.0,0.0], [0.0,0.0], [0.0,0.0]]
ENTRY 4 ExpressionStatement_0 [[0.0,0.0], [0.0,0.0], [0.0,0.0], [7.0,7.0], [0.0,0.0], [0.0,0.0], [0.0,0.0], [0.0,0.0], [0.0,0.0], [0.0,0.0], [0.0,0.0], [0.0,0.0], [0.0,0.0], [0.0,0.0], [0.0,0.0]]
EXIT 4 ExpressionStatement_0 [[-Infinity,Infinity], [0.0,0.0], [0.0,0.0], [7.0,7.0], [0.0,0.0], [0.0,0.0], [0.0,0.0], [0.0,0.0], [0.0,0.0], [0.0,0.0], [0.0,0.0], [0.0,0.0], [0.0,0.0], [0.0,0.0], [0.0,0.0]]
ENTRY 4 ExpressionStatement_1 [[-Infinity,Infinity], [0.0,0.0], [0.0,0.0], [7.0,7.0], [0.0,0.0], [0.0,0.0], [0.0,0.0], [0.0,0.0], [0.0,0.0], [0.0,0.0], [0.0,0.0], [0.0,0.0], [0.0,0.0], [0.0,0.0], [0.0,0.0]]
EXIT 4 ExpressionStatement_1 [[-Infinity,Infinity], [0.0,0.0], [0.0,0.0], [7.0,7.0], [0.0,0.0], [0.0,0.0], [0.0,0.0], [0.0,0.0], [0.0,0.0], [0.0,0.0], [0.0,0.0], [0.0,0.0], [0.0,0.0], [0.0,0.0], [0.0,0.0]]
ENTRY 4 FunctionExit_0 [[-Infinity,Infinity], [0.0,0.0], [0.0,0.0], [7.0,7.0], [0.0,0.0], [0.0,0.0], [0.0,0.0], [0.0,0.0], [0.0,0.0], [0.0,0.0], [0.0,0.0], [0.0,0.0], [0.0,0.0], [0.0,0.0], [0.0,0.0]]
EXIT 4 FunctionExit_0 [[-Infinity,Infinity], [0.0,0.0], [0.0,0.0], [7.0,7.0], [0.0,0.0], [0.0,0.0], [0.0,0.0], [0.0,0.0], [0.0,0.0], [0.0,0.0], [0.0,0.0], [0.0,0.0], [0.0,0.0], [0.0,0.0], [0.0,0.0]]
ENTRY 4 FunctionDefinition_1 [[-Infinity,Infinity], [0.0,0.0], [0.0,0.0], [7.0,7.0], [0.0,0.0], [0.0,0.0], [0.0,0.0], [0.0,0.0], [0.0,0.0], [0.0,0.0], [0.0,0.0], [0.0,0.0], [0.0,0.0], [0.0,0.0], [0.0,0.0]]
EXIT 4 FunctionDefinition_1 [[-Infinity,Infinity], [0.0,0.0], [0.0,0.0], [7.0,7.0], [0.0,0.0], [0.0,0.0], [0.0,0.0], [0.0,0.0], [0.0,0.0], [0.0,0.0], [0.0,0.0], [0.0,0.0], [0.0,0.0], [0.0,0.0], [0.0,0.0]]
ENTRY 4 FunctionEntry_1 [[-Infinity,Infinity], [0.0,0.0], [0.0,0.0], [7.0,7.0], [0.0,0.0], [0.0,0.0], [0.0,0.0], [0.0,0.0], [0.0,0.0], [0.0,0.0], [0.0,0.0], [0.0,0.0], [0.0,0.0], [0.0,0.0], [0.0,0.0]]
EXIT 4 FunctionEntry_1 [[-Infinity,Infinity], [0.0,0.0], [0.0,0.0], [7.0,7.0], [0.0,0.0], [0.0,0.0], [0.0,0.0], [0.0,0.0], [0.0,0.0], [0.0,0.0], [0.0,0.0], [0.0,0.0], [0.0,0.0], [0.0,0.0], [0.0,0.0]]
ENTRY 4 IfStatement_0 [[-Infinity,Infinity], [0.0,0.0], [0.0,0.0], [7.0,7.0], [0.0,0.0], [0.0,0.0], [0.0,0.0], [0.0,0.0], [0.0,0.0], [0.0,0.0], [0.0,0.0], [0.0,0.0], [0.0,0.0], [0.0,0.0], [0.0,0.0]]
EXIT 4 IfStatement_0 [[1.0,-1.0], [1.0,-1.0], [1.0,-1.0], [1.0,-1.0], [1.0,-1.0], [1.0,-1.0], [1.0,-1.0], [1.0,-1.0], [1.0,-1.0], [1.0,-1.0], [1.0,-1.0], [1.0,-1.0], [1.0,-1.0], [1.0,-1.0], [1.0,-1.0]]
ENTRY 4 Return_0 [[-Infinity,Infinity], [0.0,0.0], [0.0,0.0], [7.0,7.0], [0.0,0.0], [0.0,0.0], [0.0,0.0], [0.0,0.0], [0.0,0.0], [0.0,0.0], [0.0,0.0], [0.0,0.0], [0.0,0.0], [0.0,0.0], [0.0,0.0]]
EXIT 4 Return_0 [[-Infinity,Infinity], [0.0,0.0], [0.0,0.0], [7.0,7.0], [0.0,0.0], [0.0,0.0], [0.0,0.0], [0.0,0.0], [0.0,0.0], [0.0,0.0], [0.0,0.0], [0.0,0.0], [0.0,0.0], [0.0,0.0], [0.0,0.0]]
ENTRY 4 IfConditionJoin_0 [[-Infinity,Infinity], [0.0,0.0], [0.0,0.0], [7.0,7.0], [0.0,0.0], [0.0,0.0], [0.0,0.0], [0.0,0.0], [0.0,0.0], [0.0,0.0], [0.0,0.0], [0.0,0.0], [0.0,0.0], [0.0,0.0], [0.0,0.0]]
EXIT 4 IfConditionJoin_0 [[-Infinity,Infinity], [0.0,0.0], [0.0,0.0], [7.0,7.0], [0.0,0.0], [0.0,0.0], [0.0,0.0], [0.0,0.0], [0.0,0.0], [0.0,0.0], [0.0,0.0], [0.0,0.0], [0.0,0.0], [0.0,0.0], [0.0,0.0]]
ENTRY 4 ExpressionStatement_2 [[-Infinity,Infinity], [0.0,0.0], [0.0,0.0], [7.0,7.0], [0.0,0.0], [0.0,0.0], [0.0,0.0], [0.0,0.0], [0.0,0.0], [0.0,0.0], [0.0,0.0], [0.0,0.0], [0.0,0.0], [0.0,0.0], [0.0,0.0]]
EXIT 4 ExpressionStatement_2 [[-Infinity,Infinity], [0.0,0.0], [0.0,0.0], [7.0,7.0], [0.0,0.0], [0.0,0.0], [0.0,0.0], [0.0,0.0], [0.0,0.0], [0.0,0.0], [0.0,0.0], [0.0,0.0], [0.0,0.0], [0.0,0.0], [0.0,0.0]]
ENTRY 4 IfStatement_1 [[-Infinity,Infinity], [0.0,0.0], [0.0,0.0], [7.0,7.0], [0.0,0.0], [0.0,0.0], [0.0,0.0], [0.0,0.0], [0.0,0.0], [0.0,0.0], [0.0,0.0], [0.0,0.0], [0.0,0.0], [0.0,0.0], [0.0,0.0]]
EXIT 4 IfStatement_1 [[1.0,-1.0], [1.0,-1.0], [1.0,-1.0], [1.0,-1.0], [1.0,-1.0], [1.0,-1.0], [1.0,-1.0], [1.0,-1.0], [1.0,-1.0], [1.0,-1.0], [1.0,-1.0], [1.0,-1.0], [1.0,-1.0], [1.0,-1.0], [1.0,-1.0]]
ENTRY 4 ExpressionStatement_3 [[-Infinity,Infinity], [0.0,0.0], [0.0,0.0], [7.0,7.0], [0.0,0.0], [0.0,0.0], [0.0,0.0], [0.0,0.0], [0.0,0.0], [0.0,0.0], [0.0,0.0], [0.0,0.0], [0.0,0.0], [0.0,0.0], [0.0,0.0]]
EXIT 4 ExpressionStatement_3 [[-Infinity,Infinity], [0.0,0.0], [0.0,0.0], [7.0,7.0], [0.0,0.0], [-Infinity,Infinity], [0.0,0.0], [0.0,0.0], [0.0,0.0], [0.0,0.0], [0.0,0.0], [0.0,0.0], [0.0,0.0], [0.0,0.0], [0.0,0.0]]
ENTRY 4 VariableDeclarationStatement_0 [[-Infinity,Infinity], [0.0,0.0], [0.0,0.0], [7.0,7.0], [0.0,0.0], [-Infinity,Infinity], [0.0,0.0], [0.0,0.0], [0.0,0.0], [0.0,0.0], [0.0,0.0], [0.0,0.0], [0.0,0.0], [0.0,0.0], [0.0,0.0]]
EXIT 4 VariableDeclarationStatement_0 [[-Infinity,Infinity], [0.0,0.0], [0.0,0.0], [7.0,7.0], [0.0,0.0], [-Infinity,Infinity], [0.0,0.0], [0.0,0.0], [-Infinity,Infinity], [0.0,0.0], [0.0,0.0], [0.0,0.0], [0.0,0.0], [0.0,0.0], [0.0,0.0]]
ENTRY 4 IfStatement_2 [[-Infinity,Infinity], [0.0,0.0], [0.0,0.0], [7.0,7.0], [0.0,0.0], [-Infinity,Infinity], [0.0,0.0], [0.0,0.0], [-Infinity,Infinity], [0.0,0.0], [0.0,0.0], [0.0,0.0], [0.0,0.0], [0.0,0.0], [0.0,0.0]]
EXIT 4 IfStatement_2 [[1.0,-1.0], [1.0,-1.0], [1.0,-1.0], [1.0,-1.0], [1.0,-1.0], [1.0,-1.0], [1.0,-1.0], [1.0,-1.0], [1.0,-1.0], [1.0,-1.0], [1.0,-1.0], [1.0,-1.0], [1.0,-1.0], [1.0,-1.0], [1.0,-1.0]]
ENTRY 4 ExpressionStatement_4 [[-Infinity,Infinity], [0.0,0.0], [0.0,0.0], [7.0,7.0], [0.0,0.0], [-Infinity,Infinity], [0.0,0.0], [0.0,0.0], [-Infinity,Infinity], [0.0,0.0], [0.0,0.0], [0.0,0.0], [0.0,0.0], [0.0,0.0], [0.0,0.0]]
EXIT 4 ExpressionStatement_4 [[-Infinity,Infinity], [0.0,0.0], [0.0,0.0], [7.0,7.0], [0.0,0.0], [-Infinity,Infinity], [0.0,0.0], [0.0,0.0], [-Infinity,Infinity], [0.0,0.0], [0.0,0.0], [0.0,0.0], [0.0,0.0], [0.0,0.0], [0.0,0.0]]
ENTRY 4 IfConditionJoin_2 [[-Infinity,Infinity], [0.0,0.0], [0.0,0.0], [7.0,7.0], [0.0,0.0], [-Infinity,Infinity], [0.0,0.0], [0.0,0.0], [-Infinity,Infinity], [0.0,0.0], [0.0,0.0], [0.0,0.0], [0.0,0.0], [0.0,0.0], [0.0,0.0]]
EXIT 4 IfConditionJoin_2 [[-Infinity,Infinity], [0.0,0.0], [0.0,0.0], [7.0,7.0], [0.0,0.0], [-Infinity,Infinity], [0.0,0.0], [0.0,0.0], [-Infinity,Infinity], [0.0,0.0], [0.0,0.0], [0.0,0.0], [0.0,0.0], [0.0,0.0], [0.0,0.0]]
ENTRY 4 ExpressionStatement_5 [[-Infinity,Infinity], [0.0,0.0], [0.0,0.0], [7.0,7.0], [0.0,0.0], [-Infinity,Infinity], [0.0,0.0], [0.0,0.0], [-Infinity,Infinity], [0.0,0.0], [0.0,0.0], [0.0,0.0], [0.0,0.0], [0.0,0.0], [0.0,0.0]]
EXIT 4 ExpressionStatement_5 [[-Infinity,Infinity], [0.0,0.0], [0.0,0.0], [7.0,7.0], [0.0,0.0], [-Infinity,Infinity], [0.0,0.0], [0.0,0.0], [-Infinity,Infinity], [0.0,0.0], [0.0,0.0], [0.0,0.0], [0.0,0.0], [0.0,0.0], [0.0,0.0]]
ENTRY 4 IfConditionJoin_1 [[-Infinity,Infinity], [0.0,0.0], [0.0,0.0], [7.0,7.0], [0.0,0.0], [-Infinity,Infinity], [0.0,0.0], [0.0,0.0], [-Infinity,Infinity], [0.0,0.0], [0.0,0.0], [0.0,0.0], [0.0,0.0], [0.0,0.0], [0.0,0.0]]
EXIT 4 IfConditionJoin_1 [[-Infinity,Infinity], [0.0,0.0], [0.0,0.0], [7.0,7.0], [0.0,0.0], [-Infinity,Infinity], [0.0,0.0], [0.0,0.0], [-Infinity,Infinity], [0.0,0.0], [0.0,0.0], [0.0,0.0], [0.0,0.0], [0.0,0.0], [0.0,0.0]]
ENTRY 4 IfStatement_3 [[-Infinity,Infinity], [0.0,0.0], [0.0,0.0], [7.0,7.0], [0.0,0.0], [-Infinity,Infinity], [0.0,0.0], [0.0,0.0], [-Infinity,Infinity], [0.0,0.0], [0.0,0.0], [0.0,0.0], [0.0,0.0], [0.0,0.0], [0.0,0.0]]
EXIT 4 IfStatement_3 [[1.0,-1.0], [1.0,-1.0], [1.0,-1.0], [1.0,-1.0], [1.0,-1.0], [1.0,-1.0], [1.0,-1.0], [1.0,-1.0], [1.0,-1.0], [1.0,-1.0], [1.0,-1.0], [1.0,-1.0], [1.0,-1.0], [1.0,-1.0], [1.0,-1.0]]
ENTRY 4 ExpressionStatement_6 [[-Infinity,Infinity], [0.0,0.0], [0.0,0.0], [7.0,7.0], [0.0,0.0], [-Infinity,Infinity], [0.0,0.0], [0.0,0.0], [-Infinity,Infinity], [0.0,0.0], [0.0,0.0], [0.0,0.0], [0.0,0.0], [0.0,0.0], [0.0,0.0]]
EXIT 4 ExpressionStatement_6 [[-Infinity,Infinity], [0.0,0.0], [0.0,0.0], [7.0,7.0], [0.0,0.0], [-Infinity,Infinity], [0.0,0.0], [0.0,0.0], [-Infinity,Infinity], [0.0,0.0], [0.0,0.0], [0.0,0.0], [0.0,0.0], [0.0,0.0], [0.0,0.0]]
ENTRY 4 IfConditionJoin_3 [[-Infinity,Infinity], [0.0,0.0], [0.0,0.0], [7.0,7.0], [0.0,0.0], [-Infinity,Infinity], [0.0,0.0], [0.0,0.0], [-Infinity,Infinity], [0.0,0.0], [0.0,0.0], [0.0,0.0], [0.0,0.0], [0.0,0.0], [0.0,0.0]]
EXIT 4 IfConditionJoin_3 [[-Infinity,Infinity], [0.0,0.0], [0.0,0.0], [7.0,7.0], [0.0,0.0], [-Infinity,Infinity], [0.0,0.0], [0.0,0.0], [-Infinity,Infinity], [0.0,0.0], [0.0,0.0], [0.0,0.0], [0.0,0.0], [0.0,0.0], [0.0,0.0]]
ENTRY 4 FunctionExit_1 [[-Infinity,Infinity], [0.0,0.0], [0.0,0.0], [7.0,7.0], [0.0,0.0], [-Infinity,Infinity], [0.0,0.0], [0.0,0.0], [-Infinity,Infinity], [0.0,0.0], [0.0,0.0], [0.0,0.0], [0.0,0.0], [0.0,0.0], [0.0,0.0]]
EXIT 4 FunctionExit_1 [[-Infinity,Infinity], [0.0,0.0], [0.0,0.0], [7.0,7.0], [0.0,0.0], [-Infinity,Infinity], [0.0,0.0], [0.0,0.0], [-Infinity,Infinity], [0.0,0.0], [0.0,0.0], [0.0,0.0], [0.0,0.0], [0.0,0.0], [0.0,0.0]]
ENTRY 4 FunctionDefinition_2 [[-Infinity,Infinity], [0.0,0.0], [0.0,0.0], [7.0,7.0], [0.0,0.0], [0.0,0.0], [0.0,0.0], [0.0,0.0], [0.0,0.0], [0.0,0.0], [0.0,0.0], [0.0,0.0], [0.0,0.0], [0.0,0.0], [0.0,0.0]]
EXIT 4 FunctionDefinition_2 [[-Infinity,Infinity], [0.0,0.0], [0.0,0.0], [7.0,7.0], [0.0,0.0], [0.0,0.0], [0.0,0.0], [0.0,0.0], [0.0,0.0], [0.0,0.0], [0.0,0.0], [0.0,0.0], [0.0,0.0], [0.0,0.0], [0.0,0.0]]
ENTRY 4 FunctionEntry_2 [[-Infinity,Infinity], [0.0,0.0], [0.0,0.0], [7.0,7.0], [0.0,0.0], [0.0,0.0], [0.0,0.0], [0.0,0.0], [0.0,0.0], [0.0,0.0], [0.0,0.0], [0.0,0.0], [0.0,0.0], [0.0,0.0], [0.0,0.0]]
EXIT 4 FunctionEntry_2 [[-Infinity,Infinity], [0.0,0.0], [0.0,0.0], [7.0,7.0], [0.0,0.0], [0.0,0.0], [0.0,0.0], [0.0,0.0], [0.0,0.0], [0.0,0.0], [0.0,0.0], [0.0,0.0], [0.0,0.0], [0.0,0.0], [0.0,0.0]]
ENTRY 4 ExpressionStatement_7 [[-Infinity,Infinity], [0.0,0.0], [0.0,0.0], [7.0,7.0], [0.0,0.0], [0.0,0.0], [0.0,0.0], [0.0,0.0], [0.0,0.0], [0.0,0.0], [0.0,0.0], [0.0,0.0], [0.0,0.0], [0.0,0.0], [0.0,0.0]]
EXIT 4 ExpressionStatement_7 [[-Infinity,Infinity], [0.0,0.0], [0.0,0.0], [7.0,7.0], [0.0,0.0], [0.0,0.0], [0.0,0.0], [0.0,0.0], [0.0,0.0], [-8.0,8.0], [0.0,0.0], [0.0,0.0], [0.0,0.0], [0.0,0.0], [0.0,0.0]]
ENTRY 4 FunctionExit_2 [[-Infinity,Infinity], [0.0,0.0], [0.0,0.0], [7.0,7.0], [0.0,0.0], [0.0,0.0], [0.0,0.0], [0.0,0.0], [0.0,0.0], [-8.0,8.0], [0.0,0.0], [0.0,0.0], [0.0,0.0], [0.0,0.0], [0.0,0.0]]
EXIT 4 FunctionExit_2 [[-Infinity,Infinity], [0.0,0.0], [0.0,0.0], [7.0,7.0], [0.0,0.0], [0.0,0.0], [0.0,0.0], [0.0,0.0], [0.0,0.0], [-8.0,8.0], [0.0,0.0], [0.0,0.0], [0.0,0.0], [0.0,0.0], [0.0,0.0]]
ENTRY 4 FunctionDefinition_3 [[-Infinity,Infinity], [0.0,0.0], [0.0,0.0], [7.0,7.0], [0.0,0.0], [0.0,0.0], [0.0,0.0], [0.0,0.0], [0.0,0.0], [0.0,0.0], [0.0,0.0], [0.0,0.0], [0.0,0.0], [0.0,0.0], [0.0,0.0]]
EXIT 4 FunctionDefinition_3 [[-Infinity,Infinity], [0.0,0.0], [0.0,0.0], [7.0,7.0], [0.0,0.0], [0.0,0.0], [0.0,0.0], [0.0,0.0], [0.0,0.0], [0.0,0.0], [0.0,0.0], [0.0,0.0], [0.0,0.0], [0.0,0.0], [0.0,0.0]]
ENTRY 4 FunctionEntry_3 [[-Infinity,Infinity], [0.0,0.0], [0.0,0.0], [7.0,7.0], [0.0,0.0], [0.0,0.0], [0.0,0.0], [0.0,0.0], [0.0,0.0], [0.0,0.0], [0.0,0.0], [0.0,0.0], [0.0,0.0], [0.0,0.0], [0.0,0.0]]
EXIT 4 FunctionEntry_3 [[-Infinity,Infinity], [0.0,0.0], [0.0,0.0], [7.0,7.0], [0.0,0.0], [0.0,0.0], [0.0,0.0], [0.0,0.0], [0.0,0.0], [0.0,0.0], [0.0,0.0], [0.0,0.0], [0.0,0.0], [0.0,0.0], [0.0,0.0]]
ENTRY 4 ExpressionStatement_8 [[-Infinity,Infinity], [0.0,0.0], [0.0,0.0], [7.0,7.0], [0.0,0.0], [0.0,0.0], [0.0,0.0], [0.0,0.0], [0.0,0.0], [0.0,0.0], [0.0,0.0], [0.0,0.0], [0.0,0.0], [0.0,0.0], [0.0,0.0]]
EXIT 4 ExpressionStatement_8 [[-Infinity,Infinity], [-Infinity,Infinity], [0.0,0.0], [7.0,7.0], [0.0,0.0], [0.0,0.0], [0.0,0.0], [0.0,0.0], [0.0,0.0], [0.0,0.0], [0.0,0.0], [0.0,0.0], [0.0,0.0], [0.0,0.0], [0.0,0.0]]
ENTRY 4 ExpressionStatement_9 [[-Infinity,Infinity], [-Infinity,Infinity], [0.0,0.0], [7.0,7.0], [0.0,0.0], [0.0,0.0], [0.0,0.0], [0.0,0.0], [0.0,0.0], [0.0,0.0], [0.0,0.0], [0.0,0.0], [0.0,0.0], [0.0,0.0], [0.0,0.0]]
EXIT 4 ExpressionStatement_9 [[-Infinity,Infinity], [-Infinity,Infinity], [-Infinity,Infinity], [7.0,7.0], [0.0,0.0], [0.0,0.0], [0.0,0.0], [0.0,0.0], [0.0,0.0], [0.0,0.0], [0.0,0.0], [0.0,0.0], [0.0,0.0], [0.0,0.0], [0.0,0.0]]
ENTRY 4 FunctionExit_3 [[-Infinity,Infinity], [-Infinity,Infinity], [-Infinity,Infinity], [7.0,7.0], [0.0,0.0], [0.0,0.0], [0.0,0.0], [0.0,0.0], [0.0,0.0], [0.0,0.0], [0.0,0.0], [0.0,0.0], [0.0,0.0], [0.0,0.0], [0.0,0.0]]
EXIT 4 FunctionExit_3 [[-Infinity,Infinity], [-Infinity,Infinity], [-Infinity,Infinity], [7.0,7.0], [0.0,0.0], [0.0,0.0], [0.0,0.0], [0.0,0.0], [0.0,0.0], [0.0,0.0], [0.0,0.0], [0.0,0.0], [0.0,0.0], [0.0,0.0], [0.0,0.0]]
ENTRY 4 FunctionDefinition_4 [[-Infinity,Infinity], [-Infinity,Infinity], [-Infinity,Infinity], [7.0,7.0], [0.0,0.0], [0.0,0.0], [0.0,0.0], [0.0,0.0], [0.0,0.0], [0.0,0.0], [0.0,0.0], [0.0,0.0], [0.0,0.0], [0.0,0.0], [0.0,0.0]]
EXIT 4 FunctionDefinition_4 [[-Infinity,Infinity], [-Infinity,Infinity], [-Infinity,Infinity], [7.0,7.0], [0.0,0.0], [0.0,0.0], [0.0,0.0], [0.0,0.0], [0.0,0.0], [0.0,0.0], [0.0,0.0], [0.0,0.0], [0.0,0.0], [0.0,0.0], [0.0,0.0]]
ENTRY 4 FunctionEntry_4 [[-Infinity,Infinity], [-Infinity,Infinity], [-Infinity,Infinity], [7.0,7.0], [0.0,0.0], [0.0,0.0], [0.0,0.0], [0.0,0.0], [0.0,0.0], [0.0,0.0], [0.0,0.0], [0.0,0.0], [0.0,0.0], [0.0,0.0], [0.0,0.0]]
EXIT 4 FunctionEntry_4 [[-Infinity,Infinity], [-Infinity,Infinity], [-Infinity,Infinity], [7.0,7.0], [0.0,0.0], [0.0,0.0], [0.0,0.0], [0.0,0.0], [0.0,0.0], [0.0,0.0], [0.0,0.0], [0.0,0.0], [0.0,0.0], [0.0,0.0], [0.0,0.0]]
ENTRY 4 ExpressionStatement_10 [[-Infinity,Infinity], [-Infinity,Infinity], [-Infinity,Infinity], [7.0,7.0], [0.0,0.0], [0.0,0.0], [0.0,0.0], [0.0,0.0], [0.0,0.0], [0.0,0.0], [0.0,0.0], [0.0,0.0], [0.0,0.0], [0.0,0.0], [0.0,0.0]]
EXIT 4 ExpressionStatement_10 [[-Infinity,Infinity], [-Infinity,Infinity], [-Infinity,Infinity], [7.0,7.0], [0.0,0.0], [0.0,0.0], [0.0,0.0], [0.0,0.0], [0.0,0.0], [0.0,0.0], [0.0,0.0], [0.0,0.0], [0.0,0.0], [0.0,0.0], [0.0,0.0]]
ENTRY 4 ExpressionStatement_11 [[-Infinity,Infinity], [-Infinity,Infinity], [-Infinity,Infinity], [7.0,7.0], [0.0,0.0], [0.0,0.0], [0.0,0.0], [0.0,0.0], [0.0,0.0], [0.0,0.0], [0.0,0.0], [0.0,0.0], [0.0,0.0], [0.0,0.0], [0.0,0.0]]
EXIT 4 ExpressionStatement_11 [[-Infinity,Infinity], [-Infinity,Infinity], [-Infinity,Infinity], [7.0,7.0], [0.0,0.0], [0.0,0.0], [0.0,0.0], [0.0,0.0], [0.0,0.0], [0.0,0.0], [0.0,0.0], [0.0,0.0], [0.0,0.0], [0.0,0.0], [0.0,0.0]]
ENTRY 4 FunctionExit_4 [[-Infinity,Infinity], [-Infinity,Infinity], [-Infinity,Infinity], [7.0,7.0], [0.0,0.0], [0.0,0.0], [0.0,0.0], [0.0,0.0], [0.0,0.0], [0.0,0.0], [0.0,0.0], [0.0,0.0], [0.0,0.0], [0.0,0.0], [0.0,0.0]]
EXIT 4 FunctionExit_4 [[-Infinity,Infinity], [-Infinity,Infinity], [-Infinity,Infinity], [7.0,7.0], [0.0,0.0], [0.0,0.0], [0.0,0.0], [0.0,0.0], [0.0,0.0], [0.0,0.0], [0.0,0.0], [0.0,0.0], [0.0,0.0], [0.0,0.0], [0.0,0.0]]
ENTRY 4 FunctionDefinition_5 [[-Infinity,Infinity], [-Infinity,Infinity], [-Infinity,Infinity], [7.0,7.0], [0.0,0.0], [0.0,0.0], [0.0,0.0], [0.0,0.0], [0.0,0.0], [0.0,0.0], [0.0,0.0], [0.0,0.0], [0.0,0.0], [0.0,0.0], [0.0,0.0]]
EXIT 4 FunctionDefinition_5 [[-Infinity,Infinity], [-Infinity,Infinity], [-Infinity,Infinity], [7.0,7.0], [0.0,0.0], [0.0,0.0], [0.0,0.0], [0.0,0.0], [0.0,0.0], [0.0,0.0], [0.0,0.0], [0.0,0.0], [0.0,0.0], [0.0,0.0], [0.0,0.0]]
ENTRY 4 FunctionEntry_5 [[-Infinity,Infinity], [-Infinity,Infinity], [-Infinity,Infinity], [7.0,7.0], [0.0,0.0], [0.0,0.0], [0.0,0.0], [0.0,0.0], [0.0,0.0], [0.0,0.0], [0.0,0.0], [0.0,0.0], [0.0,0.0], [0.0,0.0], [0.0,0.0]]
EXIT 4 FunctionEntry_5 [[-Infinity,Infinity], [-Infinity,Infinity], [-Infinity,Infinity], [7.0,7.0], [0.0,0.0], [0.0,0.0], [0.0,0.0], [0.0,0.0], [0.0,0.0], [0.0,0.0], [0.0,0.0], [0.0,0.0], [0.0,0.0], [0.0,0.0], [0.0,0.0]]
ENTRY 4 ExpressionStatement_12 [[-Infinity,Infinity], [-Infinity,Infinity], [-Infinity,Infinity], [7.0,7.0], [0.0,0.0], [0.0,0.0], [0.0,0.0], [0.0,0.0], [0.0,0.0], [0.0,0.0], [0.0,0.0], [0.0,0.0], [0.0,0.0], [0.0,0.0], [0.0,0.0]]
EXIT 4 ExpressionStatement_12 [[-Infinity,Infinity], [-Infinity,Infinity], [-Infinity,Infinity], [7.0,7.0], [0.0,0.0], [0.0,0.0], [0.0,0.0], [0.0,0.0], [0.0,0.0], [0.0,0.0], [0.0,0.0], [0.0,0.0], [0.0,0.0], [0.0,0.0], [0.0,0.0]]
ENTRY 4 VariableDeclarationStatement_1 [[-Infinity,Infinity], [-Infinity,Infinity], [-Infinity,Infinity], [7.0,7.0], [0.0,0.0], [0.0,0.0], [0.0,0.0], [0.0,0.0], [0.0,0.0], [0.0,0.0], [0.0,0.0], [0.0,0.0], [0.0,0.0], [0.0,0.0], [0.0,0.0]]
EXIT 4 VariableDeclarationStatement_1 [[-Infinity,Infinity], [-Infinity,Infinity], [-Infinity,Infinity], [7.0,7.0], [0.0,0.0], [0.0,0.0], [0.0,0.0], [0.0,0.0], [0.0,0.0], [0.0,0.0], [0.0,0.0], [0.0,0.0], [0.0,0.0], [0.0,0.0], [0.0,0.0]]
ENTRY 4 ExpressionStatement_13 [[-Infinity,Infinity], [-Infinity,Infinity], [-Infinity,Infinity], [7.0,7.0], [0.0,0.0], [0.0,0.0], [0.0,0.0], [0.0,0.0], [0.0,0.0], [0.0,0.0], [0.0,0.0], [0.0,0.0], [0.0,0.0], [0.0,0.0], [0.0,0.0]]
EXIT 4 ExpressionStatement_13 [[-Infinity,Infinity], [-Infinity,Infinity], [-Infinity,Infinity], [7.0,7.0], [0.0,0.0], [0.0,0.0], [0.0,0.0], [0.0,0.0], [0.0,0.0], [0.0,0.0], [0.0,0.0], [-Infinity,Infinity], [0.0,0.0], [0.0,0.0], [0.0,0.0]]
ENTRY 4 ExpressionStatement_14 [[-Infinity,Infinity], [-Infinity,Infinity], [-Infinity,Infinity], [7.0,7.0], [0.0,0.0], [0.0,0.0], [0.0,0.0], [0.0,0.0], [0.0,0.0], [0.0,0.0], [0.0,0.0], [-Infinity,Infinity], [0.0,0.0], [0.0,0.0], [0.0,0.0]]
EXIT 4 ExpressionStatement_14 [[-Infinity,Infinity], [-Infinity,Infinity], [-Infinity,Infinity], [7.0,7.0], [0.0,0.0], [0.0,0.0], [0.0,0.0], [0.0,0.0], [0.0,0.0], [0.0,0.0], [0.0,0.0], [-Infinity,Infinity], [-Infinity,Infinity], [0.0,0.0], [0.0,0.0]]
ENTRY 4 ExpressionStatement_15 [[-Infinity,Infinity], [-Infinity,Infinity], [-Infinity,Infinity], [7.0,7.0], [0.0,0.0], [0.0,0.0], [0.0,0.0], [0.0,0.0], [0.0,0.0], [0.0,0.0], [0.0,0.0], [-Infinity,Infinity], [-Infinity,Infinity], [0.0,0.0], [0.0,0.0]]
EXIT 4 ExpressionStatement_15 [[-Infinity,Infinity], [-Infinity,Infinity], [-Infinity,Infinity], [7.0,7.0], [0.0,0.0], [0.0,0.0], [0.0,0.0], [0.0,0.0], [0.0,0.0], [0.0,0.0], [0.0,0.0], [-Infinity,Infinity], [-Infinity,Infinity], [-Infinity,Infinity], [0.0,0.0]]
ENTRY 4 ExpressionStatement_16 [[-Infinity,Infinity], [-Infinity,Infinity], [-Infinity,Infinity], [7.0,7.0], [0.0,0.0], [0.0,0.0], [0.0,0.0], [0.0,0.0], [0.0,0.0], [0.0,0.0], [0.0,0.0], [-Infinity,Infinity], [-Infinity,Infinity], [-Infinity,Infinity], [0.0,0.0]]
EXIT 4 ExpressionStatement_16 [[-Infinity,Infinity], [-Infinity,Infinity], [-Infinity,Infinity], [7.0,7.0], [0.0,0.0], [0.0,0.0], [0.0,0.0], [0.0,0.0], [0.0,0.0], [0.0,0.0], [0.0,0.0], [-Infinity,Infinity], [-Infinity,Infinity], [-Infinity,Infinity], [-Infinity,Infinity]]
ENTRY 4 ExpressionStatement_17 [[-Infinity,Infinity], [-Infinity,Infinity], [-Infinity,Infinity], [7.0,7.0], [0.0,0.0], [0.0,0.0], [0.0,0.0], [0.0,0.0], [0.0,0.0], [0.0,0.0], [0.0,0.0], [-Infinity,Infinity], [-Infinity,Infinity], [-Infinity,Infinity], [-Infinity,Infinity]]
EXIT 4 ExpressionStatement_17 [[-Infinity,Infinity], [-Infinity,Infinity], [-Infinity,Infinity], [7.0,7.0], [0.0,0.0], [0.0,0.0], [0.0,0.0], [0.0,0.0], [0.0,0.0], [0.0,0.0], [0.0,0.0], [-Infinity,Infinity], [-Infinity,Infinity], [-Infinity,Infinity], [-Infinity,Infinity]]
ENTRY 4 FunctionExit_5 [[-Infinity,Infinity], [-Infinity,Infinity], [-Infinity,Infinity], [7.0,7.0], [0.0,0.0], [0.0,0.0], [0.0,0.0], [0.0,0.0], [0.0,0.0], [0.0,0.0], [0.0,0.0], [-Infinity,Infinity], [-Infinity,Infinity], [-Infinity,Infinity], [-Infinity,Infinity]]
EXIT 4 FunctionExit_5 [[-Infinity,Infinity], [-Infinity,Infinity], [-Infinity,Infinity], [7.0,7.0], [0.0,0.0], [0.0,0.0], [0.0,0.0], [0.0,0.0], [0.0,0.0], [0.0,0.0], [0.0,0.0], [-Infinity,Infinity], [-Infinity,Infinity], [-Infinity,Infinity], [-Infinity,Infinity]]
ENTRY 4 FunctionDefinition_6 [[-Infinity,Infinity], [-Infinity,Infinity], [-Infinity,Infinity], [7.0,7.0], [0.0,0.0], [0.0,0.0], [0.0,0.0], [0.0,0.0], [0.0,0.0], [0.0,0.0], [0.0,0.0], [0.0,0.0], [0.0,0.0], [0.0,0.0], [0.0,0.0]]
EXIT 4 FunctionDefinition_6 [[-Infinity,Infinity], [-Infinity,Infinity], [-Infinity,Infinity], [7.0,7.0], [0.0,0.0], [0.0,0.0], [0.0,0.0], [0.0,0.0], [0.0,0.0], [0.0,0.0], [0.0,0.0], [0.0,0.0], [0.0,0.0], [0.0,0.0], [0.0,0.0]]
ENTRY 4 FunctionEntry_6 [[-Infinity,Infinity], [-Infinity,Infinity], [-Infinity,Infinity], [7.0,7.0], [0.0,0.0], [0.0,0.0], [0.0,0.0], [0.0,0.0], [0.0,0.0], [0.0,0.0], [0.0,0.0], [0.0,0.0], [0.0,0.0], [0.0,0.0], [0.0,0.0]]
EXIT 4 FunctionEntry_6 [[-Infinity,Infinity], [-Infinity,Infinity], [-Infinity,Infinity], [7.0,7.0], [0.0,0.0], [0.0,0.0], [0.0,0.0], [0.0,0.0], [0.0,0.0], [0.0,0.0], [0.0,0.0], [0.0,0.0], [0.0,0.0], [0.0,0.0], [0.0,0.0]]
ENTRY 4 IfStatement_4 [[-Infinity,Infinity], [-Infinity,Infinity], [-Infinity,Infinity], [7.0,7.0], [0.0,0.0], [0.0,0.0], [0.0,0.0], [0.0,0.0], [0.0,0.0], [0.0,0.0], [0.0,0.0], [0.0,0.0], [0.0,0.0], [0.0,0.0], [0.0,0.0]]
EXIT 4 IfStatement_4 [[1.0,-1.0], [1.0,-1.0], [1.0,-1.0], [1.0,-1.0], [1.0,-1.0], [1.0,-1.0], [1.0,-1.0], [1.0,-1.0], [1.0,-1.0], [1.0,-1.0], [1.0,-1.0], [1.0,-1.0], [1.0,-1.0], [1.0,-1.0], [1.0,-1.0]]
ENTRY 4 ExpressionStatement_18 [[-Infinity,Infinity], [-Infinity,Infinity], [-Infinity,Infinity], [7.0,7.0], [0.0,0.0], [0.0,0.0], [0.0,0.0], [0.0,0.0], [0.0,0.0], [0.0,0.0], [0.0,0.0], [0.0,0.0], [0.0,0.0], [0.0,0.0], [0.0,0.0]]
EXIT 4 ExpressionStatement_18 [[-Infinity,Infinity], [-Infinity,Infinity], [-Infinity,Infinity], [7.0,7.0], [0.0,0.0], [0.0,0.0], [0.0,0.0], [0.0,0.0], [0.0,0.0], [0.0,0.0], [0.0,0.0], [0.0,0.0], [0.0,0.0], [0.0,0.0], [0.0,0.0]]
ENTRY 4 IfConditionJoin_4 [[-Infinity,Infinity], [-Infinity,Infinity], [-Infinity,Infinity], [7.0,7.0], [0.0,0.0], [0.0,0.0], [0.0,0.0], [0.0,0.0], [0.0,0.0], [0.0,0.0], [0.0,0.0], [0.0,0.0], [0.0,0.0], [0.0,0.0], [0.0,0.0]]
EXIT 4 IfConditionJoin_4 [[-Infinity,Infinity], [-Infinity,Infinity], [-Infinity,Infinity], [7.0,7.0], [0.0,0.0], [0.0,0.0], [0.0,0.0], [0.0,0.0], [0.0,0.0], [0.0,0.0], [0.0,0.0], [0.0,0.0], [0.0,0.0], [0.0,0.0], [0.0,0.0]]
ENTRY 4 FunctionExit_6 [[-Infinity,Infinity], [-Infinity,Infinity], [-Infinity,Infinity], [7.0,7.0], [0.0,0.0], [0.0,0.0], [0.0,0.0], [0.0,0.0], [0.0,0.0], [0.0,0.0], [0.0,0.0], [0.0,0.0], [0.0,0.0], [0.0,0.0], [0.0,0.0]]
EXIT 4 FunctionExit_6 [[-Infinity,Infinity], [-Infinity,Infinity], [-Infinity,Infinity], [7.0,7.0], [0.0,0.0], [0.0,0.0], [0.0,0.0], [0.0,0.0], [0.0,0.0], [0.0,0.0], [0.0,0.0], [0.0,0.0], [0.0,0.0], [0.0,0.0], [0.0,0.0]]
