
===== REENTRANCY (Box domain, transformed source) =====
ENTRY 1 SourceEntry_0 [[0.0,0.0], [0.0,0.0], [0.0,0.0], [0.0,0.0], [0.0,0.0]]
EXIT 1 SourceEntry_0 [[0.0,0.0], [0.0,0.0], [0.0,0.0], [0.0,0.0], [0.0,0.0]]
ENTRY 1 SourceUnit_0 [[0.0,0.0], [0.0,0.0], [0.0,0.0], [0.0,0.0], [0.0,0.0]]
EXIT 1 SourceUnit_0 [[0.0,0.0], [0.0,0.0], [0.0,0.0], [0.0,0.0], [0.0,0.0]]
ENTRY 1 PragmaDirective_0 [[0.0,0.0], [0.0,0.0], [0.0,0.0], [0.0,0.0], [0.0,0.0]]
EXIT 1 PragmaDirective_0 [[0.0,0.0], [0.0,0.0], [0.0,0.0], [0.0,0.0], [0.0,0.0]]
ENTRY 1 SourceExit_0 [[0.0,0.0], [0.0,0.0], [0.0,0.0], [0.0,0.0], [0.0,0.0]]
EXIT 1 SourceExit_0 [[0.0,0.0], [0.0,0.0], [0.0,0.0], [0.0,0.0], [0.0,0.0]]
ENTRY 1 ContractDefinition_0 [[0.0,0.0], [0.0,0.0], [0.0,0.0], [0.0,0.0], [0.0,0.0]]
EXIT 1 ContractDefinition_0 [[0.0,0.0], [0.0,0.0], [0.0,0.0], [0.0,0.0], [0.0,0.0]]
ENTRY 1 VariableDeclaration_0 [[0.0,0.0], [0.0,0.0], [0.0,0.0], [0.0,0.0], [0.0,0.0]]
EXIT 1 VariableDeclaration_0 [[100.0,100.0], [0.0,0.0], [0.0,0.0], [0.0,0.0], [0.0,0.0]]
ENTRY 1 VariableDeclaration_1 [[0.0,0.0], [0.0,0.0], [0.0,0.0], [0.0,0.0], [0.0,0.0]]
EXIT 1 VariableDeclaration_1 [[0.0,0.0], [10.0,10.0], [0.0,0.0], [0.0,0.0], [0.0,0.0]]
ENTRY 1 VariableDeclaration_2 [[0.0,0.0], [0.0,0.0], [0.0,0.0], [0.0,0.0], [0.0,0.0]]
EXIT 1 VariableDeclaration_2 [[0.0,0.0], [0.0,0.0], [0.0,0.0], [0.0,0.0], [0.0,0.0]]
ENTRY 1 VariableDeclaration_3 [[0.0,0.0], [0.0,0.0], [0.0,0.0], [0.0,0.0], [0.0,0.0]]
EXIT 1 VariableDeclaration_3 [[0.0,0.0], [0.0,0.0], [0.0,0.0], [40.0,40.0], [0.0,0.0]]
ENTRY 1 VariableDeclaration_4 [[0.0,0.0], [0.0,0.0], [0.0,0.0], [0.0,0.0], [0.0,0.0]]
EXIT 1 VariableDeclaration_4 [[0.0,0.0], [0.0,0.0], [0.0,0.0], [0.0,0.0], [0.0,0.0]]
ENTRY 1 ModifierDefinition_0 [[0.0,0.0], [0.0,0.0], [0.0,0.0], [0.0,0.0], [0.0,0.0]]
EXIT 1 ModifierDefinition_0 [[100.0,100.0], [10.0,10.0], [0.0,0.0], [40.0,40.0], [0.0,0.0]]
ENTRY 1 FunctionDefinition_0 [[0.0,0.0], [0.0,0.0], [0.0,0.0], [0.0,0.0], [0.0,0.0]]
EXIT 1 FunctionDefinition_0 [[0.0,0.0], [0.0,0.0], [0.0,0.0], [0.0,0.0], [0.0,0.0]]
ENTRY 1 FunctionEntry_0 [[0.0,0.0], [0.0,0.0], [0.0,0.0], [0.0,0.0], [0.0,0.0]]
EXIT 1 FunctionEntry_0 [[0.0,0.0], [0.0,0.0], [0.0,0.0], [0.0,0.0], [0.0,0.0]]
ENTRY 1 ExpressionStatement_0 [[0.0,0.0], [0.0,0.0], [0.0,0.0], [0.0,0.0], [0.0,0.0]]
EXIT 1 ExpressionStatement_0 [[0.0,0.0], [0.0,0.0], [0.0,0.0], [0.0,0.0], [0.0,0.0]]
ENTRY 1 IfStatement_0 [[0.0,0.0], [0.0,0.0], [0.0,0.0], [0.0,0.0], [0.0,0.0]]
EXIT 1 IfStatement_0 [[1.0,-1.0], [1.0,-1.0], [1.0,-1.0], [1.0,-1.0], [1.0,-1.0]]
ENTRY 1 ExpressionStatement_1 [[0.0,0.0], [0.0,0.0], [0.0,0.0], [0.0,0.0], [0.0,0.0]]
EXIT 1 ExpressionStatement_1 [[-10.0,-10.0], [0.0,0.0], [0.0,0.0], [0.0,0.0], [0.0,0.0]]
ENTRY 1 ExpressionStatement_2 [[-10.0,-10.0], [0.0,0.0], [0.0,0.0], [0.0,0.0], [0.0,0.0]]
EXIT 1 ExpressionStatement_2 [[-10.0,-10.0], [10.0,10.0], [0.0,0.0], [0.0,0.0], [0.0,0.0]]
ENTRY 1 IfConditionJoin_0 [[-10.0,0.0], [0.0,10.0], [0.0,0.0], [0.0,0.0], [0.0,0.0]]
EXIT 1 IfConditionJoin_0 [[-10.0,0.0], [0.0,10.0], [0.0,0.0], [0.0,0.0], [0.0,0.0]]
ENTRY 1 ExpressionStatement_3 [[-10.0,0.0], [0.0,10.0], [0.0,0.0], [0.0,0.0], [0.0,0.0]]
EXIT 1 ExpressionStatement_3 [[-10.0,0.0], [0.0,10.0], [0.0,0.0], [10.0,10.0], [0.0,0.0]]
ENTRY 1 FunctionExit_0 [[-10.0,0.0], [0.0,10.0], [0.0,0.0], [10.0,10.0], [0.0,0.0]]
EXIT 1 FunctionExit_0 [[-10.0,0.0], [0.0,10.0], [0.0,0.0], [10.0,10.0], [0.0,0.0]]
ENTRY 2 SourceEntry_0 [[0.0,0.0], [0.0,0.0], [0.0,0.0], [0.0,0.0], [0.0,0.0]]
EXIT 2 SourceEntry_0 [[100.0,100.0], [10.0,10.0], [0.0,0.0], [40.0,40.0], [0.0,0.0]]
ENTRY 2 SourceUnit_0 [[100.0,100.0], [10.0,10.0], [0.0,0.0], [40.0,40.0], [0.0,0.0]]
EXIT 2 SourceUnit_0 [[100.0,100.0], [10.0,10.0], [0.0,0.0], [40.0,40.0], [0.0,0.0]]
ENTRY 2 PragmaDirective_0 [[100.0,100.0], [10.0,10.0], [0.0,0.0], [40.0,40.0], [0.0,0.0]]
EXIT 2 PragmaDirective_0 [[100.0,100.0], [10.0,10.0], [0.0,0.0], [40.0,40.0], [0.0,0.0]]
ENTRY 2 SourceExit_0 [[-10.0,100.0], [0.0,10.0], [0.0,0.0], [0.0,40.0], [0.0,0.0]]
EXIT 2 SourceExit_0 [[100.0,100.0], [10.0,10.0], [0.0,0.0], [40.0,40.0], [0.0,0.0]]
ENTRY 2 ContractDefinition_0 [[100.0,100.0], [10.0,10.0], [0.0,0.0], [40.0,40.0], [0.0,0.0]]
EXIT 2 ContractDefinition_0 [[100.0,100.0], [10.0,10.0], [0.0,0.0], [40.0,40.0], [0.0,0.0]]
ENTRY 2 VariableDeclaration_0 [[100.0,100.0], [10.0,10.0], [0.0,0.0], [40.0,40.0], [0.0,0.0]]
EXIT 2 VariableDeclaration_0 [[100.0,100.0], [10.0,10.0], [0.0,0.0], [40.0,40.0], [0.0,0.0]]
ENTRY 2 VariableDeclaration_1 [[100.0,100.0], [10.0,10.0], [0.0,0.0], [40.0,40.0], [0.0,0.0]]
EXIT 2 VariableDeclaration_1 [[100.0,100.0], [10.0,10.0], [0.0,0.0], [40.0,40.0], [0.0,0.0]]
ENTRY 2 VariableDeclaration_2 [[100.0,100.0], [10.0,10.0], [0.0,0.0], [40.0,40.0], [0.0,0.0]]
EXIT 2 VariableDeclaration_2 [[100.0,100.0], [10.0,10.0], [0.0,0.0], [40.0,40.0], [0.0,0.0]]
ENTRY 2 VariableDeclaration_3 [[100.0,100.0], [10.0,10.0], [0.0,0.0], [40.0,40.0], [0.0,0.0]]
EXIT 2 VariableDeclaration_3 [[100.0,100.0], [10.0,10.0], [0.0,0.0], [40.0,40.0], [0.0,0.0]]
ENTRY 2 VariableDeclaration_4 [[100.0,100.0], [10.0,10.0], [0.0,0.0], [40.0,40.0], [0.0,0.0]]
EXIT 2 VariableDeclaration_4 [[100.0,100.0], [10.0,10.0], [0.0,0.0], [40.0,40.0], [0.0,0.0]]
ENTRY 2 ModifierDefinition_0 [[100.0,100.0], [10.0,10.0], [0.0,0.0], [40.0,40.0], [0.0,0.0]]
EXIT 2 ModifierDefinition_0 [[100.0,100.0], [10.0,10.0], [0.0,0.0], [40.0,40.0], [0.0,0.0]]
ENTRY 2 FunctionDefinition_0 [[100.0,100.0], [10.0,10.0], [0.0,0.0], [40.0,40.0], [0.0,0.0]]
EXIT 2 FunctionDefinition_0 [[100.0,100.0], [10.0,10.0], [0.0,0.0], [40.0,40.0], [0.0,0.0]]
ENTRY 2 FunctionEntry_0 [[100.0,100.0], [10.0,10.0], [0.0,0.0], [40.0,40.0], [0.0,0.0]]
EXIT 2 FunctionEntry_0 [[100.0,100.0], [10.0,10.0], [0.0,0.0], [40.0,40.0], [0.0,0.0]]
ENTRY 2 ExpressionStatement_0 [[100.0,100.0], [10.0,10.0], [0.0,0.0], [40.0,40.0], [0.0,0.0]]
EXIT 2 ExpressionStatement_0 [[100.0,100.0], [10.0,10.0], [0.0,0.0], [40.0,40.0], [0.0,0.0]]
ENTRY 2 IfStatement_0 [[-10.0,100.0], [10.0,10.0], [0.0,0.0], [0.0,40.0], [0.0,0.0]]
EXIT 2 IfStatement_0 [[1.0,-1.0], [1.0,-1.0], [1.0,-1.0], [1.0,-1.0], [1.0,-1.0]]
ENTRY 2 ExpressionStatement_1 [[-10.0,100.0], [10.0,10.0], [0.0,0.0], [0.0,40.0], [0.0,0.0]]
EXIT 2 ExpressionStatement_1 [[-20.0,90.0], [10.0,10.0], [0.0,0.0], [0.0,40.0], [0.0,0.0]]
ENTRY 2 ExpressionStatement_2 [[-20.0,90.0], [10.0,10.0], [0.0,0.0], [0.0,40.0], [0.0,0.0]]
EXIT 2 ExpressionStatement_2 [[-20.0,90.0], [20.0,20.0], [0.0,0.0], [0.0,40.0], [0.0,0.0]]
ENTRY 2 IfConditionJoin_0 [[-20.0,100.0], [10.0,20.0], [0.0,0.0], [0.0,40.0], [0.0,0.0]]
EXIT 2 IfConditionJoin_0 [[-20.0,100.0], [10.0,20.0], [0.0,0.0], [0.0,40.0], [0.0,0.0]]
ENTRY 2 ExpressionStatement_3 [[-20.0,100.0], [10.0,20.0], [0.0,0.0], [0.0,40.0], [0.0,0.0]]
EXIT 2 ExpressionStatement_3 [[-20.0,100.0], [10.0,20.0], [0.0,0.0], [10.0,10.0], [0.0,0.0]]
ENTRY 2 FunctionExit_0 [[-20.0,100.0], [10.0,20.0], [0.0,0.0], [10.0,10.0], [0.0,0.0]]
EXIT 2 FunctionExit_0 [[-20.0,100.0], [10.0,20.0], [0.0,0.0], [10.0,10.0], [0.0,0.0]]
ENTRY 3 SourceEntry_0 [[0.0,0.0], [0.0,0.0], [0.0,0.0], [0.0,0.0], [0.0,0.0]]
EXIT 3 SourceEntry_0 [[100.0,100.0], [10.0,10.0], [0.0,0.0], [40.0,40.0], [0.0,0.0]]
ENTRY 3 SourceUnit_0 [[100.0,100.0], [10.0,10.0], [0.0,0.0], [40.0,40.0], [0.0,0.0]]
EXIT 3 SourceUnit_0 [[100.0,100.0], [10.0,10.0], [0.0,0.0], [40.0,40.0], [0.0,0.0]]
ENTRY 3 PragmaDirective_0 [[100.0,100.0], [10.0,10.0], [0.0,0.0], [40.0,40.0], [0.0,0.0]]
EXIT 3 PragmaDirective_0 [[100.0,100.0], [10.0,10.0], [0.0,0.0], [40.0,40.0], [0.0,0.0]]
ENTRY 3 SourceExit_0 [[-20.0,100.0], [10.0,20.0], [0.0,0.0], [10.0,40.0], [0.0,0.0]]
EXIT 3 SourceExit_0 [[100.0,100.0], [10.0,10.0], [0.0,0.0], [40.0,40.0], [0.0,0.0]]
ENTRY 3 ContractDefinition_0 [[100.0,100.0], [10.0,10.0], [0.0,0.0], [40.0,40.0], [0.0,0.0]]
EXIT 3 ContractDefinition_0 [[100.0,100.0], [10.0,10.0], [0.0,0.0], [40.0,40.0], [0.0,0.0]]
ENTRY 3 VariableDeclaration_0 [[100.0,100.0], [10.0,10.0], [0.0,0.0], [40.0,40.0], [0.0,0.0]]
EXIT 3 VariableDeclaration_0 [[100.0,100.0], [10.0,10.0], [0.0,0.0], [40.0,40.0], [0.0,0.0]]
ENTRY 3 VariableDeclaration_1 [[100.0,100.0], [10.0,10.0], [0.0,0.0], [40.0,40.0], [0.0,0.0]]
EXIT 3 VariableDeclaration_1 [[100.0,100.0], [10.0,10.0], [0.0,0.0], [40.0,40.0], [0.0,0.0]]
ENTRY 3 VariableDeclaration_2 [[100.0,100.0], [10.0,10.0], [0.0,0.0], [40.0,40.0], [0.0,0.0]]
EXIT 3 VariableDeclaration_2 [[100.0,100.0], [10.0,10.0], [0.0,0.0], [40.0,40.0], [0.0,0.0]]
ENTRY 3 VariableDeclaration_3 [[100.0,100.0], [10.0,10.0], [0.0,0.0], [40.0,40.0], [0.0,0.0]]
EXIT 3 VariableDeclaration_3 [[100.0,100.0], [10.0,10.0], [0.0,0.0], [40.0,40.0], [0.0,0.0]]
ENTRY 3 VariableDeclaration_4 [[100.0,100.0], [10.0,10.0], [0.0,0.0], [40.0,40.0], [0.0,0.0]]
EXIT 3 VariableDeclaration_4 [[100.0,100.0], [10.0,10.0], [0.0,0.0], [40.0,40.0], [0.0,0.0]]
ENTRY 3 ModifierDefinition_0 [[100.0,100.0], [10.0,10.0], [0.0,0.0], [40.0,40.0], [0.0,0.0]]
EXIT 3 ModifierDefinition_0 [[100.0,100.0], [10.0,10.0], [0.0,0.0], [40.0,40.0], [0.0,0.0]]
ENTRY 3 FunctionDefinition_0 [[100.0,100.0], [10.0,10.0], [0.0,0.0], [40.0,40.0], [0.0,0.0]]
EXIT 3 FunctionDefinition_0 [[100.0,100.0], [10.0,10.0], [0.0,0.0], [40.0,40.0], [0.0,0.0]]
ENTRY 3 FunctionEntry_0 [[100.0,100.0], [10.0,10.0], [0.0,0.0], [40.0,40.0], [0.0,0.0]]
EXIT 3 FunctionEntry_0 [[100.0,100.0], [10.0,10.0], [0.0,0.0], [40.0,40.0], [0.0,0.0]]
ENTRY 3 ExpressionStatement_0 [[100.0,100.0], [10.0,10.0], [0.0,0.0], [40.0,40.0], [0.0,0.0]]
EXIT 3 ExpressionStatement_0 [[100.0,100.0], [10.0,10.0], [0.0,0.0], [40.0,40.0], [0.0,0.0]]
ENTRY 3 IfStatement_0 [[-20.0,100.0], [10.0,20.0], [0.0,0.0], [0.0,40.0], [0.0,0.0]]
EXIT 3 IfStatement_0 [[1.0,-1.0], [1.0,-1.0], [1.0,-1.0], [1.0,-1.0], [1.0,-1.0]]
ENTRY 3 ExpressionStatement_1 [[-20.0,100.0], [10.0,20.0], [0.0,0.0], [0.0,40.0], [0.0,0.0]]
EXIT 3 ExpressionStatement_1 [[-30.0,90.0], [10.0,20.0], [0.0,0.0], [0.0,40.0], [0.0,0.0]]
ENTRY 3 ExpressionStatement_2 [[-30.0,90.0], [10.0,20.0], [0.0,0.0], [0.0,40.0], [0.0,0.0]]
EXIT 3 ExpressionStatement_2 [[-30.0,90.0], [20.0,30.0], [0.0,0.0], [0.0,40.0], [0.0,0.0]]
ENTRY 3 IfConditionJoin_0 [[-30.0,100.0], [10.0,30.0], [0.0,0.0], [0.0,40.0], [0.0,0.0]]
EXIT 3 IfConditionJoin_0 [[-30.0,100.0], [10.0,30.0], [0.0,0.0], [0.0,40.0], [0.0,0.0]]
ENTRY 3 ExpressionStatement_3 [[-30.0,100.0], [10.0,30.0], [0.0,0.0], [0.0,40.0], [0.0,0.0]]
EXIT 3 ExpressionStatement_3 [[-30.0,100.0], [10.0,30.0], [0.0,0.0], [10.0,10.0], [0.0,0.0]]
ENTRY 3 FunctionExit_0 [[-30.0,100.0], [10.0,30.0], [0.0,0.0], [10.0,10.0], [0.0,0.0]]
EXIT 3 FunctionExit_0 [[-30.0,100.0], [10.0,30.0], [0.0,0.0], [10.0,10.0], [0.0,0.0]]
ENTRY 4 SourceEntry_0 [[0.0,0.0], [0.0,0.0], [0.0,0.0], [0.0,0.0], [0.0,0.0]]
EXIT 4 SourceEntry_0 [[100.0,100.0], [10.0,10.0], [0.0,0.0], [40.0,40.0], [0.0,0.0]]
ENTRY 4 SourceUnit_0 [[100.0,100.0], [10.0,10.0], [0.0,0.0], [40.0,40.0], [0.0,0.0]]
EXIT 4 SourceUnit_0 [[100.0,100.0], [10.0,10.0], [0.0,0.0], [40.0,40.0], [0.0,0.0]]
ENTRY 4 PragmaDirective_0 [[100.0,100.0], [10.0,10.0], [0.0,0.0], [40.0,40.0], [0.0,0.0]]
EXIT 4 PragmaDirective_0 [[100.0,100.0], [10.0,10.0], [0.0,0.0], [40.0,40.0], [0.0,0.0]]
ENTRY 4 SourceExit_0 [[-30.0,100.0], [10.0,30.0], [0.0,0.0], [10.0,40.0], [0.0,0.0]]
EXIT 4 SourceExit_0 [[100.0,100.0], [10.0,10.0], [0.0,0.0], [40.0,40.0], [0.0,0.0]]
ENTRY 4 ContractDefinition_0 [[100.0,100.0], [10.0,10.0], [0.0,0.0], [40.0,40.0], [0.0,0.0]]
EXIT 4 ContractDefinition_0 [[100.0,100.0], [10.0,10.0], [0.0,0.0], [40.0,40.0], [0.0,0.0]]
ENTRY 4 VariableDeclaration_0 [[100.0,100.0], [10.0,10.0], [0.0,0.0], [40.0,40.0], [0.0,0.0]]
EXIT 4 VariableDeclaration_0 [[100.0,100.0], [10.0,10.0], [0.0,0.0], [40.0,40.0], [0.0,0.0]]
ENTRY 4 VariableDeclaration_1 [[100.0,100.0], [10.0,10.0], [0.0,0.0], [40.0,40.0], [0.0,0.0]]
EXIT 4 VariableDeclaration_1 [[100.0,100.0], [10.0,10.0], [0.0,0.0], [40.0,40.0], [0.0,0.0]]
ENTRY 4 VariableDeclaration_2 [[100.0,100.0], [10.0,10.0], [0.0,0.0], [40.0,40.0], [0.0,0.0]]
EXIT 4 VariableDeclaration_2 [[100.0,100.0], [10.0,10.0], [0.0,0.0], [40.0,40.0], [0.0,0.0]]
ENTRY 4 VariableDeclaration_3 [[100.0,100.0], [10.0,10.0], [0.0,0.0], [40.0,40.0], [0.0,0.0]]
EXIT 4 VariableDeclaration_3 [[100.0,100.0], [10.0,10.0], [0.0,0.0], [40.0,40.0], [0.0,0.0]]
ENTRY 4 VariableDeclaration_4 [[100.0,100.0], [10.0,10.0], [0.0,0.0], [40.0,40.0], [0.0,0.0]]
EXIT 4 VariableDeclaration_4 [[100.0,100.0], [10.0,10.0], [0.0,0.0], [40.0,40.0], [0.0,0.0]]
ENTRY 4 ModifierDefinition_0 [[100.0,100.0], [10.0,10.0], [0.0,0.0], [40.0,40.0], [0.0,0.0]]
EXIT 4 ModifierDefinition_0 [[100.0,100.0], [10.0,10.0], [0.0,0.0], [40.0,40.0], [0.0,0.0]]
ENTRY 4 FunctionDefinition_0 [[100.0,100.0], [10.0,10.0], [0.0,0.0], [40.0,40.0], [0.0,0.0]]
EXIT 4 FunctionDefinition_0 [[100.0,100.0], [10.0,10.0], [0.0,0.0], [40.0,40.0], [0.0,0.0]]
ENTRY 4 FunctionEntry_0 [[100.0,100.0], [10.0,10.0], [0.0,0.0], [40.0,40.0], [0.0,0.0]]
EXIT 4 FunctionEntry_0 [[100.0,100.0], [10.0,10.0], [0.0,0.0], [40.0,40.0], [0.0,0.0]]
ENTRY 4 ExpressionStatement_0 [[100.0,100.0], [10.0,10.0], [0.0,0.0], [40.0,40.0], [0.0,0.0]]
EXIT 4 ExpressionStatement_0 [[100.0,100.0], [10.0,10.0], [0.0,0.0], [40.0,40.0], [0.0,0.0]]
ENTRY 4 IfStatement_0 [[-30.0,100.0], [10.0,30.0], [0.0,0.0], [0.0,40.0], [0.0,0.0]]
EXIT 4 IfStatement_0 [[1.0,-1.0], [1.0,-1.0], [1.0,-1.0], [1.0,-1.0], [1.0,-1.0]]
ENTRY 4 ExpressionStatement_1 [[-30.0,100.0], [10.0,30.0], [0.0,0.0], [0.0,40.0], [0.0,0.0]]
EXIT 4 ExpressionStatement_1 [[-40.0,90.0], [10.0,30.0], [0.0,0.0], [0.0,40.0], [0.0,0.0]]
ENTRY 4 ExpressionStatement_2 [[-40.0,90.0], [10.0,30.0], [0.0,0.0], [0.0,40.0], [0.0,0.0]]
EXIT 4 ExpressionStatement_2 [[-40.0,90.0], [20.0,40.0], [0.0,0.0], [0.0,40.0], [0.0,0.0]]
ENTRY 4 IfConditionJoin_0 [[-40.0,100.0], [10.0,40.0], [0.0,0.0], [0.0,40.0], [0.0,0.0]]
EXIT 4 IfConditionJoin_0 [[-40.0,100.0], [10.0,40.0], [0.0,0.0], [0.0,40.0], [0.0,0.0]]
ENTRY 4 ExpressionStatement_3 [[-40.0,100.0], [10.0,40.0], [0.0,0.0], [0.0,40.0], [0.0,0.0]]
EXIT 4 ExpressionStatement_3 [[-40.0,100.0], [10.0,40.0], [0.0,0.0], [10.0,10.0], [0.0,0.0]]
ENTRY 4 FunctionExit_0 [[-40.0,100.0], [10.0,40.0], [0.0,0.0], [10.0,10.0], [0.0,0.0]]
EXIT 4 FunctionExit_0 [[-40.0,100.0], [10.0,40.0], [0.0,0.0], [10.0,10.0], [0.0,0.0]]
ENTRY 5 SourceEntry_0 [[0.0,0.0], [0.0,0.0], [0.0,0.0], [0.0,0.0], [0.0,0.0]]
EXIT 5 SourceEntry_0 [[100.0,100.0], [10.0,10.0], [0.0,0.0], [40.0,40.0], [0.0,0.0]]
ENTRY 5 SourceUnit_0 [[100.0,100.0], [10.0,10.0], [0.0,0.0], [40.0,40.0], [0.0,0.0]]
EXIT 5 SourceUnit_0 [[100.0,100.0], [10.0,10.0], [0.0,0.0], [40.0,40.0], [0.0,0.0]]
ENTRY 5 PragmaDirective_0 [[100.0,100.0], [10.0,10.0], [0.0,0.0], [40.0,40.0], [0.0,0.0]]
EXIT 5 PragmaDirective_0 [[100.0,100.0], [10.0,10.0], [0.0,0.0], [40.0,40.0], [0.0,0.0]]
ENTRY 5 SourceExit_0 [[-40.0,100.0], [10.0,40.0], [0.0,0.0], [10.0,40.0], [0.0,0.0]]
EXIT 5 SourceExit_0 [[100.0,100.0], [10.0,10.0], [0.0,0.0], [40.0,40.0], [0.0,0.0]]
ENTRY 5 ContractDefinition_0 [[100.0,100.0], [10.0,10.0], [0.0,0.0], [40.0,40.0], [0.0,0.0]]
EXIT 5 ContractDefinition_0 [[100.0,100.0], [10.0,10.0], [0.0,0.0], [40.0,40.0], [0.0,0.0]]
ENTRY 5 VariableDeclaration_0 [[100.0,100.0], [10.0,10.0], [0.0,0.0], [40.0,40.0], [0.0,0.0]]
EXIT 5 VariableDeclaration_0 [[100.0,100.0], [10.0,10.0], [0.0,0.0], [40.0,40.0], [0.0,0.0]]
ENTRY 5 VariableDeclaration_1 [[100.0,100.0], [10.0,10.0], [0.0,0.0], [40.0,40.0], [0.0,0.0]]
EXIT 5 VariableDeclaration_1 [[100.0,100.0], [10.0,10.0], [0.0,0.0], [40.0,40.0], [0.0,0.0]]
ENTRY 5 VariableDeclaration_2 [[100.0,100.0], [10.0,10.0], [0.0,0.0], [40.0,40.0], [0.0,0.0]]
EXIT 5 VariableDeclaration_2 [[100.0,100.0], [10.0,10.0], [0.0,0.0], [40.0,40.0], [0.0,0.0]]
ENTRY 5 VariableDeclaration_3 [[100.0,100.0], [10.0,10.0], [0.0,0.0], [40.0,40.0], [0.0,0.0]]
EXIT 5 VariableDeclaration_3 [[100.0,100.0], [10.0,10.0], [0.0,0.0], [40.0,40.0], [0.0,0.0]]
ENTRY 5 VariableDeclaration_4 [[100.0,100.0], [10.0,10.0], [0.0,0.0], [40.0,40.0], [0.0,0.0]]
EXIT 5 VariableDeclaration_4 [[100.0,100.0], [10.0,10.0], [0.0,0.0], [40.0,40.0], [0.0,0.0]]
ENTRY 5 ModifierDefinition_0 [[100.0,100.0], [10.0,10.0], [0.0,0.0], [40.0,40.0], [0.0,0.0]]
EXIT 5 ModifierDefinition_0 [[100.0,100.0], [10.0,10.0], [0.0,0.0], [40.0,40.0], [0.0,0.0]]
ENTRY 5 FunctionDefinition_0 [[100.0,100.0], [10.0,10.0], [0.0,0.0], [40.0,40.0], [0.0,0.0]]
EXIT 5 FunctionDefinition_0 [[100.0,100.0], [10.0,10.0], [0.0,0.0], [40.0,40.0], [0.0,0.0]]
ENTRY 5 FunctionEntry_0 [[100.0,100.0], [10.0,10.0], [0.0,0.0], [40.0,40.0], [0.0,0.0]]
EXIT 5 FunctionEntry_0 [[100.0,100.0], [10.0,10.0], [0.0,0.0], [40.0,40.0], [0.0,0.0]]
ENTRY 5 ExpressionStatement_0 [[100.0,100.0], [10.0,10.0], [0.0,0.0], [40.0,40.0], [0.0,0.0]]
EXIT 5 ExpressionStatement_0 [[100.0,100.0], [10.0,10.0], [0.0,0.0], [40.0,40.0], [0.0,0.0]]
ENTRY 5 IfStatement_0 [[-40.0,100.0], [10.0,40.0], [0.0,0.0], [0.0,40.0], [0.0,0.0]]
EXIT 5 IfStatement_0 [[1.0,-1.0], [1.0,-1.0], [1.0,-1.0], [1.0,-1.0], [1.0,-1.0]]
ENTRY 5 ExpressionStatement_1 [[-40.0,100.0], [10.0,40.0], [0.0,0.0], [0.0,40.0], [0.0,0.0]]
EXIT 5 ExpressionStatement_1 [[-50.0,90.0], [10.0,40.0], [0.0,0.0], [0.0,40.0], [0.0,0.0]]
ENTRY 5 ExpressionStatement_2 [[-50.0,90.0], [10.0,40.0], [0.0,0.0], [0.0,40.0], [0.0,0.0]]
EXIT 5 ExpressionStatement_2 [[-50.0,90.0], [20.0,50.0], [0.0,0.0], [0.0,40.0], [0.0,0.0]]
ENTRY 5 IfConditionJoin_0 [[-50.0,100.0], [10.0,50.0], [0.0,0.0], [0.0,40.0], [0.0,0.0]]
EXIT 5 IfConditionJoin_0 [[-50.0,100.0], [10.0,50.0], [0.0,0.0], [0.0,40.0], [0.0,0.0]]
ENTRY 5 ExpressionStatement_3 [[-50.0,100.0], [10.0,50.0], [0.0,0.0], [0.0,40.0], [0.0,0.0]]
EXIT 5 ExpressionStatement_3 [[-50.0,100.0], [10.0,50.0], [0.0,0.0], [10.0,10.0], [0.0,0.0]]
ENTRY 5 FunctionExit_0 [[-50.0,100.0], [10.0,50.0], [0.0,0.0], [10.0,10.0], [0.0,0.0]]
EXIT 5 FunctionExit_0 [[-50.0,100.0], [10.0,50.0], [0.0,0.0], [10.0,10.0], [0.0,0.0]]
ENTRY 6 SourceEntry_0 [[0.0,0.0], [0.0,0.0], [0.0,0.0], [0.0,0.0], [0.0,0.0]]
EXIT 6 SourceEntry_0 [[100.0,100.0], [10.0,10.0], [0.0,0.0], [40.0,40.0], [0.0,0.0]]
ENTRY 6 SourceUnit_0 [[100.0,100.0], [10.0,10.0], [0.0,0.0], [40.0,40.0], [0.0,0.0]]
EXIT 6 SourceUnit_0 [[100.0,100.0], [10.0,10.0], [0.0,0.0], [40.0,40.0], [0.0,0.0]]
ENTRY 6 PragmaDirective_0 [[100.0,100.0], [10.0,10.0], [0.0,0.0], [40.0,40.0], [0.0,0.0]]
EXIT 6 PragmaDirective_0 [[100.0,100.0], [10.0,10.0], [0.0,0.0], [40.0,40.0], [0.0,0.0]]
ENTRY 6 SourceExit_0 [[-50.0,100.0], [10.0,50.0], [0.0,0.0], [10.0,40.0], [0.0,0.0]]
EXIT 6 SourceExit_0 [[100.0,100.0], [10.0,10.0], [0.0,0.0], [40.0,40.0], [0.0,0.0]]
ENTRY 6 ContractDefinition_0 [[100.0,100.0], [10.0,10.0], [0.0,0.0], [40.0,40.0], [0.0,0.0]]
EXIT 6 ContractDefinition_0 [[100.0,100.0], [10.0,10.0], [0.0,0.0], [40.0,40.0], [0.0,0.0]]
ENTRY 6 VariableDeclaration_0 [[100.0,100.0], [10.0,10.0], [0.0,0.0], [40.0,40.0], [0.0,0.0]]
EXIT 6 VariableDeclaration_0 [[100.0,100.0], [10.0,10.0], [0.0,0.0], [40.0,40.0], [0.0,0.0]]
ENTRY 6 VariableDeclaration_1 [[100.0,100.0], [10.0,10.0], [0.0,0.0], [40.0,40.0], [0.0,0.0]]
EXIT 6 VariableDeclaration_1 [[100.0,100.0], [10.0,10.0], [0.0,0.0], [40.0,40.0], [0.0,0.0]]
ENTRY 6 VariableDeclaration_2 [[100.0,100.0], [10.0,10.0], [0.0,0.0], [40.0,40.0], [0.0,0.0]]
EXIT 6 VariableDeclaration_2 [[100.0,100.0], [10.0,10.0], [0.0,0.0], [40.0,40.0], [0.0,0.0]]
ENTRY 6 VariableDeclaration_3 [[100.0,100.0], [10.0,10.0], [0.0,0.0], [40.0,40.0], [0.0,0.0]]
EXIT 6 VariableDeclaration_3 [[100.0,100.0], [10.0,10.0], [0.0,0.0], [40.0,40.0], [0.0,0.0]]
ENTRY 6 VariableDeclaration_4 [[100.0,100.0], [10.0,10.0], [0.0,0.0], [40.0,40.0], [0.0,0.0]]
EXIT 6 VariableDeclaration_4 [[100.0,100.0], [10.0,10.0], [0.0,0.0], [40.0,40.0], [0.0,0.0]]
ENTRY 6 ModifierDefinition_0 [[100.0,100.0], [10.0,10.0], [0.0,0.0], [40.0,40.0], [0.0,0.0]]
EXIT 6 ModifierDefinition_0 [[100.0,100.0], [10.0,10.0], [0.0,0.0], [40.0,40.0], [0.0,0.0]]
ENTRY 6 FunctionDefinition_0 [[100.0,100.0], [10.0,10.0], [0.0,0.0], [40.0,40.0], [0.0,0.0]]
EXIT 6 FunctionDefinition_0 [[100.0,100.0], [10.0,10.0], [0.0,0.0], [40.0,40.0], [0.0,0.0]]
ENTRY 6 FunctionEntry_0 [[100.0,100.0], [10.0,10.0], [0.0,0.0], [40.0,40.0], [0.0,0.0]]
EXIT 6 FunctionEntry_0 [[100.0,100.0], [10.0,10.0], [0.0,0.0], [40.0,40.0], [0.0,0.0]]
ENTRY 6 ExpressionStatement_0 [[100.0,100.0], [10.0,10.0], [0.0,0.0], [40.0,40.0], [0.0,0.0]]
EXIT 6 ExpressionStatement_0 [[100.0,100.0], [10.0,10.0], [0.0,0.0], [40.0,40.0], [0.0,0.0]]
ENTRY 6 IfStatement_0 [[-50.0,100.0], [10.0,50.0], [0.0,0.0], [0.0,40.0], [0.0,0.0]]
EXIT 6 IfStatement_0 [[1.0,-1.0], [1.0,-1.0], [1.0,-1.0], [1.0,-1.0], [1.0,-1.0]]
ENTRY 6 ExpressionStatement_1 [[-50.0,100.0], [10.0,50.0], [0.0,0.0], [0.0,40.0], [0.0,0.0]]
EXIT 6 ExpressionStatement_1 [[-60.0,90.0], [10.0,50.0], [0.0,0.0], [0.0,40.0], [0.0,0.0]]
ENTRY 6 ExpressionStatement_2 [[-60.0,90.0], [10.0,50.0], [0.0,0.0], [0.0,40.0], [0.0,0.0]]
EXIT 6 ExpressionStatement_2 [[-60.0,90.0], [20.0,60.0], [0.0,0.0], [0.0,40.0], [0.0,0.0]]
ENTRY 6 IfConditionJoin_0 [[-60.0,100.0], [10.0,60.0], [0.0,0.0], [0.0,40.0], [0.0,0.0]]
EXIT 6 IfConditionJoin_0 [[-60.0,100.0], [10.0,60.0], [0.0,0.0], [0.0,40.0], [0.0,0.0]]
ENTRY 6 ExpressionStatement_3 [[-60.0,100.0], [10.0,60.0], [0.0,0.0], [0.0,40.0], [0.0,0.0]]
EXIT 6 ExpressionStatement_3 [[-60.0,100.0], [10.0,60.0], [0.0,0.0], [10.0,10.0], [0.0,0.0]]
ENTRY 6 FunctionExit_0 [[-60.0,100.0], [10.0,60.0], [0.0,0.0], [10.0,10.0], [0.0,0.0]]
EXIT 6 FunctionExit_0 [[-60.0,100.0], [10.0,60.0], [0.0,0.0], [10.0,10.0], [0.0,0.0]]
ENTRY 7 SourceEntry_0 [[0.0,0.0], [0.0,0.0], [0.0,0.0], [0.0,0.0], [0.0,0.0]]
EXIT 7 SourceEntry_0 [[100.0,100.0], [10.0,10.0], [0.0,0.0], [40.0,40.0], [0.0,0.0]]
ENTRY 7 SourceUnit_0 [[100.0,100.0], [10.0,10.0], [0.0,0.0], [40.0,40.0], [0.0,0.0]]
EXIT 7 SourceUnit_0 [[100.0,100.0], [10.0,10.0], [0.0,0.0], [40.0,40.0], [0.0,0.0]]
ENTRY 7 PragmaDirective_0 [[100.0,100.0], [10.0,10.0], [0.0,0.0], [40.0,40.0], [0.0,0.0]]
EXIT 7 PragmaDirective_0 [[100.0,100.0], [10.0,10.0], [0.0,0.0], [40.0,40.0], [0.0,0.0]]
ENTRY 7 SourceExit_0 [[-60.0,100.0], [10.0,60.0], [0.0,0.0], [10.0,40.0], [0.0,0.0]]
EXIT 7 SourceExit_0 [[100.0,100.0], [10.0,10.0], [0.0,0.0], [40.0,40.0], [0.0,0.0]]
ENTRY 7 ContractDefinition_0 [[100.0,100.0], [10.0,10.0], [0.0,0.0], [40.0,40.0], [0.0,0.0]]
EXIT 7 ContractDefinition_0 [[100.0,100.0], [10.0,10.0], [0.0,0.0], [40.0,40.0], [0.0,0.0]]
ENTRY 7 VariableDeclaration_0 [[100.0,100.0], [10.0,10.0], [0.0,0.0], [40.0,40.0], [0.0,0.0]]
EXIT 7 VariableDeclaration_0 [[100.0,100.0], [10.0,10.0], [0.0,0.0], [40.0,40.0], [0.0,0.0]]
ENTRY 7 VariableDeclaration_1 [[100.0,100.0], [10.0,10.0], [0.0,0.0], [40.0,40.0], [0.0,0.0]]
EXIT 7 VariableDeclaration_1 [[100.0,100.0], [10.0,10.0], [0.0,0.0], [40.0,40.0], [0.0,0.0]]
ENTRY 7 VariableDeclaration_2 [[100.0,100.0], [10.0,10.0], [0.0,0.0], [40.0,40.0], [0.0,0.0]]
EXIT 7 VariableDeclaration_2 [[100.0,100.0], [10.0,10.0], [0.0,0.0], [40.0,40.0], [0.0,0.0]]
ENTRY 7 VariableDeclaration_3 [[100.0,100.0], [10.0,10.0], [0.0,0.0], [40.0,40.0], [0.0,0.0]]
EXIT 7 VariableDeclaration_3 [[100.0,100.0], [10.0,10.0], [0.0,0.0], [40.0,40.0], [0.0,0.0]]
ENTRY 7 VariableDeclaration_4 [[100.0,100.0], [10.0,10.0], [0.0,0.0], [40.0,40.0], [0.0,0.0]]
EXIT 7 VariableDeclaration_4 [[100.0,100.0], [10.0,10.0], [0.0,0.0], [40.0,40.0], [0.0,0.0]]
ENTRY 7 ModifierDefinition_0 [[100.0,100.0], [10.0,10.0], [0.0,0.0], [40.0,40.0], [0.0,0.0]]
EXIT 7 ModifierDefinition_0 [[100.0,100.0], [10.0,10.0], [0.0,0.0], [40.0,40.0], [0.0,0.0]]
ENTRY 7 FunctionDefinition_0 [[100.0,100.0], [10.0,10.0], [0.0,0.0], [40.0,40.0], [0.0,0.0]]
EXIT 7 FunctionDefinition_0 [[100.0,100.0], [10.0,10.0], [0.0,0.0], [40.0,40.0], [0.0,0.0]]
ENTRY 7 FunctionEntry_0 [[100.0,100.0], [10.0,10.0], [0.0,0.0], [40.0,40.0], [0.0,0.0]]
EXIT 7 FunctionEntry_0 [[100.0,100.0], [10.0,10.0], [0.0,0.0], [40.0,40.0], [0.0,0.0]]
ENTRY 7 ExpressionStatement_0 [[100.0,100.0], [10.0,10.0], [0.0,0.0], [40.0,40.0], [0.0,0.0]]
EXIT 7 ExpressionStatement_0 [[100.0,100.0], [10.0,10.0], [0.0,0.0], [40.0,40.0], [0.0,0.0]]
ENTRY 7 IfStatement_0 [[-60.0,100.0], [10.0,60.0], [0.0,0.0], [0.0,40.0], [0.0,0.0]]
EXIT 7 IfStatement_0 [[1.0,-1.0], [1.0,-1.0], [1.0,-1.0], [1.0,-1.0], [1.0,-1.0]]
ENTRY 7 ExpressionStatement_1 [[-60.0,100.0], [10.0,60.0], [0.0,0.0], [0.0,40.0], [0.0,0.0]]
EXIT 7 ExpressionStatement_1 [[-70.0,90.0], [10.0,60.0], [0.0,0.0], [0.0,40.0], [0.0,0.0]]
ENTRY 7 ExpressionStatement_2 [[-70.0,90.0], [10.0,60.0], [0.0,0.0], [0.0,40.0], [0.0,0.0]]
EXIT 7 ExpressionStatement_2 [[-70.0,90.0], [20.0,70.0], [0.0,0.0], [0.0,40.0], [0.0,0.0]]
ENTRY 7 IfConditionJoin_0 [[-70.0,100.0], [10.0,70.0], [0.0,0.0], [0.0,40.0], [0.0,0.0]]
EXIT 7 IfConditionJoin_0 [[-70.0,100.0], [10.0,70.0], [0.0,0.0], [0.0,40.0], [0.0,0.0]]
ENTRY 7 ExpressionStatement_3 [[-70.0,100.0], [10.0,70.0], [0.0,0.0], [0.0,40.0], [0.0,0.0]]
EXIT 7 ExpressionStatement_3 [[-70.0,100.0], [10.0,70.0], [0.0,0.0], [10.0,10.0], [0.0,0.0]]
ENTRY 7 FunctionExit_0 [[-70.0,100.0], [10.0,70.0], [0.0,0.0], [10.0,10.0], [0.0,0.0]]
EXIT 7 FunctionExit_0 [[-70.0,100.0], [10.0,70.0], [0.0,0.0], [10.0,10.0], [0.0,0.0]]
ENTRY 8 SourceEntry_0 [[0.0,0.0], [0.0,0.0], [0.0,0.0], [0.0,0.0], [0.0,0.0]]
EXIT 8 SourceEntry_0 [[100.0,100.0], [10.0,10.0], [0.0,0.0], [40.0,40.0], [0.0,0.0]]
ENTRY 8 SourceUnit_0 [[100.0,100.0], [10.0,10.0], [0.0,0.0], [40.0,40.0], [0.0,0.0]]
EXIT 8 SourceUnit_0 [[100.0,100.0], [10.0,10.0], [0.0,0.0], [40.0,40.0], [0.0,0.0]]
ENTRY 8 PragmaDirective_0 [[100.0,100.0], [10.0,10.0], [0.0,0.0], [40.0,40.0], [0.0,0.0]]
EXIT 8 PragmaDirective_0 [[100.0,100.0], [10.0,10.0], [0.0,0.0], [40.0,40.0], [0.0,0.0]]
ENTRY 8 SourceExit_0 [[-70.0,100.0], [10.0,70.0], [0.0,0.0], [10.0,40.0], [0.0,0.0]]
EXIT 8 SourceExit_0 [[100.0,100.0], [10.0,10.0], [0.0,0.0], [40.0,40.0], [0.0,0.0]]
ENTRY 8 ContractDefinition_0 [[100.0,100.0], [10.0,10.0], [0.0,0.0], [40.0,40.0], [0.0,0.0]]
EXIT 8 ContractDefinition_0 [[100.0,100.0], [10.0,10.0], [0.0,0.0], [40.0,40.0], [0.0,0.0]]
ENTRY 8 VariableDeclaration_0 [[100.0,100.0], [10.0,10.0], [0.0,0.0], [40.0,40.0], [0.0,0.0]]
EXIT 8 VariableDeclaration_0 [[100.0,100.0], [10.0,10.0], [0.0,0.0], [40.0,40.0], [0.0,0.0]]
ENTRY 8 VariableDeclaration_1 [[100.0,100.0], [10.0,10.0], [0.0,0.0], [40.0,40.0], [0.0,0.0]]
EXIT 8 VariableDeclaration_1 [[100.0,100.0], [10.0,10.0], [0.0,0.0], [40.0,40.0], [0.0,0.0]]
ENTRY 8 VariableDeclaration_2 [[100.0,100.0], [10.0,10.0], [0.0,0.0], [40.0,40.0], [0.0,0.0]]
EXIT 8 VariableDeclaration_2 [[100.0,100.0], [10.0,10.0], [0.0,0.0], [40.0,40.0], [0.0,0.0]]
ENTRY 8 VariableDeclaration_3 [[100.0,100.0], [10.0,10.0], [0.0,0.0], [40.0,40.0], [0.0,0.0]]
EXIT 8 VariableDeclaration_3 [[100.0,100.0], [10.0,10.0], [0.0,0.0], [40.0,40.0], [0.0,0.0]]
ENTRY 8 VariableDeclaration_4 [[100.0,100.0], [10.0,10.0], [0.0,0.0], [40.0,40.0], [0.0,0.0]]
EXIT 8 VariableDeclaration_4 [[100.0,100.0], [10.0,10.0], [0.0,0.0], [40.0,40.0], [0.0,0.0]]
ENTRY 8 ModifierDefinition_0 [[100.0,100.0], [10.0,10.0], [0.0,0.0], [40.0,40.0], [0.0,0.0]]
EXIT 8 ModifierDefinition_0 [[100.0,100.0], [10.0,10.0], [0.0,0.0], [40.0,40.0], [0.0,0.0]]
ENTRY 8 FunctionDefinition_0 [[100.0,100.0], [10.0,10.0], [0.0,0.0], [40.0,40.0], [0.0,0.0]]
EXIT 8 FunctionDefinition_0 [[100.0,100.0], [10.0,10.0], [0.0,0.0], [40.0,40.0], [0.0,0.0]]
ENTRY 8 FunctionEntry_0 [[100.0,100.0], [10.0,10.0], [0.0,0.0], [40.0,40.0], [0.0,0.0]]
EXIT 8 FunctionEntry_0 [[100.0,100.0], [10.0,10.0], [0.0,0.0], [40.0,40.0], [0.0,0.0]]
ENTRY 8 ExpressionStatement_0 [[100.0,100.0], [10.0,10.0], [0.0,0.0], [40.0,40.0], [0.0,0.0]]
EXIT 8 ExpressionStatement_0 [[100.0,100.0], [10.0,10.0], [0.0,0.0], [40.0,40.0], [0.0,0.0]]
ENTRY 8 IfStatement_0 [[-70.0,100.0], [10.0,70.0], [0.0,0.0], [0.0,40.0], [0.0,0.0]]
EXIT 8 IfStatement_0 [[1.0,-1.0], [1.0,-1.0], [1.0,-1.0], [1.0,-1.0], [1.0,-1.0]]
ENTRY 8 ExpressionStatement_1 [[-70.0,100.0], [10.0,70.0], [0.0,0.0], [0.0,40.0], [0.0,0.0]]
EXIT 8 ExpressionStatement_1 [[-80.0,90.0], [10.0,70.0], [0.0,0.0], [0.0,40.0], [0.0,0.0]]
ENTRY 8 ExpressionStatement_2 [[-80.0,90.0], [10.0,70.0], [0.0,0.0], [0.0,40.0], [0.0,0.0]]
EXIT 8 ExpressionStatement_2 [[-80.0,90.0], [20.0,80.0], [0.0,0.0], [0.0,40.0], [0.0,0.0]]
ENTRY 8 IfConditionJoin_0 [[-80.0,100.0], [10.0,80.0], [0.0,0.0], [0.0,40.0], [0.0,0.0]]
EXIT 8 IfConditionJoin_0 [[-80.0,100.0], [10.0,80.0], [0.0,0.0], [0.0,40.0], [0.0,0.0]]
ENTRY 8 ExpressionStatement_3 [[-80.0,100.0], [10.0,80.0], [0.0,0.0], [0.0,40.0], [0.0,0.0]]
EXIT 8 ExpressionStatement_3 [[-80.0,100.0], [10.0,80.0], [0.0,0.0], [10.0,10.0], [0.0,0.0]]
ENTRY 8 FunctionExit_0 [[-80.0,100.0], [10.0,80.0], [0.0,0.0], [10.0,10.0], [0.0,0.0]]
EXIT 8 FunctionExit_0 [[-80.0,100.0], [10.0,80.0], [0.0,0.0], [10.0,10.0], [0.0,0.0]]
ENTRY 9 SourceEntry_0 [[0.0,0.0], [0.0,0.0], [0.0,0.0], [0.0,0.0], [0.0,0.0]]
EXIT 9 SourceEntry_0 [[100.0,100.0], [10.0,10.0], [0.0,0.0], [40.0,40.0], [0.0,0.0]]
ENTRY 9 SourceUnit_0 [[100.0,100.0], [10.0,10.0], [0.0,0.0], [40.0,40.0], [0.0,0.0]]
EXIT 9 SourceUnit_0 [[100.0,100.0], [10.0,10.0], [0.0,0.0], [40.0,40.0], [0.0,0.0]]
ENTRY 9 PragmaDirective_0 [[100.0,100.0], [10.0,10.0], [0.0,0.0], [40.0,40.0], [0.0,0.0]]
EXIT 9 PragmaDirective_0 [[100.0,100.0], [10.0,10.0], [0.0,0.0], [40.0,40.0], [0.0,0.0]]
ENTRY 9 SourceExit_0 [[-80.0,100.0], [10.0,80.0], [0.0,0.0], [10.0,40.0], [0.0,0.0]]
EXIT 9 SourceExit_0 [[100.0,100.0], [10.0,10.0], [0.0,0.0], [40.0,40.0], [0.0,0.0]]
ENTRY 9 ContractDefinition_0 [[100.0,100.0], [10.0,10.0], [0.0,0.0], [40.0,40.0], [0.0,0.0]]
EXIT 9 ContractDefinition_0 [[100.0,100.0], [10.0,10.0], [0.0,0.0], [40.0,40.0], [0.0,0.0]]
ENTRY 9 VariableDeclaration_0 [[100.0,100.0], [10.0,10.0], [0.0,0.0], [40.0,40.0], [0.0,0.0]]
EXIT 9 VariableDeclaration_0 [[100.0,100.0], [10.0,10.0], [0.0,0.0], [40.0,40.0], [0.0,0.0]]
ENTRY 9 VariableDeclaration_1 [[100.0,100.0], [10.0,10.0], [0.0,0.0], [40.0,40.0], [0.0,0.0]]
EXIT 9 VariableDeclaration_1 [[100.0,100.0], [10.0,10.0], [0.0,0.0], [40.0,40.0], [0.0,0.0]]
ENTRY 9 VariableDeclaration_2 [[100.0,100.0], [10.0,10.0], [0.0,0.0], [40.0,40.0], [0.0,0.0]]
EXIT 9 VariableDeclaration_2 [[100.0,100.0], [10.0,10.0], [0.0,0.0], [40.0,40.0], [0.0,0.0]]
ENTRY 9 VariableDeclaration_3 [[100.0,100.0], [10.0,10.0], [0.0,0.0], [40.0,40.0], [0.0,0.0]]
EXIT 9 VariableDeclaration_3 [[100.0,100.0], [10.0,10.0], [0.0,0.0], [40.0,40.0], [0.0,0.0]]
ENTRY 9 VariableDeclaration_4 [[100.0,100.0], [10.0,10.0], [0.0,0.0], [40.0,40.0], [0.0,0.0]]
EXIT 9 VariableDeclaration_4 [[100.0,100.0], [10.0,10.0], [0.0,0.0], [40.0,40.0], [0.0,0.0]]
ENTRY 9 ModifierDefinition_0 [[100.0,100.0], [10.0,10.0], [0.0,0.0], [40.0,40.0], [0.0,0.0]]
EXIT 9 ModifierDefinition_0 [[100.0,100.0], [10.0,10.0], [0.0,0.0], [40.0,40.0], [0.0,0.0]]
ENTRY 9 FunctionDefinition_0 [[100.0,100.0], [10.0,10.0], [0.0,0.0], [40.0,40.0], [0.0,0.0]]
EXIT 9 FunctionDefinition_0 [[100.0,100.0], [10.0,10.0], [0.0,0.0], [40.0,40.0], [0.0,0.0]]
ENTRY 9 FunctionEntry_0 [[100.0,100.0], [10.0,10.0], [0.0,0.0], [40.0,40.0], [0.0,0.0]]
EXIT 9 FunctionEntry_0 [[100.0,100.0], [10.0,10.0], [0.0,0.0], [40.0,40.0], [0.0,0.0]]
ENTRY 9 ExpressionStatement_0 [[100.0,100.0], [10.0,10.0], [0.0,0.0], [40.0,40.0], [0.0,0.0]]
EXIT 9 ExpressionStatement_0 [[100.0,100.0], [10.0,10.0], [0.0,0.0], [40.0,40.0], [0.0,0.0]]
ENTRY 9 IfStatement_0 [[-80.0,100.0], [10.0,80.0], [0.0,0.0], [0.0,40.0], [0.0,0.0]]
EXIT 9 IfStatement_0 [[1.0,-1.0], [1.0,-1.0], [1.0,-1.0], [1.0,-1.0], [1.0,-1.0]]
ENTRY 9 ExpressionStatement_1 [[-80.0,100.0], [10.0,80.0], [0.0,0.0], [0.0,40.0], [0.0,0.0]]
EXIT 9 ExpressionStatement_1 [[-90.0,90.0], [10.0,80.0], [0.0,0.0], [0.0,40.0], [0.0,0.0]]
ENTRY 9 ExpressionStatement_2 [[-90.0,90.0], [10.0,80.0], [0.0,0.0], [0.0,40.0], [0.0,0.0]]
EXIT 9 ExpressionStatement_2 [[-90.0,90.0], [20.0,90.0], [0.0,0.0], [0.0,40.0], [0.0,0.0]]
ENTRY 9 IfConditionJoin_0 [[-90.0,100.0], [10.0,90.0], [0.0,0.0], [0.0,40.0], [0.0,0.0]]
EXIT 9 IfConditionJoin_0 [[-90.0,100.0], [10.0,90.0], [0.0,0.0], [0.0,40.0], [0.0,0.0]]
ENTRY 9 ExpressionStatement_3 [[-90.0,100.0], [10.0,90.0], [0.0,0.0], [0.0,40.0], [0.0,0.0]]
EXIT 9 ExpressionStatement_3 [[-90.0,100.0], [10.0,90.0], [0.0,0.0], [10.0,10.0], [0.0,0.0]]
ENTRY 9 FunctionExit_0 [[-90.0,100.0], [10.0,90.0], [0.0,0.0], [10.0,10.0], [0.0,0.0]]
EXIT 9 FunctionExit_0 [[-90.0,100.0], [10.0,90.0], [0.0,0.0], [10.0,10.0], [0.0,0.0]]
ENTRY 10 SourceEntry_0 [[0.0,0.0], [0.0,0.0], [0.0,0.0], [0.0,0.0], [0.0,0.0]]
EXIT 10 SourceEntry_0 [[100.0,100.0], [10.0,10.0], [0.0,0.0], [40.0,40.0], [0.0,0.0]]
ENTRY 10 SourceUnit_0 [[100.0,100.0], [10.0,10.0], [0.0,0.0], [40.0,40.0], [0.0,0.0]]
EXIT 10 SourceUnit_0 [[100.0,100.0], [10.0,10.0], [0.0,0.0], [40.0,40.0], [0.0,0.0]]
ENTRY 10 PragmaDirective_0 [[100.0,100.0], [10.0,10.0], [0.0,0.0], [40.0,40.0], [0.0,0.0]]
EXIT 10 PragmaDirective_0 [[100.0,100.0], [10.0,10.0], [0.0,0.0], [40.0,40.0], [0.0,0.0]]
ENTRY 10 SourceExit_0 [[-90.0,100.0], [10.0,90.0], [0.0,0.0], [10.0,40.0], [0.0,0.0]]
EXIT 10 SourceExit_0 [[100.0,100.0], [10.0,10.0], [0.0,0.0], [40.0,40.0], [0.0,0.0]]
ENTRY 10 ContractDefinition_0 [[100.0,100.0], [10.0,10.0], [0.0,0.0], [40.0,40.0], [0.0,0.0]]
EXIT 10 ContractDefinition_0 [[100.0,100.0], [10.0,10.0], [0.0,0.0], [40.0,40.0], [0.0,0.0]]
ENTRY 10 VariableDeclaration_0 [[100.0,100.0], [10.0,10.0], [0.0,0.0], [40.0,40.0], [0.0,0.0]]
EXIT 10 VariableDeclaration_0 [[100.0,100.0], [10.0,10.0], [0.0,0.0], [40.0,40.0], [0.0,0.0]]
ENTRY 10 VariableDeclaration_1 [[100.0,100.0], [10.0,10.0], [0.0,0.0], [40.0,40.0], [0.0,0.0]]
EXIT 10 VariableDeclaration_1 [[100.0,100.0], [10.0,10.0], [0.0,0.0], [40.0,40.0], [0.0,0.0]]
ENTRY 10 VariableDeclaration_2 [[100.0,100.0], [10.0,10.0], [0.0,0.0], [40.0,40.0], [0.0,0.0]]
EXIT 10 VariableDeclaration_2 [[100.0,100.0], [10.0,10.0], [0.0,0.0], [40.0,40.0], [0.0,0.0]]
ENTRY 10 VariableDeclaration_3 [[100.0,100.0], [10.0,10.0], [0.0,0.0], [40.0,40.0], [0.0,0.0]]
EXIT 10 VariableDeclaration_3 [[100.0,100.0], [10.0,10.0], [0.0,0.0], [40.0,40.0], [0.0,0.0]]
ENTRY 10 VariableDeclaration_4 [[100.0,100.0], [10.0,10.0], [0.0,0.0], [40.0,40.0], [0.0,0.0]]
EXIT 10 VariableDeclaration_4 [[100.0,100.0], [10.0,10.0], [0.0,0.0], [40.0,40.0], [0.0,0.0]]
ENTRY 10 ModifierDefinition_0 [[100.0,100.0], [10.0,10.0], [0.0,0.0], [40.0,40.0], [0.0,0.0]]
EXIT 10 ModifierDefinition_0 [[100.0,100.0], [10.0,10.0], [0.0,0.0], [40.0,40.0], [0.0,0.0]]
ENTRY 10 FunctionDefinition_0 [[100.0,100.0], [10.0,10.0], [0.0,0.0], [40.0,40.0], [0.0,0.0]]
EXIT 10 FunctionDefinition_0 [[100.0,100.0], [10.0,10.0], [0.0,0.0], [40.0,40.0], [0.0,0.0]]
ENTRY 10 FunctionEntry_0 [[100.0,100.0], [10.0,10.0], [0.0,0.0], [40.0,40.0], [0.0,0.0]]
EXIT 10 FunctionEntry_0 [[100.0,100.0], [10.0,10.0], [0.0,0.0], [40.0,40.0], [0.0,0.0]]
ENTRY 10 ExpressionStatement_0 [[100.0,100.0], [10.0,10.0], [0.0,0.0], [40.0,40.0], [0.0,0.0]]
EXIT 10 ExpressionStatement_0 [[100.0,100.0], [10.0,10.0], [0.0,0.0], [40.0,40.0], [0.0,0.0]]
ENTRY 10 IfStatement_0 [[-90.0,100.0], [10.0,90.0], [0.0,0.0], [0.0,40.0], [0.0,0.0]]
EXIT 10 IfStatement_0 [[1.0,-1.0], [1.0,-1.0], [1.0,-1.0], [1.0,-1.0], [1.0,-1.0]]
ENTRY 10 ExpressionStatement_1 [[-90.0,100.0], [10.0,90.0], [0.0,0.0], [0.0,40.0], [0.0,0.0]]
EXIT 10 ExpressionStatement_1 [[-100.0,90.0], [10.0,90.0], [0.0,0.0], [0.0,40.0], [0.0,0.0]]
ENTRY 10 ExpressionStatement_2 [[-100.0,90.0], [10.0,90.0], [0.0,0.0], [0.0,40.0], [0.0,0.0]]
EXIT 10 ExpressionStatement_2 [[-100.0,90.0], [20.0,100.0], [0.0,0.0], [0.0,40.0], [0.0,0.0]]
ENTRY 10 IfConditionJoin_0 [[-100.0,100.0], [10.0,100.0], [0.0,0.0], [0.0,40.0], [0.0,0.0]]
EXIT 10 IfConditionJoin_0 [[-100.0,100.0], [10.0,100.0], [0.0,0.0], [0.0,40.0], [0.0,0.0]]
ENTRY 10 ExpressionStatement_3 [[-100.0,100.0], [10.0,100.0], [0.0,0.0], [0.0,40.0], [0.0,0.0]]
EXIT 10 ExpressionStatement_3 [[-100.0,100.0], [10.0,100.0], [0.0,0.0], [10.0,10.0], [0.0,0.0]]
ENTRY 10 FunctionExit_0 [[-100.0,100.0], [10.0,100.0], [0.0,0.0], [10.0,10.0], [0.0,0.0]]
EXIT 10 FunctionExit_0 [[-100.0,100.0], [10.0,100.0], [0.0,0.0], [10.0,10.0], [0.0,0.0]]
ENTRY 11 SourceEntry_0 [[0.0,0.0], [0.0,0.0], [0.0,0.0], [0.0,0.0], [0.0,0.0]]
EXIT 11 SourceEntry_0 [[100.0,100.0], [10.0,10.0], [0.0,0.0], [40.0,40.0], [0.0,0.0]]
ENTRY 11 SourceUnit_0 [[100.0,100.0], [10.0,10.0], [0.0,0.0], [40.0,40.0], [0.0,0.0]]
EXIT 11 SourceUnit_0 [[100.0,100.0], [10.0,10.0], [0.0,0.0], [40.0,40.0], [0.0,0.0]]
ENTRY 11 PragmaDirective_0 [[100.0,100.0], [10.0,10.0], [0.0,0.0], [40.0,40.0], [0.0,0.0]]
EXIT 11 PragmaDirective_0 [[100.0,100.0], [10.0,10.0], [0.0,0.0], [40.0,40.0], [0.0,0.0]]
ENTRY 11 SourceExit_0 [[-100.0,100.0], [10.0,100.0], [0.0,0.0], [10.0,40.0], [0.0,0.0]]
EXIT 11 SourceExit_0 [[100.0,100.0], [10.0,10.0], [0.0,0.0], [40.0,40.0], [0.0,0.0]]
ENTRY 11 ContractDefinition_0 [[100.0,100.0], [10.0,10.0], [0.0,0.0], [40.0,40.0], [0.0,0.0]]
EXIT 11 ContractDefinition_0 [[100.0,100.0], [10.0,10.0], [0.0,0.0], [40.0,40.0], [0.0,0.0]]
ENTRY 11 VariableDeclaration_0 [[100.0,100.0], [10.0,10.0], [0.0,0.0], [40.0,40.0], [0.0,0.0]]
EXIT 11 VariableDeclaration_0 [[100.0,100.0], [10.0,10.0], [0.0,0.0], [40.0,40.0], [0.0,0.0]]
ENTRY 11 VariableDeclaration_1 [[100.0,100.0], [10.0,10.0], [0.0,0.0], [40.0,40.0], [0.0,0.0]]
EXIT 11 VariableDeclaration_1 [[100.0,100.0], [10.0,10.0], [0.0,0.0], [40.0,40.0], [0.0,0.0]]
ENTRY 11 VariableDeclaration_2 [[100.0,100.0], [10.0,10.0], [0.0,0.0], [40.0,40.0], [0.0,0.0]]
EXIT 11 VariableDeclaration_2 [[100.0,100.0], [10.0,10.0], [0.0,0.0], [40.0,40.0], [0.0,0.0]]
ENTRY 11 VariableDeclaration_3 [[100.0,100.0], [10.0,10.0], [0.0,0.0], [40.0,40.0], [0.0,0.0]]
EXIT 11 VariableDeclaration_3 [[100.0,100.0], [10.0,10.0], [0.0,0.0], [40.0,40.0], [0.0,0.0]]
ENTRY 11 VariableDeclaration_4 [[100.0,100.0], [10.0,10.0], [0.0,0.0], [40.0,40.0], [0.0,0.0]]
EXIT 11 VariableDeclaration_4 [[100.0,100.0], [10.0,10.0], [0.0,0.0], [40.0,40.0], [0.0,0.0]]
ENTRY 11 ModifierDefinition_0 [[100.0,100.0], [10.0,10.0], [0.0,0.0], [40.0,40.0], [0.0,0.0]]
EXIT 11 ModifierDefinition_0 [[100.0,100.0], [10.0,10.0], [0.0,0.0], [40.0,40.0], [0.0,0.0]]
ENTRY 11 FunctionDefinition_0 [[100.0,100.0], [10.0,10.0], [0.0,0.0], [40.0,40.0], [0.0,0.0]]
EXIT 11 FunctionDefinition_0 [[100.0,100.0], [10.0,10.0], [0.0,0.0], [40.0,40.0], [0.0,0.0]]
ENTRY 11 FunctionEntry_0 [[100.0,100.0], [10.0,10.0], [0.0,0.0], [40.0,40.0], [0.0,0.0]]
EXIT 11 FunctionEntry_0 [[100.0,100.0], [10.0,10.0], [0.0,0.0], [40.0,40.0], [0.0,0.0]]
ENTRY 11 ExpressionStatement_0 [[100.0,100.0], [10.0,10.0], [0.0,0.0], [40.0,40.0], [0.0,0.0]]
EXIT 11 ExpressionStatement_0 [[100.0,100.0], [10.0,10.0], [0.0,0.0], [40.0,40.0], [0.0,0.0]]
ENTRY 11 IfStatement_0 [[-100.0,100.0], [10.0,100.0], [0.0,0.0], [0.0,40.0], [0.0,0.0]]
EXIT 11 IfStatement_0 [[1.0,-1.0], [1.0,-1.0], [1.0,-1.0], [1.0,-1.0], [1.0,-1.0]]
ENTRY 11 ExpressionStatement_1 [[-100.0,100.0], [10.0,100.0], [0.0,0.0], [0.0,40.0], [0.0,0.0]]
EXIT 11 ExpressionStatement_1 [[-110.0,90.0], [10.0,100.0], [0.0,0.0], [0.0,40.0], [0.0,0.0]]
ENTRY 11 ExpressionStatement_2 [[-110.0,90.0], [10.0,100.0], [0.0,0.0], [0.0,40.0], [0.0,0.0]]
EXIT 11 ExpressionStatement_2 [[-110.0,90.0], [20.0,110.0], [0.0,0.0], [0.0,40.0], [0.0,0.0]]
ENTRY 11 IfConditionJoin_0 [[-110.0,100.0], [10.0,110.0], [0.0,0.0], [0.0,40.0], [0.0,0.0]]
EXIT 11 IfConditionJoin_0 [[-110.0,100.0], [10.0,110.0], [0.0,0.0], [0.0,40.0], [0.0,0.0]]
ENTRY 11 ExpressionStatement_3 [[-110.0,100.0], [10.0,110.0], [0.0,0.0], [0.0,40.0], [0.0,0.0]]
EXIT 11 ExpressionStatement_3 [[-110.0,100.0], [10.0,110.0], [0.0,0.0], [10.0,10.0], [0.0,0.0]]
ENTRY 11 FunctionExit_0 [[-110.0,100.0], [10.0,110.0], [0.0,0.0], [10.0,10.0], [0.0,0.0]]
EXIT 11 FunctionExit_0 [[-110.0,100.0], [10.0,110.0], [0.0,0.0], [10.0,10.0], [0.0,0.0]]
ENTRY 12 SourceEntry_0 [[0.0,0.0], [0.0,0.0], [0.0,0.0], [0.0,0.0], [0.0,0.0]]
EXIT 12 SourceEntry_0 [[100.0,100.0], [10.0,10.0], [0.0,0.0], [40.0,40.0], [0.0,0.0]]
ENTRY 12 SourceUnit_0 [[100.0,100.0], [10.0,10.0], [0.0,0.0], [40.0,40.0], [0.0,0.0]]
EXIT 12 SourceUnit_0 [[100.0,100.0], [10.0,10.0], [0.0,0.0], [40.0,40.0], [0.0,0.0]]
ENTRY 12 PragmaDirective_0 [[100.0,100.0], [10.0,10.0], [0.0,0.0], [40.0,40.0], [0.0,0.0]]
EXIT 12 PragmaDirective_0 [[100.0,100.0], [10.0,10.0], [0.0,0.0], [40.0,40.0], [0.0,0.0]]
ENTRY 12 SourceExit_0 [[-110.0,100.0], [10.0,110.0], [0.0,0.0], [10.0,40.0], [0.0,0.0]]
EXIT 12 SourceExit_0 [[100.0,100.0], [10.0,10.0], [0.0,0.0], [40.0,40.0], [0.0,0.0]]
ENTRY 12 ContractDefinition_0 [[100.0,100.0], [10.0,10.0], [0.0,0.0], [40.0,40.0], [0.0,0.0]]
EXIT 12 ContractDefinition_0 [[100.0,100.0], [10.0,10.0], [0.0,0.0], [40.0,40.0], [0.0,0.0]]
ENTRY 12 VariableDeclaration_0 [[100.0,100.0], [10.0,10.0], [0.0,0.0], [40.0,40.0], [0.0,0.0]]
EXIT 12 VariableDeclaration_0 [[100.0,100.0], [10.0,10.0], [0.0,0.0], [40.0,40.0], [0.0,0.0]]
ENTRY 12 VariableDeclaration_1 [[100.0,100.0], [10.0,10.0], [0.0,0.0], [40.0,40.0], [0.0,0.0]]
EXIT 12 VariableDeclaration_1 [[100.0,100.0], [10.0,10.0], [0.0,0.0], [40.0,40.0], [0.0,0.0]]
ENTRY 12 VariableDeclaration_2 [[100.0,100.0], [10.0,10.0], [0.0,0.0], [40.0,40.0], [0.0,0.0]]
EXIT 12 VariableDeclaration_2 [[100.0,100.0], [10.0,10.0], [0.0,0.0], [40.0,40.0], [0.0,0.0]]
ENTRY 12 VariableDeclaration_3 [[100.0,100.0], [10.0,10.0], [0.0,0.0], [40.0,40.0], [0.0,0.0]]
EXIT 12 VariableDeclaration_3 [[100.0,100.0], [10.0,10.0], [0.0,0.0], [40.0,40.0], [0.0,0.0]]
ENTRY 12 VariableDeclaration_4 [[100.0,100.0], [10.0,10.0], [0.0,0.0], [40.0,40.0], [0.0,0.0]]
EXIT 12 VariableDeclaration_4 [[100.0,100.0], [10.0,10.0], [0.0,0.0], [40.0,40.0], [0.0,0.0]]
ENTRY 12 ModifierDefinition_0 [[100.0,100.0], [10.0,10.0], [0.0,0.0], [40.0,40.0], [0.0,0.0]]
EXIT 12 ModifierDefinition_0 [[100.0,100.0], [10.0,10.0], [0.0,0.0], [40.0,40.0], [0.0,0.0]]
ENTRY 12 FunctionDefinition_0 [[100.0,100.0], [10.0,10.0], [0.0,0.0], [40.0,40.0], [0.0,0.0]]
EXIT 12 FunctionDefinition_0 [[100.0,100.0], [10.0,10.0], [0.0,0.0], [40.0,40.0], [0.0,0.0]]
ENTRY 12 FunctionEntry_0 [[100.0,100.0], [10.0,10.0], [0.0,0.0], [40.0,40.0], [0.0,0.0]]
EXIT 12 FunctionEntry_0 [[100.0,100.0], [10.0,10.0], [0.0,0.0], [40.0,40.0], [0.0,0.0]]
ENTRY 12 ExpressionStatement_0 [[100.0,100.0], [10.0,10.0], [0.0,0.0], [40.0,40.0], [0.0,0.0]]
EXIT 12 ExpressionStatement_0 [[100.0,100.0], [10.0,10.0], [0.0,0.0], [40.0,40.0], [0.0,0.0]]
ENTRY 12 IfStatement_0 [[-110.0,100.0], [10.0,110.0], [0.0,0.0], [0.0,40.0], [0.0,0.0]]
EXIT 12 IfStatement_0 [[1.0,-1.0], [1.0,-1.0], [1.0,-1.0], [1.0,-1.0], [1.0,-1.0]]
ENTRY 12 ExpressionStatement_1 [[-110.0,100.0], [10.0,110.0], [0.0,0.0], [0.0,40.0], [0.0,0.0]]
EXIT 12 ExpressionStatement_1 [[-120.0,90.0], [10.0,110.0], [0.0,0.0], [0.0,40.0], [0.0,0.0]]
ENTRY 12 ExpressionStatement_2 [[-120.0,90.0], [10.0,110.0], [0.0,0.0], [0.0,40.0], [0.0,0.0]]
EXIT 12 ExpressionStatement_2 [[-120.0,90.0], [20.0,120.0], [0.0,0.0], [0.0,40.0], [0.0,0.0]]
ENTRY 12 IfConditionJoin_0 [[-120.0,100.0], [10.0,120.0], [0.0,0.0], [0.0,40.0], [0.0,0.0]]
EXIT 12 IfConditionJoin_0 [[-120.0,100.0], [10.0,120.0], [0.0,0.0], [0.0,40.0], [0.0,0.0]]
ENTRY 12 ExpressionStatement_3 [[-120.0,100.0], [10.0,120.0], [0.0,0.0], [0.0,40.0], [0.0,0.0]]
EXIT 12 ExpressionStatement_3 [[-120.0,100.0], [10.0,120.0], [0.0,0.0], [10.0,10.0], [0.0,0.0]]
ENTRY 12 FunctionExit_0 [[-120.0,100.0], [10.0,120.0], [0.0,0.0], [10.0,10.0], [0.0,0.0]]
EXIT 12 FunctionExit_0 [[-120.0,100.0], [10.0,120.0], [0.0,0.0], [10.0,10.0], [0.0,0.0]]
ENTRY 13 SourceEntry_0 [[0.0,0.0], [0.0,0.0], [0.0,0.0], [0.0,0.0], [0.0,0.0]]
EXIT 13 SourceEntry_0 [[100.0,100.0], [10.0,10.0], [0.0,0.0], [40.0,40.0], [0.0,0.0]]
ENTRY 13 SourceUnit_0 [[100.0,100.0], [10.0,10.0], [0.0,0.0], [40.0,40.0], [0.0,0.0]]
EXIT 13 SourceUnit_0 [[100.0,100.0], [10.0,10.0], [0.0,0.0], [40.0,40.0], [0.0,0.0]]
ENTRY 13 PragmaDirective_0 [[100.0,100.0], [10.0,10.0], [0.0,0.0], [40.0,40.0], [0.0,0.0]]
EXIT 13 PragmaDirective_0 [[100.0,100.0], [10.0,10.0], [0.0,0.0], [40.0,40.0], [0.0,0.0]]
ENTRY 13 SourceExit_0 [[-120.0,100.0], [10.0,120.0], [0.0,0.0], [10.0,40.0], [0.0,0.0]]
EXIT 13 SourceExit_0 [[100.0,100.0], [10.0,10.0], [0.0,0.0], [40.0,40.0], [0.0,0.0]]
ENTRY 13 ContractDefinition_0 [[100.0,100.0], [10.0,10.0], [0.0,0.0], [40.0,40.0], [0.0,0.0]]
EXIT 13 ContractDefinition_0 [[100.0,100.0], [10.0,10.0], [0.0,0.0], [40.0,40.0], [0.0,0.0]]
ENTRY 13 VariableDeclaration_0 [[100.0,100.0], [10.0,10.0], [0.0,0.0], [40.0,40.0], [0.0,0.0]]
EXIT 13 VariableDeclaration_0 [[100.0,100.0], [10.0,10.0], [0.0,0.0], [40.0,40.0], [0.0,0.0]]
ENTRY 13 VariableDeclaration_1 [[100.0,100.0], [10.0,10.0], [0.0,0.0], [40.0,40.0], [0.0,0.0]]
EXIT 13 VariableDeclaration_1 [[100.0,100.0], [10.0,10.0], [0.0,0.0], [40.0,40.0], [0.0,0.0]]
ENTRY 13 VariableDeclaration_2 [[100.0,100.0], [10.0,10.0], [0.0,0.0], [40.0,40.0], [0.0,0.0]]
EXIT 13 VariableDeclaration_2 [[100.0,100.0], [10.0,10.0], [0.0,0.0], [40.0,40.0], [0.0,0.0]]
ENTRY 13 VariableDeclaration_3 [[100.0,100.0], [10.0,10.0], [0.0,0.0], [40.0,40.0], [0.0,0.0]]
EXIT 13 VariableDeclaration_3 [[100.0,100.0], [10.0,10.0], [0.0,0.0], [40.0,40.0], [0.0,0.0]]
ENTRY 13 VariableDeclaration_4 [[100.0,100.0], [10.0,10.0], [0.0,0.0], [40.0,40.0], [0.0,0.0]]
EXIT 13 VariableDeclaration_4 [[100.0,100.0], [10.0,10.0], [0.0,0.0], [40.0,40.0], [0.0,0.0]]
ENTRY 13 ModifierDefinition_0 [[100.0,100.0], [10.0,10.0], [0.0,0.0], [40.0,40.0], [0.0,0.0]]
EXIT 13 ModifierDefinition_0 [[100.0,100.0], [10.0,10.0], [0.0,0.0], [40.0,40.0], [0.0,0.0]]
ENTRY 13 FunctionDefinition_0 [[100.0,100.0], [10.0,10.0], [0.0,0.0], [40.0,40.0], [0.0,0.0]]
EXIT 13 FunctionDefinition_0 [[100.0,100.0], [10.0,10.0], [0.0,0.0], [40.0,40.0], [0.0,0.0]]
ENTRY 13 FunctionEntry_0 [[100.0,100.0], [10.0,10.0], [0.0,0.0], [40.0,40.0], [0.0,0.0]]
EXIT 13 FunctionEntry_0 [[100.0,100.0], [10.0,10.0], [0.0,0.0], [40.0,40.0], [0.0,0.0]]
ENTRY 13 ExpressionStatement_0 [[100.0,100.0], [10.0,10.0], [0.0,0.0], [40.0,40.0], [0.0,0.0]]
EXIT 13 ExpressionStatement_0 [[100.0,100.0], [10.0,10.0], [0.0,0.0], [40.0,40.0], [0.0,0.0]]
ENTRY 13 IfStatement_0 [[-120.0,100.0], [10.0,120.0], [0.0,0.0], [0.0,40.0], [0.0,0.0]]
EXIT 13 IfStatement_0 [[1.0,-1.0], [1.0,-1.0], [1.0,-1.0], [1.0,-1.0], [1.0,-1.0]]
ENTRY 13 ExpressionStatement_1 [[-120.0,100.0], [10.0,120.0], [0.0,0.0], [0.0,40.0], [0.0,0.0]]
EXIT 13 ExpressionStatement_1 [[-130.0,90.0], [10.0,120.0], [0.0,0.0], [0.0,40.0], [0.0,0.0]]
ENTRY 13 ExpressionStatement_2 [[-130.0,90.0], [10.0,120.0], [0.0,0.0], [0.0,40.0], [0.0,0.0]]
EXIT 13 ExpressionStatement_2 [[-130.0,90.0], [20.0,130.0], [0.0,0.0], [0.0,40.0], [0.0,0.0]]
ENTRY 13 IfConditionJoin_0 [[-130.0,100.0], [10.0,130.0], [0.0,0.0], [0.0,40.0], [0.0,0.0]]
EXIT 13 IfConditionJoin_0 [[-130.0,100.0], [10.0,130.0], [0.0,0.0], [0.0,40.0], [0.0,0.0]]
ENTRY 13 ExpressionStatement_3 [[-130.0,100.0], [10.0,130.0], [0.0,0.0], [0.0,40.0], [0.0,0.0]]
EXIT 13 ExpressionStatement_3 [[-130.0,100.0], [10.0,130.0], [0.0,0.0], [10.0,10.0], [0.0,0.0]]
ENTRY 13 FunctionExit_0 [[-130.0,100.0], [10.0,130.0], [0.0,0.0], [10.0,10.0], [0.0,0.0]]
EXIT 13 FunctionExit_0 [[-130.0,100.0], [10.0,130.0], [0.0,0.0], [10.0,10.0], [0.0,0.0]]
ENTRY 14 SourceEntry_0 [[0.0,0.0], [0.0,0.0], [0.0,0.0], [0.0,0.0], [0.0,0.0]]
EXIT 14 SourceEntry_0 [[100.0,100.0], [10.0,10.0], [0.0,0.0], [40.0,40.0], [0.0,0.0]]
ENTRY 14 SourceUnit_0 [[100.0,100.0], [10.0,10.0], [0.0,0.0], [40.0,40.0], [0.0,0.0]]
EXIT 14 SourceUnit_0 [[100.0,100.0], [10.0,10.0], [0.0,0.0], [40.0,40.0], [0.0,0.0]]
ENTRY 14 PragmaDirective_0 [[100.0,100.0], [10.0,10.0], [0.0,0.0], [40.0,40.0], [0.0,0.0]]
EXIT 14 PragmaDirective_0 [[100.0,100.0], [10.0,10.0], [0.0,0.0], [40.0,40.0], [0.0,0.0]]
ENTRY 14 SourceExit_0 [[-130.0,100.0], [10.0,130.0], [0.0,0.0], [10.0,40.0], [0.0,0.0]]
EXIT 14 SourceExit_0 [[100.0,100.0], [10.0,10.0], [0.0,0.0], [40.0,40.0], [0.0,0.0]]
ENTRY 14 ContractDefinition_0 [[100.0,100.0], [10.0,10.0], [0.0,0.0], [40.0,40.0], [0.0,0.0]]
EXIT 14 ContractDefinition_0 [[100.0,100.0], [10.0,10.0], [0.0,0.0], [40.0,40.0], [0.0,0.0]]
ENTRY 14 VariableDeclaration_0 [[100.0,100.0], [10.0,10.0], [0.0,0.0], [40.0,40.0], [0.0,0.0]]
EXIT 14 VariableDeclaration_0 [[100.0,100.0], [10.0,10.0], [0.0,0.0], [40.0,40.0], [0.0,0.0]]
ENTRY 14 VariableDeclaration_1 [[100.0,100.0], [10.0,10.0], [0.0,0.0], [40.0,40.0], [0.0,0.0]]
EXIT 14 VariableDeclaration_1 [[100.0,100.0], [10.0,10.0], [0.0,0.0], [40.0,40.0], [0.0,0.0]]
ENTRY 14 VariableDeclaration_2 [[100.0,100.0], [10.0,10.0], [0.0,0.0], [40.0,40.0], [0.0,0.0]]
EXIT 14 VariableDeclaration_2 [[100.0,100.0], [10.0,10.0], [0.0,0.0], [40.0,40.0], [0.0,0.0]]
ENTRY 14 VariableDeclaration_3 [[100.0,100.0], [10.0,10.0], [0.0,0.0], [40.0,40.0], [0.0,0.0]]
EXIT 14 VariableDeclaration_3 [[100.0,100.0], [10.0,10.0], [0.0,0.0], [40.0,40.0], [0.0,0.0]]
ENTRY 14 VariableDeclaration_4 [[100.0,100.0], [10.0,10.0], [0.0,0.0], [40.0,40.0], [0.0,0.0]]
EXIT 14 VariableDeclaration_4 [[100.0,100.0], [10.0,10.0], [0.0,0.0], [40.0,40.0], [0.0,0.0]]
ENTRY 14 ModifierDefinition_0 [[100.0,100.0], [10.0,10.0], [0.0,0.0], [40.0,40.0], [0.0,0.0]]
EXIT 14 ModifierDefinition_0 [[100.0,100.0], [10.0,10.0], [0.0,0.0], [40.0,40.0], [0.0,0.0]]
ENTRY 14 FunctionDefinition_0 [[100.0,100.0], [10.0,10.0], [0.0,0.0], [40.0,40.0], [0.0,0.0]]
EXIT 14 FunctionDefinition_0 [[100.0,100.0], [10.0,10.0], [0.0,0.0], [40.0,40.0], [0.0,0.0]]
ENTRY 14 FunctionEntry_0 [[100.0,100.0], [10.0,10.0], [0.0,0.0], [40.0,40.0], [0.0,0.0]]
EXIT 14 FunctionEntry_0 [[100.0,100.0], [10.0,10.0], [0.0,0.0], [40.0,40.0], [0.0,0.0]]
ENTRY 14 ExpressionStatement_0 [[100.0,100.0], [10.0,10.0], [0.0,0.0], [40.0,40.0], [0.0,0.0]]
EXIT 14 ExpressionStatement_0 [[100.0,100.0], [10.0,10.0], [0.0,0.0], [40.0,40.0], [0.0,0.0]]
ENTRY 14 IfStatement_0 [[-130.0,100.0], [10.0,130.0], [0.0,0.0], [0.0,40.0], [0.0,0.0]]
EXIT 14 IfStatement_0 [[1.0,-1.0], [1.0,-1.0], [1.0,-1.0], [1.0,-1.0], [1.0,-1.0]]
ENTRY 14 ExpressionStatement_1 [[-130.0,100.0], [10.0,130.0], [0.0,0.0], [0.0,40.0], [0.0,0.0]]
EXIT 14 ExpressionStatement_1 [[-140.0,90.0], [10.0,130.0], [0.0,0.0], [0.0,40.0], [0.0,0.0]]
ENTRY 14 ExpressionStatement_2 [[-140.0,90.0], [10.0,130.0], [0.0,0.0], [0.0,40.0], [0.0,0.0]]
EXIT 14 ExpressionStatement_2 [[-140.0,90.0], [20.0,140.0], [0.0,0.0], [0.0,40.0], [0.0,0.0]]
ENTRY 14 IfConditionJoin_0 [[-140.0,100.0], [10.0,140.0], [0.0,0.0], [0.0,40.0], [0.0,0.0]]
EXIT 14 IfConditionJoin_0 [[-140.0,100.0], [10.0,140.0], [0.0,0.0], [0.0,40.0], [0.0,0.0]]
ENTRY 14 ExpressionStatement_3 [[-140.0,100.0], [10.0,140.0], [0.0,0.0], [0.0,40.0], [0.0,0.0]]
EXIT 14 ExpressionStatement_3 [[-140.0,100.0], [10.0,140.0], [0.0,0.0], [10.0,10.0], [0.0,0.0]]
ENTRY 14 FunctionExit_0 [[-140.0,100.0], [10.0,140.0], [0.0,0.0], [10.0,10.0], [0.0,0.0]]
EXIT 14 FunctionExit_0 [[-140.0,100.0], [10.0,140.0], [0.0,0.0], [10.0,10.0], [0.0,0.0]]
ENTRY 15 SourceEntry_0 [[0.0,0.0], [0.0,0.0], [0.0,0.0], [0.0,0.0], [0.0,0.0]]
EXIT 15 SourceEntry_0 [[100.0,100.0], [10.0,10.0], [0.0,0.0], [40.0,40.0], [0.0,0.0]]
ENTRY 15 SourceUnit_0 [[100.0,100.0], [10.0,10.0], [0.0,0.0], [40.0,40.0], [0.0,0.0]]
EXIT 15 SourceUnit_0 [[100.0,100.0], [10.0,10.0], [0.0,0.0], [40.0,40.0], [0.0,0.0]]
ENTRY 15 PragmaDirective_0 [[100.0,100.0], [10.0,10.0], [0.0,0.0], [40.0,40.0], [0.0,0.0]]
EXIT 15 PragmaDirective_0 [[100.0,100.0], [10.0,10.0], [0.0,0.0], [40.0,40.0], [0.0,0.0]]
ENTRY 15 SourceExit_0 [[-140.0,100.0], [10.0,140.0], [0.0,0.0], [10.0,40.0], [0.0,0.0]]
EXIT 15 SourceExit_0 [[100.0,100.0], [10.0,10.0], [0.0,0.0], [40.0,40.0], [0.0,0.0]]
ENTRY 15 ContractDefinition_0 [[100.0,100.0], [10.0,10.0], [0.0,0.0], [40.0,40.0], [0.0,0.0]]
EXIT 15 ContractDefinition_0 [[100.0,100.0], [10.0,10.0], [0.0,0.0], [40.0,40.0], [0.0,0.0]]
ENTRY 15 VariableDeclaration_0 [[100.0,100.0], [10.0,10.0], [0.0,0.0], [40.0,40.0], [0.0,0.0]]
EXIT 15 VariableDeclaration_0 [[100.0,100.0], [10.0,10.0], [0.0,0.0], [40.0,40.0], [0.0,0.0]]
ENTRY 15 VariableDeclaration_1 [[100.0,100.0], [10.0,10.0], [0.0,0.0], [40.0,40.0], [0.0,0.0]]
EXIT 15 VariableDeclaration_1 [[100.0,100.0], [10.0,10.0], [0.0,0.0], [40.0,40.0], [0.0,0.0]]
ENTRY 15 VariableDeclaration_2 [[100.0,100.0], [10.0,10.0], [0.0,0.0], [40.0,40.0], [0.0,0.0]]
EXIT 15 VariableDeclaration_2 [[100.0,100.0], [10.0,10.0], [0.0,0.0], [40.0,40.0], [0.0,0.0]]
ENTRY 15 VariableDeclaration_3 [[100.0,100.0], [10.0,10.0], [0.0,0.0], [40.0,40.0], [0.0,0.0]]
EXIT 15 VariableDeclaration_3 [[100.0,100.0], [10.0,10.0], [0.0,0.0], [40.0,40.0], [0.0,0.0]]
ENTRY 15 VariableDeclaration_4 [[100.0,100.0], [10.0,10.0], [0.0,0.0], [40.0,40.0], [0.0,0.0]]
EXIT 15 VariableDeclaration_4 [[100.0,100.0], [10.0,10.0], [0.0,0.0], [40.0,40.0], [0.0,0.0]]
ENTRY 15 ModifierDefinition_0 [[100.0,100.0], [10.0,10.0], [0.0,0.0], [40.0,40.0], [0.0,0.0]]
EXIT 15 ModifierDefinition_0 [[100.0,100.0], [10.0,10.0], [0.0,0.0], [40.0,40.0], [0.0,0.0]]
ENTRY 15 FunctionDefinition_0 [[100.0,100.0], [10.0,10.0], [0.0,0.0], [40.0,40.0], [0.0,0.0]]
EXIT 15 FunctionDefinition_0 [[100.0,100.0], [10.0,10.0], [0.0,0.0], [40.0,40.0], [0.0,0.0]]
ENTRY 15 FunctionEntry_0 [[100.0,100.0], [10.0,10.0], [0.0,0.0], [40.0,40.0], [0.0,0.0]]
EXIT 15 FunctionEntry_0 [[100.0,100.0], [10.0,10.0], [0.0,0.0], [40.0,40.0], [0.0,0.0]]
ENTRY 15 ExpressionStatement_0 [[100.0,100.0], [10.0,10.0], [0.0,0.0], [40.0,40.0], [0.0,0.0]]
EXIT 15 ExpressionStatement_0 [[100.0,100.0], [10.0,10.0], [0.0,0.0], [40.0,40.0], [0.0,0.0]]
ENTRY 15 IfStatement_0 [[-140.0,100.0], [10.0,140.0], [0.0,0.0], [0.0,40.0], [0.0,0.0]]
EXIT 15 IfStatement_0 [[1.0,-1.0], [1.0,-1.0], [1.0,-1.0], [1.0,-1.0], [1.0,-1.0]]
ENTRY 15 ExpressionStatement_1 [[-140.0,100.0], [10.0,140.0], [0.0,0.0], [0.0,40.0], [0.0,0.0]]
EXIT 15 ExpressionStatement_1 [[-150.0,90.0], [10.0,140.0], [0.0,0.0], [0.0,40.0], [0.0,0.0]]
ENTRY 15 ExpressionStatement_2 [[-150.0,90.0], [10.0,140.0], [0.0,0.0], [0.0,40.0], [0.0,0.0]]
EXIT 15 ExpressionStatement_2 [[-150.0,90.0], [20.0,150.0], [0.0,0.0], [0.0,40.0], [0.0,0.0]]
ENTRY 15 IfConditionJoin_0 [[-150.0,100.0], [10.0,150.0], [0.0,0.0], [0.0,40.0], [0.0,0.0]]
EXIT 15 IfConditionJoin_0 [[-150.0,100.0], [10.0,150.0], [0.0,0.0], [0.0,40.0], [0.0,0.0]]
ENTRY 15 ExpressionStatement_3 [[-150.0,100.0], [10.0,150.0], [0.0,0.0], [0.0,40.0], [0.0,0.0]]
EXIT 15 ExpressionStatement_3 [[-150.0,100.0], [10.0,150.0], [0.0,0.0], [10.0,10.0], [0.0,0.0]]
ENTRY 15 FunctionExit_0 [[-150.0,100.0], [10.0,150.0], [0.0,0.0], [10.0,10.0], [0.0,0.0]]
EXIT 15 FunctionExit_0 [[-150.0,100.0], [10.0,150.0], [0.0,0.0], [10.0,10.0], [0.0,0.0]]
ENTRY 16 SourceEntry_0 [[0.0,0.0], [0.0,0.0], [0.0,0.0], [0.0,0.0], [0.0,0.0]]
EXIT 16 SourceEntry_0 [[100.0,100.0], [10.0,10.0], [0.0,0.0], [40.0,40.0], [0.0,0.0]]
ENTRY 16 SourceUnit_0 [[100.0,100.0], [10.0,10.0], [0.0,0.0], [40.0,40.0], [0.0,0.0]]
EXIT 16 SourceUnit_0 [[100.0,100.0], [10.0,10.0], [0.0,0.0], [40.0,40.0], [0.0,0.0]]
ENTRY 16 PragmaDirective_0 [[100.0,100.0], [10.0,10.0], [0.0,0.0], [40.0,40.0], [0.0,0.0]]
EXIT 16 PragmaDirective_0 [[100.0,100.0], [10.0,10.0], [0.0,0.0], [40.0,40.0], [0.0,0.0]]
ENTRY 16 SourceExit_0 [[-150.0,100.0], [10.0,150.0], [0.0,0.0], [10.0,40.0], [0.0,0.0]]
EXIT 16 SourceExit_0 [[100.0,100.0], [10.0,10.0], [0.0,0.0], [40.0,40.0], [0.0,0.0]]
ENTRY 16 ContractDefinition_0 [[100.0,100.0], [10.0,10.0], [0.0,0.0], [40.0,40.0], [0.0,0.0]]
EXIT 16 ContractDefinition_0 [[100.0,100.0], [10.0,10.0], [0.0,0.0], [40.0,40.0], [0.0,0.0]]
ENTRY 16 VariableDeclaration_0 [[100.0,100.0], [10.0,10.0], [0.0,0.0], [40.0,40.0], [0.0,0.0]]
EXIT 16 VariableDeclaration_0 [[100.0,100.0], [10.0,10.0], [0.0,0.0], [40.0,40.0], [0.0,0.0]]
ENTRY 16 VariableDeclaration_1 [[100.0,100.0], [10.0,10.0], [0.0,0.0], [40.0,40.0], [0.0,0.0]]
EXIT 16 VariableDeclaration_1 [[100.0,100.0], [10.0,10.0], [0.0,0.0], [40.0,40.0], [0.0,0.0]]
ENTRY 16 VariableDeclaration_2 [[100.0,100.0], [10.0,10.0], [0.0,0.0], [40.0,40.0], [0.0,0.0]]
EXIT 16 VariableDeclaration_2 [[100.0,100.0], [10.0,10.0], [0.0,0.0], [40.0,40.0], [0.0,0.0]]
ENTRY 16 VariableDeclaration_3 [[100.0,100.0], [10.0,10.0], [0.0,0.0], [40.0,40.0], [0.0,0.0]]
EXIT 16 VariableDeclaration_3 [[100.0,100.0], [10.0,10.0], [0.0,0.0], [40.0,40.0], [0.0,0.0]]
ENTRY 16 VariableDeclaration_4 [[100.0,100.0], [10.0,10.0], [0.0,0.0], [40.0,40.0], [0.0,0.0]]
EXIT 16 VariableDeclaration_4 [[100.0,100.0], [10.0,10.0], [0.0,0.0], [40.0,40.0], [0.0,0.0]]
ENTRY 16 ModifierDefinition_0 [[100.0,100.0], [10.0,10.0], [0.0,0.0], [40.0,40.0], [0.0,0.0]]
EXIT 16 ModifierDefinition_0 [[100.0,100.0], [10.0,10.0], [0.0,0.0], [40.0,40.0], [0.0,0.0]]
ENTRY 16 FunctionDefinition_0 [[100.0,100.0], [10.0,10.0], [0.0,0.0], [40.0,40.0], [0.0,0.0]]
EXIT 16 FunctionDefinition_0 [[100.0,100.0], [10.0,10.0], [0.0,0.0], [40.0,40.0], [0.0,0.0]]
ENTRY 16 FunctionEntry_0 [[100.0,100.0], [10.0,10.0], [0.0,0.0], [40.0,40.0], [0.0,0.0]]
EXIT 16 FunctionEntry_0 [[100.0,100.0], [10.0,10.0], [0.0,0.0], [40.0,40.0], [0.0,0.0]]
ENTRY 16 ExpressionStatement_0 [[100.0,100.0], [10.0,10.0], [0.0,0.0], [40.0,40.0], [0.0,0.0]]
EXIT 16 ExpressionStatement_0 [[100.0,100.0], [10.0,10.0], [0.0,0.0], [40.0,40.0], [0.0,0.0]]
ENTRY 16 IfStatement_0 [[-150.0,100.0], [10.0,150.0], [0.0,0.0], [0.0,40.0], [0.0,0.0]]
EXIT 16 IfStatement_0 [[1.0,-1.0], [1.0,-1.0], [1.0,-1.0], [1.0,-1.0], [1.0,-1.0]]
ENTRY 16 ExpressionStatement_1 [[-150.0,100.0], [10.0,150.0], [0.0,0.0], [0.0,40.0], [0.0,0.0]]
EXIT 16 ExpressionStatement_1 [[-160.0,90.0], [10.0,150.0], [0.0,0.0], [0.0,40.0], [0.0,0.0]]
ENTRY 16 ExpressionStatement_2 [[-160.0,90.0], [10.0,150.0], [0.0,0.0], [0.0,40.0], [0.0,0.0]]
EXIT 16 ExpressionStatement_2 [[-160.0,90.0], [20.0,160.0], [0.0,0.0], [0.0,40.0], [0.0,0.0]]
ENTRY 16 IfConditionJoin_0 [[-160.0,100.0], [10.0,160.0], [0.0,0.0], [0.0,40.0], [0.0,0.0]]
EXIT 16 IfConditionJoin_0 [[-160.0,100.0], [10.0,160.0], [0.0,0.0], [0.0,40.0], [0.0,0.0]]
ENTRY 16 ExpressionStatement_3 [[-160.0,100.0], [10.0,160.0], [0.0,0.0], [0.0,40.0], [0.0,0.0]]
EXIT 16 ExpressionStatement_3 [[-160.0,100.0], [10.0,160.0], [0.0,0.0], [10.0,10.0], [0.0,0.0]]
ENTRY 16 FunctionExit_0 [[-160.0,100.0], [10.0,160.0], [0.0,0.0], [10.0,10.0], [0.0,0.0]]
EXIT 16 FunctionExit_0 [[-160.0,100.0], [10.0,160.0], [0.0,0.0], [10.0,10.0], [0.0,0.0]]
ENTRY 17 SourceEntry_0 [[0.0,0.0], [0.0,0.0], [0.0,0.0], [0.0,0.0], [0.0,0.0]]
EXIT 17 SourceEntry_0 [[100.0,100.0], [10.0,10.0], [0.0,0.0], [40.0,40.0], [0.0,0.0]]
ENTRY 17 SourceUnit_0 [[100.0,100.0], [10.0,10.0], [0.0,0.0], [40.0,40.0], [0.0,0.0]]
EXIT 17 SourceUnit_0 [[100.0,100.0], [10.0,10.0], [0.0,0.0], [40.0,40.0], [0.0,0.0]]
ENTRY 17 PragmaDirective_0 [[100.0,100.0], [10.0,10.0], [0.0,0.0], [40.0,40.0], [0.0,0.0]]
EXIT 17 PragmaDirective_0 [[100.0,100.0], [10.0,10.0], [0.0,0.0], [40.0,40.0], [0.0,0.0]]
ENTRY 17 SourceExit_0 [[-160.0,100.0], [10.0,160.0], [0.0,0.0], [10.0,40.0], [0.0,0.0]]
EXIT 17 SourceExit_0 [[100.0,100.0], [10.0,10.0], [0.0,0.0], [40.0,40.0], [0.0,0.0]]
ENTRY 17 ContractDefinition_0 [[100.0,100.0], [10.0,10.0], [0.0,0.0], [40.0,40.0], [0.0,0.0]]
EXIT 17 ContractDefinition_0 [[100.0,100.0], [10.0,10.0], [0.0,0.0], [40.0,40.0], [0.0,0.0]]
ENTRY 17 VariableDeclaration_0 [[100.0,100.0], [10.0,10.0], [0.0,0.0], [40.0,40.0], [0.0,0.0]]
EXIT 17 VariableDeclaration_0 [[100.0,100.0], [10.0,10.0], [0.0,0.0], [40.0,40.0], [0.0,0.0]]
ENTRY 17 VariableDeclaration_1 [[100.0,100.0], [10.0,10.0], [0.0,0.0], [40.0,40.0], [0.0,0.0]]
EXIT 17 VariableDeclaration_1 [[100.0,100.0], [10.0,10.0], [0.0,0.0], [40.0,40.0], [0.0,0.0]]
ENTRY 17 VariableDeclaration_2 [[100.0,100.0], [10.0,10.0], [0.0,0.0], [40.0,40.0], [0.0,0.0]]
EXIT 17 VariableDeclaration_2 [[100.0,100.0], [10.0,10.0], [0.0,0.0], [40.0,40.0], [0.0,0.0]]
ENTRY 17 VariableDeclaration_3 [[100.0,100.0], [10.0,10.0], [0.0,0.0], [40.0,40.0], [0.0,0.0]]
EXIT 17 VariableDeclaration_3 [[100.0,100.0], [10.0,10.0], [0.0,0.0], [40.0,40.0], [0.0,0.0]]
ENTRY 17 VariableDeclaration_4 [[100.0,100.0], [10.0,10.0], [0.0,0.0], [40.0,40.0], [0.0,0.0]]
EXIT 17 VariableDeclaration_4 [[100.0,100.0], [10.0,10.0], [0.0,0.0], [40.0,40.0], [0.0,0.0]]
ENTRY 17 ModifierDefinition_0 [[100.0,100.0], [10.0,10.0], [0.0,0.0], [40.0,40.0], [0.0,0.0]]
EXIT 17 ModifierDefinition_0 [[100.0,100.0], [10.0,10.0], [0.0,0.0], [40.0,40.0], [0.0,0.0]]
ENTRY 17 FunctionDefinition_0 [[100.0,100.0], [10.0,10.0], [0.0,0.0], [40.0,40.0], [0.0,0.0]]
EXIT 17 FunctionDefinition_0 [[100.0,100.0], [10.0,10.0], [0.0,0.0], [40.0,40.0], [0.0,0.0]]
ENTRY 17 FunctionEntry_0 [[100.0,100.0], [10.0,10.0], [0.0,0.0], [40.0,40.0], [0.0,0.0]]
EXIT 17 FunctionEntry_0 [[100.0,100.0], [10.0,10.0], [0.0,0.0], [40.0,40.0], [0.0,0.0]]
ENTRY 17 ExpressionStatement_0 [[100.0,100.0], [10.0,10.0], [0.0,0.0], [40.0,40.0], [0.0,0.0]]
EXIT 17 ExpressionStatement_0 [[100.0,100.0], [10.0,10.0], [0.0,0.0], [40.0,40.0], [0.0,0.0]]
ENTRY 17 IfStatement_0 [[-160.0,100.0], [10.0,160.0], [0.0,0.0], [0.0,40.0], [0.0,0.0]]
EXIT 17 IfStatement_0 [[1.0,-1.0], [1.0,-1.0], [1.0,-1.0], [1.0,-1.0], [1.0,-1.0]]
ENTRY 17 ExpressionStatement_1 [[-160.0,100.0], [10.0,160.0], [0.0,0.0], [0.0,40.0], [0.0,0.0]]
EXIT 17 ExpressionStatement_1 [[-170.0,90.0], [10.0,160.0], [0.0,0.0], [0.0,40.0], [0.0,0.0]]
ENTRY 17 ExpressionStatement_2 [[-170.0,90.0], [10.0,160.0], [0.0,0.0], [0.0,40.0], [0.0,0.0]]
EXIT 17 ExpressionStatement_2 [[-170.0,90.0], [20.0,170.0], [0.0,0.0], [0.0,40.0], [0.0,0.0]]
ENTRY 17 IfConditionJoin_0 [[-170.0,100.0], [10.0,170.0], [0.0,0.0], [0.0,40.0], [0.0,0.0]]
EXIT 17 IfConditionJoin_0 [[-170.0,100.0], [10.0,170.0], [0.0,0.0], [0.0,40.0], [0.0,0.0]]
ENTRY 17 ExpressionStatement_3 [[-170.0,100.0], [10.0,170.0], [0.0,0.0], [0.0,40.0], [0.0,0.0]]
EXIT 17 ExpressionStatement_3 [[-170.0,100.0], [10.0,170.0], [0.0,0.0], [10.0,10.0], [0.0,0.0]]
ENTRY 17 FunctionExit_0 [[-170.0,100.0], [10.0,170.0], [0.0,0.0], [10.0,10.0], [0.0,0.0]]
EXIT 17 FunctionExit_0 [[-170.0,100.0], [10.0,170.0], [0.0,0.0], [10.0,10.0], [0.0,0.0]]
ENTRY 18 SourceEntry_0 [[0.0,0.0], [0.0,0.0], [0.0,0.0], [0.0,0.0], [0.0,0.0]]
EXIT 18 SourceEntry_0 [[100.0,100.0], [10.0,10.0], [0.0,0.0], [40.0,40.0], [0.0,0.0]]
ENTRY 18 SourceUnit_0 [[100.0,100.0], [10.0,10.0], [0.0,0.0], [40.0,40.0], [0.0,0.0]]
EXIT 18 SourceUnit_0 [[100.0,100.0], [10.0,10.0], [0.0,0.0], [40.0,40.0], [0.0,0.0]]
ENTRY 18 PragmaDirective_0 [[100.0,100.0], [10.0,10.0], [0.0,0.0], [40.0,40.0], [0.0,0.0]]
EXIT 18 PragmaDirective_0 [[100.0,100.0], [10.0,10.0], [0.0,0.0], [40.0,40.0], [0.0,0.0]]
ENTRY 18 SourceExit_0 [[-170.0,100.0], [10.0,170.0], [0.0,0.0], [10.0,40.0], [0.0,0.0]]
EXIT 18 SourceExit_0 [[100.0,100.0], [10.0,10.0], [0.0,0.0], [40.0,40.0], [0.0,0.0]]
ENTRY 18 ContractDefinition_0 [[100.0,100.0], [10.0,10.0], [0.0,0.0], [40.0,40.0], [0.0,0.0]]
EXIT 18 ContractDefinition_0 [[100.0,100.0], [10.0,10.0], [0.0,0.0], [40.0,40.0], [0.0,0.0]]
ENTRY 18 VariableDeclaration_0 [[100.0,100.0], [10.0,10.0], [0.0,0.0], [40.0,40.0], [0.0,0.0]]
EXIT 18 VariableDeclaration_0 [[100.0,100.0], [10.0,10.0], [0.0,0.0], [40.0,40.0], [0.0,0.0]]
ENTRY 18 VariableDeclaration_1 [[100.0,100.0], [10.0,10.0], [0.0,0.0], [40.0,40.0], [0.0,0.0]]
EXIT 18 VariableDeclaration_1 [[100.0,100.0], [10.0,10.0], [0.0,0.0], [40.0,40.0], [0.0,0.0]]
ENTRY 18 VariableDeclaration_2 [[100.0,100.0], [10.0,10.0], [0.0,0.0], [40.0,40.0], [0.0,0.0]]
EXIT 18 VariableDeclaration_2 [[100.0,100.0], [10.0,10.0], [0.0,0.0], [40.0,40.0], [0.0,0.0]]
ENTRY 18 VariableDeclaration_3 [[100.0,100.0], [10.0,10.0], [0.0,0.0], [40.0,40.0], [0.0,0.0]]
EXIT 18 VariableDeclaration_3 [[100.0,100.0], [10.0,10.0], [0.0,0.0], [40.0,40.0], [0.0,0.0]]
ENTRY 18 VariableDeclaration_4 [[100.0,100.0], [10.0,10.0], [0.0,0.0], [40.0,40.0], [0.0,0.0]]
EXIT 18 VariableDeclaration_4 [[100.0,100.0], [10.0,10.0], [0.0,0.0], [40.0,40.0], [0.0,0.0]]
ENTRY 18 ModifierDefinition_0 [[100.0,100.0], [10.0,10.0], [0.0,0.0], [40.0,40.0], [0.0,0.0]]
EXIT 18 ModifierDefinition_0 [[100.0,100.0], [10.0,10.0], [0.0,0.0], [40.0,40.0], [0.0,0.0]]
ENTRY 18 FunctionDefinition_0 [[100.0,100.0], [10.0,10.0], [0.0,0.0], [40.0,40.0], [0.0,0.0]]
EXIT 18 FunctionDefinition_0 [[100.0,100.0], [10.0,10.0], [0.0,0.0], [40.0,40.0], [0.0,0.0]]
ENTRY 18 FunctionEntry_0 [[100.0,100.0], [10.0,10.0], [0.0,0.0], [40.0,40.0], [0.0,0.0]]
EXIT 18 FunctionEntry_0 [[100.0,100.0], [10.0,10.0], [0.0,0.0], [40.0,40.0], [0.0,0.0]]
ENTRY 18 ExpressionStatement_0 [[100.0,100.0], [10.0,10.0], [0.0,0.0], [40.0,40.0], [0.0,0.0]]
EXIT 18 ExpressionStatement_0 [[100.0,100.0], [10.0,10.0], [0.0,0.0], [40.0,40.0], [0.0,0.0]]
ENTRY 18 IfStatement_0 [[-170.0,100.0], [10.0,170.0], [0.0,0.0], [0.0,40.0], [0.0,0.0]]
EXIT 18 IfStatement_0 [[1.0,-1.0], [1.0,-1.0], [1.0,-1.0], [1.0,-1.0], [1.0,-1.0]]
ENTRY 18 ExpressionStatement_1 [[-170.0,100.0], [10.0,170.0], [0.0,0.0], [0.0,40.0], [0.0,0.0]]
EXIT 18 ExpressionStatement_1 [[-180.0,90.0], [10.0,170.0], [0.0,0.0], [0.0,40.0], [0.0,0.0]]
ENTRY 18 ExpressionStatement_2 [[-180.0,90.0], [10.0,170.0], [0.0,0.0], [0.0,40.0], [0.0,0.0]]
EXIT 18 ExpressionStatement_2 [[-180.0,90.0], [20.0,180.0], [0.0,0.0], [0.0,40.0], [0.0,0.0]]
ENTRY 18 IfConditionJoin_0 [[-180.0,100.0], [10.0,180.0], [0.0,0.0], [0.0,40.0], [0.0,0.0]]
EXIT 18 IfConditionJoin_0 [[-180.0,100.0], [10.0,180.0], [0.0,0.0], [0.0,40.0], [0.0,0.0]]
ENTRY 18 ExpressionStatement_3 [[-180.0,100.0], [10.0,180.0], [0.0,0.0], [0.0,40.0], [0.0,0.0]]
EXIT 18 ExpressionStatement_3 [[-180.0,100.0], [10.0,180.0], [0.0,0.0], [10.0,10.0], [0.0,0.0]]
ENTRY 18 FunctionExit_0 [[-180.0,100.0], [10.0,180.0], [0.0,0.0], [10.0,10.0], [0.0,0.0]]
EXIT 18 FunctionExit_0 [[-180.0,100.0], [10.0,180.0], [0.0,0.0], [10.0,10.0], [0.0,0.0]]
ENTRY 19 SourceEntry_0 [[0.0,0.0], [0.0,0.0], [0.0,0.0], [0.0,0.0], [0.0,0.0]]
EXIT 19 SourceEntry_0 [[100.0,100.0], [10.0,10.0], [0.0,0.0], [40.0,40.0], [0.0,0.0]]
ENTRY 19 SourceUnit_0 [[100.0,100.0], [10.0,10.0], [0.0,0.0], [40.0,40.0], [0.0,0.0]]
EXIT 19 SourceUnit_0 [[100.0,100.0], [10.0,10.0], [0.0,0.0], [40.0,40.0], [0.0,0.0]]
ENTRY 19 PragmaDirective_0 [[100.0,100.0], [10.0,10.0], [0.0,0.0], [40.0,40.0], [0.0,0.0]]
EXIT 19 PragmaDirective_0 [[100.0,100.0], [10.0,10.0], [0.0,0.0], [40.0,40.0], [0.0,0.0]]
ENTRY 19 SourceExit_0 [[-180.0,100.0], [10.0,180.0], [0.0,0.0], [10.0,40.0], [0.0,0.0]]
EXIT 19 SourceExit_0 [[100.0,100.0], [10.0,10.0], [0.0,0.0], [40.0,40.0], [0.0,0.0]]
ENTRY 19 ContractDefinition_0 [[100.0,100.0], [10.0,10.0], [0.0,0.0], [40.0,40.0], [0.0,0.0]]
EXIT 19 ContractDefinition_0 [[100.0,100.0], [10.0,10.0], [0.0,0.0], [40.0,40.0], [0.0,0.0]]
ENTRY 19 VariableDeclaration_0 [[100.0,100.0], [10.0,10.0], [0.0,0.0], [40.0,40.0], [0.0,0.0]]
EXIT 19 VariableDeclaration_0 [[100.0,100.0], [10.0,10.0], [0.0,0.0], [40.0,40.0], [0.0,0.0]]
ENTRY 19 VariableDeclaration_1 [[100.0,100.0], [10.0,10.0], [0.0,0.0], [40.0,40.0], [0.0,0.0]]
EXIT 19 VariableDeclaration_1 [[100.0,100.0], [10.0,10.0], [0.0,0.0], [40.0,40.0], [0.0,0.0]]
ENTRY 19 VariableDeclaration_2 [[100.0,100.0], [10.0,10.0], [0.0,0.0], [40.0,40.0], [0.0,0.0]]
EXIT 19 VariableDeclaration_2 [[100.0,100.0], [10.0,10.0], [0.0,0.0], [40.0,40.0], [0.0,0.0]]
ENTRY 19 VariableDeclaration_3 [[100.0,100.0], [10.0,10.0], [0.0,0.0], [40.0,40.0], [0.0,0.0]]
EXIT 19 VariableDeclaration_3 [[100.0,100.0], [10.0,10.0], [0.0,0.0], [40.0,40.0], [0.0,0.0]]
ENTRY 19 VariableDeclaration_4 [[100.0,100.0], [10.0,10.0], [0.0,0.0], [40.0,40.0], [0.0,0.0]]
EXIT 19 VariableDeclaration_4 [[100.0,100.0], [10.0,10.0], [0.0,0.0], [40.0,40.0], [0.0,0.0]]
ENTRY 19 ModifierDefinition_0 [[100.0,100.0], [10.0,10.0], [0.0,0.0], [40.0,40.0], [0.0,0.0]]
EXIT 19 ModifierDefinition_0 [[100.0,100.0], [10.0,10.0], [0.0,0.0], [40.0,40.0], [0.0,0.0]]
ENTRY 19 FunctionDefinition_0 [[100.0,100.0], [10.0,10.0], [0.0,0.0], [40.0,40.0], [0.0,0.0]]
EXIT 19 FunctionDefinition_0 [[100.0,100.0], [10.0,10.0], [0.0,0.0], [40.0,40.0], [0.0,0.0]]
ENTRY 19 FunctionEntry_0 [[100.0,100.0], [10.0,10.0], [0.0,0.0], [40.0,40.0], [0.0,0.0]]
EXIT 19 FunctionEntry_0 [[100.0,100.0], [10.0,10.0], [0.0,0.0], [40.0,40.0], [0.0,0.0]]
ENTRY 19 ExpressionStatement_0 [[100.0,100.0], [10.0,10.0], [0.0,0.0], [40.0,40.0], [0.0,0.0]]
EXIT 19 ExpressionStatement_0 [[100.0,100.0], [10.0,10.0], [0.0,0.0], [40.0,40.0], [0.0,0.0]]
ENTRY 19 IfStatement_0 [[-180.0,100.0], [10.0,180.0], [0.0,0.0], [0.0,40.0], [0.0,0.0]]
EXIT 19 IfStatement_0 [[1.0,-1.0], [1.0,-1.0], [1.0,-1.0], [1.0,-1.0], [1.0,-1.0]]
ENTRY 19 ExpressionStatement_1 [[-180.0,100.0], [10.0,180.0], [0.0,0.0], [0.0,40.0], [0.0,0.0]]
EXIT 19 ExpressionStatement_1 [[-190.0,90.0], [10.0,180.0], [0.0,0.0], [0.0,40.0], [0.0,0.0]]
ENTRY 19 ExpressionStatement_2 [[-190.0,90.0], [10.0,180.0], [0.0,0.0], [0.0,40.0], [0.0,0.0]]
EXIT 19 ExpressionStatement_2 [[-190.0,90.0], [20.0,190.0], [0.0,0.0], [0.0,40.0], [0.0,0.0]]
ENTRY 19 IfConditionJoin_0 [[-190.0,100.0], [10.0,190.0], [0.0,0.0], [0.0,40.0], [0.0,0.0]]
EXIT 19 IfConditionJoin_0 [[-190.0,100.0], [10.0,190.0], [0.0,0.0], [0.0,40.0], [0.0,0.0]]
ENTRY 19 ExpressionStatement_3 [[-190.0,100.0], [10.0,190.0], [0.0,0.0], [0.0,40.0], [0.0,0.0]]
EXIT 19 ExpressionStatement_3 [[-190.0,100.0], [10.0,190.0], [0.0,0.0], [10.0,10.0], [0.0,0.0]]
ENTRY 19 FunctionExit_0 [[-190.0,100.0], [10.0,190.0], [0.0,0.0], [10.0,10.0], [0.0,0.0]]
EXIT 19 FunctionExit_0 [[-190.0,100.0], [10.0,190.0], [0.0,0.0], [10.0,10.0], [0.0,0.0]]
ENTRY 20 SourceEntry_0 [[0.0,0.0], [0.0,0.0], [0.0,0.0], [0.0,0.0], [0.0,0.0]]
EXIT 20 SourceEntry_0 [[100.0,100.0], [10.0,10.0], [0.0,0.0], [40.0,40.0], [0.0,0.0]]
ENTRY 20 SourceUnit_0 [[100.0,100.0], [10.0,10.0], [0.0,0.0], [40.0,40.0], [0.0,0.0]]
EXIT 20 SourceUnit_0 [[100.0,100.0], [10.0,10.0], [0.0,0.0], [40.0,40.0], [0.0,0.0]]
ENTRY 20 PragmaDirective_0 [[100.0,100.0], [10.0,10.0], [0.0,0.0], [40.0,40.0], [0.0,0.0]]
EXIT 20 PragmaDirective_0 [[100.0,100.0], [10.0,10.0], [0.0,0.0], [40.0,40.0], [0.0,0.0]]
ENTRY 20 SourceExit_0 [[-190.0,100.0], [10.0,190.0], [0.0,0.0], [10.0,40.0], [0.0,0.0]]
EXIT 20 SourceExit_0 [[100.0,100.0], [10.0,10.0], [0.0,0.0], [40.0,40.0], [0.0,0.0]]
ENTRY 20 ContractDefinition_0 [[100.0,100.0], [10.0,10.0], [0.0,0.0], [40.0,40.0], [0.0,0.0]]
EXIT 20 ContractDefinition_0 [[100.0,100.0], [10.0,10.0], [0.0,0.0], [40.0,40.0], [0.0,0.0]]
ENTRY 20 VariableDeclaration_0 [[100.0,100.0], [10.0,10.0], [0.0,0.0], [40.0,40.0], [0.0,0.0]]
EXIT 20 VariableDeclaration_0 [[100.0,100.0], [10.0,10.0], [0.0,0.0], [40.0,40.0], [0.0,0.0]]
ENTRY 20 VariableDeclaration_1 [[100.0,100.0], [10.0,10.0], [0.0,0.0], [40.0,40.0], [0.0,0.0]]
EXIT 20 VariableDeclaration_1 [[100.0,100.0], [10.0,10.0], [0.0,0.0], [40.0,40.0], [0.0,0.0]]
ENTRY 20 VariableDeclaration_2 [[100.0,100.0], [10.0,10.0], [0.0,0.0], [40.0,40.0], [0.0,0.0]]
EXIT 20 VariableDeclaration_2 [[100.0,100.0], [10.0,10.0], [0.0,0.0], [40.0,40.0], [0.0,0.0]]
ENTRY 20 VariableDeclaration_3 [[100.0,100.0], [10.0,10.0], [0.0,0.0], [40.0,40.0], [0.0,0.0]]
EXIT 20 VariableDeclaration_3 [[100.0,100.0], [10.0,10.0], [0.0,0.0], [40.0,40.0], [0.0,0.0]]
ENTRY 20 VariableDeclaration_4 [[100.0,100.0], [10.0,10.0], [0.0,0.0], [40.0,40.0], [0.0,0.0]]
EXIT 20 VariableDeclaration_4 [[100.0,100.0], [10.0,10.0], [0.0,0.0], [40.0,40.0], [0.0,0.0]]
ENTRY 20 ModifierDefinition_0 [[100.0,100.0], [10.0,10.0], [0.0,0.0], [40.0,40.0], [0.0,0.0]]
EXIT 20 ModifierDefinition_0 [[100.0,100.0], [10.0,10.0], [0.0,0.0], [40.0,40.0], [0.0,0.0]]
ENTRY 20 FunctionDefinition_0 [[100.0,100.0], [10.0,10.0], [0.0,0.0], [40.0,40.0], [0.0,0.0]]
EXIT 20 FunctionDefinition_0 [[100.0,100.0], [10.0,10.0], [0.0,0.0], [40.0,40.0], [0.0,0.0]]
ENTRY 20 FunctionEntry_0 [[100.0,100.0], [10.0,10.0], [0.0,0.0], [40.0,40.0], [0.0,0.0]]
EXIT 20 FunctionEntry_0 [[100.0,100.0], [10.0,10.0], [0.0,0.0], [40.0,40.0], [0.0,0.0]]
ENTRY 20 ExpressionStatement_0 [[100.0,100.0], [10.0,10.0], [0.0,0.0], [40.0,40.0], [0.0,0.0]]
EXIT 20 ExpressionStatement_0 [[100.0,100.0], [10.0,10.0], [0.0,0.0], [40.0,40.0], [0.0,0.0]]
ENTRY 20 IfStatement_0 [[-190.0,100.0], [10.0,190.0], [0.0,0.0], [0.0,40.0], [0.0,0.0]]
EXIT 20 IfStatement_0 [[1.0,-1.0], [1.0,-1.0], [1.0,-1.0], [1.0,-1.0], [1.0,-1.0]]
ENTRY 20 ExpressionStatement_1 [[-190.0,100.0], [10.0,190.0], [0.0,0.0], [0.0,40.0], [0.0,0.0]]
EXIT 20 ExpressionStatement_1 [[-200.0,90.0], [10.0,190.0], [0.0,0.0], [0.0,40.0], [0.0,0.0]]
ENTRY 20 ExpressionStatement_2 [[-200.0,90.0], [10.0,190.0], [0.0,0.0], [0.0,40.0], [0.0,0.0]]
EXIT 20 ExpressionStatement_2 [[-200.0,90.0], [20.0,200.0], [0.0,0.0], [0.0,40.0], [0.0,0.0]]
ENTRY 20 IfConditionJoin_0 [[-200.0,100.0], [10.0,200.0], [0.0,0.0], [0.0,40.0], [0.0,0.0]]
EXIT 20 IfConditionJoin_0 [[-200.0,100.0], [10.0,200.0], [0.0,0.0], [0.0,40.0], [0.0,0.0]]
ENTRY 20 ExpressionStatement_3 [[-200.0,100.0], [10.0,200.0], [0.0,0.0], [0.0,40.0], [0.0,0.0]]
EXIT 20 ExpressionStatement_3 [[-200.0,100.0], [10.0,200.0], [0.0,0.0], [10.0,10.0], [0.0,0.0]]
ENTRY 20 FunctionExit_0 [[-200.0,100.0], [10.0,200.0], [0.0,0.0], [10.0,10.0], [0.0,0.0]]
EXIT 20 FunctionExit_0 [[-200.0,100.0], [10.0,200.0], [0.0,0.0], [10.0,10.0], [0.0,0.0]]
ENTRY 21 SourceEntry_0 [[0.0,0.0], [0.0,0.0], [0.0,0.0], [0.0,0.0], [0.0,0.0]]
EXIT 21 SourceEntry_0 [[100.0,100.0], [10.0,10.0], [0.0,0.0], [40.0,40.0], [0.0,0.0]]
ENTRY 21 SourceUnit_0 [[100.0,100.0], [10.0,10.0], [0.0,0.0], [40.0,40.0], [0.0,0.0]]
EXIT 21 SourceUnit_0 [[100.0,100.0], [10.0,10.0], [0.0,0.0], [40.0,40.0], [0.0,0.0]]
ENTRY 21 PragmaDirective_0 [[100.0,100.0], [10.0,10.0], [0.0,0.0], [40.0,40.0], [0.0,0.0]]
EXIT 21 PragmaDirective_0 [[100.0,100.0], [10.0,10.0], [0.0,0.0], [40.0,40.0], [0.0,0.0]]
ENTRY 21 SourceExit_0 [[-200.0,100.0], [10.0,200.0], [0.0,0.0], [10.0,40.0], [0.0,0.0]]
EXIT 21 SourceExit_0 [[100.0,100.0], [10.0,10.0], [0.0,0.0], [40.0,40.0], [0.0,0.0]]
ENTRY 21 ContractDefinition_0 [[100.0,100.0], [10.0,10.0], [0.0,0.0], [40.0,40.0], [0.0,0.0]]
EXIT 21 ContractDefinition_0 [[100.0,100.0], [10.0,10.0], [0.0,0.0], [40.0,40.0], [0.0,0.0]]
ENTRY 21 VariableDeclaration_0 [[100.0,100.0], [10.0,10.0], [0.0,0.0], [40.0,40.0], [0.0,0.0]]
EXIT 21 VariableDeclaration_0 [[100.0,100.0], [10.0,10.0], [0.0,0.0], [40.0,40.0], [0.0,0.0]]
ENTRY 21 VariableDeclaration_1 [[100.0,100.0], [10.0,10.0], [0.0,0.0], [40.0,40.0], [0.0,0.0]]
EXIT 21 VariableDeclaration_1 [[100.0,100.0], [10.0,10.0], [0.0,0.0], [40.0,40.0], [0.0,0.0]]
ENTRY 21 VariableDeclaration_2 [[100.0,100.0], [10.0,10.0], [0.0,0.0], [40.0,40.0], [0.0,0.0]]
EXIT 21 VariableDeclaration_2 [[100.0,100.0], [10.0,10.0], [0.0,0.0], [40.0,40.0], [0.0,0.0]]
ENTRY 21 VariableDeclaration_3 [[100.0,100.0], [10.0,10.0], [0.0,0.0], [40.0,40.0], [0.0,0.0]]
EXIT 21 VariableDeclaration_3 [[100.0,100.0], [10.0,10.0], [0.0,0.0], [40.0,40.0], [0.0,0.0]]
ENTRY 21 VariableDeclaration_4 [[100.0,100.0], [10.0,10.0], [0.0,0.0], [40.0,40.0], [0.0,0.0]]
EXIT 21 VariableDeclaration_4 [[100.0,100.0], [10.0,10.0], [0.0,0.0], [40.0,40.0], [0.0,0.0]]
ENTRY 21 ModifierDefinition_0 [[100.0,100.0], [10.0,10.0], [0.0,0.0], [40.0,40.0], [0.0,0.0]]
EXIT 21 ModifierDefinition_0 [[100.0,100.0], [10.0,10.0], [0.0,0.0], [40.0,40.0], [0.0,0.0]]
ENTRY 21 FunctionDefinition_0 [[100.0,100.0], [10.0,10.0], [0.0,0.0], [40.0,40.0], [0.0,0.0]]
EXIT 21 FunctionDefinition_0 [[100.0,100.0], [10.0,10.0], [0.0,0.0], [40.0,40.0], [0.0,0.0]]
ENTRY 21 FunctionEntry_0 [[100.0,100.0], [10.0,10.0], [0.0,0.0], [40.0,40.0], [0.0,0.0]]
EXIT 21 FunctionEntry_0 [[100.0,100.0], [10.0,10.0], [0.0,0.0], [40.0,40.0], [0.0,0.0]]
ENTRY 21 ExpressionStatement_0 [[100.0,100.0], [10.0,10.0], [0.0,0.0], [40.0,40.0], [0.0,0.0]]
EXIT 21 ExpressionStatement_0 [[100.0,100.0], [10.0,10.0], [0.0,0.0], [40.0,40.0], [0.0,0.0]]
ENTRY 21 IfStatement_0 [[-200.0,100.0], [10.0,200.0], [0.0,0.0], [0.0,40.0], [0.0,0.0]]
EXIT 21 IfStatement_0 [[1.0,-1.0], [1.0,-1.0], [1.0,-1.0], [1.0,-1.0], [1.0,-1.0]]
ENTRY 21 ExpressionStatement_1 [[-200.0,100.0], [10.0,200.0], [0.0,0.0], [0.0,40.0], [0.0,0.0]]
EXIT 21 ExpressionStatement_1 [[-210.0,90.0], [10.0,200.0], [0.0,0.0], [0.0,40.0], [0.0,0.0]]
ENTRY 21 ExpressionStatement_2 [[-210.0,90.0], [10.0,200.0], [0.0,0.0], [0.0,40.0], [0.0,0.0]]
EXIT 21 ExpressionStatement_2 [[-210.0,90.0], [20.0,210.0], [0.0,0.0], [0.0,40.0], [0.0,0.0]]
ENTRY 21 IfConditionJoin_0 [[-210.0,100.0], [10.0,210.0], [0.0,0.0], [0.0,40.0], [0.0,0.0]]
EXIT 21 IfConditionJoin_0 [[-210.0,100.0], [10.0,210.0], [0.0,0.0], [0.0,40.0], [0.0,0.0]]
ENTRY 21 ExpressionStatement_3 [[-210.0,100.0], [10.0,210.0], [0.0,0.0], [0.0,40.0], [0.0,0.0]]
EXIT 21 ExpressionStatement_3 [[-210.0,100.0], [10.0,210.0], [0.0,0.0], [10.0,10.0], [0.0,0.0]]
ENTRY 21 FunctionExit_0 [[-210.0,100.0], [10.0,210.0], [0.0,0.0], [10.0,10.0], [0.0,0.0]]
EXIT 21 FunctionExit_0 [[-210.0,100.0], [10.0,210.0], [0.0,0.0], [10.0,10.0], [0.0,0.0]]
ENTRY 22 SourceEntry_0 [[0.0,0.0], [0.0,0.0], [0.0,0.0], [0.0,0.0], [0.0,0.0]]
EXIT 22 SourceEntry_0 [[100.0,100.0], [10.0,10.0], [0.0,0.0], [40.0,40.0], [0.0,0.0]]
ENTRY 22 SourceUnit_0 [[100.0,100.0], [10.0,10.0], [0.0,0.0], [40.0,40.0], [0.0,0.0]]
EXIT 22 SourceUnit_0 [[100.0,100.0], [10.0,10.0], [0.0,0.0], [40.0,40.0], [0.0,0.0]]
ENTRY 22 PragmaDirective_0 [[100.0,100.0], [10.0,10.0], [0.0,0.0], [40.0,40.0], [0.0,0.0]]
EXIT 22 PragmaDirective_0 [[100.0,100.0], [10.0,10.0], [0.0,0.0], [40.0,40.0], [0.0,0.0]]
ENTRY 22 SourceExit_0 [[-210.0,100.0], [10.0,210.0], [0.0,0.0], [10.0,40.0], [0.0,0.0]]
EXIT 22 SourceExit_0 [[100.0,100.0], [10.0,10.0], [0.0,0.0], [40.0,40.0], [0.0,0.0]]
ENTRY 22 ContractDefinition_0 [[100.0,100.0], [10.0,10.0], [0.0,0.0], [40.0,40.0], [0.0,0.0]]
EXIT 22 ContractDefinition_0 [[100.0,100.0], [10.0,10.0], [0.0,0.0], [40.0,40.0], [0.0,0.0]]
ENTRY 22 VariableDeclaration_0 [[100.0,100.0], [10.0,10.0], [0.0,0.0], [40.0,40.0], [0.0,0.0]]
EXIT 22 VariableDeclaration_0 [[100.0,100.0], [10.0,10.0], [0.0,0.0], [40.0,40.0], [0.0,0.0]]
ENTRY 22 VariableDeclaration_1 [[100.0,100.0], [10.0,10.0], [0.0,0.0], [40.0,40.0], [0.0,0.0]]
EXIT 22 VariableDeclaration_1 [[100.0,100.0], [10.0,10.0], [0.0,0.0], [40.0,40.0], [0.0,0.0]]
ENTRY 22 VariableDeclaration_2 [[100.0,100.0], [10.0,10.0], [0.0,0.0], [40.0,40.0], [0.0,0.0]]
EXIT 22 VariableDeclaration_2 [[100.0,100.0], [10.0,10.0], [0.0,0.0], [40.0,40.0], [0.0,0.0]]
ENTRY 22 VariableDeclaration_3 [[100.0,100.0], [10.0,10.0], [0.0,0.0], [40.0,40.0], [0.0,0.0]]
EXIT 22 VariableDeclaration_3 [[100.0,100.0], [10.0,10.0], [0.0,0.0], [40.0,40.0], [0.0,0.0]]
ENTRY 22 VariableDeclaration_4 [[100.0,100.0], [10.0,10.0], [0.0,0.0], [40.0,40.0], [0.0,0.0]]
EXIT 22 VariableDeclaration_4 [[100.0,100.0], [10.0,10.0], [0.0,0.0], [40.0,40.0], [0.0,0.0]]
ENTRY 22 ModifierDefinition_0 [[100.0,100.0], [10.0,10.0], [0.0,0.0], [40.0,40.0], [0.0,0.0]]
EXIT 22 ModifierDefinition_0 [[100.0,100.0], [10.0,10.0], [0.0,0.0], [40.0,40.0], [0.0,0.0]]
ENTRY 22 FunctionDefinition_0 [[100.0,100.0], [10.0,10.0], [0.0,0.0], [40.0,40.0], [0.0,0.0]]
EXIT 22 FunctionDefinition_0 [[100.0,100.0], [10.0,10.0], [0.0,0.0], [40.0,40.0], [0.0,0.0]]
ENTRY 22 FunctionEntry_0 [[100.0,100.0], [10.0,10.0], [0.0,0.0], [40.0,40.0], [0.0,0.0]]
EXIT 22 FunctionEntry_0 [[100.0,100.0], [10.0,10.0], [0.0,0.0], [40.0,40.0], [0.0,0.0]]
ENTRY 22 ExpressionStatement_0 [[100.0,100.0], [10.0,10.0], [0.0,0.0], [40.0,40.0], [0.0,0.0]]
EXIT 22 ExpressionStatement_0 [[100.0,100.0], [10.0,10.0], [0.0,0.0], [40.0,40.0], [0.0,0.0]]
ENTRY 22 IfStatement_0 [[-210.0,100.0], [10.0,210.0], [0.0,0.0], [0.0,40.0], [0.0,0.0]]
EXIT 22 IfStatement_0 [[1.0,-1.0], [1.0,-1.0], [1.0,-1.0], [1.0,-1.0], [1.0,-1.0]]
ENTRY 22 ExpressionStatement_1 [[-210.0,100.0], [10.0,210.0], [0.0,0.0], [0.0,40.0], [0.0,0.0]]
EXIT 22 ExpressionStatement_1 [[-220.0,90.0], [10.0,210.0], [0.0,0.0], [0.0,40.0], [0.0,0.0]]
ENTRY 22 ExpressionStatement_2 [[-220.0,90.0], [10.0,210.0], [0.0,0.0], [0.0,40.0], [0.0,0.0]]
EXIT 22 ExpressionStatement_2 [[-220.0,90.0], [20.0,220.0], [0.0,0.0], [0.0,40.0], [0.0,0.0]]
ENTRY 22 IfConditionJoin_0 [[-220.0,100.0], [10.0,220.0], [0.0,0.0], [0.0,40.0], [0.0,0.0]]
EXIT 22 IfConditionJoin_0 [[-220.0,100.0], [10.0,220.0], [0.0,0.0], [0.0,40.0], [0.0,0.0]]
ENTRY 22 ExpressionStatement_3 [[-220.0,100.0], [10.0,220.0], [0.0,0.0], [0.0,40.0], [0.0,0.0]]
EXIT 22 ExpressionStatement_3 [[-220.0,100.0], [10.0,220.0], [0.0,0.0], [10.0,10.0], [0.0,0.0]]
ENTRY 22 FunctionExit_0 [[-220.0,100.0], [10.0,220.0], [0.0,0.0], [10.0,10.0], [0.0,0.0]]
EXIT 22 FunctionExit_0 [[-220.0,100.0], [10.0,220.0], [0.0,0.0], [10.0,10.0], [0.0,0.0]]
ENTRY 23 SourceEntry_0 [[0.0,0.0], [0.0,0.0], [0.0,0.0], [0.0,0.0], [0.0,0.0]]
EXIT 23 SourceEntry_0 [[100.0,100.0], [10.0,10.0], [0.0,0.0], [40.0,40.0], [0.0,0.0]]
ENTRY 23 SourceUnit_0 [[100.0,100.0], [10.0,10.0], [0.0,0.0], [40.0,40.0], [0.0,0.0]]
EXIT 23 SourceUnit_0 [[100.0,100.0], [10.0,10.0], [0.0,0.0], [40.0,40.0], [0.0,0.0]]
ENTRY 23 PragmaDirective_0 [[100.0,100.0], [10.0,10.0], [0.0,0.0], [40.0,40.0], [0.0,0.0]]
EXIT 23 PragmaDirective_0 [[100.0,100.0], [10.0,10.0], [0.0,0.0], [40.0,40.0], [0.0,0.0]]
ENTRY 23 SourceExit_0 [[-220.0,100.0], [10.0,220.0], [0.0,0.0], [10.0,40.0], [0.0,0.0]]
EXIT 23 SourceExit_0 [[100.0,100.0], [10.0,10.0], [0.0,0.0], [40.0,40.0], [0.0,0.0]]
ENTRY 23 ContractDefinition_0 [[100.0,100.0], [10.0,10.0], [0.0,0.0], [40.0,40.0], [0.0,0.0]]
EXIT 23 ContractDefinition_0 [[100.0,100.0], [10.0,10.0], [0.0,0.0], [40.0,40.0], [0.0,0.0]]
ENTRY 23 VariableDeclaration_0 [[100.0,100.0], [10.0,10.0], [0.0,0.0], [40.0,40.0], [0.0,0.0]]
EXIT 23 VariableDeclaration_0 [[100.0,100.0], [10.0,10.0], [0.0,0.0], [40.0,40.0], [0.0,0.0]]
ENTRY 23 VariableDeclaration_1 [[100.0,100.0], [10.0,10.0], [0.0,0.0], [40.0,40.0], [0.0,0.0]]
EXIT 23 VariableDeclaration_1 [[100.0,100.0], [10.0,10.0], [0.0,0.0], [40.0,40.0], [0.0,0.0]]
ENTRY 23 VariableDeclaration_2 [[100.0,100.0], [10.0,10.0], [0.0,0.0], [40.0,40.0], [0.0,0.0]]
EXIT 23 VariableDeclaration_2 [[100.0,100.0], [10.0,10.0], [0.0,0.0], [40.0,40.0], [0.0,0.0]]
ENTRY 23 VariableDeclaration_3 [[100.0,100.0], [10.0,10.0], [0.0,0.0], [40.0,40.0], [0.0,0.0]]
EXIT 23 VariableDeclaration_3 [[100.0,100.0], [10.0,10.0], [0.0,0.0], [40.0,40.0], [0.0,0.0]]
ENTRY 23 VariableDeclaration_4 [[100.0,100.0], [10.0,10.0], [0.0,0.0], [40.0,40.0], [0.0,0.0]]
EXIT 23 VariableDeclaration_4 [[100.0,100.0], [10.0,10.0], [0.0,0.0], [40.0,40.0], [0.0,0.0]]
ENTRY 23 ModifierDefinition_0 [[100.0,100.0], [10.0,10.0], [0.0,0.0], [40.0,40.0], [0.0,0.0]]
EXIT 23 ModifierDefinition_0 [[100.0,100.0], [10.0,10.0], [0.0,0.0], [40.0,40.0], [0.0,0.0]]
ENTRY 23 FunctionDefinition_0 [[100.0,100.0], [10.0,10.0], [0.0,0.0], [40.0,40.0], [0.0,0.0]]
EXIT 23 FunctionDefinition_0 [[100.0,100.0], [10.0,10.0], [0.0,0.0], [40.0,40.0], [0.0,0.0]]
ENTRY 23 FunctionEntry_0 [[100.0,100.0], [10.0,10.0], [0.0,0.0], [40.0,40.0], [0.0,0.0]]
EXIT 23 FunctionEntry_0 [[100.0,100.0], [10.0,10.0], [0.0,0.0], [40.0,40.0], [0.0,0.0]]
ENTRY 23 ExpressionStatement_0 [[100.0,100.0], [10.0,10.0], [0.0,0.0], [40.0,40.0], [0.0,0.0]]
EXIT 23 ExpressionStatement_0 [[100.0,100.0], [10.0,10.0], [0.0,0.0], [40.0,40.0], [0.0,0.0]]
ENTRY 23 IfStatement_0 [[-220.0,100.0], [10.0,220.0], [0.0,0.0], [0.0,40.0], [0.0,0.0]]
EXIT 23 IfStatement_0 [[1.0,-1.0], [1.0,-1.0], [1.0,-1.0], [1.0,-1.0], [1.0,-1.0]]
ENTRY 23 ExpressionStatement_1 [[-220.0,100.0], [10.0,220.0], [0.0,0.0], [0.0,40.0], [0.0,0.0]]
EXIT 23 ExpressionStatement_1 [[-230.0,90.0], [10.0,220.0], [0.0,0.0], [0.0,40.0], [0.0,0.0]]
ENTRY 23 ExpressionStatement_2 [[-230.0,90.0], [10.0,220.0], [0.0,0.0], [0.0,40.0], [0.0,0.0]]
EXIT 23 ExpressionStatement_2 [[-230.0,90.0], [20.0,230.0], [0.0,0.0], [0.0,40.0], [0.0,0.0]]
ENTRY 23 IfConditionJoin_0 [[-230.0,100.0], [10.0,230.0], [0.0,0.0], [0.0,40.0], [0.0,0.0]]
EXIT 23 IfConditionJoin_0 [[-230.0,100.0], [10.0,230.0], [0.0,0.0], [0.0,40.0], [0.0,0.0]]
ENTRY 23 ExpressionStatement_3 [[-230.0,100.0], [10.0,230.0], [0.0,0.0], [0.0,40.0], [0.0,0.0]]
EXIT 23 ExpressionStatement_3 [[-230.0,100.0], [10.0,230.0], [0.0,0.0], [10.0,10.0], [0.0,0.0]]
ENTRY 23 FunctionExit_0 [[-230.0,100.0], [10.0,230.0], [0.0,0.0], [10.0,10.0], [0.0,0.0]]
EXIT 23 FunctionExit_0 [[-230.0,100.0], [10.0,230.0], [0.0,0.0], [10.0,10.0], [0.0,0.0]]
ENTRY 24 SourceEntry_0 [[0.0,0.0], [0.0,0.0], [0.0,0.0], [0.0,0.0], [0.0,0.0]]
EXIT 24 SourceEntry_0 [[100.0,100.0], [10.0,10.0], [0.0,0.0], [40.0,40.0], [0.0,0.0]]
ENTRY 24 SourceUnit_0 [[100.0,100.0], [10.0,10.0], [0.0,0.0], [40.0,40.0], [0.0,0.0]]
EXIT 24 SourceUnit_0 [[100.0,100.0], [10.0,10.0], [0.0,0.0], [40.0,40.0], [0.0,0.0]]
ENTRY 24 PragmaDirective_0 [[100.0,100.0], [10.0,10.0], [0.0,0.0], [40.0,40.0], [0.0,0.0]]
EXIT 24 PragmaDirective_0 [[100.0,100.0], [10.0,10.0], [0.0,0.0], [40.0,40.0], [0.0,0.0]]
ENTRY 24 SourceExit_0 [[-230.0,100.0], [10.0,230.0], [0.0,0.0], [10.0,40.0], [0.0,0.0]]
EXIT 24 SourceExit_0 [[100.0,100.0], [10.0,10.0], [0.0,0.0], [40.0,40.0], [0.0,0.0]]
ENTRY 24 ContractDefinition_0 [[100.0,100.0], [10.0,10.0], [0.0,0.0], [40.0,40.0], [0.0,0.0]]
EXIT 24 ContractDefinition_0 [[100.0,100.0], [10.0,10.0], [0.0,0.0], [40.0,40.0], [0.0,0.0]]
ENTRY 24 VariableDeclaration_0 [[100.0,100.0], [10.0,10.0], [0.0,0.0], [40.0,40.0], [0.0,0.0]]
EXIT 24 VariableDeclaration_0 [[100.0,100.0], [10.0,10.0], [0.0,0.0], [40.0,40.0], [0.0,0.0]]
ENTRY 24 VariableDeclaration_1 [[100.0,100.0], [10.0,10.0], [0.0,0.0], [40.0,40.0], [0.0,0.0]]
EXIT 24 VariableDeclaration_1 [[100.0,100.0], [10.0,10.0], [0.0,0.0], [40.0,40.0], [0.0,0.0]]
ENTRY 24 VariableDeclaration_2 [[100.0,100.0], [10.0,10.0], [0.0,0.0], [40.0,40.0], [0.0,0.0]]
EXIT 24 VariableDeclaration_2 [[100.0,100.0], [10.0,10.0], [0.0,0.0], [40.0,40.0], [0.0,0.0]]
ENTRY 24 VariableDeclaration_3 [[100.0,100.0], [10.0,10.0], [0.0,0.0], [40.0,40.0], [0.0,0.0]]
EXIT 24 VariableDeclaration_3 [[100.0,100.0], [10.0,10.0], [0.0,0.0], [40.0,40.0], [0.0,0.0]]
ENTRY 24 VariableDeclaration_4 [[100.0,100.0], [10.0,10.0], [0.0,0.0], [40.0,40.0], [0.0,0.0]]
EXIT 24 VariableDeclaration_4 [[100.0,100.0], [10.0,10.0], [0.0,0.0], [40.0,40.0], [0.0,0.0]]
ENTRY 24 ModifierDefinition_0 [[100.0,100.0], [10.0,10.0], [0.0,0.0], [40.0,40.0], [0.0,0.0]]
EXIT 24 ModifierDefinition_0 [[100.0,100.0], [10.0,10.0], [0.0,0.0], [40.0,40.0], [0.0,0.0]]
ENTRY 24 FunctionDefinition_0 [[100.0,100.0], [10.0,10.0], [0.0,0.0], [40.0,40.0], [0.0,0.0]]
EXIT 24 FunctionDefinition_0 [[100.0,100.0], [10.0,10.0], [0.0,0.0], [40.0,40.0], [0.0,0.0]]
ENTRY 24 FunctionEntry_0 [[100.0,100.0], [10.0,10.0], [0.0,0.0], [40.0,40.0], [0.0,0.0]]
EXIT 24 FunctionEntry_0 [[100.0,100.0], [10.0,10.0], [0.0,0.0], [40.0,40.0], [0.0,0.0]]
ENTRY 24 ExpressionStatement_0 [[100.0,100.0], [10.0,10.0], [0.0,0.0], [40.0,40.0], [0.0,0.0]]
EXIT 24 ExpressionStatement_0 [[100.0,100.0], [10.0,10.0], [0.0,0.0], [40.0,40.0], [0.0,0.0]]
ENTRY 24 IfStatement_0 [[-230.0,100.0], [10.0,230.0], [0.0,0.0], [0.0,40.0], [0.0,0.0]]
EXIT 24 IfStatement_0 [[1.0,-1.0], [1.0,-1.0], [1.0,-1.0], [1.0,-1.0], [1.0,-1.0]]
ENTRY 24 ExpressionStatement_1 [[-230.0,100.0], [10.0,230.0], [0.0,0.0], [0.0,40.0], [0.0,0.0]]
EXIT 24 ExpressionStatement_1 [[-240.0,90.0], [10.0,230.0], [0.0,0.0], [0.0,40.0], [0.0,0.0]]
ENTRY 24 ExpressionStatement_2 [[-240.0,90.0], [10.0,230.0], [0.0,0.0], [0.0,40.0], [0.0,0.0]]
EXIT 24 ExpressionStatement_2 [[-240.0,90.0], [20.0,240.0], [0.0,0.0], [0.0,40.0], [0.0,0.0]]
ENTRY 24 IfConditionJoin_0 [[-240.0,100.0], [10.0,240.0], [0.0,0.0], [0.0,40.0], [0.0,0.0]]
EXIT 24 IfConditionJoin_0 [[-240.0,100.0], [10.0,240.0], [0.0,0.0], [0.0,40.0], [0.0,0.0]]
ENTRY 24 ExpressionStatement_3 [[-240.0,100.0], [10.0,240.0], [0.0,0.0], [0.0,40.0], [0.0,0.0]]
EXIT 24 ExpressionStatement_3 [[-240.0,100.0], [10.0,240.0], [0.0,0.0], [10.0,10.0], [0.0,0.0]]
ENTRY 24 FunctionExit_0 [[-240.0,100.0], [10.0,240.0], [0.0,0.0], [10.0,10.0], [0.0,0.0]]
EXIT 24 FunctionExit_0 [[-240.0,100.0], [10.0,240.0], [0.0,0.0], [10.0,10.0], [0.0,0.0]]
ENTRY 25 SourceEntry_0 [[0.0,0.0], [0.0,0.0], [0.0,0.0], [0.0,0.0], [0.0,0.0]]
EXIT 25 SourceEntry_0 [[100.0,100.0], [10.0,10.0], [0.0,0.0], [40.0,40.0], [0.0,0.0]]
ENTRY 25 SourceUnit_0 [[100.0,100.0], [10.0,10.0], [0.0,0.0], [40.0,40.0], [0.0,0.0]]
EXIT 25 SourceUnit_0 [[100.0,100.0], [10.0,10.0], [0.0,0.0], [40.0,40.0], [0.0,0.0]]
ENTRY 25 PragmaDirective_0 [[100.0,100.0], [10.0,10.0], [0.0,0.0], [40.0,40.0], [0.0,0.0]]
EXIT 25 PragmaDirective_0 [[100.0,100.0], [10.0,10.0], [0.0,0.0], [40.0,40.0], [0.0,0.0]]
ENTRY 25 SourceExit_0 [[-240.0,100.0], [10.0,240.0], [0.0,0.0], [10.0,40.0], [0.0,0.0]]
EXIT 25 SourceExit_0 [[100.0,100.0], [10.0,10.0], [0.0,0.0], [40.0,40.0], [0.0,0.0]]
ENTRY 25 ContractDefinition_0 [[100.0,100.0], [10.0,10.0], [0.0,0.0], [40.0,40.0], [0.0,0.0]]
EXIT 25 ContractDefinition_0 [[100.0,100.0], [10.0,10.0], [0.0,0.0], [40.0,40.0], [0.0,0.0]]
ENTRY 25 VariableDeclaration_0 [[100.0,100.0], [10.0,10.0], [0.0,0.0], [40.0,40.0], [0.0,0.0]]
EXIT 25 VariableDeclaration_0 [[100.0,100.0], [10.0,10.0], [0.0,0.0], [40.0,40.0], [0.0,0.0]]
ENTRY 25 VariableDeclaration_1 [[100.0,100.0], [10.0,10.0], [0.0,0.0], [40.0,40.0], [0.0,0.0]]
EXIT 25 VariableDeclaration_1 [[100.0,100.0], [10.0,10.0], [0.0,0.0], [40.0,40.0], [0.0,0.0]]
ENTRY 25 VariableDeclaration_2 [[100.0,100.0], [10.0,10.0], [0.0,0.0], [40.0,40.0], [0.0,0.0]]
EXIT 25 VariableDeclaration_2 [[100.0,100.0], [10.0,10.0], [0.0,0.0], [40.0,40.0], [0.0,0.0]]
ENTRY 25 VariableDeclaration_3 [[100.0,100.0], [10.0,10.0], [0.0,0.0], [40.0,40.0], [0.0,0.0]]
EXIT 25 VariableDeclaration_3 [[100.0,100.0], [10.0,10.0], [0.0,0.0], [40.0,40.0], [0.0,0.0]]
ENTRY 25 VariableDeclaration_4 [[100.0,100.0], [10.0,10.0], [0.0,0.0], [40.0,40.0], [0.0,0.0]]
EXIT 25 VariableDeclaration_4 [[100.0,100.0], [10.0,10.0], [0.0,0.0], [40.0,40.0], [0.0,0.0]]
ENTRY 25 ModifierDefinition_0 [[100.0,100.0], [10.0,10.0], [0.0,0.0], [40.0,40.0], [0.0,0.0]]
EXIT 25 ModifierDefinition_0 [[100.0,100.0], [10.0,10.0], [0.0,0.0], [40.0,40.0], [0.0,0.0]]
ENTRY 25 FunctionDefinition_0 [[100.0,100.0], [10.0,10.0], [0.0,0.0], [40.0,40.0], [0.0,0.0]]
EXIT 25 FunctionDefinition_0 [[100.0,100.0], [10.0,10.0], [0.0,0.0], [40.0,40.0], [0.0,0.0]]
ENTRY 25 FunctionEntry_0 [[100.0,100.0], [10.0,10.0], [0.0,0.0], [40.0,40.0], [0.0,0.0]]
EXIT 25 FunctionEntry_0 [[100.0,100.0], [10.0,10.0], [0.0,0.0], [40.0,40.0], [0.0,0.0]]
ENTRY 25 ExpressionStatement_0 [[100.0,100.0], [10.0,10.0], [0.0,0.0], [40.0,40.0], [0.0,0.0]]
EXIT 25 ExpressionStatement_0 [[100.0,100.0], [10.0,10.0], [0.0,0.0], [40.0,40.0], [0.0,0.0]]
ENTRY 25 IfStatement_0 [[-240.0,100.0], [10.0,240.0], [0.0,0.0], [0.0,40.0], [0.0,0.0]]
EXIT 25 IfStatement_0 [[1.0,-1.0], [1.0,-1.0], [1.0,-1.0], [1.0,-1.0], [1.0,-1.0]]
ENTRY 25 ExpressionStatement_1 [[-240.0,100.0], [10.0,240.0], [0.0,0.0], [0.0,40.0], [0.0,0.0]]
EXIT 25 ExpressionStatement_1 [[-250.0,90.0], [10.0,240.0], [0.0,0.0], [0.0,40.0], [0.0,0.0]]
ENTRY 25 ExpressionStatement_2 [[-250.0,90.0], [10.0,240.0], [0.0,0.0], [0.0,40.0], [0.0,0.0]]
EXIT 25 ExpressionStatement_2 [[-250.0,90.0], [20.0,250.0], [0.0,0.0], [0.0,40.0], [0.0,0.0]]
ENTRY 25 IfConditionJoin_0 [[-250.0,100.0], [10.0,250.0], [0.0,0.0], [0.0,40.0], [0.0,0.0]]
EXIT 25 IfConditionJoin_0 [[-250.0,100.0], [10.0,250.0], [0.0,0.0], [0.0,40.0], [0.0,0.0]]
ENTRY 25 ExpressionStatement_3 [[-250.0,100.0], [10.0,250.0], [0.0,0.0], [0.0,40.0], [0.0,0.0]]
EXIT 25 ExpressionStatement_3 [[-250.0,100.0], [10.0,250.0], [0.0,0.0], [10.0,10.0], [0.0,0.0]]
ENTRY 25 FunctionExit_0 [[-250.0,100.0], [10.0,250.0], [0.0,0.0], [10.0,10.0], [0.0,0.0]]
EXIT 25 FunctionExit_0 [[-250.0,100.0], [10.0,250.0], [0.0,0.0], [10.0,10.0], [0.0,0.0]]
ENTRY 26 SourceEntry_0 [[0.0,0.0], [0.0,0.0], [0.0,0.0], [0.0,0.0], [0.0,0.0]]
EXIT 26 SourceEntry_0 [[100.0,100.0], [10.0,10.0], [0.0,0.0], [40.0,40.0], [0.0,0.0]]
ENTRY 26 SourceUnit_0 [[100.0,100.0], [10.0,10.0], [0.0,0.0], [40.0,40.0], [0.0,0.0]]
EXIT 26 SourceUnit_0 [[100.0,100.0], [10.0,10.0], [0.0,0.0], [40.0,40.0], [0.0,0.0]]
ENTRY 26 PragmaDirective_0 [[100.0,100.0], [10.0,10.0], [0.0,0.0], [40.0,40.0], [0.0,0.0]]
EXIT 26 PragmaDirective_0 [[100.0,100.0], [10.0,10.0], [0.0,0.0], [40.0,40.0], [0.0,0.0]]
ENTRY 26 SourceExit_0 [[-250.0,100.0], [10.0,250.0], [0.0,0.0], [10.0,40.0], [0.0,0.0]]
EXIT 26 SourceExit_0 [[100.0,100.0], [10.0,10.0], [0.0,0.0], [40.0,40.0], [0.0,0.0]]
ENTRY 26 ContractDefinition_0 [[100.0,100.0], [10.0,10.0], [0.0,0.0], [40.0,40.0], [0.0,0.0]]
EXIT 26 ContractDefinition_0 [[100.0,100.0], [10.0,10.0], [0.0,0.0], [40.0,40.0], [0.0,0.0]]
ENTRY 26 VariableDeclaration_0 [[100.0,100.0], [10.0,10.0], [0.0,0.0], [40.0,40.0], [0.0,0.0]]
EXIT 26 VariableDeclaration_0 [[100.0,100.0], [10.0,10.0], [0.0,0.0], [40.0,40.0], [0.0,0.0]]
ENTRY 26 VariableDeclaration_1 [[100.0,100.0], [10.0,10.0], [0.0,0.0], [40.0,40.0], [0.0,0.0]]
EXIT 26 VariableDeclaration_1 [[100.0,100.0], [10.0,10.0], [0.0,0.0], [40.0,40.0], [0.0,0.0]]
ENTRY 26 VariableDeclaration_2 [[100.0,100.0], [10.0,10.0], [0.0,0.0], [40.0,40.0], [0.0,0.0]]
EXIT 26 VariableDeclaration_2 [[100.0,100.0], [10.0,10.0], [0.0,0.0], [40.0,40.0], [0.0,0.0]]
ENTRY 26 VariableDeclaration_3 [[100.0,100.0], [10.0,10.0], [0.0,0.0], [40.0,40.0], [0.0,0.0]]
EXIT 26 VariableDeclaration_3 [[100.0,100.0], [10.0,10.0], [0.0,0.0], [40.0,40.0], [0.0,0.0]]
ENTRY 26 VariableDeclaration_4 [[100.0,100.0], [10.0,10.0], [0.0,0.0], [40.0,40.0], [0.0,0.0]]
EXIT 26 VariableDeclaration_4 [[100.0,100.0], [10.0,10.0], [0.0,0.0], [40.0,40.0], [0.0,0.0]]
ENTRY 26 ModifierDefinition_0 [[100.0,100.0], [10.0,10.0], [0.0,0.0], [40.0,40.0], [0.0,0.0]]
EXIT 26 ModifierDefinition_0 [[100.0,100.0], [10.0,10.0], [0.0,0.0], [40.0,40.0], [0.0,0.0]]
ENTRY 26 FunctionDefinition_0 [[100.0,100.0], [10.0,10.0], [0.0,0.0], [40.0,40.0], [0.0,0.0]]
EXIT 26 FunctionDefinition_0 [[100.0,100.0], [10.0,10.0], [0.0,0.0], [40.0,40.0], [0.0,0.0]]
ENTRY 26 FunctionEntry_0 [[100.0,100.0], [10.0,10.0], [0.0,0.0], [40.0,40.0], [0.0,0.0]]
EXIT 26 FunctionEntry_0 [[100.0,100.0], [10.0,10.0], [0.0,0.0], [40.0,40.0], [0.0,0.0]]
ENTRY 26 ExpressionStatement_0 [[100.0,100.0], [10.0,10.0], [0.0,0.0], [40.0,40.0], [0.0,0.0]]
EXIT 26 ExpressionStatement_0 [[100.0,100.0], [10.0,10.0], [0.0,0.0], [40.0,40.0], [0.0,0.0]]
ENTRY 26 IfStatement_0 [[-250.0,100.0], [10.0,250.0], [0.0,0.0], [0.0,40.0], [0.0,0.0]]
EXIT 26 IfStatement_0 [[1.0,-1.0], [1.0,-1.0], [1.0,-1.0], [1.0,-1.0], [1.0,-1.0]]
ENTRY 26 ExpressionStatement_1 [[-250.0,100.0], [10.0,250.0], [0.0,0.0], [0.0,40.0], [0.0,0.0]]
EXIT 26 ExpressionStatement_1 [[-260.0,90.0], [10.0,250.0], [0.0,0.0], [0.0,40.0], [0.0,0.0]]
ENTRY 26 ExpressionStatement_2 [[-260.0,90.0], [10.0,250.0], [0.0,0.0], [0.0,40.0], [0.0,0.0]]
EXIT 26 ExpressionStatement_2 [[-260.0,90.0], [20.0,260.0], [0.0,0.0], [0.0,40.0], [0.0,0.0]]
ENTRY 26 IfConditionJoin_0 [[-260.0,100.0], [10.0,260.0], [0.0,0.0], [0.0,40.0], [0.0,0.0]]
EXIT 26 IfConditionJoin_0 [[-260.0,100.0], [10.0,260.0], [0.0,0.0], [0.0,40.0], [0.0,0.0]]
ENTRY 26 ExpressionStatement_3 [[-260.0,100.0], [10.0,260.0], [0.0,0.0], [0.0,40.0], [0.0,0.0]]
EXIT 26 ExpressionStatement_3 [[-260.0,100.0], [10.0,260.0], [0.0,0.0], [10.0,10.0], [0.0,0.0]]
ENTRY 26 FunctionExit_0 [[-260.0,100.0], [10.0,260.0], [0.0,0.0], [10.0,10.0], [0.0,0.0]]
EXIT 26 FunctionExit_0 [[-260.0,100.0], [10.0,260.0], [0.0,0.0], [10.0,10.0], [0.0,0.0]]
ENTRY 27 SourceEntry_0 [[0.0,0.0], [0.0,0.0], [0.0,0.0], [0.0,0.0], [0.0,0.0]]
EXIT 27 SourceEntry_0 [[100.0,100.0], [10.0,10.0], [0.0,0.0], [40.0,40.0], [0.0,0.0]]
ENTRY 27 SourceUnit_0 [[100.0,100.0], [10.0,10.0], [0.0,0.0], [40.0,40.0], [0.0,0.0]]
EXIT 27 SourceUnit_0 [[100.0,100.0], [10.0,10.0], [0.0,0.0], [40.0,40.0], [0.0,0.0]]
ENTRY 27 PragmaDirective_0 [[100.0,100.0], [10.0,10.0], [0.0,0.0], [40.0,40.0], [0.0,0.0]]
EXIT 27 PragmaDirective_0 [[100.0,100.0], [10.0,10.0], [0.0,0.0], [40.0,40.0], [0.0,0.0]]
ENTRY 27 SourceExit_0 [[-260.0,100.0], [10.0,260.0], [0.0,0.0], [10.0,40.0], [0.0,0.0]]
EXIT 27 SourceExit_0 [[100.0,100.0], [10.0,10.0], [0.0,0.0], [40.0,40.0], [0.0,0.0]]
ENTRY 27 ContractDefinition_0 [[100.0,100.0], [10.0,10.0], [0.0,0.0], [40.0,40.0], [0.0,0.0]]
EXIT 27 ContractDefinition_0 [[100.0,100.0], [10.0,10.0], [0.0,0.0], [40.0,40.0], [0.0,0.0]]
ENTRY 27 VariableDeclaration_0 [[100.0,100.0], [10.0,10.0], [0.0,0.0], [40.0,40.0], [0.0,0.0]]
EXIT 27 VariableDeclaration_0 [[100.0,100.0], [10.0,10.0], [0.0,0.0], [40.0,40.0], [0.0,0.0]]
ENTRY 27 VariableDeclaration_1 [[100.0,100.0], [10.0,10.0], [0.0,0.0], [40.0,40.0], [0.0,0.0]]
EXIT 27 VariableDeclaration_1 [[100.0,100.0], [10.0,10.0], [0.0,0.0], [40.0,40.0], [0.0,0.0]]
ENTRY 27 VariableDeclaration_2 [[100.0,100.0], [10.0,10.0], [0.0,0.0], [40.0,40.0], [0.0,0.0]]
EXIT 27 VariableDeclaration_2 [[100.0,100.0], [10.0,10.0], [0.0,0.0], [40.0,40.0], [0.0,0.0]]
ENTRY 27 VariableDeclaration_3 [[100.0,100.0], [10.0,10.0], [0.0,0.0], [40.0,40.0], [0.0,0.0]]
EXIT 27 VariableDeclaration_3 [[100.0,100.0], [10.0,10.0], [0.0,0.0], [40.0,40.0], [0.0,0.0]]
ENTRY 27 VariableDeclaration_4 [[100.0,100.0], [10.0,10.0], [0.0,0.0], [40.0,40.0], [0.0,0.0]]
EXIT 27 VariableDeclaration_4 [[100.0,100.0], [10.0,10.0], [0.0,0.0], [40.0,40.0], [0.0,0.0]]
ENTRY 27 ModifierDefinition_0 [[100.0,100.0], [10.0,10.0], [0.0,0.0], [40.0,40.0], [0.0,0.0]]
EXIT 27 ModifierDefinition_0 [[100.0,100.0], [10.0,10.0], [0.0,0.0], [40.0,40.0], [0.0,0.0]]
ENTRY 27 FunctionDefinition_0 [[100.0,100.0], [10.0,10.0], [0.0,0.0], [40.0,40.0], [0.0,0.0]]
EXIT 27 FunctionDefinition_0 [[100.0,100.0], [10.0,10.0], [0.0,0.0], [40.0,40.0], [0.0,0.0]]
ENTRY 27 FunctionEntry_0 [[100.0,100.0], [10.0,10.0], [0.0,0.0], [40.0,40.0], [0.0,0.0]]
EXIT 27 FunctionEntry_0 [[100.0,100.0], [10.0,10.0], [0.0,0.0], [40.0,40.0], [0.0,0.0]]
ENTRY 27 ExpressionStatement_0 [[100.0,100.0], [10.0,10.0], [0.0,0.0], [40.0,40.0], [0.0,0.0]]
EXIT 27 ExpressionStatement_0 [[100.0,100.0], [10.0,10.0], [0.0,0.0], [40.0,40.0], [0.0,0.0]]
ENTRY 27 IfStatement_0 [[-260.0,100.0], [10.0,260.0], [0.0,0.0], [0.0,40.0], [0.0,0.0]]
EXIT 27 IfStatement_0 [[1.0,-1.0], [1.0,-1.0], [1.0,-1.0], [1.0,-1.0], [1.0,-1.0]]
ENTRY 27 ExpressionStatement_1 [[-260.0,100.0], [10.0,260.0], [0.0,0.0], [0.0,40.0], [0.0,0.0]]
EXIT 27 ExpressionStatement_1 [[-270.0,90.0], [10.0,260.0], [0.0,0.0], [0.0,40.0], [0.0,0.0]]
ENTRY 27 ExpressionStatement_2 [[-270.0,90.0], [10.0,260.0], [0.0,0.0], [0.0,40.0], [0.0,0.0]]
EXIT 27 ExpressionStatement_2 [[-270.0,90.0], [20.0,270.0], [0.0,0.0], [0.0,40.0], [0.0,0.0]]
ENTRY 27 IfConditionJoin_0 [[-270.0,100.0], [10.0,270.0], [0.0,0.0], [0.0,40.0], [0.0,0.0]]
EXIT 27 IfConditionJoin_0 [[-270.0,100.0], [10.0,270.0], [0.0,0.0], [0.0,40.0], [0.0,0.0]]
ENTRY 27 ExpressionStatement_3 [[-270.0,100.0], [10.0,270.0], [0.0,0.0], [0.0,40.0], [0.0,0.0]]
EXIT 27 ExpressionStatement_3 [[-270.0,100.0], [10.0,270.0], [0.0,0.0], [10.0,10.0], [0.0,0.0]]
ENTRY 27 FunctionExit_0 [[-270.0,100.0], [10.0,270.0], [0.0,0.0], [10.0,10.0], [0.0,0.0]]
EXIT 27 FunctionExit_0 [[-270.0,100.0], [10.0,270.0], [0.0,0.0], [10.0,10.0], [0.0,0.0]]
ENTRY 28 SourceEntry_0 [[0.0,0.0], [0.0,0.0], [0.0,0.0], [0.0,0.0], [0.0,0.0]]
EXIT 28 SourceEntry_0 [[100.0,100.0], [10.0,10.0], [0.0,0.0], [40.0,40.0], [0.0,0.0]]
ENTRY 28 SourceUnit_0 [[100.0,100.0], [10.0,10.0], [0.0,0.0], [40.0,40.0], [0.0,0.0]]
EXIT 28 SourceUnit_0 [[100.0,100.0], [10.0,10.0], [0.0,0.0], [40.0,40.0], [0.0,0.0]]
ENTRY 28 PragmaDirective_0 [[100.0,100.0], [10.0,10.0], [0.0,0.0], [40.0,40.0], [0.0,0.0]]
EXIT 28 PragmaDirective_0 [[100.0,100.0], [10.0,10.0], [0.0,0.0], [40.0,40.0], [0.0,0.0]]
ENTRY 28 SourceExit_0 [[-270.0,100.0], [10.0,270.0], [0.0,0.0], [10.0,40.0], [0.0,0.0]]
EXIT 28 SourceExit_0 [[100.0,100.0], [10.0,10.0], [0.0,0.0], [40.0,40.0], [0.0,0.0]]
ENTRY 28 ContractDefinition_0 [[100.0,100.0], [10.0,10.0], [0.0,0.0], [40.0,40.0], [0.0,0.0]]
EXIT 28 ContractDefinition_0 [[100.0,100.0], [10.0,10.0], [0.0,0.0], [40.0,40.0], [0.0,0.0]]
ENTRY 28 VariableDeclaration_0 [[100.0,100.0], [10.0,10.0], [0.0,0.0], [40.0,40.0], [0.0,0.0]]
EXIT 28 VariableDeclaration_0 [[100.0,100.0], [10.0,10.0], [0.0,0.0], [40.0,40.0], [0.0,0.0]]
ENTRY 28 VariableDeclaration_1 [[100.0,100.0], [10.0,10.0], [0.0,0.0], [40.0,40.0], [0.0,0.0]]
EXIT 28 VariableDeclaration_1 [[100.0,100.0], [10.0,10.0], [0.0,0.0], [40.0,40.0], [0.0,0.0]]
ENTRY 28 VariableDeclaration_2 [[100.0,100.0], [10.0,10.0], [0.0,0.0], [40.0,40.0], [0.0,0.0]]
EXIT 28 VariableDeclaration_2 [[100.0,100.0], [10.0,10.0], [0.0,0.0], [40.0,40.0], [0.0,0.0]]
ENTRY 28 VariableDeclaration_3 [[100.0,100.0], [10.0,10.0], [0.0,0.0], [40.0,40.0], [0.0,0.0]]
EXIT 28 VariableDeclaration_3 [[100.0,100.0], [10.0,10.0], [0.0,0.0], [40.0,40.0], [0.0,0.0]]
ENTRY 28 VariableDeclaration_4 [[100.0,100.0], [10.0,10.0], [0.0,0.0], [40.0,40.0], [0.0,0.0]]
EXIT 28 VariableDeclaration_4 [[100.0,100.0], [10.0,10.0], [0.0,0.0], [40.0,40.0], [0.0,0.0]]
ENTRY 28 ModifierDefinition_0 [[100.0,100.0], [10.0,10.0], [0.0,0.0], [40.0,40.0], [0.0,0.0]]
EXIT 28 ModifierDefinition_0 [[100.0,100.0], [10.0,10.0], [0.0,0.0], [40.0,40.0], [0.0,0.0]]
ENTRY 28 FunctionDefinition_0 [[100.0,100.0], [10.0,10.0], [0.0,0.0], [40.0,40.0], [0.0,0.0]]
EXIT 28 FunctionDefinition_0 [[100.0,100.0], [10.0,10.0], [0.0,0.0], [40.0,40.0], [0.0,0.0]]
ENTRY 28 FunctionEntry_0 [[100.0,100.0], [10.0,10.0], [0.0,0.0], [40.0,40.0], [0.0,0.0]]
EXIT 28 FunctionEntry_0 [[100.0,100.0], [10.0,10.0], [0.0,0.0], [40.0,40.0], [0.0,0.0]]
ENTRY 28 ExpressionStatement_0 [[100.0,100.0], [10.0,10.0], [0.0,0.0], [40.0,40.0], [0.0,0.0]]
EXIT 28 ExpressionStatement_0 [[100.0,100.0], [10.0,10.0], [0.0,0.0], [40.0,40.0], [0.0,0.0]]
ENTRY 28 IfStatement_0 [[-270.0,100.0], [10.0,270.0], [0.0,0.0], [0.0,40.0], [0.0,0.0]]
EXIT 28 IfStatement_0 [[1.0,-1.0], [1.0,-1.0], [1.0,-1.0], [1.0,-1.0], [1.0,-1.0]]
ENTRY 28 ExpressionStatement_1 [[-270.0,100.0], [10.0,270.0], [0.0,0.0], [0.0,40.0], [0.0,0.0]]
EXIT 28 ExpressionStatement_1 [[-280.0,90.0], [10.0,270.0], [0.0,0.0], [0.0,40.0], [0.0,0.0]]
ENTRY 28 ExpressionStatement_2 [[-280.0,90.0], [10.0,270.0], [0.0,0.0], [0.0,40.0], [0.0,0.0]]
EXIT 28 ExpressionStatement_2 [[-280.0,90.0], [20.0,280.0], [0.0,0.0], [0.0,40.0], [0.0,0.0]]
ENTRY 28 IfConditionJoin_0 [[-280.0,100.0], [10.0,280.0], [0.0,0.0], [0.0,40.0], [0.0,0.0]]
EXIT 28 IfConditionJoin_0 [[-280.0,100.0], [10.0,280.0], [0.0,0.0], [0.0,40.0], [0.0,0.0]]
ENTRY 28 ExpressionStatement_3 [[-280.0,100.0], [10.0,280.0], [0.0,0.0], [0.0,40.0], [0.0,0.0]]
EXIT 28 ExpressionStatement_3 [[-280.0,100.0], [10.0,280.0], [0.0,0.0], [10.0,10.0], [0.0,0.0]]
ENTRY 28 FunctionExit_0 [[-280.0,100.0], [10.0,280.0], [0.0,0.0], [10.0,10.0], [0.0,0.0]]
EXIT 28 FunctionExit_0 [[-280.0,100.0], [10.0,280.0], [0.0,0.0], [10.0,10.0], [0.0,0.0]]
ENTRY 29 SourceEntry_0 [[0.0,0.0], [0.0,0.0], [0.0,0.0], [0.0,0.0], [0.0,0.0]]
EXIT 29 SourceEntry_0 [[100.0,100.0], [10.0,10.0], [0.0,0.0], [40.0,40.0], [0.0,0.0]]
ENTRY 29 SourceUnit_0 [[100.0,100.0], [10.0,10.0], [0.0,0.0], [40.0,40.0], [0.0,0.0]]
EXIT 29 SourceUnit_0 [[100.0,100.0], [10.0,10.0], [0.0,0.0], [40.0,40.0], [0.0,0.0]]
ENTRY 29 PragmaDirective_0 [[100.0,100.0], [10.0,10.0], [0.0,0.0], [40.0,40.0], [0.0,0.0]]
EXIT 29 PragmaDirective_0 [[100.0,100.0], [10.0,10.0], [0.0,0.0], [40.0,40.0], [0.0,0.0]]
ENTRY 29 SourceExit_0 [[-280.0,100.0], [10.0,280.0], [0.0,0.0], [10.0,40.0], [0.0,0.0]]
EXIT 29 SourceExit_0 [[100.0,100.0], [10.0,10.0], [0.0,0.0], [40.0,40.0], [0.0,0.0]]
ENTRY 29 ContractDefinition_0 [[100.0,100.0], [10.0,10.0], [0.0,0.0], [40.0,40.0], [0.0,0.0]]
EXIT 29 ContractDefinition_0 [[100.0,100.0], [10.0,10.0], [0.0,0.0], [40.0,40.0], [0.0,0.0]]
ENTRY 29 VariableDeclaration_0 [[100.0,100.0], [10.0,10.0], [0.0,0.0], [40.0,40.0], [0.0,0.0]]
EXIT 29 VariableDeclaration_0 [[100.0,100.0], [10.0,10.0], [0.0,0.0], [40.0,40.0], [0.0,0.0]]
ENTRY 29 VariableDeclaration_1 [[100.0,100.0], [10.0,10.0], [0.0,0.0], [40.0,40.0], [0.0,0.0]]
EXIT 29 VariableDeclaration_1 [[100.0,100.0], [10.0,10.0], [0.0,0.0], [40.0,40.0], [0.0,0.0]]
ENTRY 29 VariableDeclaration_2 [[100.0,100.0], [10.0,10.0], [0.0,0.0], [40.0,40.0], [0.0,0.0]]
EXIT 29 VariableDeclaration_2 [[100.0,100.0], [10.0,10.0], [0.0,0.0], [40.0,40.0], [0.0,0.0]]
ENTRY 29 VariableDeclaration_3 [[100.0,100.0], [10.0,10.0], [0.0,0.0], [40.0,40.0], [0.0,0.0]]
EXIT 29 VariableDeclaration_3 [[100.0,100.0], [10.0,10.0], [0.0,0.0], [40.0,40.0], [0.0,0.0]]
ENTRY 29 VariableDeclaration_4 [[100.0,100.0], [10.0,10.0], [0.0,0.0], [40.0,40.0], [0.0,0.0]]
EXIT 29 VariableDeclaration_4 [[100.0,100.0], [10.0,10.0], [0.0,0.0], [40.0,40.0], [0.0,0.0]]
ENTRY 29 ModifierDefinition_0 [[100.0,100.0], [10.0,10.0], [0.0,0.0], [40.0,40.0], [0.0,0.0]]
EXIT 29 ModifierDefinition_0 [[100.0,100.0], [10.0,10.0], [0.0,0.0], [40.0,40.0], [0.0,0.0]]
ENTRY 29 FunctionDefinition_0 [[100.0,100.0], [10.0,10.0], [0.0,0.0], [40.0,40.0], [0.0,0.0]]
EXIT 29 FunctionDefinition_0 [[100.0,100.0], [10.0,10.0], [0.0,0.0], [40.0,40.0], [0.0,0.0]]
ENTRY 29 FunctionEntry_0 [[100.0,100.0], [10.0,10.0], [0.0,0.0], [40.0,40.0], [0.0,0.0]]
EXIT 29 FunctionEntry_0 [[100.0,100.0], [10.0,10.0], [0.0,0.0], [40.0,40.0], [0.0,0.0]]
ENTRY 29 ExpressionStatement_0 [[100.0,100.0], [10.0,10.0], [0.0,0.0], [40.0,40.0], [0.0,0.0]]
EXIT 29 ExpressionStatement_0 [[100.0,100.0], [10.0,10.0], [0.0,0.0], [40.0,40.0], [0.0,0.0]]
ENTRY 29 IfStatement_0 [[-280.0,100.0], [10.0,280.0], [0.0,0.0], [0.0,40.0], [0.0,0.0]]
EXIT 29 IfStatement_0 [[1.0,-1.0], [1.0,-1.0], [1.0,-1.0], [1.0,-1.0], [1.0,-1.0]]
ENTRY 29 ExpressionStatement_1 [[-280.0,100.0], [10.0,280.0], [0.0,0.0], [0.0,40.0], [0.0,0.0]]
EXIT 29 ExpressionStatement_1 [[-290.0,90.0], [10.0,280.0], [0.0,0.0], [0.0,40.0], [0.0,0.0]]
ENTRY 29 ExpressionStatement_2 [[-290.0,90.0], [10.0,280.0], [0.0,0.0], [0.0,40.0], [0.0,0.0]]
EXIT 29 ExpressionStatement_2 [[-290.0,90.0], [20.0,290.0], [0.0,0.0], [0.0,40.0], [0.0,0.0]]
ENTRY 29 IfConditionJoin_0 [[-290.0,100.0], [10.0,290.0], [0.0,0.0], [0.0,40.0], [0.0,0.0]]
EXIT 29 IfConditionJoin_0 [[-290.0,100.0], [10.0,290.0], [0.0,0.0], [0.0,40.0], [0.0,0.0]]
ENTRY 29 ExpressionStatement_3 [[-290.0,100.0], [10.0,290.0], [0.0,0.0], [0.0,40.0], [0.0,0.0]]
EXIT 29 ExpressionStatement_3 [[-290.0,100.0], [10.0,290.0], [0.0,0.0], [10.0,10.0], [0.0,0.0]]
ENTRY 29 FunctionExit_0 [[-290.0,100.0], [10.0,290.0], [0.0,0.0], [10.0,10.0], [0.0,0.0]]
EXIT 29 FunctionExit_0 [[-290.0,100.0], [10.0,290.0], [0.0,0.0], [10.0,10.0], [0.0,0.0]]
ENTRY 30 SourceEntry_0 [[0.0,0.0], [0.0,0.0], [0.0,0.0], [0.0,0.0], [0.0,0.0]]
EXIT 30 SourceEntry_0 [[100.0,100.0], [10.0,10.0], [0.0,0.0], [40.0,40.0], [0.0,0.0]]
ENTRY 30 SourceUnit_0 [[100.0,100.0], [10.0,10.0], [0.0,0.0], [40.0,40.0], [0.0,0.0]]
EXIT 30 SourceUnit_0 [[100.0,100.0], [10.0,10.0], [0.0,0.0], [40.0,40.0], [0.0,0.0]]
ENTRY 30 PragmaDirective_0 [[100.0,100.0], [10.0,10.0], [0.0,0.0], [40.0,40.0], [0.0,0.0]]
EXIT 30 PragmaDirective_0 [[100.0,100.0], [10.0,10.0], [0.0,0.0], [40.0,40.0], [0.0,0.0]]
ENTRY 30 SourceExit_0 [[-290.0,100.0], [10.0,290.0], [0.0,0.0], [10.0,40.0], [0.0,0.0]]
EXIT 30 SourceExit_0 [[100.0,100.0], [10.0,10.0], [0.0,0.0], [40.0,40.0], [0.0,0.0]]
ENTRY 30 ContractDefinition_0 [[100.0,100.0], [10.0,10.0], [0.0,0.0], [40.0,40.0], [0.0,0.0]]
EXIT 30 ContractDefinition_0 [[100.0,100.0], [10.0,10.0], [0.0,0.0], [40.0,40.0], [0.0,0.0]]
ENTRY 30 VariableDeclaration_0 [[100.0,100.0], [10.0,10.0], [0.0,0.0], [40.0,40.0], [0.0,0.0]]
EXIT 30 VariableDeclaration_0 [[100.0,100.0], [10.0,10.0], [0.0,0.0], [40.0,40.0], [0.0,0.0]]
ENTRY 30 VariableDeclaration_1 [[100.0,100.0], [10.0,10.0], [0.0,0.0], [40.0,40.0], [0.0,0.0]]
EXIT 30 VariableDeclaration_1 [[100.0,100.0], [10.0,10.0], [0.0,0.0], [40.0,40.0], [0.0,0.0]]
ENTRY 30 VariableDeclaration_2 [[100.0,100.0], [10.0,10.0], [0.0,0.0], [40.0,40.0], [0.0,0.0]]
EXIT 30 VariableDeclaration_2 [[100.0,100.0], [10.0,10.0], [0.0,0.0], [40.0,40.0], [0.0,0.0]]
ENTRY 30 VariableDeclaration_3 [[100.0,100.0], [10.0,10.0], [0.0,0.0], [40.0,40.0], [0.0,0.0]]
EXIT 30 VariableDeclaration_3 [[100.0,100.0], [10.0,10.0], [0.0,0.0], [40.0,40.0], [0.0,0.0]]
ENTRY 30 VariableDeclaration_4 [[100.0,100.0], [10.0,10.0], [0.0,0.0], [40.0,40.0], [0.0,0.0]]
EXIT 30 VariableDeclaration_4 [[100.0,100.0], [10.0,10.0], [0.0,0.0], [40.0,40.0], [0.0,0.0]]
ENTRY 30 ModifierDefinition_0 [[100.0,100.0], [10.0,10.0], [0.0,0.0], [40.0,40.0], [0.0,0.0]]
EXIT 30 ModifierDefinition_0 [[100.0,100.0], [10.0,10.0], [0.0,0.0], [40.0,40.0], [0.0,0.0]]
ENTRY 30 FunctionDefinition_0 [[100.0,100.0], [10.0,10.0], [0.0,0.0], [40.0,40.0], [0.0,0.0]]
EXIT 30 FunctionDefinition_0 [[100.0,100.0], [10.0,10.0], [0.0,0.0], [40.0,40.0], [0.0,0.0]]
ENTRY 30 FunctionEntry_0 [[100.0,100.0], [10.0,10.0], [0.0,0.0], [40.0,40.0], [0.0,0.0]]
EXIT 30 FunctionEntry_0 [[100.0,100.0], [10.0,10.0], [0.0,0.0], [40.0,40.0], [0.0,0.0]]
ENTRY 30 ExpressionStatement_0 [[100.0,100.0], [10.0,10.0], [0.0,0.0], [40.0,40.0], [0.0,0.0]]
EXIT 30 ExpressionStatement_0 [[100.0,100.0], [10.0,10.0], [0.0,0.0], [40.0,40.0], [0.0,0.0]]
ENTRY 30 IfStatement_0 [[-290.0,100.0], [10.0,290.0], [0.0,0.0], [0.0,40.0], [0.0,0.0]]
EXIT 30 IfStatement_0 [[1.0,-1.0], [1.0,-1.0], [1.0,-1.0], [1.0,-1.0], [1.0,-1.0]]
ENTRY 30 ExpressionStatement_1 [[-290.0,100.0], [10.0,290.0], [0.0,0.0], [0.0,40.0], [0.0,0.0]]
EXIT 30 ExpressionStatement_1 [[-300.0,90.0], [10.0,290.0], [0.0,0.0], [0.0,40.0], [0.0,0.0]]
ENTRY 30 ExpressionStatement_2 [[-300.0,90.0], [10.0,290.0], [0.0,0.0], [0.0,40.0], [0.0,0.0]]
EXIT 30 ExpressionStatement_2 [[-300.0,90.0], [20.0,300.0], [0.0,0.0], [0.0,40.0], [0.0,0.0]]
ENTRY 30 IfConditionJoin_0 [[-300.0,100.0], [10.0,300.0], [0.0,0.0], [0.0,40.0], [0.0,0.0]]
EXIT 30 IfConditionJoin_0 [[-300.0,100.0], [10.0,300.0], [0.0,0.0], [0.0,40.0], [0.0,0.0]]
ENTRY 30 ExpressionStatement_3 [[-300.0,100.0], [10.0,300.0], [0.0,0.0], [0.0,40.0], [0.0,0.0]]
EXIT 30 ExpressionStatement_3 [[-300.0,100.0], [10.0,300.0], [0.0,0.0], [10.0,10.0], [0.0,0.0]]
ENTRY 30 FunctionExit_0 [[-300.0,100.0], [10.0,300.0], [0.0,0.0], [10.0,10.0], [0.0,0.0]]
EXIT 30 FunctionExit_0 [[-300.0,100.0], [10.0,300.0], [0.0,0.0], [10.0,10.0], [0.0,0.0]]
ENTRY 31 SourceEntry_0 [[0.0,0.0], [0.0,0.0], [0.0,0.0], [0.0,0.0], [0.0,0.0]]
EXIT 31 SourceEntry_0 [[100.0,100.0], [10.0,10.0], [0.0,0.0], [40.0,40.0], [0.0,0.0]]
ENTRY 31 SourceUnit_0 [[100.0,100.0], [10.0,10.0], [0.0,0.0], [40.0,40.0], [0.0,0.0]]
EXIT 31 SourceUnit_0 [[100.0,100.0], [10.0,10.0], [0.0,0.0], [40.0,40.0], [0.0,0.0]]
ENTRY 31 PragmaDirective_0 [[100.0,100.0], [10.0,10.0], [0.0,0.0], [40.0,40.0], [0.0,0.0]]
EXIT 31 PragmaDirective_0 [[100.0,100.0], [10.0,10.0], [0.0,0.0], [40.0,40.0], [0.0,0.0]]
ENTRY 31 SourceExit_0 [[-300.0,100.0], [10.0,300.0], [0.0,0.0], [10.0,40.0], [0.0,0.0]]
EXIT 31 SourceExit_0 [[100.0,100.0], [10.0,10.0], [0.0,0.0], [40.0,40.0], [0.0,0.0]]
ENTRY 31 ContractDefinition_0 [[100.0,100.0], [10.0,10.0], [0.0,0.0], [40.0,40.0], [0.0,0.0]]
EXIT 31 ContractDefinition_0 [[100.0,100.0], [10.0,10.0], [0.0,0.0], [40.0,40.0], [0.0,0.0]]
ENTRY 31 VariableDeclaration_0 [[100.0,100.0], [10.0,10.0], [0.0,0.0], [40.0,40.0], [0.0,0.0]]
EXIT 31 VariableDeclaration_0 [[100.0,100.0], [10.0,10.0], [0.0,0.0], [40.0,40.0], [0.0,0.0]]
ENTRY 31 VariableDeclaration_1 [[100.0,100.0], [10.0,10.0], [0.0,0.0], [40.0,40.0], [0.0,0.0]]
EXIT 31 VariableDeclaration_1 [[100.0,100.0], [10.0,10.0], [0.0,0.0], [40.0,40.0], [0.0,0.0]]
ENTRY 31 VariableDeclaration_2 [[100.0,100.0], [10.0,10.0], [0.0,0.0], [40.0,40.0], [0.0,0.0]]
EXIT 31 VariableDeclaration_2 [[100.0,100.0], [10.0,10.0], [0.0,0.0], [40.0,40.0], [0.0,0.0]]
ENTRY 31 VariableDeclaration_3 [[100.0,100.0], [10.0,10.0], [0.0,0.0], [40.0,40.0], [0.0,0.0]]
EXIT 31 VariableDeclaration_3 [[100.0,100.0], [10.0,10.0], [0.0,0.0], [40.0,40.0], [0.0,0.0]]
ENTRY 31 VariableDeclaration_4 [[100.0,100.0], [10.0,10.0], [0.0,0.0], [40.0,40.0], [0.0,0.0]]
EXIT 31 VariableDeclaration_4 [[100.0,100.0], [10.0,10.0], [0.0,0.0], [40.0,40.0], [0.0,0.0]]
ENTRY 31 ModifierDefinition_0 [[100.0,100.0], [10.0,10.0], [0.0,0.0], [40.0,40.0], [0.0,0.0]]
EXIT 31 ModifierDefinition_0 [[100.0,100.0], [10.0,10.0], [0.0,0.0], [40.0,40.0], [0.0,0.0]]
ENTRY 31 FunctionDefinition_0 [[100.0,100.0], [10.0,10.0], [0.0,0.0], [40.0,40.0], [0.0,0.0]]
EXIT 31 FunctionDefinition_0 [[100.0,100.0], [10.0,10.0], [0.0,0.0], [40.0,40.0], [0.0,0.0]]
ENTRY 31 FunctionEntry_0 [[100.0,100.0], [10.0,10.0], [0.0,0.0], [40.0,40.0], [0.0,0.0]]
EXIT 31 FunctionEntry_0 [[100.0,100.0], [10.0,10.0], [0.0,0.0], [40.0,40.0], [0.0,0.0]]
ENTRY 31 ExpressionStatement_0 [[100.0,100.0], [10.0,10.0], [0.0,0.0], [40.0,40.0], [0.0,0.0]]
EXIT 31 ExpressionStatement_0 [[100.0,100.0], [10.0,10.0], [0.0,0.0], [40.0,40.0], [0.0,0.0]]
ENTRY 31 IfStatement_0 [[-300.0,100.0], [10.0,300.0], [0.0,0.0], [0.0,40.0], [0.0,0.0]]
EXIT 31 IfStatement_0 [[1.0,-1.0], [1.0,-1.0], [1.0,-1.0], [1.0,-1.0], [1.0,-1.0]]
ENTRY 31 ExpressionStatement_1 [[-300.0,100.0], [10.0,300.0], [0.0,0.0], [0.0,40.0], [0.0,0.0]]
EXIT 31 ExpressionStatement_1 [[-310.0,90.0], [10.0,300.0], [0.0,0.0], [0.0,40.0], [0.0,0.0]]
ENTRY 31 ExpressionStatement_2 [[-310.0,90.0], [10.0,300.0], [0.0,0.0], [0.0,40.0], [0.0,0.0]]
EXIT 31 ExpressionStatement_2 [[-310.0,90.0], [20.0,310.0], [0.0,0.0], [0.0,40.0], [0.0,0.0]]
ENTRY 31 IfConditionJoin_0 [[-310.0,100.0], [10.0,310.0], [0.0,0.0], [0.0,40.0], [0.0,0.0]]
EXIT 31 IfConditionJoin_0 [[-310.0,100.0], [10.0,310.0], [0.0,0.0], [0.0,40.0], [0.0,0.0]]
ENTRY 31 ExpressionStatement_3 [[-310.0,100.0], [10.0,310.0], [0.0,0.0], [0.0,40.0], [0.0,0.0]]
EXIT 31 ExpressionStatement_3 [[-310.0,100.0], [10.0,310.0], [0.0,0.0], [10.0,10.0], [0.0,0.0]]
ENTRY 31 FunctionExit_0 [[-310.0,100.0], [10.0,310.0], [0.0,0.0], [10.0,10.0], [0.0,0.0]]
EXIT 31 FunctionExit_0 [[-310.0,100.0], [10.0,310.0], [0.0,0.0], [10.0,10.0], [0.0,0.0]]
ENTRY 32 SourceEntry_0 [[0.0,0.0], [0.0,0.0], [0.0,0.0], [0.0,0.0], [0.0,0.0]]
EXIT 32 SourceEntry_0 [[100.0,100.0], [10.0,10.0], [0.0,0.0], [40.0,40.0], [0.0,0.0]]
ENTRY 32 SourceUnit_0 [[100.0,100.0], [10.0,10.0], [0.0,0.0], [40.0,40.0], [0.0,0.0]]
EXIT 32 SourceUnit_0 [[100.0,100.0], [10.0,10.0], [0.0,0.0], [40.0,40.0], [0.0,0.0]]
ENTRY 32 PragmaDirective_0 [[100.0,100.0], [10.0,10.0], [0.0,0.0], [40.0,40.0], [0.0,0.0]]
EXIT 32 PragmaDirective_0 [[100.0,100.0], [10.0,10.0], [0.0,0.0], [40.0,40.0], [0.0,0.0]]
ENTRY 32 SourceExit_0 [[-310.0,100.0], [10.0,310.0], [0.0,0.0], [10.0,40.0], [0.0,0.0]]
EXIT 32 SourceExit_0 [[100.0,100.0], [10.0,10.0], [0.0,0.0], [40.0,40.0], [0.0,0.0]]
ENTRY 32 ContractDefinition_0 [[100.0,100.0], [10.0,10.0], [0.0,0.0], [40.0,40.0], [0.0,0.0]]
EXIT 32 ContractDefinition_0 [[100.0,100.0], [10.0,10.0], [0.0,0.0], [40.0,40.0], [0.0,0.0]]
ENTRY 32 VariableDeclaration_0 [[100.0,100.0], [10.0,10.0], [0.0,0.0], [40.0,40.0], [0.0,0.0]]
EXIT 32 VariableDeclaration_0 [[100.0,100.0], [10.0,10.0], [0.0,0.0], [40.0,40.0], [0.0,0.0]]
ENTRY 32 VariableDeclaration_1 [[100.0,100.0], [10.0,10.0], [0.0,0.0], [40.0,40.0], [0.0,0.0]]
EXIT 32 VariableDeclaration_1 [[100.0,100.0], [10.0,10.0], [0.0,0.0], [40.0,40.0], [0.0,0.0]]
ENTRY 32 VariableDeclaration_2 [[100.0,100.0], [10.0,10.0], [0.0,0.0], [40.0,40.0], [0.0,0.0]]
EXIT 32 VariableDeclaration_2 [[100.0,100.0], [10.0,10.0], [0.0,0.0], [40.0,40.0], [0.0,0.0]]
ENTRY 32 VariableDeclaration_3 [[100.0,100.0], [10.0,10.0], [0.0,0.0], [40.0,40.0], [0.0,0.0]]
EXIT 32 VariableDeclaration_3 [[100.0,100.0], [10.0,10.0], [0.0,0.0], [40.0,40.0], [0.0,0.0]]
ENTRY 32 VariableDeclaration_4 [[100.0,100.0], [10.0,10.0], [0.0,0.0], [40.0,40.0], [0.0,0.0]]
EXIT 32 VariableDeclaration_4 [[100.0,100.0], [10.0,10.0], [0.0,0.0], [40.0,40.0], [0.0,0.0]]
ENTRY 32 ModifierDefinition_0 [[100.0,100.0], [10.0,10.0], [0.0,0.0], [40.0,40.0], [0.0,0.0]]
EXIT 32 ModifierDefinition_0 [[100.0,100.0], [10.0,10.0], [0.0,0.0], [40.0,40.0], [0.0,0.0]]
ENTRY 32 FunctionDefinition_0 [[100.0,100.0], [10.0,10.0], [0.0,0.0], [40.0,40.0], [0.0,0.0]]
EXIT 32 FunctionDefinition_0 [[100.0,100.0], [10.0,10.0], [0.0,0.0], [40.0,40.0], [0.0,0.0]]
ENTRY 32 FunctionEntry_0 [[100.0,100.0], [10.0,10.0], [0.0,0.0], [40.0,40.0], [0.0,0.0]]
EXIT 32 FunctionEntry_0 [[100.0,100.0], [10.0,10.0], [0.0,0.0], [40.0,40.0], [0.0,0.0]]
ENTRY 32 ExpressionStatement_0 [[100.0,100.0], [10.0,10.0], [0.0,0.0], [40.0,40.0], [0.0,0.0]]
EXIT 32 ExpressionStatement_0 [[100.0,100.0], [10.0,10.0], [0.0,0.0], [40.0,40.0], [0.0,0.0]]
ENTRY 32 IfStatement_0 [[-310.0,100.0], [10.0,310.0], [0.0,0.0], [0.0,40.0], [0.0,0.0]]
EXIT 32 IfStatement_0 [[1.0,-1.0], [1.0,-1.0], [1.0,-1.0], [1.0,-1.0], [1.0,-1.0]]
ENTRY 32 ExpressionStatement_1 [[-310.0,100.0], [10.0,310.0], [0.0,0.0], [0.0,40.0], [0.0,0.0]]
EXIT 32 ExpressionStatement_1 [[-320.0,90.0], [10.0,310.0], [0.0,0.0], [0.0,40.0], [0.0,0.0]]
ENTRY 32 ExpressionStatement_2 [[-320.0,90.0], [10.0,310.0], [0.0,0.0], [0.0,40.0], [0.0,0.0]]
EXIT 32 ExpressionStatement_2 [[-320.0,90.0], [20.0,320.0], [0.0,0.0], [0.0,40.0], [0.0,0.0]]
ENTRY 32 IfConditionJoin_0 [[-320.0,100.0], [10.0,320.0], [0.0,0.0], [0.0,40.0], [0.0,0.0]]
EXIT 32 IfConditionJoin_0 [[-320.0,100.0], [10.0,320.0], [0.0,0.0], [0.0,40.0], [0.0,0.0]]
ENTRY 32 ExpressionStatement_3 [[-320.0,100.0], [10.0,320.0], [0.0,0.0], [0.0,40.0], [0.0,0.0]]
EXIT 32 ExpressionStatement_3 [[-320.0,100.0], [10.0,320.0], [0.0,0.0], [10.0,10.0], [0.0,0.0]]
ENTRY 32 FunctionExit_0 [[-320.0,100.0], [10.0,320.0], [0.0,0.0], [10.0,10.0], [0.0,0.0]]
EXIT 32 FunctionExit_0 [[-320.0,100.0], [10.0,320.0], [0.0,0.0], [10.0,10.0], [0.0,0.0]]
ENTRY 33 SourceEntry_0 [[0.0,0.0], [0.0,0.0], [0.0,0.0], [0.0,0.0], [0.0,0.0]]
EXIT 33 SourceEntry_0 [[100.0,100.0], [10.0,10.0], [0.0,0.0], [40.0,40.0], [0.0,0.0]]
ENTRY 33 SourceUnit_0 [[100.0,100.0], [10.0,10.0], [0.0,0.0], [40.0,40.0], [0.0,0.0]]
EXIT 33 SourceUnit_0 [[100.0,100.0], [10.0,10.0], [0.0,0.0], [40.0,40.0], [0.0,0.0]]
ENTRY 33 PragmaDirective_0 [[100.0,100.0], [10.0,10.0], [0.0,0.0], [40.0,40.0], [0.0,0.0]]
EXIT 33 PragmaDirective_0 [[100.0,100.0], [10.0,10.0], [0.0,0.0], [40.0,40.0], [0.0,0.0]]
ENTRY 33 SourceExit_0 [[-320.0,100.0], [10.0,320.0], [0.0,0.0], [10.0,40.0], [0.0,0.0]]
EXIT 33 SourceExit_0 [[100.0,100.0], [10.0,10.0], [0.0,0.0], [40.0,40.0], [0.0,0.0]]
ENTRY 33 ContractDefinition_0 [[100.0,100.0], [10.0,10.0], [0.0,0.0], [40.0,40.0], [0.0,0.0]]
EXIT 33 ContractDefinition_0 [[100.0,100.0], [10.0,10.0], [0.0,0.0], [40.0,40.0], [0.0,0.0]]
ENTRY 33 VariableDeclaration_0 [[100.0,100.0], [10.0,10.0], [0.0,0.0], [40.0,40.0], [0.0,0.0]]
EXIT 33 VariableDeclaration_0 [[100.0,100.0], [10.0,10.0], [0.0,0.0], [40.0,40.0], [0.0,0.0]]
ENTRY 33 VariableDeclaration_1 [[100.0,100.0], [10.0,10.0], [0.0,0.0], [40.0,40.0], [0.0,0.0]]
EXIT 33 VariableDeclaration_1 [[100.0,100.0], [10.0,10.0], [0.0,0.0], [40.0,40.0], [0.0,0.0]]
ENTRY 33 VariableDeclaration_2 [[100.0,100.0], [10.0,10.0], [0.0,0.0], [40.0,40.0], [0.0,0.0]]
EXIT 33 VariableDeclaration_2 [[100.0,100.0], [10.0,10.0], [0.0,0.0], [40.0,40.0], [0.0,0.0]]
ENTRY 33 VariableDeclaration_3 [[100.0,100.0], [10.0,10.0], [0.0,0.0], [40.0,40.0], [0.0,0.0]]
EXIT 33 VariableDeclaration_3 [[100.0,100.0], [10.0,10.0], [0.0,0.0], [40.0,40.0], [0.0,0.0]]
ENTRY 33 VariableDeclaration_4 [[100.0,100.0], [10.0,10.0], [0.0,0.0], [40.0,40.0], [0.0,0.0]]
EXIT 33 VariableDeclaration_4 [[100.0,100.0], [10.0,10.0], [0.0,0.0], [40.0,40.0], [0.0,0.0]]
ENTRY 33 ModifierDefinition_0 [[100.0,100.0], [10.0,10.0], [0.0,0.0], [40.0,40.0], [0.0,0.0]]
EXIT 33 ModifierDefinition_0 [[100.0,100.0], [10.0,10.0], [0.0,0.0], [40.0,40.0], [0.0,0.0]]
ENTRY 33 FunctionDefinition_0 [[100.0,100.0], [10.0,10.0], [0.0,0.0], [40.0,40.0], [0.0,0.0]]
EXIT 33 FunctionDefinition_0 [[100.0,100.0], [10.0,10.0], [0.0,0.0], [40.0,40.0], [0.0,0.0]]
ENTRY 33 FunctionEntry_0 [[100.0,100.0], [10.0,10.0], [0.0,0.0], [40.0,40.0], [0.0,0.0]]
EXIT 33 FunctionEntry_0 [[100.0,100.0], [10.0,10.0], [0.0,0.0], [40.0,40.0], [0.0,0.0]]
ENTRY 33 ExpressionStatement_0 [[100.0,100.0], [10.0,10.0], [0.0,0.0], [40.0,40.0], [0.0,0.0]]
EXIT 33 ExpressionStatement_0 [[100.0,100.0], [10.0,10.0], [0.0,0.0], [40.0,40.0], [0.0,0.0]]
ENTRY 33 IfStatement_0 [[-320.0,100.0], [10.0,320.0], [0.0,0.0], [0.0,40.0], [0.0,0.0]]
EXIT 33 IfStatement_0 [[1.0,-1.0], [1.0,-1.0], [1.0,-1.0], [1.0,-1.0], [1.0,-1.0]]
ENTRY 33 ExpressionStatement_1 [[-320.0,100.0], [10.0,320.0], [0.0,0.0], [0.0,40.0], [0.0,0.0]]
EXIT 33 ExpressionStatement_1 [[-330.0,90.0], [10.0,320.0], [0.0,0.0], [0.0,40.0], [0.0,0.0]]
ENTRY 33 ExpressionStatement_2 [[-330.0,90.0], [10.0,320.0], [0.0,0.0], [0.0,40.0], [0.0,0.0]]
EXIT 33 ExpressionStatement_2 [[-330.0,90.0], [20.0,330.0], [0.0,0.0], [0.0,40.0], [0.0,0.0]]
ENTRY 33 IfConditionJoin_0 [[-330.0,100.0], [10.0,330.0], [0.0,0.0], [0.0,40.0], [0.0,0.0]]
EXIT 33 IfConditionJoin_0 [[-330.0,100.0], [10.0,330.0], [0.0,0.0], [0.0,40.0], [0.0,0.0]]
ENTRY 33 ExpressionStatement_3 [[-330.0,100.0], [10.0,330.0], [0.0,0.0], [0.0,40.0], [0.0,0.0]]
EXIT 33 ExpressionStatement_3 [[-330.0,100.0], [10.0,330.0], [0.0,0.0], [10.0,10.0], [0.0,0.0]]
ENTRY 33 FunctionExit_0 [[-330.0,100.0], [10.0,330.0], [0.0,0.0], [10.0,10.0], [0.0,0.0]]
EXIT 33 FunctionExit_0 [[-330.0,100.0], [10.0,330.0], [0.0,0.0], [10.0,10.0], [0.0,0.0]]
ENTRY 34 SourceEntry_0 [[0.0,0.0], [0.0,0.0], [0.0,0.0], [0.0,0.0], [0.0,0.0]]
EXIT 34 SourceEntry_0 [[100.0,100.0], [10.0,10.0], [0.0,0.0], [40.0,40.0], [0.0,0.0]]
ENTRY 34 SourceUnit_0 [[100.0,100.0], [10.0,10.0], [0.0,0.0], [40.0,40.0], [0.0,0.0]]
EXIT 34 SourceUnit_0 [[100.0,100.0], [10.0,10.0], [0.0,0.0], [40.0,40.0], [0.0,0.0]]
ENTRY 34 PragmaDirective_0 [[100.0,100.0], [10.0,10.0], [0.0,0.0], [40.0,40.0], [0.0,0.0]]
EXIT 34 PragmaDirective_0 [[100.0,100.0], [10.0,10.0], [0.0,0.0], [40.0,40.0], [0.0,0.0]]
ENTRY 34 SourceExit_0 [[-330.0,100.0], [10.0,330.0], [0.0,0.0], [10.0,40.0], [0.0,0.0]]
EXIT 34 SourceExit_0 [[100.0,100.0], [10.0,10.0], [0.0,0.0], [40.0,40.0], [0.0,0.0]]
ENTRY 34 ContractDefinition_0 [[100.0,100.0], [10.0,10.0], [0.0,0.0], [40.0,40.0], [0.0,0.0]]
EXIT 34 ContractDefinition_0 [[100.0,100.0], [10.0,10.0], [0.0,0.0], [40.0,40.0], [0.0,0.0]]
ENTRY 34 VariableDeclaration_0 [[100.0,100.0], [10.0,10.0], [0.0,0.0], [40.0,40.0], [0.0,0.0]]
EXIT 34 VariableDeclaration_0 [[100.0,100.0], [10.0,10.0], [0.0,0.0], [40.0,40.0], [0.0,0.0]]
ENTRY 34 VariableDeclaration_1 [[100.0,100.0], [10.0,10.0], [0.0,0.0], [40.0,40.0], [0.0,0.0]]
EXIT 34 VariableDeclaration_1 [[100.0,100.0], [10.0,10.0], [0.0,0.0], [40.0,40.0], [0.0,0.0]]
ENTRY 34 VariableDeclaration_2 [[100.0,100.0], [10.0,10.0], [0.0,0.0], [40.0,40.0], [0.0,0.0]]
EXIT 34 VariableDeclaration_2 [[100.0,100.0], [10.0,10.0], [0.0,0.0], [40.0,40.0], [0.0,0.0]]
ENTRY 34 VariableDeclaration_3 [[100.0,100.0], [10.0,10.0], [0.0,0.0], [40.0,40.0], [0.0,0.0]]
EXIT 34 VariableDeclaration_3 [[100.0,100.0], [10.0,10.0], [0.0,0.0], [40.0,40.0], [0.0,0.0]]
ENTRY 34 VariableDeclaration_4 [[100.0,100.0], [10.0,10.0], [0.0,0.0], [40.0,40.0], [0.0,0.0]]
EXIT 34 VariableDeclaration_4 [[100.0,100.0], [10.0,10.0], [0.0,0.0], [40.0,40.0], [0.0,0.0]]
ENTRY 34 ModifierDefinition_0 [[100.0,100.0], [10.0,10.0], [0.0,0.0], [40.0,40.0], [0.0,0.0]]
EXIT 34 ModifierDefinition_0 [[100.0,100.0], [10.0,10.0], [0.0,0.0], [40.0,40.0], [0.0,0.0]]
ENTRY 34 FunctionDefinition_0 [[100.0,100.0], [10.0,10.0], [0.0,0.0], [40.0,40.0], [0.0,0.0]]
EXIT 34 FunctionDefinition_0 [[100.0,100.0], [10.0,10.0], [0.0,0.0], [40.0,40.0], [0.0,0.0]]
ENTRY 34 FunctionEntry_0 [[100.0,100.0], [10.0,10.0], [0.0,0.0], [40.0,40.0], [0.0,0.0]]
EXIT 34 FunctionEntry_0 [[100.0,100.0], [10.0,10.0], [0.0,0.0], [40.0,40.0], [0.0,0.0]]
ENTRY 34 ExpressionStatement_0 [[100.0,100.0], [10.0,10.0], [0.0,0.0], [40.0,40.0], [0.0,0.0]]
EXIT 34 ExpressionStatement_0 [[100.0,100.0], [10.0,10.0], [0.0,0.0], [40.0,40.0], [0.0,0.0]]
ENTRY 34 IfStatement_0 [[-330.0,100.0], [10.0,330.0], [0.0,0.0], [0.0,40.0], [0.0,0.0]]
EXIT 34 IfStatement_0 [[1.0,-1.0], [1.0,-1.0], [1.0,-1.0], [1.0,-1.0], [1.0,-1.0]]
ENTRY 34 ExpressionStatement_1 [[-330.0,100.0], [10.0,330.0], [0.0,0.0], [0.0,40.0], [0.0,0.0]]
EXIT 34 ExpressionStatement_1 [[-340.0,90.0], [10.0,330.0], [0.0,0.0], [0.0,40.0], [0.0,0.0]]
ENTRY 34 ExpressionStatement_2 [[-340.0,90.0], [10.0,330.0], [0.0,0.0], [0.0,40.0], [0.0,0.0]]
EXIT 34 ExpressionStatement_2 [[-340.0,90.0], [20.0,340.0], [0.0,0.0], [0.0,40.0], [0.0,0.0]]
ENTRY 34 IfConditionJoin_0 [[-340.0,100.0], [10.0,340.0], [0.0,0.0], [0.0,40.0], [0.0,0.0]]
EXIT 34 IfConditionJoin_0 [[-340.0,100.0], [10.0,340.0], [0.0,0.0], [0.0,40.0], [0.0,0.0]]
ENTRY 34 ExpressionStatement_3 [[-340.0,100.0], [10.0,340.0], [0.0,0.0], [0.0,40.0], [0.0,0.0]]
EXIT 34 ExpressionStatement_3 [[-340.0,100.0], [10.0,340.0], [0.0,0.0], [10.0,10.0], [0.0,0.0]]
ENTRY 34 FunctionExit_0 [[-340.0,100.0], [10.0,340.0], [0.0,0.0], [10.0,10.0], [0.0,0.0]]
EXIT 34 FunctionExit_0 [[-340.0,100.0], [10.0,340.0], [0.0,0.0], [10.0,10.0], [0.0,0.0]]
ENTRY 35 SourceEntry_0 [[0.0,0.0], [0.0,0.0], [0.0,0.0], [0.0,0.0], [0.0,0.0]]
EXIT 35 SourceEntry_0 [[100.0,100.0], [10.0,10.0], [0.0,0.0], [40.0,40.0], [0.0,0.0]]
ENTRY 35 SourceUnit_0 [[100.0,100.0], [10.0,10.0], [0.0,0.0], [40.0,40.0], [0.0,0.0]]
EXIT 35 SourceUnit_0 [[100.0,100.0], [10.0,10.0], [0.0,0.0], [40.0,40.0], [0.0,0.0]]
ENTRY 35 PragmaDirective_0 [[100.0,100.0], [10.0,10.0], [0.0,0.0], [40.0,40.0], [0.0,0.0]]
EXIT 35 PragmaDirective_0 [[100.0,100.0], [10.0,10.0], [0.0,0.0], [40.0,40.0], [0.0,0.0]]
ENTRY 35 SourceExit_0 [[-340.0,100.0], [10.0,340.0], [0.0,0.0], [10.0,40.0], [0.0,0.0]]
EXIT 35 SourceExit_0 [[100.0,100.0], [10.0,10.0], [0.0,0.0], [40.0,40.0], [0.0,0.0]]
ENTRY 35 ContractDefinition_0 [[100.0,100.0], [10.0,10.0], [0.0,0.0], [40.0,40.0], [0.0,0.0]]
EXIT 35 ContractDefinition_0 [[100.0,100.0], [10.0,10.0], [0.0,0.0], [40.0,40.0], [0.0,0.0]]
ENTRY 35 VariableDeclaration_0 [[100.0,100.0], [10.0,10.0], [0.0,0.0], [40.0,40.0], [0.0,0.0]]
EXIT 35 VariableDeclaration_0 [[100.0,100.0], [10.0,10.0], [0.0,0.0], [40.0,40.0], [0.0,0.0]]
ENTRY 35 VariableDeclaration_1 [[100.0,100.0], [10.0,10.0], [0.0,0.0], [40.0,40.0], [0.0,0.0]]
EXIT 35 VariableDeclaration_1 [[100.0,100.0], [10.0,10.0], [0.0,0.0], [40.0,40.0], [0.0,0.0]]
ENTRY 35 VariableDeclaration_2 [[100.0,100.0], [10.0,10.0], [0.0,0.0], [40.0,40.0], [0.0,0.0]]
EXIT 35 VariableDeclaration_2 [[100.0,100.0], [10.0,10.0], [0.0,0.0], [40.0,40.0], [0.0,0.0]]
ENTRY 35 VariableDeclaration_3 [[100.0,100.0], [10.0,10.0], [0.0,0.0], [40.0,40.0], [0.0,0.0]]
EXIT 35 VariableDeclaration_3 [[100.0,100.0], [10.0,10.0], [0.0,0.0], [40.0,40.0], [0.0,0.0]]
ENTRY 35 VariableDeclaration_4 [[100.0,100.0], [10.0,10.0], [0.0,0.0], [40.0,40.0], [0.0,0.0]]
EXIT 35 VariableDeclaration_4 [[100.0,100.0], [10.0,10.0], [0.0,0.0], [40.0,40.0], [0.0,0.0]]
ENTRY 35 ModifierDefinition_0 [[100.0,100.0], [10.0,10.0], [0.0,0.0], [40.0,40.0], [0.0,0.0]]
EXIT 35 ModifierDefinition_0 [[100.0,100.0], [10.0,10.0], [0.0,0.0], [40.0,40.0], [0.0,0.0]]
ENTRY 35 FunctionDefinition_0 [[100.0,100.0], [10.0,10.0], [0.0,0.0], [40.0,40.0], [0.0,0.0]]
EXIT 35 FunctionDefinition_0 [[100.0,100.0], [10.0,10.0], [0.0,0.0], [40.0,40.0], [0.0,0.0]]
ENTRY 35 FunctionEntry_0 [[100.0,100.0], [10.0,10.0], [0.0,0.0], [40.0,40.0], [0.0,0.0]]
EXIT 35 FunctionEntry_0 [[100.0,100.0], [10.0,10.0], [0.0,0.0], [40.0,40.0], [0.0,0.0]]
ENTRY 35 ExpressionStatement_0 [[100.0,100.0], [10.0,10.0], [0.0,0.0], [40.0,40.0], [0.0,0.0]]
EXIT 35 ExpressionStatement_0 [[100.0,100.0], [10.0,10.0], [0.0,0.0], [40.0,40.0], [0.0,0.0]]
ENTRY 35 IfStatement_0 [[-340.0,100.0], [10.0,340.0], [0.0,0.0], [0.0,40.0], [0.0,0.0]]
EXIT 35 IfStatement_0 [[1.0,-1.0], [1.0,-1.0], [1.0,-1.0], [1.0,-1.0], [1.0,-1.0]]
ENTRY 35 ExpressionStatement_1 [[-340.0,100.0], [10.0,340.0], [0.0,0.0], [0.0,40.0], [0.0,0.0]]
EXIT 35 ExpressionStatement_1 [[-350.0,90.0], [10.0,340.0], [0.0,0.0], [0.0,40.0], [0.0,0.0]]
ENTRY 35 ExpressionStatement_2 [[-350.0,90.0], [10.0,340.0], [0.0,0.0], [0.0,40.0], [0.0,0.0]]
EXIT 35 ExpressionStatement_2 [[-350.0,90.0], [20.0,350.0], [0.0,0.0], [0.0,40.0], [0.0,0.0]]
ENTRY 35 IfConditionJoin_0 [[-350.0,100.0], [10.0,350.0], [0.0,0.0], [0.0,40.0], [0.0,0.0]]
EXIT 35 IfConditionJoin_0 [[-350.0,100.0], [10.0,350.0], [0.0,0.0], [0.0,40.0], [0.0,0.0]]
ENTRY 35 ExpressionStatement_3 [[-350.0,100.0], [10.0,350.0], [0.0,0.0], [0.0,40.0], [0.0,0.0]]
EXIT 35 ExpressionStatement_3 [[-350.0,100.0], [10.0,350.0], [0.0,0.0], [10.0,10.0], [0.0,0.0]]
ENTRY 35 FunctionExit_0 [[-350.0,100.0], [10.0,350.0], [0.0,0.0], [10.0,10.0], [0.0,0.0]]
EXIT 35 FunctionExit_0 [[-350.0,100.0], [10.0,350.0], [0.0,0.0], [10.0,10.0], [0.0,0.0]]
ENTRY 36 SourceEntry_0 [[0.0,0.0], [0.0,0.0], [0.0,0.0], [0.0,0.0], [0.0,0.0]]
EXIT 36 SourceEntry_0 [[100.0,100.0], [10.0,10.0], [0.0,0.0], [40.0,40.0], [0.0,0.0]]
ENTRY 36 SourceUnit_0 [[100.0,100.0], [10.0,10.0], [0.0,0.0], [40.0,40.0], [0.0,0.0]]
EXIT 36 SourceUnit_0 [[100.0,100.0], [10.0,10.0], [0.0,0.0], [40.0,40.0], [0.0,0.0]]
ENTRY 36 PragmaDirective_0 [[100.0,100.0], [10.0,10.0], [0.0,0.0], [40.0,40.0], [0.0,0.0]]
EXIT 36 PragmaDirective_0 [[100.0,100.0], [10.0,10.0], [0.0,0.0], [40.0,40.0], [0.0,0.0]]
ENTRY 36 SourceExit_0 [[-350.0,100.0], [10.0,350.0], [0.0,0.0], [10.0,40.0], [0.0,0.0]]
EXIT 36 SourceExit_0 [[100.0,100.0], [10.0,10.0], [0.0,0.0], [40.0,40.0], [0.0,0.0]]
ENTRY 36 ContractDefinition_0 [[100.0,100.0], [10.0,10.0], [0.0,0.0], [40.0,40.0], [0.0,0.0]]
EXIT 36 ContractDefinition_0 [[100.0,100.0], [10.0,10.0], [0.0,0.0], [40.0,40.0], [0.0,0.0]]
ENTRY 36 VariableDeclaration_0 [[100.0,100.0], [10.0,10.0], [0.0,0.0], [40.0,40.0], [0.0,0.0]]
EXIT 36 VariableDeclaration_0 [[100.0,100.0], [10.0,10.0], [0.0,0.0], [40.0,40.0], [0.0,0.0]]
ENTRY 36 VariableDeclaration_1 [[100.0,100.0], [10.0,10.0], [0.0,0.0], [40.0,40.0], [0.0,0.0]]
EXIT 36 VariableDeclaration_1 [[100.0,100.0], [10.0,10.0], [0.0,0.0], [40.0,40.0], [0.0,0.0]]
ENTRY 36 VariableDeclaration_2 [[100.0,100.0], [10.0,10.0], [0.0,0.0], [40.0,40.0], [0.0,0.0]]
EXIT 36 VariableDeclaration_2 [[100.0,100.0], [10.0,10.0], [0.0,0.0], [40.0,40.0], [0.0,0.0]]
ENTRY 36 VariableDeclaration_3 [[100.0,100.0], [10.0,10.0], [0.0,0.0], [40.0,40.0], [0.0,0.0]]
EXIT 36 VariableDeclaration_3 [[100.0,100.0], [10.0,10.0], [0.0,0.0], [40.0,40.0], [0.0,0.0]]
ENTRY 36 VariableDeclaration_4 [[100.0,100.0], [10.0,10.0], [0.0,0.0], [40.0,40.0], [0.0,0.0]]
EXIT 36 VariableDeclaration_4 [[100.0,100.0], [10.0,10.0], [0.0,0.0], [40.0,40.0], [0.0,0.0]]
ENTRY 36 ModifierDefinition_0 [[100.0,100.0], [10.0,10.0], [0.0,0.0], [40.0,40.0], [0.0,0.0]]
EXIT 36 ModifierDefinition_0 [[100.0,100.0], [10.0,10.0], [0.0,0.0], [40.0,40.0], [0.0,0.0]]
ENTRY 36 FunctionDefinition_0 [[100.0,100.0], [10.0,10.0], [0.0,0.0], [40.0,40.0], [0.0,0.0]]
EXIT 36 FunctionDefinition_0 [[100.0,100.0], [10.0,10.0], [0.0,0.0], [40.0,40.0], [0.0,0.0]]
ENTRY 36 FunctionEntry_0 [[100.0,100.0], [10.0,10.0], [0.0,0.0], [40.0,40.0], [0.0,0.0]]
EXIT 36 FunctionEntry_0 [[100.0,100.0], [10.0,10.0], [0.0,0.0], [40.0,40.0], [0.0,0.0]]
ENTRY 36 ExpressionStatement_0 [[100.0,100.0], [10.0,10.0], [0.0,0.0], [40.0,40.0], [0.0,0.0]]
EXIT 36 ExpressionStatement_0 [[100.0,100.0], [10.0,10.0], [0.0,0.0], [40.0,40.0], [0.0,0.0]]
ENTRY 36 IfStatement_0 [[-350.0,100.0], [10.0,350.0], [0.0,0.0], [0.0,40.0], [0.0,0.0]]
EXIT 36 IfStatement_0 [[1.0,-1.0], [1.0,-1.0], [1.0,-1.0], [1.0,-1.0], [1.0,-1.0]]
ENTRY 36 ExpressionStatement_1 [[-350.0,100.0], [10.0,350.0], [0.0,0.0], [0.0,40.0], [0.0,0.0]]
EXIT 36 ExpressionStatement_1 [[-360.0,90.0], [10.0,350.0], [0.0,0.0], [0.0,40.0], [0.0,0.0]]
ENTRY 36 ExpressionStatement_2 [[-360.0,90.0], [10.0,350.0], [0.0,0.0], [0.0,40.0], [0.0,0.0]]
EXIT 36 ExpressionStatement_2 [[-360.0,90.0], [20.0,360.0], [0.0,0.0], [0.0,40.0], [0.0,0.0]]
ENTRY 36 IfConditionJoin_0 [[-360.0,100.0], [10.0,360.0], [0.0,0.0], [0.0,40.0], [0.0,0.0]]
EXIT 36 IfConditionJoin_0 [[-360.0,100.0], [10.0,360.0], [0.0,0.0], [0.0,40.0], [0.0,0.0]]
ENTRY 36 ExpressionStatement_3 [[-360.0,100.0], [10.0,360.0], [0.0,0.0], [0.0,40.0], [0.0,0.0]]
EXIT 36 ExpressionStatement_3 [[-360.0,100.0], [10.0,360.0], [0.0,0.0], [10.0,10.0], [0.0,0.0]]
ENTRY 36 FunctionExit_0 [[-360.0,100.0], [10.0,360.0], [0.0,0.0], [10.0,10.0], [0.0,0.0]]
EXIT 36 FunctionExit_0 [[-360.0,100.0], [10.0,360.0], [0.0,0.0], [10.0,10.0], [0.0,0.0]]
ENTRY 37 SourceEntry_0 [[0.0,0.0], [0.0,0.0], [0.0,0.0], [0.0,0.0], [0.0,0.0]]
EXIT 37 SourceEntry_0 [[100.0,100.0], [10.0,10.0], [0.0,0.0], [40.0,40.0], [0.0,0.0]]
ENTRY 37 SourceUnit_0 [[100.0,100.0], [10.0,10.0], [0.0,0.0], [40.0,40.0], [0.0,0.0]]
EXIT 37 SourceUnit_0 [[100.0,100.0], [10.0,10.0], [0.0,0.0], [40.0,40.0], [0.0,0.0]]
ENTRY 37 PragmaDirective_0 [[100.0,100.0], [10.0,10.0], [0.0,0.0], [40.0,40.0], [0.0,0.0]]
EXIT 37 PragmaDirective_0 [[100.0,100.0], [10.0,10.0], [0.0,0.0], [40.0,40.0], [0.0,0.0]]
ENTRY 37 SourceExit_0 [[-360.0,100.0], [10.0,360.0], [0.0,0.0], [10.0,40.0], [0.0,0.0]]
EXIT 37 SourceExit_0 [[100.0,100.0], [10.0,10.0], [0.0,0.0], [40.0,40.0], [0.0,0.0]]
ENTRY 37 ContractDefinition_0 [[100.0,100.0], [10.0,10.0], [0.0,0.0], [40.0,40.0], [0.0,0.0]]
EXIT 37 ContractDefinition_0 [[100.0,100.0], [10.0,10.0], [0.0,0.0], [40.0,40.0], [0.0,0.0]]
ENTRY 37 VariableDeclaration_0 [[100.0,100.0], [10.0,10.0], [0.0,0.0], [40.0,40.0], [0.0,0.0]]
EXIT 37 VariableDeclaration_0 [[100.0,100.0], [10.0,10.0], [0.0,0.0], [40.0,40.0], [0.0,0.0]]
ENTRY 37 VariableDeclaration_1 [[100.0,100.0], [10.0,10.0], [0.0,0.0], [40.0,40.0], [0.0,0.0]]
EXIT 37 VariableDeclaration_1 [[100.0,100.0], [10.0,10.0], [0.0,0.0], [40.0,40.0], [0.0,0.0]]
ENTRY 37 VariableDeclaration_2 [[100.0,100.0], [10.0,10.0], [0.0,0.0], [40.0,40.0], [0.0,0.0]]
EXIT 37 VariableDeclaration_2 [[100.0,100.0], [10.0,10.0], [0.0,0.0], [40.0,40.0], [0.0,0.0]]
ENTRY 37 VariableDeclaration_3 [[100.0,100.0], [10.0,10.0], [0.0,0.0], [40.0,40.0], [0.0,0.0]]
EXIT 37 VariableDeclaration_3 [[100.0,100.0], [10.0,10.0], [0.0,0.0], [40.0,40.0], [0.0,0.0]]
ENTRY 37 VariableDeclaration_4 [[100.0,100.0], [10.0,10.0], [0.0,0.0], [40.0,40.0], [0.0,0.0]]
EXIT 37 VariableDeclaration_4 [[100.0,100.0], [10.0,10.0], [0.0,0.0], [40.0,40.0], [0.0,0.0]]
ENTRY 37 ModifierDefinition_0 [[100.0,100.0], [10.0,10.0], [0.0,0.0], [40.0,40.0], [0.0,0.0]]
EXIT 37 ModifierDefinition_0 [[100.0,100.0], [10.0,10.0], [0.0,0.0], [40.0,40.0], [0.0,0.0]]
ENTRY 37 FunctionDefinition_0 [[100.0,100.0], [10.0,10.0], [0.0,0.0], [40.0,40.0], [0.0,0.0]]
EXIT 37 FunctionDefinition_0 [[100.0,100.0], [10.0,10.0], [0.0,0.0], [40.0,40.0], [0.0,0.0]]
ENTRY 37 FunctionEntry_0 [[100.0,100.0], [10.0,10.0], [0.0,0.0], [40.0,40.0], [0.0,0.0]]
EXIT 37 FunctionEntry_0 [[100.0,100.0], [10.0,10.0], [0.0,0.0], [40.0,40.0], [0.0,0.0]]
ENTRY 37 ExpressionStatement_0 [[100.0,100.0], [10.0,10.0], [0.0,0.0], [40.0,40.0], [0.0,0.0]]
EXIT 37 ExpressionStatement_0 [[100.0,100.0], [10.0,10.0], [0.0,0.0], [40.0,40.0], [0.0,0.0]]
ENTRY 37 IfStatement_0 [[-360.0,100.0], [10.0,360.0], [0.0,0.0], [0.0,40.0], [0.0,0.0]]
EXIT 37 IfStatement_0 [[1.0,-1.0], [1.0,-1.0], [1.0,-1.0], [1.0,-1.0], [1.0,-1.0]]
ENTRY 37 ExpressionStatement_1 [[-360.0,100.0], [10.0,360.0], [0.0,0.0], [0.0,40.0], [0.0,0.0]]
EXIT 37 ExpressionStatement_1 [[-370.0,90.0], [10.0,360.0], [0.0,0.0], [0.0,40.0], [0.0,0.0]]
ENTRY 37 ExpressionStatement_2 [[-370.0,90.0], [10.0,360.0], [0.0,0.0], [0.0,40.0], [0.0,0.0]]
EXIT 37 ExpressionStatement_2 [[-370.0,90.0], [20.0,370.0], [0.0,0.0], [0.0,40.0], [0.0,0.0]]
ENTRY 37 IfConditionJoin_0 [[-370.0,100.0], [10.0,370.0], [0.0,0.0], [0.0,40.0], [0.0,0.0]]
EXIT 37 IfConditionJoin_0 [[-370.0,100.0], [10.0,370.0], [0.0,0.0], [0.0,40.0], [0.0,0.0]]
ENTRY 37 ExpressionStatement_3 [[-370.0,100.0], [10.0,370.0], [0.0,0.0], [0.0,40.0], [0.0,0.0]]
EXIT 37 ExpressionStatement_3 [[-370.0,100.0], [10.0,370.0], [0.0,0.0], [10.0,10.0], [0.0,0.0]]
ENTRY 37 FunctionExit_0 [[-370.0,100.0], [10.0,370.0], [0.0,0.0], [10.0,10.0], [0.0,0.0]]
EXIT 37 FunctionExit_0 [[-370.0,100.0], [10.0,370.0], [0.0,0.0], [10.0,10.0], [0.0,0.0]]
ENTRY 38 SourceEntry_0 [[0.0,0.0], [0.0,0.0], [0.0,0.0], [0.0,0.0], [0.0,0.0]]
EXIT 38 SourceEntry_0 [[100.0,100.0], [10.0,10.0], [0.0,0.0], [40.0,40.0], [0.0,0.0]]
ENTRY 38 SourceUnit_0 [[100.0,100.0], [10.0,10.0], [0.0,0.0], [40.0,40.0], [0.0,0.0]]
EXIT 38 SourceUnit_0 [[100.0,100.0], [10.0,10.0], [0.0,0.0], [40.0,40.0], [0.0,0.0]]
ENTRY 38 PragmaDirective_0 [[100.0,100.0], [10.0,10.0], [0.0,0.0], [40.0,40.0], [0.0,0.0]]
EXIT 38 PragmaDirective_0 [[100.0,100.0], [10.0,10.0], [0.0,0.0], [40.0,40.0], [0.0,0.0]]
ENTRY 38 SourceExit_0 [[-370.0,100.0], [10.0,370.0], [0.0,0.0], [10.0,40.0], [0.0,0.0]]
EXIT 38 SourceExit_0 [[100.0,100.0], [10.0,10.0], [0.0,0.0], [40.0,40.0], [0.0,0.0]]
ENTRY 38 ContractDefinition_0 [[100.0,100.0], [10.0,10.0], [0.0,0.0], [40.0,40.0], [0.0,0.0]]
EXIT 38 ContractDefinition_0 [[100.0,100.0], [10.0,10.0], [0.0,0.0], [40.0,40.0], [0.0,0.0]]
ENTRY 38 VariableDeclaration_0 [[100.0,100.0], [10.0,10.0], [0.0,0.0], [40.0,40.0], [0.0,0.0]]
EXIT 38 VariableDeclaration_0 [[100.0,100.0], [10.0,10.0], [0.0,0.0], [40.0,40.0], [0.0,0.0]]
ENTRY 38 VariableDeclaration_1 [[100.0,100.0], [10.0,10.0], [0.0,0.0], [40.0,40.0], [0.0,0.0]]
EXIT 38 VariableDeclaration_1 [[100.0,100.0], [10.0,10.0], [0.0,0.0], [40.0,40.0], [0.0,0.0]]
ENTRY 38 VariableDeclaration_2 [[100.0,100.0], [10.0,10.0], [0.0,0.0], [40.0,40.0], [0.0,0.0]]
EXIT 38 VariableDeclaration_2 [[100.0,100.0], [10.0,10.0], [0.0,0.0], [40.0,40.0], [0.0,0.0]]
ENTRY 38 VariableDeclaration_3 [[100.0,100.0], [10.0,10.0], [0.0,0.0], [40.0,40.0], [0.0,0.0]]
EXIT 38 VariableDeclaration_3 [[100.0,100.0], [10.0,10.0], [0.0,0.0], [40.0,40.0], [0.0,0.0]]
ENTRY 38 VariableDeclaration_4 [[100.0,100.0], [10.0,10.0], [0.0,0.0], [40.0,40.0], [0.0,0.0]]
EXIT 38 VariableDeclaration_4 [[100.0,100.0], [10.0,10.0], [0.0,0.0], [40.0,40.0], [0.0,0.0]]
ENTRY 38 ModifierDefinition_0 [[100.0,100.0], [10.0,10.0], [0.0,0.0], [40.0,40.0], [0.0,0.0]]
EXIT 38 ModifierDefinition_0 [[100.0,100.0], [10.0,10.0], [0.0,0.0], [40.0,40.0], [0.0,0.0]]
ENTRY 38 FunctionDefinition_0 [[100.0,100.0], [10.0,10.0], [0.0,0.0], [40.0,40.0], [0.0,0.0]]
EXIT 38 FunctionDefinition_0 [[100.0,100.0], [10.0,10.0], [0.0,0.0], [40.0,40.0], [0.0,0.0]]
ENTRY 38 FunctionEntry_0 [[100.0,100.0], [10.0,10.0], [0.0,0.0], [40.0,40.0], [0.0,0.0]]
EXIT 38 FunctionEntry_0 [[100.0,100.0], [10.0,10.0], [0.0,0.0], [40.0,40.0], [0.0,0.0]]
ENTRY 38 ExpressionStatement_0 [[100.0,100.0], [10.0,10.0], [0.0,0.0], [40.0,40.0], [0.0,0.0]]
EXIT 38 ExpressionStatement_0 [[100.0,100.0], [10.0,10.0], [0.0,0.0], [40.0,40.0], [0.0,0.0]]
ENTRY 38 IfStatement_0 [[-370.0,100.0], [10.0,370.0], [0.0,0.0], [0.0,40.0], [0.0,0.0]]
EXIT 38 IfStatement_0 [[1.0,-1.0], [1.0,-1.0], [1.0,-1.0], [1.0,-1.0], [1.0,-1.0]]
ENTRY 38 ExpressionStatement_1 [[-370.0,100.0], [10.0,370.0], [0.0,0.0], [0.0,40.0], [0.0,0.0]]
EXIT 38 ExpressionStatement_1 [[-380.0,90.0], [10.0,370.0], [0.0,0.0], [0.0,40.0], [0.0,0.0]]
ENTRY 38 ExpressionStatement_2 [[-380.0,90.0], [10.0,370.0], [0.0,0.0], [0.0,40.0], [0.0,0.0]]
EXIT 38 ExpressionStatement_2 [[-380.0,90.0], [20.0,380.0], [0.0,0.0], [0.0,40.0], [0.0,0.0]]
ENTRY 38 IfConditionJoin_0 [[-380.0,100.0], [10.0,380.0], [0.0,0.0], [0.0,40.0], [0.0,0.0]]
EXIT 38 IfConditionJoin_0 [[-380.0,100.0], [10.0,380.0], [0.0,0.0], [0.0,40.0], [0.0,0.0]]
ENTRY 38 ExpressionStatement_3 [[-380.0,100.0], [10.0,380.0], [0.0,0.0], [0.0,40.0], [0.0,0.0]]
EXIT 38 ExpressionStatement_3 [[-380.0,100.0], [10.0,380.0], [0.0,0.0], [10.0,10.0], [0.0,0.0]]
ENTRY 38 FunctionExit_0 [[-380.0,100.0], [10.0,380.0], [0.0,0.0], [10.0,10.0], [0.0,0.0]]
EXIT 38 FunctionExit_0 [[-380.0,100.0], [10.0,380.0], [0.0,0.0], [10.0,10.0], [0.0,0.0]]
ENTRY 39 SourceEntry_0 [[0.0,0.0], [0.0,0.0], [0.0,0.0], [0.0,0.0], [0.0,0.0]]
EXIT 39 SourceEntry_0 [[100.0,100.0], [10.0,10.0], [0.0,0.0], [40.0,40.0], [0.0,0.0]]
ENTRY 39 SourceUnit_0 [[100.0,100.0], [10.0,10.0], [0.0,0.0], [40.0,40.0], [0.0,0.0]]
EXIT 39 SourceUnit_0 [[100.0,100.0], [10.0,10.0], [0.0,0.0], [40.0,40.0], [0.0,0.0]]
ENTRY 39 PragmaDirective_0 [[100.0,100.0], [10.0,10.0], [0.0,0.0], [40.0,40.0], [0.0,0.0]]
EXIT 39 PragmaDirective_0 [[100.0,100.0], [10.0,10.0], [0.0,0.0], [40.0,40.0], [0.0,0.0]]
ENTRY 39 SourceExit_0 [[-380.0,100.0], [10.0,380.0], [0.0,0.0], [10.0,40.0], [0.0,0.0]]
EXIT 39 SourceExit_0 [[100.0,100.0], [10.0,10.0], [0.0,0.0], [40.0,40.0], [0.0,0.0]]
ENTRY 39 ContractDefinition_0 [[100.0,100.0], [10.0,10.0], [0.0,0.0], [40.0,40.0], [0.0,0.0]]
EXIT 39 ContractDefinition_0 [[100.0,100.0], [10.0,10.0], [0.0,0.0], [40.0,40.0], [0.0,0.0]]
ENTRY 39 VariableDeclaration_0 [[100.0,100.0], [10.0,10.0], [0.0,0.0], [40.0,40.0], [0.0,0.0]]
EXIT 39 VariableDeclaration_0 [[100.0,100.0], [10.0,10.0], [0.0,0.0], [40.0,40.0], [0.0,0.0]]
ENTRY 39 VariableDeclaration_1 [[100.0,100.0], [10.0,10.0], [0.0,0.0], [40.0,40.0], [0.0,0.0]]
EXIT 39 VariableDeclaration_1 [[100.0,100.0], [10.0,10.0], [0.0,0.0], [40.0,40.0], [0.0,0.0]]
ENTRY 39 VariableDeclaration_2 [[100.0,100.0], [10.0,10.0], [0.0,0.0], [40.0,40.0], [0.0,0.0]]
EXIT 39 VariableDeclaration_2 [[100.0,100.0], [10.0,10.0], [0.0,0.0], [40.0,40.0], [0.0,0.0]]
ENTRY 39 VariableDeclaration_3 [[100.0,100.0], [10.0,10.0], [0.0,0.0], [40.0,40.0], [0.0,0.0]]
EXIT 39 VariableDeclaration_3 [[100.0,100.0], [10.0,10.0], [0.0,0.0], [40.0,40.0], [0.0,0.0]]
ENTRY 39 VariableDeclaration_4 [[100.0,100.0], [10.0,10.0], [0.0,0.0], [40.0,40.0], [0.0,0.0]]
EXIT 39 VariableDeclaration_4 [[100.0,100.0], [10.0,10.0], [0.0,0.0], [40.0,40.0], [0.0,0.0]]
ENTRY 39 ModifierDefinition_0 [[100.0,100.0], [10.0,10.0], [0.0,0.0], [40.0,40.0], [0.0,0.0]]
EXIT 39 ModifierDefinition_0 [[100.0,100.0], [10.0,10.0], [0.0,0.0], [40.0,40.0], [0.0,0.0]]
ENTRY 39 FunctionDefinition_0 [[100.0,100.0], [10.0,10.0], [0.0,0.0], [40.0,40.0], [0.0,0.0]]
EXIT 39 FunctionDefinition_0 [[100.0,100.0], [10.0,10.0], [0.0,0.0], [40.0,40.0], [0.0,0.0]]
ENTRY 39 FunctionEntry_0 [[100.0,100.0], [10.0,10.0], [0.0,0.0], [40.0,40.0], [0.0,0.0]]
EXIT 39 FunctionEntry_0 [[100.0,100.0], [10.0,10.0], [0.0,0.0], [40.0,40.0], [0.0,0.0]]
ENTRY 39 ExpressionStatement_0 [[100.0,100.0], [10.0,10.0], [0.0,0.0], [40.0,40.0], [0.0,0.0]]
EXIT 39 ExpressionStatement_0 [[100.0,100.0], [10.0,10.0], [0.0,0.0], [40.0,40.0], [0.0,0.0]]
ENTRY 39 IfStatement_0 [[-380.0,100.0], [10.0,380.0], [0.0,0.0], [0.0,40.0], [0.0,0.0]]
EXIT 39 IfStatement_0 [[1.0,-1.0], [1.0,-1.0], [1.0,-1.0], [1.0,-1.0], [1.0,-1.0]]
ENTRY 39 ExpressionStatement_1 [[-380.0,100.0], [10.0,380.0], [0.0,0.0], [0.0,40.0], [0.0,0.0]]
EXIT 39 ExpressionStatement_1 [[-390.0,90.0], [10.0,380.0], [0.0,0.0], [0.0,40.0], [0.0,0.0]]
ENTRY 39 ExpressionStatement_2 [[-390.0,90.0], [10.0,380.0], [0.0,0.0], [0.0,40.0], [0.0,0.0]]
EXIT 39 ExpressionStatement_2 [[-390.0,90.0], [20.0,390.0], [0.0,0.0], [0.0,40.0], [0.0,0.0]]
ENTRY 39 IfConditionJoin_0 [[-390.0,100.0], [10.0,390.0], [0.0,0.0], [0.0,40.0], [0.0,0.0]]
EXIT 39 IfConditionJoin_0 [[-390.0,100.0], [10.0,390.0], [0.0,0.0], [0.0,40.0], [0.0,0.0]]
ENTRY 39 ExpressionStatement_3 [[-390.0,100.0], [10.0,390.0], [0.0,0.0], [0.0,40.0], [0.0,0.0]]
EXIT 39 ExpressionStatement_3 [[-390.0,100.0], [10.0,390.0], [0.0,0.0], [10.0,10.0], [0.0,0.0]]
ENTRY 39 FunctionExit_0 [[-390.0,100.0], [10.0,390.0], [0.0,0.0], [10.0,10.0], [0.0,0.0]]
EXIT 39 FunctionExit_0 [[-390.0,100.0], [10.0,390.0], [0.0,0.0], [10.0,10.0], [0.0,0.0]]
ENTRY 40 SourceEntry_0 [[0.0,0.0], [0.0,0.0], [0.0,0.0], [0.0,0.0], [0.0,0.0]]
EXIT 40 SourceEntry_0 [[100.0,100.0], [10.0,10.0], [0.0,0.0], [40.0,40.0], [0.0,0.0]]
ENTRY 40 SourceUnit_0 [[100.0,100.0], [10.0,10.0], [0.0,0.0], [40.0,40.0], [0.0,0.0]]
EXIT 40 SourceUnit_0 [[100.0,100.0], [10.0,10.0], [0.0,0.0], [40.0,40.0], [0.0,0.0]]
ENTRY 40 PragmaDirective_0 [[100.0,100.0], [10.0,10.0], [0.0,0.0], [40.0,40.0], [0.0,0.0]]
EXIT 40 PragmaDirective_0 [[100.0,100.0], [10.0,10.0], [0.0,0.0], [40.0,40.0], [0.0,0.0]]
ENTRY 40 SourceExit_0 [[-390.0,100.0], [10.0,390.0], [0.0,0.0], [10.0,40.0], [0.0,0.0]]
EXIT 40 SourceExit_0 [[100.0,100.0], [10.0,10.0], [0.0,0.0], [40.0,40.0], [0.0,0.0]]
ENTRY 40 ContractDefinition_0 [[100.0,100.0], [10.0,10.0], [0.0,0.0], [40.0,40.0], [0.0,0.0]]
EXIT 40 ContractDefinition_0 [[100.0,100.0], [10.0,10.0], [0.0,0.0], [40.0,40.0], [0.0,0.0]]
ENTRY 40 VariableDeclaration_0 [[100.0,100.0], [10.0,10.0], [0.0,0.0], [40.0,40.0], [0.0,0.0]]
EXIT 40 VariableDeclaration_0 [[100.0,100.0], [10.0,10.0], [0.0,0.0], [40.0,40.0], [0.0,0.0]]
ENTRY 40 VariableDeclaration_1 [[100.0,100.0], [10.0,10.0], [0.0,0.0], [40.0,40.0], [0.0,0.0]]
EXIT 40 VariableDeclaration_1 [[100.0,100.0], [10.0,10.0], [0.0,0.0], [40.0,40.0], [0.0,0.0]]
ENTRY 40 VariableDeclaration_2 [[100.0,100.0], [10.0,10.0], [0.0,0.0], [40.0,40.0], [0.0,0.0]]
EXIT 40 VariableDeclaration_2 [[100.0,100.0], [10.0,10.0], [0.0,0.0], [40.0,40.0], [0.0,0.0]]
ENTRY 40 VariableDeclaration_3 [[100.0,100.0], [10.0,10.0], [0.0,0.0], [40.0,40.0], [0.0,0.0]]
EXIT 40 VariableDeclaration_3 [[100.0,100.0], [10.0,10.0], [0.0,0.0], [40.0,40.0], [0.0,0.0]]
ENTRY 40 VariableDeclaration_4 [[100.0,100.0], [10.0,10.0], [0.0,0.0], [40.0,40.0], [0.0,0.0]]
EXIT 40 VariableDeclaration_4 [[100.0,100.0], [10.0,10.0], [0.0,0.0], [40.0,40.0], [0.0,0.0]]
ENTRY 40 ModifierDefinition_0 [[100.0,100.0], [10.0,10.0], [0.0,0.0], [40.0,40.0], [0.0,0.0]]
EXIT 40 ModifierDefinition_0 [[100.0,100.0], [10.0,10.0], [0.0,0.0], [40.0,40.0], [0.0,0.0]]
ENTRY 40 FunctionDefinition_0 [[100.0,100.0], [10.0,10.0], [0.0,0.0], [40.0,40.0], [0.0,0.0]]
EXIT 40 FunctionDefinition_0 [[100.0,100.0], [10.0,10.0], [0.0,0.0], [40.0,40.0], [0.0,0.0]]
ENTRY 40 FunctionEntry_0 [[100.0,100.0], [10.0,10.0], [0.0,0.0], [40.0,40.0], [0.0,0.0]]
EXIT 40 FunctionEntry_0 [[100.0,100.0], [10.0,10.0], [0.0,0.0], [40.0,40.0], [0.0,0.0]]
ENTRY 40 ExpressionStatement_0 [[100.0,100.0], [10.0,10.0], [0.0,0.0], [40.0,40.0], [0.0,0.0]]
EXIT 40 ExpressionStatement_0 [[100.0,100.0], [10.0,10.0], [0.0,0.0], [40.0,40.0], [0.0,0.0]]
ENTRY 40 IfStatement_0 [[-390.0,100.0], [10.0,390.0], [0.0,0.0], [0.0,40.0], [0.0,0.0]]
EXIT 40 IfStatement_0 [[1.0,-1.0], [1.0,-1.0], [1.0,-1.0], [1.0,-1.0], [1.0,-1.0]]
ENTRY 40 ExpressionStatement_1 [[-390.0,100.0], [10.0,390.0], [0.0,0.0], [0.0,40.0], [0.0,0.0]]
EXIT 40 ExpressionStatement_1 [[-400.0,90.0], [10.0,390.0], [0.0,0.0], [0.0,40.0], [0.0,0.0]]
ENTRY 40 ExpressionStatement_2 [[-400.0,90.0], [10.0,390.0], [0.0,0.0], [0.0,40.0], [0.0,0.0]]
EXIT 40 ExpressionStatement_2 [[-400.0,90.0], [20.0,400.0], [0.0,0.0], [0.0,40.0], [0.0,0.0]]
ENTRY 40 IfConditionJoin_0 [[-400.0,100.0], [10.0,400.0], [0.0,0.0], [0.0,40.0], [0.0,0.0]]
EXIT 40 IfConditionJoin_0 [[-400.0,100.0], [10.0,400.0], [0.0,0.0], [0.0,40.0], [0.0,0.0]]
ENTRY 40 ExpressionStatement_3 [[-400.0,100.0], [10.0,400.0], [0.0,0.0], [0.0,40.0], [0.0,0.0]]
EXIT 40 ExpressionStatement_3 [[-400.0,100.0], [10.0,400.0], [0.0,0.0], [10.0,10.0], [0.0,0.0]]
ENTRY 40 FunctionExit_0 [[-400.0,100.0], [10.0,400.0], [0.0,0.0], [10.0,10.0], [0.0,0.0]]
EXIT 40 FunctionExit_0 [[-400.0,100.0], [10.0,400.0], [0.0,0.0], [10.0,10.0], [0.0,0.0]]
ENTRY 41 SourceEntry_0 [[0.0,0.0], [0.0,0.0], [0.0,0.0], [0.0,0.0], [0.0,0.0]]
EXIT 41 SourceEntry_0 [[100.0,100.0], [10.0,10.0], [0.0,0.0], [40.0,40.0], [0.0,0.0]]
ENTRY 41 SourceUnit_0 [[100.0,100.0], [10.0,10.0], [0.0,0.0], [40.0,40.0], [0.0,0.0]]
EXIT 41 SourceUnit_0 [[100.0,100.0], [10.0,10.0], [0.0,0.0], [40.0,40.0], [0.0,0.0]]
ENTRY 41 PragmaDirective_0 [[100.0,100.0], [10.0,10.0], [0.0,0.0], [40.0,40.0], [0.0,0.0]]
EXIT 41 PragmaDirective_0 [[100.0,100.0], [10.0,10.0], [0.0,0.0], [40.0,40.0], [0.0,0.0]]
ENTRY 41 SourceExit_0 [[-400.0,100.0], [10.0,400.0], [0.0,0.0], [10.0,40.0], [0.0,0.0]]
EXIT 41 SourceExit_0 [[100.0,100.0], [10.0,10.0], [0.0,0.0], [40.0,40.0], [0.0,0.0]]
ENTRY 41 ContractDefinition_0 [[100.0,100.0], [10.0,10.0], [0.0,0.0], [40.0,40.0], [0.0,0.0]]
EXIT 41 ContractDefinition_0 [[100.0,100.0], [10.0,10.0], [0.0,0.0], [40.0,40.0], [0.0,0.0]]
ENTRY 41 VariableDeclaration_0 [[100.0,100.0], [10.0,10.0], [0.0,0.0], [40.0,40.0], [0.0,0.0]]
EXIT 41 VariableDeclaration_0 [[100.0,100.0], [10.0,10.0], [0.0,0.0], [40.0,40.0], [0.0,0.0]]
ENTRY 41 VariableDeclaration_1 [[100.0,100.0], [10.0,10.0], [0.0,0.0], [40.0,40.0], [0.0,0.0]]
EXIT 41 VariableDeclaration_1 [[100.0,100.0], [10.0,10.0], [0.0,0.0], [40.0,40.0], [0.0,0.0]]
ENTRY 41 VariableDeclaration_2 [[100.0,100.0], [10.0,10.0], [0.0,0.0], [40.0,40.0], [0.0,0.0]]
EXIT 41 VariableDeclaration_2 [[100.0,100.0], [10.0,10.0], [0.0,0.0], [40.0,40.0], [0.0,0.0]]
ENTRY 41 VariableDeclaration_3 [[100.0,100.0], [10.0,10.0], [0.0,0.0], [40.0,40.0], [0.0,0.0]]
EXIT 41 VariableDeclaration_3 [[100.0,100.0], [10.0,10.0], [0.0,0.0], [40.0,40.0], [0.0,0.0]]
ENTRY 41 VariableDeclaration_4 [[100.0,100.0], [10.0,10.0], [0.0,0.0], [40.0,40.0], [0.0,0.0]]
EXIT 41 VariableDeclaration_4 [[100.0,100.0], [10.0,10.0], [0.0,0.0], [40.0,40.0], [0.0,0.0]]
ENTRY 41 ModifierDefinition_0 [[100.0,100.0], [10.0,10.0], [0.0,0.0], [40.0,40.0], [0.0,0.0]]
EXIT 41 ModifierDefinition_0 [[100.0,100.0], [10.0,10.0], [0.0,0.0], [40.0,40.0], [0.0,0.0]]
ENTRY 41 FunctionDefinition_0 [[100.0,100.0], [10.0,10.0], [0.0,0.0], [40.0,40.0], [0.0,0.0]]
EXIT 41 FunctionDefinition_0 [[100.0,100.0], [10.0,10.0], [0.0,0.0], [40.0,40.0], [0.0,0.0]]
ENTRY 41 FunctionEntry_0 [[100.0,100.0], [10.0,10.0], [0.0,0.0], [40.0,40.0], [0.0,0.0]]
EXIT 41 FunctionEntry_0 [[100.0,100.0], [10.0,10.0], [0.0,0.0], [40.0,40.0], [0.0,0.0]]
ENTRY 41 ExpressionStatement_0 [[100.0,100.0], [10.0,10.0], [0.0,0.0], [40.0,40.0], [0.0,0.0]]
EXIT 41 ExpressionStatement_0 [[100.0,100.0], [10.0,10.0], [0.0,0.0], [40.0,40.0], [0.0,0.0]]
ENTRY 41 IfStatement_0 [[-400.0,100.0], [10.0,400.0], [0.0,0.0], [0.0,40.0], [0.0,0.0]]
EXIT 41 IfStatement_0 [[1.0,-1.0], [1.0,-1.0], [1.0,-1.0], [1.0,-1.0], [1.0,-1.0]]
ENTRY 41 ExpressionStatement_1 [[-400.0,100.0], [10.0,400.0], [0.0,0.0], [0.0,40.0], [0.0,0.0]]
EXIT 41 ExpressionStatement_1 [[-410.0,90.0], [10.0,400.0], [0.0,0.0], [0.0,40.0], [0.0,0.0]]
ENTRY 41 ExpressionStatement_2 [[-410.0,90.0], [10.0,400.0], [0.0,0.0], [0.0,40.0], [0.0,0.0]]
EXIT 41 ExpressionStatement_2 [[-410.0,90.0], [20.0,410.0], [0.0,0.0], [0.0,40.0], [0.0,0.0]]
ENTRY 41 IfConditionJoin_0 [[-410.0,100.0], [10.0,410.0], [0.0,0.0], [0.0,40.0], [0.0,0.0]]
EXIT 41 IfConditionJoin_0 [[-410.0,100.0], [10.0,410.0], [0.0,0.0], [0.0,40.0], [0.0,0.0]]
ENTRY 41 ExpressionStatement_3 [[-410.0,100.0], [10.0,410.0], [0.0,0.0], [0.0,40.0], [0.0,0.0]]
EXIT 41 ExpressionStatement_3 [[-410.0,100.0], [10.0,410.0], [0.0,0.0], [10.0,10.0], [0.0,0.0]]
ENTRY 41 FunctionExit_0 [[-410.0,100.0], [10.0,410.0], [0.0,0.0], [10.0,10.0], [0.0,0.0]]
EXIT 41 FunctionExit_0 [[-410.0,100.0], [10.0,410.0], [0.0,0.0], [10.0,10.0], [0.0,0.0]]
ENTRY 42 SourceEntry_0 [[0.0,0.0], [0.0,0.0], [0.0,0.0], [0.0,0.0], [0.0,0.0]]
EXIT 42 SourceEntry_0 [[100.0,100.0], [10.0,10.0], [0.0,0.0], [40.0,40.0], [0.0,0.0]]
ENTRY 42 SourceUnit_0 [[100.0,100.0], [10.0,10.0], [0.0,0.0], [40.0,40.0], [0.0,0.0]]
EXIT 42 SourceUnit_0 [[100.0,100.0], [10.0,10.0], [0.0,0.0], [40.0,40.0], [0.0,0.0]]
ENTRY 42 PragmaDirective_0 [[100.0,100.0], [10.0,10.0], [0.0,0.0], [40.0,40.0], [0.0,0.0]]
EXIT 42 PragmaDirective_0 [[100.0,100.0], [10.0,10.0], [0.0,0.0], [40.0,40.0], [0.0,0.0]]
ENTRY 42 SourceExit_0 [[-410.0,100.0], [10.0,410.0], [0.0,0.0], [10.0,40.0], [0.0,0.0]]
EXIT 42 SourceExit_0 [[100.0,100.0], [10.0,10.0], [0.0,0.0], [40.0,40.0], [0.0,0.0]]
ENTRY 42 ContractDefinition_0 [[100.0,100.0], [10.0,10.0], [0.0,0.0], [40.0,40.0], [0.0,0.0]]
EXIT 42 ContractDefinition_0 [[100.0,100.0], [10.0,10.0], [0.0,0.0], [40.0,40.0], [0.0,0.0]]
ENTRY 42 VariableDeclaration_0 [[100.0,100.0], [10.0,10.0], [0.0,0.0], [40.0,40.0], [0.0,0.0]]
EXIT 42 VariableDeclaration_0 [[100.0,100.0], [10.0,10.0], [0.0,0.0], [40.0,40.0], [0.0,0.0]]
ENTRY 42 VariableDeclaration_1 [[100.0,100.0], [10.0,10.0], [0.0,0.0], [40.0,40.0], [0.0,0.0]]
EXIT 42 VariableDeclaration_1 [[100.0,100.0], [10.0,10.0], [0.0,0.0], [40.0,40.0], [0.0,0.0]]
ENTRY 42 VariableDeclaration_2 [[100.0,100.0], [10.0,10.0], [0.0,0.0], [40.0,40.0], [0.0,0.0]]
EXIT 42 VariableDeclaration_2 [[100.0,100.0], [10.0,10.0], [0.0,0.0], [40.0,40.0], [0.0,0.0]]
ENTRY 42 VariableDeclaration_3 [[100.0,100.0], [10.0,10.0], [0.0,0.0], [40.0,40.0], [0.0,0.0]]
EXIT 42 VariableDeclaration_3 [[100.0,100.0], [10.0,10.0], [0.0,0.0], [40.0,40.0], [0.0,0.0]]
ENTRY 42 VariableDeclaration_4 [[100.0,100.0], [10.0,10.0], [0.0,0.0], [40.0,40.0], [0.0,0.0]]
EXIT 42 VariableDeclaration_4 [[100.0,100.0], [10.0,10.0], [0.0,0.0], [40.0,40.0], [0.0,0.0]]
ENTRY 42 ModifierDefinition_0 [[100.0,100.0], [10.0,10.0], [0.0,0.0], [40.0,40.0], [0.0,0.0]]
EXIT 42 ModifierDefinition_0 [[100.0,100.0], [10.0,10.0], [0.0,0.0], [40.0,40.0], [0.0,0.0]]
ENTRY 42 FunctionDefinition_0 [[100.0,100.0], [10.0,10.0], [0.0,0.0], [40.0,40.0], [0.0,0.0]]
EXIT 42 FunctionDefinition_0 [[100.0,100.0], [10.0,10.0], [0.0,0.0], [40.0,40.0], [0.0,0.0]]
ENTRY 42 FunctionEntry_0 [[100.0,100.0], [10.0,10.0], [0.0,0.0], [40.0,40.0], [0.0,0.0]]
EXIT 42 FunctionEntry_0 [[100.0,100.0], [10.0,10.0], [0.0,0.0], [40.0,40.0], [0.0,0.0]]
ENTRY 42 ExpressionStatement_0 [[100.0,100.0], [10.0,10.0], [0.0,0.0], [40.0,40.0], [0.0,0.0]]
EXIT 42 ExpressionStatement_0 [[100.0,100.0], [10.0,10.0], [0.0,0.0], [40.0,40.0], [0.0,0.0]]
ENTRY 42 IfStatement_0 [[-410.0,100.0], [10.0,410.0], [0.0,0.0], [0.0,40.0], [0.0,0.0]]
EXIT 42 IfStatement_0 [[1.0,-1.0], [1.0,-1.0], [1.0,-1.0], [1.0,-1.0], [1.0,-1.0]]
ENTRY 42 ExpressionStatement_1 [[-410.0,100.0], [10.0,410.0], [0.0,0.0], [0.0,40.0], [0.0,0.0]]
EXIT 42 ExpressionStatement_1 [[-420.0,90.0], [10.0,410.0], [0.0,0.0], [0.0,40.0], [0.0,0.0]]
ENTRY 42 ExpressionStatement_2 [[-420.0,90.0], [10.0,410.0], [0.0,0.0], [0.0,40.0], [0.0,0.0]]
EXIT 42 ExpressionStatement_2 [[-420.0,90.0], [20.0,420.0], [0.0,0.0], [0.0,40.0], [0.0,0.0]]
ENTRY 42 IfConditionJoin_0 [[-420.0,100.0], [10.0,420.0], [0.0,0.0], [0.0,40.0], [0.0,0.0]]
EXIT 42 IfConditionJoin_0 [[-420.0,100.0], [10.0,420.0], [0.0,0.0], [0.0,40.0], [0.0,0.0]]
ENTRY 42 ExpressionStatement_3 [[-420.0,100.0], [10.0,420.0], [0.0,0.0], [0.0,40.0], [0.0,0.0]]
EXIT 42 ExpressionStatement_3 [[-420.0,100.0], [10.0,420.0], [0.0,0.0], [10.0,10.0], [0.0,0.0]]
ENTRY 42 FunctionExit_0 [[-420.0,100.0], [10.0,420.0], [0.0,0.0], [10.0,10.0], [0.0,0.0]]
EXIT 42 FunctionExit_0 [[-420.0,100.0], [10.0,420.0], [0.0,0.0], [10.0,10.0], [0.0,0.0]]
ENTRY 43 SourceEntry_0 [[0.0,0.0], [0.0,0.0], [0.0,0.0], [0.0,0.0], [0.0,0.0]]
EXIT 43 SourceEntry_0 [[100.0,100.0], [10.0,10.0], [0.0,0.0], [40.0,40.0], [0.0,0.0]]
ENTRY 43 SourceUnit_0 [[100.0,100.0], [10.0,10.0], [0.0,0.0], [40.0,40.0], [0.0,0.0]]
EXIT 43 SourceUnit_0 [[100.0,100.0], [10.0,10.0], [0.0,0.0], [40.0,40.0], [0.0,0.0]]
ENTRY 43 PragmaDirective_0 [[100.0,100.0], [10.0,10.0], [0.0,0.0], [40.0,40.0], [0.0,0.0]]
EXIT 43 PragmaDirective_0 [[100.0,100.0], [10.0,10.0], [0.0,0.0], [40.0,40.0], [0.0,0.0]]
ENTRY 43 SourceExit_0 [[-420.0,100.0], [10.0,420.0], [0.0,0.0], [10.0,40.0], [0.0,0.0]]
EXIT 43 SourceExit_0 [[100.0,100.0], [10.0,10.0], [0.0,0.0], [40.0,40.0], [0.0,0.0]]
ENTRY 43 ContractDefinition_0 [[100.0,100.0], [10.0,10.0], [0.0,0.0], [40.0,40.0], [0.0,0.0]]
EXIT 43 ContractDefinition_0 [[100.0,100.0], [10.0,10.0], [0.0,0.0], [40.0,40.0], [0.0,0.0]]
ENTRY 43 VariableDeclaration_0 [[100.0,100.0], [10.0,10.0], [0.0,0.0], [40.0,40.0], [0.0,0.0]]
EXIT 43 VariableDeclaration_0 [[100.0,100.0], [10.0,10.0], [0.0,0.0], [40.0,40.0], [0.0,0.0]]
ENTRY 43 VariableDeclaration_1 [[100.0,100.0], [10.0,10.0], [0.0,0.0], [40.0,40.0], [0.0,0.0]]
EXIT 43 VariableDeclaration_1 [[100.0,100.0], [10.0,10.0], [0.0,0.0], [40.0,40.0], [0.0,0.0]]
ENTRY 43 VariableDeclaration_2 [[100.0,100.0], [10.0,10.0], [0.0,0.0], [40.0,40.0], [0.0,0.0]]
EXIT 43 VariableDeclaration_2 [[100.0,100.0], [10.0,10.0], [0.0,0.0], [40.0,40.0], [0.0,0.0]]
ENTRY 43 VariableDeclaration_3 [[100.0,100.0], [10.0,10.0], [0.0,0.0], [40.0,40.0], [0.0,0.0]]
EXIT 43 VariableDeclaration_3 [[100.0,100.0], [10.0,10.0], [0.0,0.0], [40.0,40.0], [0.0,0.0]]
ENTRY 43 VariableDeclaration_4 [[100.0,100.0], [10.0,10.0], [0.0,0.0], [40.0,40.0], [0.0,0.0]]
EXIT 43 VariableDeclaration_4 [[100.0,100.0], [10.0,10.0], [0.0,0.0], [40.0,40.0], [0.0,0.0]]
ENTRY 43 ModifierDefinition_0 [[100.0,100.0], [10.0,10.0], [0.0,0.0], [40.0,40.0], [0.0,0.0]]
EXIT 43 ModifierDefinition_0 [[100.0,100.0], [10.0,10.0], [0.0,0.0], [40.0,40.0], [0.0,0.0]]
ENTRY 43 FunctionDefinition_0 [[100.0,100.0], [10.0,10.0], [0.0,0.0], [40.0,40.0], [0.0,0.0]]
EXIT 43 FunctionDefinition_0 [[100.0,100.0], [10.0,10.0], [0.0,0.0], [40.0,40.0], [0.0,0.0]]
ENTRY 43 FunctionEntry_0 [[100.0,100.0], [10.0,10.0], [0.0,0.0], [40.0,40.0], [0.0,0.0]]
EXIT 43 FunctionEntry_0 [[100.0,100.0], [10.0,10.0], [0.0,0.0], [40.0,40.0], [0.0,0.0]]
ENTRY 43 ExpressionStatement_0 [[100.0,100.0], [10.0,10.0], [0.0,0.0], [40.0,40.0], [0.0,0.0]]
EXIT 43 ExpressionStatement_0 [[100.0,100.0], [10.0,10.0], [0.0,0.0], [40.0,40.0], [0.0,0.0]]
ENTRY 43 IfStatement_0 [[-420.0,100.0], [10.0,420.0], [0.0,0.0], [0.0,40.0], [0.0,0.0]]
EXIT 43 IfStatement_0 [[1.0,-1.0], [1.0,-1.0], [1.0,-1.0], [1.0,-1.0], [1.0,-1.0]]
ENTRY 43 ExpressionStatement_1 [[-420.0,100.0], [10.0,420.0], [0.0,0.0], [0.0,40.0], [0.0,0.0]]
EXIT 43 ExpressionStatement_1 [[-430.0,90.0], [10.0,420.0], [0.0,0.0], [0.0,40.0], [0.0,0.0]]
ENTRY 43 ExpressionStatement_2 [[-430.0,90.0], [10.0,420.0], [0.0,0.0], [0.0,40.0], [0.0,0.0]]
EXIT 43 ExpressionStatement_2 [[-430.0,90.0], [20.0,430.0], [0.0,0.0], [0.0,40.0], [0.0,0.0]]
ENTRY 43 IfConditionJoin_0 [[-430.0,100.0], [10.0,430.0], [0.0,0.0], [0.0,40.0], [0.0,0.0]]
EXIT 43 IfConditionJoin_0 [[-430.0,100.0], [10.0,430.0], [0.0,0.0], [0.0,40.0], [0.0,0.0]]
ENTRY 43 ExpressionStatement_3 [[-430.0,100.0], [10.0,430.0], [0.0,0.0], [0.0,40.0], [0.0,0.0]]
EXIT 43 ExpressionStatement_3 [[-430.0,100.0], [10.0,430.0], [0.0,0.0], [10.0,10.0], [0.0,0.0]]
ENTRY 43 FunctionExit_0 [[-430.0,100.0], [10.0,430.0], [0.0,0.0], [10.0,10.0], [0.0,0.0]]
EXIT 43 FunctionExit_0 [[-430.0,100.0], [10.0,430.0], [0.0,0.0], [10.0,10.0], [0.0,0.0]]
ENTRY 44 SourceEntry_0 [[0.0,0.0], [0.0,0.0], [0.0,0.0], [0.0,0.0], [0.0,0.0]]
EXIT 44 SourceEntry_0 [[100.0,100.0], [10.0,10.0], [0.0,0.0], [40.0,40.0], [0.0,0.0]]
ENTRY 44 SourceUnit_0 [[100.0,100.0], [10.0,10.0], [0.0,0.0], [40.0,40.0], [0.0,0.0]]
EXIT 44 SourceUnit_0 [[100.0,100.0], [10.0,10.0], [0.0,0.0], [40.0,40.0], [0.0,0.0]]
ENTRY 44 PragmaDirective_0 [[100.0,100.0], [10.0,10.0], [0.0,0.0], [40.0,40.0], [0.0,0.0]]
EXIT 44 PragmaDirective_0 [[100.0,100.0], [10.0,10.0], [0.0,0.0], [40.0,40.0], [0.0,0.0]]
ENTRY 44 SourceExit_0 [[-430.0,100.0], [10.0,430.0], [0.0,0.0], [10.0,40.0], [0.0,0.0]]
EXIT 44 SourceExit_0 [[100.0,100.0], [10.0,10.0], [0.0,0.0], [40.0,40.0], [0.0,0.0]]
ENTRY 44 ContractDefinition_0 [[100.0,100.0], [10.0,10.0], [0.0,0.0], [40.0,40.0], [0.0,0.0]]
EXIT 44 ContractDefinition_0 [[100.0,100.0], [10.0,10.0], [0.0,0.0], [40.0,40.0], [0.0,0.0]]
ENTRY 44 VariableDeclaration_0 [[100.0,100.0], [10.0,10.0], [0.0,0.0], [40.0,40.0], [0.0,0.0]]
EXIT 44 VariableDeclaration_0 [[100.0,100.0], [10.0,10.0], [0.0,0.0], [40.0,40.0], [0.0,0.0]]
ENTRY 44 VariableDeclaration_1 [[100.0,100.0], [10.0,10.0], [0.0,0.0], [40.0,40.0], [0.0,0.0]]
EXIT 44 VariableDeclaration_1 [[100.0,100.0], [10.0,10.0], [0.0,0.0], [40.0,40.0], [0.0,0.0]]
ENTRY 44 VariableDeclaration_2 [[100.0,100.0], [10.0,10.0], [0.0,0.0], [40.0,40.0], [0.0,0.0]]
EXIT 44 VariableDeclaration_2 [[100.0,100.0], [10.0,10.0], [0.0,0.0], [40.0,40.0], [0.0,0.0]]
ENTRY 44 VariableDeclaration_3 [[100.0,100.0], [10.0,10.0], [0.0,0.0], [40.0,40.0], [0.0,0.0]]
EXIT 44 VariableDeclaration_3 [[100.0,100.0], [10.0,10.0], [0.0,0.0], [40.0,40.0], [0.0,0.0]]
ENTRY 44 VariableDeclaration_4 [[100.0,100.0], [10.0,10.0], [0.0,0.0], [40.0,40.0], [0.0,0.0]]
EXIT 44 VariableDeclaration_4 [[100.0,100.0], [10.0,10.0], [0.0,0.0], [40.0,40.0], [0.0,0.0]]
ENTRY 44 ModifierDefinition_0 [[100.0,100.0], [10.0,10.0], [0.0,0.0], [40.0,40.0], [0.0,0.0]]
EXIT 44 ModifierDefinition_0 [[100.0,100.0], [10.0,10.0], [0.0,0.0], [40.0,40.0], [0.0,0.0]]
ENTRY 44 FunctionDefinition_0 [[100.0,100.0], [10.0,10.0], [0.0,0.0], [40.0,40.0], [0.0,0.0]]
EXIT 44 FunctionDefinition_0 [[100.0,100.0], [10.0,10.0], [0.0,0.0], [40.0,40.0], [0.0,0.0]]
ENTRY 44 FunctionEntry_0 [[100.0,100.0], [10.0,10.0], [0.0,0.0], [40.0,40.0], [0.0,0.0]]
EXIT 44 FunctionEntry_0 [[100.0,100.0], [10.0,10.0], [0.0,0.0], [40.0,40.0], [0.0,0.0]]
ENTRY 44 ExpressionStatement_0 [[100.0,100.0], [10.0,10.0], [0.0,0.0], [40.0,40.0], [0.0,0.0]]
EXIT 44 ExpressionStatement_0 [[100.0,100.0], [10.0,10.0], [0.0,0.0], [40.0,40.0], [0.0,0.0]]
ENTRY 44 IfStatement_0 [[-430.0,100.0], [10.0,430.0], [0.0,0.0], [0.0,40.0], [0.0,0.0]]
EXIT 44 IfStatement_0 [[1.0,-1.0], [1.0,-1.0], [1.0,-1.0], [1.0,-1.0], [1.0,-1.0]]
ENTRY 44 ExpressionStatement_1 [[-430.0,100.0], [10.0,430.0], [0.0,0.0], [0.0,40.0], [0.0,0.0]]
EXIT 44 ExpressionStatement_1 [[-440.0,90.0], [10.0,430.0], [0.0,0.0], [0.0,40.0], [0.0,0.0]]
ENTRY 44 ExpressionStatement_2 [[-440.0,90.0], [10.0,430.0], [0.0,0.0], [0.0,40.0], [0.0,0.0]]
EXIT 44 ExpressionStatement_2 [[-440.0,90.0], [20.0,440.0], [0.0,0.0], [0.0,40.0], [0.0,0.0]]
ENTRY 44 IfConditionJoin_0 [[-440.0,100.0], [10.0,440.0], [0.0,0.0], [0.0,40.0], [0.0,0.0]]
EXIT 44 IfConditionJoin_0 [[-440.0,100.0], [10.0,440.0], [0.0,0.0], [0.0,40.0], [0.0,0.0]]
ENTRY 44 ExpressionStatement_3 [[-440.0,100.0], [10.0,440.0], [0.0,0.0], [0.0,40.0], [0.0,0.0]]
EXIT 44 ExpressionStatement_3 [[-440.0,100.0], [10.0,440.0], [0.0,0.0], [10.0,10.0], [0.0,0.0]]
ENTRY 44 FunctionExit_0 [[-440.0,100.0], [10.0,440.0], [0.0,0.0], [10.0,10.0], [0.0,0.0]]
EXIT 44 FunctionExit_0 [[-440.0,100.0], [10.0,440.0], [0.0,0.0], [10.0,10.0], [0.0,0.0]]
ENTRY 45 SourceEntry_0 [[0.0,0.0], [0.0,0.0], [0.0,0.0], [0.0,0.0], [0.0,0.0]]
EXIT 45 SourceEntry_0 [[100.0,100.0], [10.0,10.0], [0.0,0.0], [40.0,40.0], [0.0,0.0]]
ENTRY 45 SourceUnit_0 [[100.0,100.0], [10.0,10.0], [0.0,0.0], [40.0,40.0], [0.0,0.0]]
EXIT 45 SourceUnit_0 [[100.0,100.0], [10.0,10.0], [0.0,0.0], [40.0,40.0], [0.0,0.0]]
ENTRY 45 PragmaDirective_0 [[100.0,100.0], [10.0,10.0], [0.0,0.0], [40.0,40.0], [0.0,0.0]]
EXIT 45 PragmaDirective_0 [[100.0,100.0], [10.0,10.0], [0.0,0.0], [40.0,40.0], [0.0,0.0]]
ENTRY 45 SourceExit_0 [[-440.0,100.0], [10.0,440.0], [0.0,0.0], [10.0,40.0], [0.0,0.0]]
EXIT 45 SourceExit_0 [[100.0,100.0], [10.0,10.0], [0.0,0.0], [40.0,40.0], [0.0,0.0]]
ENTRY 45 ContractDefinition_0 [[100.0,100.0], [10.0,10.0], [0.0,0.0], [40.0,40.0], [0.0,0.0]]
EXIT 45 ContractDefinition_0 [[100.0,100.0], [10.0,10.0], [0.0,0.0], [40.0,40.0], [0.0,0.0]]
ENTRY 45 VariableDeclaration_0 [[100.0,100.0], [10.0,10.0], [0.0,0.0], [40.0,40.0], [0.0,0.0]]
EXIT 45 VariableDeclaration_0 [[100.0,100.0], [10.0,10.0], [0.0,0.0], [40.0,40.0], [0.0,0.0]]
ENTRY 45 VariableDeclaration_1 [[100.0,100.0], [10.0,10.0], [0.0,0.0], [40.0,40.0], [0.0,0.0]]
EXIT 45 VariableDeclaration_1 [[100.0,100.0], [10.0,10.0], [0.0,0.0], [40.0,40.0], [0.0,0.0]]
ENTRY 45 VariableDeclaration_2 [[100.0,100.0], [10.0,10.0], [0.0,0.0], [40.0,40.0], [0.0,0.0]]
EXIT 45 VariableDeclaration_2 [[100.0,100.0], [10.0,10.0], [0.0,0.0], [40.0,40.0], [0.0,0.0]]
ENTRY 45 VariableDeclaration_3 [[100.0,100.0], [10.0,10.0], [0.0,0.0], [40.0,40.0], [0.0,0.0]]
EXIT 45 VariableDeclaration_3 [[100.0,100.0], [10.0,10.0], [0.0,0.0], [40.0,40.0], [0.0,0.0]]
ENTRY 45 VariableDeclaration_4 [[100.0,100.0], [10.0,10.0], [0.0,0.0], [40.0,40.0], [0.0,0.0]]
EXIT 45 VariableDeclaration_4 [[100.0,100.0], [10.0,10.0], [0.0,0.0], [40.0,40.0], [0.0,0.0]]
ENTRY 45 ModifierDefinition_0 [[100.0,100.0], [10.0,10.0], [0.0,0.0], [40.0,40.0], [0.0,0.0]]
EXIT 45 ModifierDefinition_0 [[100.0,100.0], [10.0,10.0], [0.0,0.0], [40.0,40.0], [0.0,0.0]]
ENTRY 45 FunctionDefinition_0 [[100.0,100.0], [10.0,10.0], [0.0,0.0], [40.0,40.0], [0.0,0.0]]
EXIT 45 FunctionDefinition_0 [[100.0,100.0], [10.0,10.0], [0.0,0.0], [40.0,40.0], [0.0,0.0]]
ENTRY 45 FunctionEntry_0 [[100.0,100.0], [10.0,10.0], [0.0,0.0], [40.0,40.0], [0.0,0.0]]
EXIT 45 FunctionEntry_0 [[100.0,100.0], [10.0,10.0], [0.0,0.0], [40.0,40.0], [0.0,0.0]]
ENTRY 45 ExpressionStatement_0 [[100.0,100.0], [10.0,10.0], [0.0,0.0], [40.0,40.0], [0.0,0.0]]
EXIT 45 ExpressionStatement_0 [[100.0,100.0], [10.0,10.0], [0.0,0.0], [40.0,40.0], [0.0,0.0]]
ENTRY 45 IfStatement_0 [[-440.0,100.0], [10.0,440.0], [0.0,0.0], [0.0,40.0], [0.0,0.0]]
EXIT 45 IfStatement_0 [[1.0,-1.0], [1.0,-1.0], [1.0,-1.0], [1.0,-1.0], [1.0,-1.0]]
ENTRY 45 ExpressionStatement_1 [[-440.0,100.0], [10.0,440.0], [0.0,0.0], [0.0,40.0], [0.0,0.0]]
EXIT 45 ExpressionStatement_1 [[-450.0,90.0], [10.0,440.0], [0.0,0.0], [0.0,40.0], [0.0,0.0]]
ENTRY 45 ExpressionStatement_2 [[-450.0,90.0], [10.0,440.0], [0.0,0.0], [0.0,40.0], [0.0,0.0]]
EXIT 45 ExpressionStatement_2 [[-450.0,90.0], [20.0,450.0], [0.0,0.0], [0.0,40.0], [0.0,0.0]]
ENTRY 45 IfConditionJoin_0 [[-450.0,100.0], [10.0,450.0], [0.0,0.0], [0.0,40.0], [0.0,0.0]]
EXIT 45 IfConditionJoin_0 [[-450.0,100.0], [10.0,450.0], [0.0,0.0], [0.0,40.0], [0.0,0.0]]
ENTRY 45 ExpressionStatement_3 [[-450.0,100.0], [10.0,450.0], [0.0,0.0], [0.0,40.0], [0.0,0.0]]
EXIT 45 ExpressionStatement_3 [[-450.0,100.0], [10.0,450.0], [0.0,0.0], [10.0,10.0], [0.0,0.0]]
ENTRY 45 FunctionExit_0 [[-450.0,100.0], [10.0,450.0], [0.0,0.0], [10.0,10.0], [0.0,0.0]]
EXIT 45 FunctionExit_0 [[-450.0,100.0], [10.0,450.0], [0.0,0.0], [10.0,10.0], [0.0,0.0]]
ENTRY 46 SourceEntry_0 [[0.0,0.0], [0.0,0.0], [0.0,0.0], [0.0,0.0], [0.0,0.0]]
EXIT 46 SourceEntry_0 [[100.0,100.0], [10.0,10.0], [0.0,0.0], [40.0,40.0], [0.0,0.0]]
ENTRY 46 SourceUnit_0 [[100.0,100.0], [10.0,10.0], [0.0,0.0], [40.0,40.0], [0.0,0.0]]
EXIT 46 SourceUnit_0 [[100.0,100.0], [10.0,10.0], [0.0,0.0], [40.0,40.0], [0.0,0.0]]
ENTRY 46 PragmaDirective_0 [[100.0,100.0], [10.0,10.0], [0.0,0.0], [40.0,40.0], [0.0,0.0]]
EXIT 46 PragmaDirective_0 [[100.0,100.0], [10.0,10.0], [0.0,0.0], [40.0,40.0], [0.0,0.0]]
ENTRY 46 SourceExit_0 [[-450.0,100.0], [10.0,450.0], [0.0,0.0], [10.0,40.0], [0.0,0.0]]
EXIT 46 SourceExit_0 [[100.0,100.0], [10.0,10.0], [0.0,0.0], [40.0,40.0], [0.0,0.0]]
ENTRY 46 ContractDefinition_0 [[100.0,100.0], [10.0,10.0], [0.0,0.0], [40.0,40.0], [0.0,0.0]]
EXIT 46 ContractDefinition_0 [[100.0,100.0], [10.0,10.0], [0.0,0.0], [40.0,40.0], [0.0,0.0]]
ENTRY 46 VariableDeclaration_0 [[100.0,100.0], [10.0,10.0], [0.0,0.0], [40.0,40.0], [0.0,0.0]]
EXIT 46 VariableDeclaration_0 [[100.0,100.0], [10.0,10.0], [0.0,0.0], [40.0,40.0], [0.0,0.0]]
ENTRY 46 VariableDeclaration_1 [[100.0,100.0], [10.0,10.0], [0.0,0.0], [40.0,40.0], [0.0,0.0]]
EXIT 46 VariableDeclaration_1 [[100.0,100.0], [10.0,10.0], [0.0,0.0], [40.0,40.0], [0.0,0.0]]
ENTRY 46 VariableDeclaration_2 [[100.0,100.0], [10.0,10.0], [0.0,0.0], [40.0,40.0], [0.0,0.0]]
EXIT 46 VariableDeclaration_2 [[100.0,100.0], [10.0,10.0], [0.0,0.0], [40.0,40.0], [0.0,0.0]]
ENTRY 46 VariableDeclaration_3 [[100.0,100.0], [10.0,10.0], [0.0,0.0], [40.0,40.0], [0.0,0.0]]
EXIT 46 VariableDeclaration_3 [[100.0,100.0], [10.0,10.0], [0.0,0.0], [40.0,40.0], [0.0,0.0]]
ENTRY 46 VariableDeclaration_4 [[100.0,100.0], [10.0,10.0], [0.0,0.0], [40.0,40.0], [0.0,0.0]]
EXIT 46 VariableDeclaration_4 [[100.0,100.0], [10.0,10.0], [0.0,0.0], [40.0,40.0], [0.0,0.0]]
ENTRY 46 ModifierDefinition_0 [[100.0,100.0], [10.0,10.0], [0.0,0.0], [40.0,40.0], [0.0,0.0]]
EXIT 46 ModifierDefinition_0 [[100.0,100.0], [10.0,10.0], [0.0,0.0], [40.0,40.0], [0.0,0.0]]
ENTRY 46 FunctionDefinition_0 [[100.0,100.0], [10.0,10.0], [0.0,0.0], [40.0,40.0], [0.0,0.0]]
EXIT 46 FunctionDefinition_0 [[100.0,100.0], [10.0,10.0], [0.0,0.0], [40.0,40.0], [0.0,0.0]]
ENTRY 46 FunctionEntry_0 [[100.0,100.0], [10.0,10.0], [0.0,0.0], [40.0,40.0], [0.0,0.0]]
EXIT 46 FunctionEntry_0 [[100.0,100.0], [10.0,10.0], [0.0,0.0], [40.0,40.0], [0.0,0.0]]
ENTRY 46 ExpressionStatement_0 [[100.0,100.0], [10.0,10.0], [0.0,0.0], [40.0,40.0], [0.0,0.0]]
EXIT 46 ExpressionStatement_0 [[100.0,100.0], [10.0,10.0], [0.0,0.0], [40.0,40.0], [0.0,0.0]]
ENTRY 46 IfStatement_0 [[-450.0,100.0], [10.0,450.0], [0.0,0.0], [0.0,40.0], [0.0,0.0]]
EXIT 46 IfStatement_0 [[1.0,-1.0], [1.0,-1.0], [1.0,-1.0], [1.0,-1.0], [1.0,-1.0]]
ENTRY 46 ExpressionStatement_1 [[-450.0,100.0], [10.0,450.0], [0.0,0.0], [0.0,40.0], [0.0,0.0]]
EXIT 46 ExpressionStatement_1 [[-460.0,90.0], [10.0,450.0], [0.0,0.0], [0.0,40.0], [0.0,0.0]]
ENTRY 46 ExpressionStatement_2 [[-460.0,90.0], [10.0,450.0], [0.0,0.0], [0.0,40.0], [0.0,0.0]]
EXIT 46 ExpressionStatement_2 [[-460.0,90.0], [20.0,460.0], [0.0,0.0], [0.0,40.0], [0.0,0.0]]
ENTRY 46 IfConditionJoin_0 [[-460.0,100.0], [10.0,460.0], [0.0,0.0], [0.0,40.0], [0.0,0.0]]
EXIT 46 IfConditionJoin_0 [[-460.0,100.0], [10.0,460.0], [0.0,0.0], [0.0,40.0], [0.0,0.0]]
ENTRY 46 ExpressionStatement_3 [[-460.0,100.0], [10.0,460.0], [0.0,0.0], [0.0,40.0], [0.0,0.0]]
EXIT 46 ExpressionStatement_3 [[-460.0,100.0], [10.0,460.0], [0.0,0.0], [10.0,10.0], [0.0,0.0]]
ENTRY 46 FunctionExit_0 [[-460.0,100.0], [10.0,460.0], [0.0,0.0], [10.0,10.0], [0.0,0.0]]
EXIT 46 FunctionExit_0 [[-460.0,100.0], [10.0,460.0], [0.0,0.0], [10.0,10.0], [0.0,0.0]]
ENTRY 47 SourceEntry_0 [[0.0,0.0], [0.0,0.0], [0.0,0.0], [0.0,0.0], [0.0,0.0]]
EXIT 47 SourceEntry_0 [[100.0,100.0], [10.0,10.0], [0.0,0.0], [40.0,40.0], [0.0,0.0]]
ENTRY 47 SourceUnit_0 [[100.0,100.0], [10.0,10.0], [0.0,0.0], [40.0,40.0], [0.0,0.0]]
EXIT 47 SourceUnit_0 [[100.0,100.0], [10.0,10.0], [0.0,0.0], [40.0,40.0], [0.0,0.0]]
ENTRY 47 PragmaDirective_0 [[100.0,100.0], [10.0,10.0], [0.0,0.0], [40.0,40.0], [0.0,0.0]]
EXIT 47 PragmaDirective_0 [[100.0,100.0], [10.0,10.0], [0.0,0.0], [40.0,40.0], [0.0,0.0]]
ENTRY 47 SourceExit_0 [[-460.0,100.0], [10.0,460.0], [0.0,0.0], [10.0,40.0], [0.0,0.0]]
EXIT 47 SourceExit_0 [[100.0,100.0], [10.0,10.0], [0.0,0.0], [40.0,40.0], [0.0,0.0]]
ENTRY 47 ContractDefinition_0 [[100.0,100.0], [10.0,10.0], [0.0,0.0], [40.0,40.0], [0.0,0.0]]
EXIT 47 ContractDefinition_0 [[100.0,100.0], [10.0,10.0], [0.0,0.0], [40.0,40.0], [0.0,0.0]]
ENTRY 47 VariableDeclaration_0 [[100.0,100.0], [10.0,10.0], [0.0,0.0], [40.0,40.0], [0.0,0.0]]
EXIT 47 VariableDeclaration_0 [[100.0,100.0], [10.0,10.0], [0.0,0.0], [40.0,40.0], [0.0,0.0]]
ENTRY 47 VariableDeclaration_1 [[100.0,100.0], [10.0,10.0], [0.0,0.0], [40.0,40.0], [0.0,0.0]]
EXIT 47 VariableDeclaration_1 [[100.0,100.0], [10.0,10.0], [0.0,0.0], [40.0,40.0], [0.0,0.0]]
ENTRY 47 VariableDeclaration_2 [[100.0,100.0], [10.0,10.0], [0.0,0.0], [40.0,40.0], [0.0,0.0]]
EXIT 47 VariableDeclaration_2 [[100.0,100.0], [10.0,10.0], [0.0,0.0], [40.0,40.0], [0.0,0.0]]
ENTRY 47 VariableDeclaration_3 [[100.0,100.0], [10.0,10.0], [0.0,0.0], [40.0,40.0], [0.0,0.0]]
EXIT 47 VariableDeclaration_3 [[100.0,100.0], [10.0,10.0], [0.0,0.0], [40.0,40.0], [0.0,0.0]]
ENTRY 47 VariableDeclaration_4 [[100.0,100.0], [10.0,10.0], [0.0,0.0], [40.0,40.0], [0.0,0.0]]
EXIT 47 VariableDeclaration_4 [[100.0,100.0], [10.0,10.0], [0.0,0.0], [40.0,40.0], [0.0,0.0]]
ENTRY 47 ModifierDefinition_0 [[100.0,100.0], [10.0,10.0], [0.0,0.0], [40.0,40.0], [0.0,0.0]]
EXIT 47 ModifierDefinition_0 [[100.0,100.0], [10.0,10.0], [0.0,0.0], [40.0,40.0], [0.0,0.0]]
ENTRY 47 FunctionDefinition_0 [[100.0,100.0], [10.0,10.0], [0.0,0.0], [40.0,40.0], [0.0,0.0]]
EXIT 47 FunctionDefinition_0 [[100.0,100.0], [10.0,10.0], [0.0,0.0], [40.0,40.0], [0.0,0.0]]
ENTRY 47 FunctionEntry_0 [[100.0,100.0], [10.0,10.0], [0.0,0.0], [40.0,40.0], [0.0,0.0]]
EXIT 47 FunctionEntry_0 [[100.0,100.0], [10.0,10.0], [0.0,0.0], [40.0,40.0], [0.0,0.0]]
ENTRY 47 ExpressionStatement_0 [[100.0,100.0], [10.0,10.0], [0.0,0.0], [40.0,40.0], [0.0,0.0]]
EXIT 47 ExpressionStatement_0 [[100.0,100.0], [10.0,10.0], [0.0,0.0], [40.0,40.0], [0.0,0.0]]
ENTRY 47 IfStatement_0 [[-460.0,100.0], [10.0,460.0], [0.0,0.0], [0.0,40.0], [0.0,0.0]]
EXIT 47 IfStatement_0 [[1.0,-1.0], [1.0,-1.0], [1.0,-1.0], [1.0,-1.0], [1.0,-1.0]]
ENTRY 47 ExpressionStatement_1 [[-460.0,100.0], [10.0,460.0], [0.0,0.0], [0.0,40.0], [0.0,0.0]]
EXIT 47 ExpressionStatement_1 [[-470.0,90.0], [10.0,460.0], [0.0,0.0], [0.0,40.0], [0.0,0.0]]
ENTRY 47 ExpressionStatement_2 [[-470.0,90.0], [10.0,460.0], [0.0,0.0], [0.0,40.0], [0.0,0.0]]
EXIT 47 ExpressionStatement_2 [[-470.0,90.0], [20.0,470.0], [0.0,0.0], [0.0,40.0], [0.0,0.0]]
ENTRY 47 IfConditionJoin_0 [[-470.0,100.0], [10.0,470.0], [0.0,0.0], [0.0,40.0], [0.0,0.0]]
EXIT 47 IfConditionJoin_0 [[-470.0,100.0], [10.0,470.0], [0.0,0.0], [0.0,40.0], [0.0,0.0]]
ENTRY 47 ExpressionStatement_3 [[-470.0,100.0], [10.0,470.0], [0.0,0.0], [0.0,40.0], [0.0,0.0]]
EXIT 47 ExpressionStatement_3 [[-470.0,100.0], [10.0,470.0], [0.0,0.0], [10.0,10.0], [0.0,0.0]]
ENTRY 47 FunctionExit_0 [[-470.0,100.0], [10.0,470.0], [0.0,0.0], [10.0,10.0], [0.0,0.0]]
EXIT 47 FunctionExit_0 [[-470.0,100.0], [10.0,470.0], [0.0,0.0], [10.0,10.0], [0.0,0.0]]
ENTRY 48 SourceEntry_0 [[0.0,0.0], [0.0,0.0], [0.0,0.0], [0.0,0.0], [0.0,0.0]]
EXIT 48 SourceEntry_0 [[100.0,100.0], [10.0,10.0], [0.0,0.0], [40.0,40.0], [0.0,0.0]]
ENTRY 48 SourceUnit_0 [[100.0,100.0], [10.0,10.0], [0.0,0.0], [40.0,40.0], [0.0,0.0]]
EXIT 48 SourceUnit_0 [[100.0,100.0], [10.0,10.0], [0.0,0.0], [40.0,40.0], [0.0,0.0]]
ENTRY 48 PragmaDirective_0 [[100.0,100.0], [10.0,10.0], [0.0,0.0], [40.0,40.0], [0.0,0.0]]
EXIT 48 PragmaDirective_0 [[100.0,100.0], [10.0,10.0], [0.0,0.0], [40.0,40.0], [0.0,0.0]]
ENTRY 48 SourceExit_0 [[-470.0,100.0], [10.0,470.0], [0.0,0.0], [10.0,40.0], [0.0,0.0]]
EXIT 48 SourceExit_0 [[100.0,100.0], [10.0,10.0], [0.0,0.0], [40.0,40.0], [0.0,0.0]]
ENTRY 48 ContractDefinition_0 [[100.0,100.0], [10.0,10.0], [0.0,0.0], [40.0,40.0], [0.0,0.0]]
EXIT 48 ContractDefinition_0 [[100.0,100.0], [10.0,10.0], [0.0,0.0], [40.0,40.0], [0.0,0.0]]
ENTRY 48 VariableDeclaration_0 [[100.0,100.0], [10.0,10.0], [0.0,0.0], [40.0,40.0], [0.0,0.0]]
EXIT 48 VariableDeclaration_0 [[100.0,100.0], [10.0,10.0], [0.0,0.0], [40.0,40.0], [0.0,0.0]]
ENTRY 48 VariableDeclaration_1 [[100.0,100.0], [10.0,10.0], [0.0,0.0], [40.0,40.0], [0.0,0.0]]
EXIT 48 VariableDeclaration_1 [[100.0,100.0], [10.0,10.0], [0.0,0.0], [40.0,40.0], [0.0,0.0]]
ENTRY 48 VariableDeclaration_2 [[100.0,100.0], [10.0,10.0], [0.0,0.0], [40.0,40.0], [0.0,0.0]]
EXIT 48 VariableDeclaration_2 [[100.0,100.0], [10.0,10.0], [0.0,0.0], [40.0,40.0], [0.0,0.0]]
ENTRY 48 VariableDeclaration_3 [[100.0,100.0], [10.0,10.0], [0.0,0.0], [40.0,40.0], [0.0,0.0]]
EXIT 48 VariableDeclaration_3 [[100.0,100.0], [10.0,10.0], [0.0,0.0], [40.0,40.0], [0.0,0.0]]
ENTRY 48 VariableDeclaration_4 [[100.0,100.0], [10.0,10.0], [0.0,0.0], [40.0,40.0], [0.0,0.0]]
EXIT 48 VariableDeclaration_4 [[100.0,100.0], [10.0,10.0], [0.0,0.0], [40.0,40.0], [0.0,0.0]]
ENTRY 48 ModifierDefinition_0 [[100.0,100.0], [10.0,10.0], [0.0,0.0], [40.0,40.0], [0.0,0.0]]
EXIT 48 ModifierDefinition_0 [[100.0,100.0], [10.0,10.0], [0.0,0.0], [40.0,40.0], [0.0,0.0]]
ENTRY 48 FunctionDefinition_0 [[100.0,100.0], [10.0,10.0], [0.0,0.0], [40.0,40.0], [0.0,0.0]]
EXIT 48 FunctionDefinition_0 [[100.0,100.0], [10.0,10.0], [0.0,0.0], [40.0,40.0], [0.0,0.0]]
ENTRY 48 FunctionEntry_0 [[100.0,100.0], [10.0,10.0], [0.0,0.0], [40.0,40.0], [0.0,0.0]]
EXIT 48 FunctionEntry_0 [[100.0,100.0], [10.0,10.0], [0.0,0.0], [40.0,40.0], [0.0,0.0]]
ENTRY 48 ExpressionStatement_0 [[100.0,100.0], [10.0,10.0], [0.0,0.0], [40.0,40.0], [0.0,0.0]]
EXIT 48 ExpressionStatement_0 [[100.0,100.0], [10.0,10.0], [0.0,0.0], [40.0,40.0], [0.0,0.0]]
ENTRY 48 IfStatement_0 [[-470.0,100.0], [10.0,470.0], [0.0,0.0], [0.0,40.0], [0.0,0.0]]
EXIT 48 IfStatement_0 [[1.0,-1.0], [1.0,-1.0], [1.0,-1.0], [1.0,-1.0], [1.0,-1.0]]
ENTRY 48 ExpressionStatement_1 [[-470.0,100.0], [10.0,470.0], [0.0,0.0], [0.0,40.0], [0.0,0.0]]
EXIT 48 ExpressionStatement_1 [[-480.0,90.0], [10.0,470.0], [0.0,0.0], [0.0,40.0], [0.0,0.0]]
ENTRY 48 ExpressionStatement_2 [[-480.0,90.0], [10.0,470.0], [0.0,0.0], [0.0,40.0], [0.0,0.0]]
EXIT 48 ExpressionStatement_2 [[-480.0,90.0], [20.0,480.0], [0.0,0.0], [0.0,40.0], [0.0,0.0]]
ENTRY 48 IfConditionJoin_0 [[-480.0,100.0], [10.0,480.0], [0.0,0.0], [0.0,40.0], [0.0,0.0]]
EXIT 48 IfConditionJoin_0 [[-480.0,100.0], [10.0,480.0], [0.0,0.0], [0.0,40.0], [0.0,0.0]]
ENTRY 48 ExpressionStatement_3 [[-480.0,100.0], [10.0,480.0], [0.0,0.0], [0.0,40.0], [0.0,0.0]]
EXIT 48 ExpressionStatement_3 [[-480.0,100.0], [10.0,480.0], [0.0,0.0], [10.0,10.0], [0.0,0.0]]
ENTRY 48 FunctionExit_0 [[-480.0,100.0], [10.0,480.0], [0.0,0.0], [10.0,10.0], [0.0,0.0]]
EXIT 48 FunctionExit_0 [[-480.0,100.0], [10.0,480.0], [0.0,0.0], [10.0,10.0], [0.0,0.0]]
ENTRY 49 SourceEntry_0 [[0.0,0.0], [0.0,0.0], [0.0,0.0], [0.0,0.0], [0.0,0.0]]
EXIT 49 SourceEntry_0 [[100.0,100.0], [10.0,10.0], [0.0,0.0], [40.0,40.0], [0.0,0.0]]
ENTRY 49 SourceUnit_0 [[100.0,100.0], [10.0,10.0], [0.0,0.0], [40.0,40.0], [0.0,0.0]]
EXIT 49 SourceUnit_0 [[100.0,100.0], [10.0,10.0], [0.0,0.0], [40.0,40.0], [0.0,0.0]]
ENTRY 49 PragmaDirective_0 [[100.0,100.0], [10.0,10.0], [0.0,0.0], [40.0,40.0], [0.0,0.0]]
EXIT 49 PragmaDirective_0 [[100.0,100.0], [10.0,10.0], [0.0,0.0], [40.0,40.0], [0.0,0.0]]
ENTRY 49 SourceExit_0 [[-480.0,100.0], [10.0,480.0], [0.0,0.0], [10.0,40.0], [0.0,0.0]]
EXIT 49 SourceExit_0 [[100.0,100.0], [10.0,10.0], [0.0,0.0], [40.0,40.0], [0.0,0.0]]
ENTRY 49 ContractDefinition_0 [[100.0,100.0], [10.0,10.0], [0.0,0.0], [40.0,40.0], [0.0,0.0]]
EXIT 49 ContractDefinition_0 [[100.0,100.0], [10.0,10.0], [0.0,0.0], [40.0,40.0], [0.0,0.0]]
ENTRY 49 VariableDeclaration_0 [[100.0,100.0], [10.0,10.0], [0.0,0.0], [40.0,40.0], [0.0,0.0]]
EXIT 49 VariableDeclaration_0 [[100.0,100.0], [10.0,10.0], [0.0,0.0], [40.0,40.0], [0.0,0.0]]
ENTRY 49 VariableDeclaration_1 [[100.0,100.0], [10.0,10.0], [0.0,0.0], [40.0,40.0], [0.0,0.0]]
EXIT 49 VariableDeclaration_1 [[100.0,100.0], [10.0,10.0], [0.0,0.0], [40.0,40.0], [0.0,0.0]]
ENTRY 49 VariableDeclaration_2 [[100.0,100.0], [10.0,10.0], [0.0,0.0], [40.0,40.0], [0.0,0.0]]
EXIT 49 VariableDeclaration_2 [[100.0,100.0], [10.0,10.0], [0.0,0.0], [40.0,40.0], [0.0,0.0]]
ENTRY 49 VariableDeclaration_3 [[100.0,100.0], [10.0,10.0], [0.0,0.0], [40.0,40.0], [0.0,0.0]]
EXIT 49 VariableDeclaration_3 [[100.0,100.0], [10.0,10.0], [0.0,0.0], [40.0,40.0], [0.0,0.0]]
ENTRY 49 VariableDeclaration_4 [[100.0,100.0], [10.0,10.0], [0.0,0.0], [40.0,40.0], [0.0,0.0]]
EXIT 49 VariableDeclaration_4 [[100.0,100.0], [10.0,10.0], [0.0,0.0], [40.0,40.0], [0.0,0.0]]
ENTRY 49 ModifierDefinition_0 [[100.0,100.0], [10.0,10.0], [0.0,0.0], [40.0,40.0], [0.0,0.0]]
EXIT 49 ModifierDefinition_0 [[100.0,100.0], [10.0,10.0], [0.0,0.0], [40.0,40.0], [0.0,0.0]]
ENTRY 49 FunctionDefinition_0 [[100.0,100.0], [10.0,10.0], [0.0,0.0], [40.0,40.0], [0.0,0.0]]
EXIT 49 FunctionDefinition_0 [[100.0,100.0], [10.0,10.0], [0.0,0.0], [40.0,40.0], [0.0,0.0]]
ENTRY 49 FunctionEntry_0 [[100.0,100.0], [10.0,10.0], [0.0,0.0], [40.0,40.0], [0.0,0.0]]
EXIT 49 FunctionEntry_0 [[100.0,100.0], [10.0,10.0], [0.0,0.0], [40.0,40.0], [0.0,0.0]]
ENTRY 49 ExpressionStatement_0 [[100.0,100.0], [10.0,10.0], [0.0,0.0], [40.0,40.0], [0.0,0.0]]
EXIT 49 ExpressionStatement_0 [[100.0,100.0], [10.0,10.0], [0.0,0.0], [40.0,40.0], [0.0,0.0]]
ENTRY 49 IfStatement_0 [[-480.0,100.0], [10.0,480.0], [0.0,0.0], [0.0,40.0], [0.0,0.0]]
EXIT 49 IfStatement_0 [[1.0,-1.0], [1.0,-1.0], [1.0,-1.0], [1.0,-1.0], [1.0,-1.0]]
ENTRY 49 ExpressionStatement_1 [[-480.0,100.0], [10.0,480.0], [0.0,0.0], [0.0,40.0], [0.0,0.0]]
EXIT 49 ExpressionStatement_1 [[-490.0,90.0], [10.0,480.0], [0.0,0.0], [0.0,40.0], [0.0,0.0]]
ENTRY 49 ExpressionStatement_2 [[-490.0,90.0], [10.0,480.0], [0.0,0.0], [0.0,40.0], [0.0,0.0]]
EXIT 49 ExpressionStatement_2 [[-490.0,90.0], [20.0,490.0], [0.0,0.0], [0.0,40.0], [0.0,0.0]]
ENTRY 49 IfConditionJoin_0 [[-490.0,100.0], [10.0,490.0], [0.0,0.0], [0.0,40.0], [0.0,0.0]]
EXIT 49 IfConditionJoin_0 [[-490.0,100.0], [10.0,490.0], [0.0,0.0], [0.0,40.0], [0.0,0.0]]
ENTRY 49 ExpressionStatement_3 [[-490.0,100.0], [10.0,490.0], [0.0,0.0], [0.0,40.0], [0.0,0.0]]
EXIT 49 ExpressionStatement_3 [[-490.0,100.0], [10.0,490.0], [0.0,0.0], [10.0,10.0], [0.0,0.0]]
ENTRY 49 FunctionExit_0 [[-490.0,100.0], [10.0,490.0], [0.0,0.0], [10.0,10.0], [0.0,0.0]]
EXIT 49 FunctionExit_0 [[-490.0,100.0], [10.0,490.0], [0.0,0.0], [10.0,10.0], [0.0,0.0]]
ENTRY 50 SourceEntry_0 [[0.0,0.0], [0.0,0.0], [0.0,0.0], [0.0,0.0], [0.0,0.0]]
EXIT 50 SourceEntry_0 [[100.0,100.0], [10.0,10.0], [0.0,0.0], [40.0,40.0], [0.0,0.0]]
ENTRY 50 SourceUnit_0 [[100.0,100.0], [10.0,10.0], [0.0,0.0], [40.0,40.0], [0.0,0.0]]
EXIT 50 SourceUnit_0 [[100.0,100.0], [10.0,10.0], [0.0,0.0], [40.0,40.0], [0.0,0.0]]
ENTRY 50 PragmaDirective_0 [[100.0,100.0], [10.0,10.0], [0.0,0.0], [40.0,40.0], [0.0,0.0]]
EXIT 50 PragmaDirective_0 [[100.0,100.0], [10.0,10.0], [0.0,0.0], [40.0,40.0], [0.0,0.0]]
ENTRY 50 SourceExit_0 [[-490.0,100.0], [10.0,490.0], [0.0,0.0], [10.0,40.0], [0.0,0.0]]
EXIT 50 SourceExit_0 [[100.0,100.0], [10.0,10.0], [0.0,0.0], [40.0,40.0], [0.0,0.0]]
ENTRY 50 ContractDefinition_0 [[100.0,100.0], [10.0,10.0], [0.0,0.0], [40.0,40.0], [0.0,0.0]]
EXIT 50 ContractDefinition_0 [[100.0,100.0], [10.0,10.0], [0.0,0.0], [40.0,40.0], [0.0,0.0]]
ENTRY 50 VariableDeclaration_0 [[100.0,100.0], [10.0,10.0], [0.0,0.0], [40.0,40.0], [0.0,0.0]]
EXIT 50 VariableDeclaration_0 [[100.0,100.0], [10.0,10.0], [0.0,0.0], [40.0,40.0], [0.0,0.0]]
ENTRY 50 VariableDeclaration_1 [[100.0,100.0], [10.0,10.0], [0.0,0.0], [40.0,40.0], [0.0,0.0]]
EXIT 50 VariableDeclaration_1 [[100.0,100.0], [10.0,10.0], [0.0,0.0], [40.0,40.0], [0.0,0.0]]
ENTRY 50 VariableDeclaration_2 [[100.0,100.0], [10.0,10.0], [0.0,0.0], [40.0,40.0], [0.0,0.0]]
EXIT 50 VariableDeclaration_2 [[100.0,100.0], [10.0,10.0], [0.0,0.0], [40.0,40.0], [0.0,0.0]]
ENTRY 50 VariableDeclaration_3 [[100.0,100.0], [10.0,10.0], [0.0,0.0], [40.0,40.0], [0.0,0.0]]
EXIT 50 VariableDeclaration_3 [[100.0,100.0], [10.0,10.0], [0.0,0.0], [40.0,40.0], [0.0,0.0]]
ENTRY 50 VariableDeclaration_4 [[100.0,100.0], [10.0,10.0], [0.0,0.0], [40.0,40.0], [0.0,0.0]]
EXIT 50 VariableDeclaration_4 [[100.0,100.0], [10.0,10.0], [0.0,0.0], [40.0,40.0], [0.0,0.0]]
ENTRY 50 ModifierDefinition_0 [[100.0,100.0], [10.0,10.0], [0.0,0.0], [40.0,40.0], [0.0,0.0]]
EXIT 50 ModifierDefinition_0 [[100.0,100.0], [10.0,10.0], [0.0,0.0], [40.0,40.0], [0.0,0.0]]
ENTRY 50 FunctionDefinition_0 [[100.0,100.0], [10.0,10.0], [0.0,0.0], [40.0,40.0], [0.0,0.0]]
EXIT 50 FunctionDefinition_0 [[100.0,100.0], [10.0,10.0], [0.0,0.0], [40.0,40.0], [0.0,0.0]]
ENTRY 50 FunctionEntry_0 [[100.0,100.0], [10.0,10.0], [0.0,0.0], [40.0,40.0], [0.0,0.0]]
EXIT 50 FunctionEntry_0 [[100.0,100.0], [10.0,10.0], [0.0,0.0], [40.0,40.0], [0.0,0.0]]
ENTRY 50 ExpressionStatement_0 [[100.0,100.0], [10.0,10.0], [0.0,0.0], [40.0,40.0], [0.0,0.0]]
EXIT 50 ExpressionStatement_0 [[100.0,100.0], [10.0,10.0], [0.0,0.0], [40.0,40.0], [0.0,0.0]]
ENTRY 50 IfStatement_0 [[-490.0,100.0], [10.0,490.0], [0.0,0.0], [0.0,40.0], [0.0,0.0]]
EXIT 50 IfStatement_0 [[1.0,-1.0], [1.0,-1.0], [1.0,-1.0], [1.0,-1.0], [1.0,-1.0]]
ENTRY 50 ExpressionStatement_1 [[-490.0,100.0], [10.0,490.0], [0.0,0.0], [0.0,40.0], [0.0,0.0]]
EXIT 50 ExpressionStatement_1 [[-500.0,90.0], [10.0,490.0], [0.0,0.0], [0.0,40.0], [0.0,0.0]]
ENTRY 50 ExpressionStatement_2 [[-500.0,90.0], [10.0,490.0], [0.0,0.0], [0.0,40.0], [0.0,0.0]]
EXIT 50 ExpressionStatement_2 [[-500.0,90.0], [20.0,500.0], [0.0,0.0], [0.0,40.0], [0.0,0.0]]
ENTRY 50 IfConditionJoin_0 [[-500.0,100.0], [10.0,500.0], [0.0,0.0], [0.0,40.0], [0.0,0.0]]
EXIT 50 IfConditionJoin_0 [[-500.0,100.0], [10.0,500.0], [0.0,0.0], [0.0,40.0], [0.0,0.0]]
ENTRY 50 ExpressionStatement_3 [[-500.0,100.0], [10.0,500.0], [0.0,0.0], [0.0,40.0], [0.0,0.0]]
EXIT 50 ExpressionStatement_3 [[-500.0,100.0], [10.0,500.0], [0.0,0.0], [10.0,10.0], [0.0,0.0]]
ENTRY 50 FunctionExit_0 [[-500.0,100.0], [10.0,500.0], [0.0,0.0], [10.0,10.0], [0.0,0.0]]
EXIT 50 FunctionExit_0 [[-500.0,100.0], [10.0,500.0], [0.0,0.0], [10.0,10.0], [0.0,0.0]]

===== OVERFLOW / UNDERFLOW (Box domain, original source) =====
