
===== REENTRANCY (Box domain, transformed source) =====
ENTRY 1 SourceEntry_0 [[0.0,0.0], [0.0,0.0], [0.0,0.0], [0.0,0.0], [0.0,0.0], [0.0,0.0]]
EXIT 1 SourceEntry_0 [[0.0,0.0], [0.0,0.0], [0.0,0.0], [0.0,0.0], [0.0,0.0], [0.0,0.0]]
ENTRY 1 SourceUnit_0 [[0.0,0.0], [0.0,0.0], [0.0,0.0], [0.0,0.0], [0.0,0.0], [0.0,0.0]]
EXIT 1 SourceUnit_0 [[0.0,0.0], [0.0,0.0], [0.0,0.0], [0.0,0.0], [0.0,0.0], [0.0,0.0]]
ENTRY 1 PragmaDirective_0 [[0.0,0.0], [0.0,0.0], [0.0,0.0], [0.0,0.0], [0.0,0.0], [0.0,0.0]]
EXIT 1 PragmaDirective_0 [[0.0,0.0], [0.0,0.0], [0.0,0.0], [0.0,0.0], [0.0,0.0], [0.0,0.0]]
ENTRY 1 SourceExit_0 [[0.0,0.0], [0.0,0.0], [0.0,0.0], [0.0,0.0], [0.0,0.0], [0.0,0.0]]
EXIT 1 SourceExit_0 [[0.0,0.0], [0.0,0.0], [0.0,0.0], [0.0,0.0], [0.0,0.0], [0.0,0.0]]
ENTRY 1 ContractDefinition_0 [[0.0,0.0], [0.0,0.0], [0.0,0.0], [0.0,0.0], [0.0,0.0], [0.0,0.0]]
EXIT 1 ContractDefinition_0 [[0.0,0.0], [0.0,0.0], [0.0,0.0], [0.0,0.0], [0.0,0.0], [0.0,0.0]]
ENTRY 1 VariableDeclaration_0 [[0.0,0.0], [0.0,0.0], [0.0,0.0], [0.0,0.0], [0.0,0.0], [0.0,0.0]]
EXIT 1 VariableDeclaration_0 [[100.0,100.0], [0.0,0.0], [0.0,0.0], [0.0,0.0], [0.0,0.0], [0.0,0.0]]
ENTRY 1 VariableDeclaration_1 [[0.0,0.0], [0.0,0.0], [0.0,0.0], [0.0,0.0], [0.0,0.0], [0.0,0.0]]
EXIT 1 VariableDeclaration_1 [[0.0,0.0], [10.0,10.0], [0.0,0.0], [0.0,0.0], [0.0,0.0], [0.0,0.0]]
ENTRY 1 VariableDeclaration_2 [[0.0,0.0], [0.0,0.0], [0.0,0.0], [0.0,0.0], [0.0,0.0], [0.0,0.0]]
EXIT 1 VariableDeclaration_2 [[0.0,0.0], [0.0,0.0], [40.0,40.0], [0.0,0.0], [0.0,0.0], [0.0,0.0]]
ENTRY 1 VariableDeclaration_3 [[0.0,0.0], [0.0,0.0], [0.0,0.0], [0.0,0.0], [0.0,0.0], [0.0,0.0]]
EXIT 1 VariableDeclaration_3 [[0.0,0.0], [0.0,0.0], [0.0,0.0], [0.0,0.0], [0.0,0.0], [0.0,0.0]]
ENTRY 1 VariableDeclaration_4 [[0.0,0.0], [0.0,0.0], [0.0,0.0], [0.0,0.0], [0.0,0.0], [0.0,0.0]]
EXIT 1 VariableDeclaration_4 [[0.0,0.0], [0.0,0.0], [0.0,0.0], [0.0,0.0], [0.0,0.0], [0.0,0.0]]
ENTRY 1 ModifierDefinition_0 [[0.0,0.0], [0.0,0.0], [0.0,0.0], [0.0,0.0], [0.0,0.0], [0.0,0.0]]
EXIT 1 ModifierDefinition_0 [[100.0,100.0], [10.0,10.0], [40.0,40.0], [0.0,0.0], [0.0,0.0], [0.0,0.0]]
ENTRY 1 FunctionDefinition_0 [[0.0,0.0], [0.0,0.0], [0.0,0.0], [0.0,0.0], [0.0,0.0], [0.0,0.0]]
EXIT 1 FunctionDefinition_0 [[0.0,0.0], [0.0,0.0], [0.0,0.0], [0.0,0.0], [0.0,0.0], [0.0,0.0]]
ENTRY 1 FunctionEntry_0 [[0.0,0.0], [0.0,0.0], [0.0,0.0], [0.0,0.0], [0.0,0.0], [0.0,0.0]]
EXIT 1 FunctionEntry_0 [[0.0,0.0], [0.0,0.0], [0.0,0.0], [0.0,0.0], [0.0,0.0], [0.0,0.0]]
ENTRY 1 VariableDeclarationStatement_0 [[0.0,0.0], [0.0,0.0], [0.0,0.0], [0.0,0.0], [0.0,0.0], [0.0,0.0]]
EXIT 1 VariableDeclarationStatement_0 [[0.0,0.0], [0.0,0.0], [0.0,0.0], [0.0,0.0], [0.0,0.0], [-0.0,0.0]]
ENTRY 1 IfStatement_0 [[0.0,0.0], [0.0,0.0], [0.0,0.0], [0.0,0.0], [0.0,0.0], [-0.0,0.0]]
EXIT 1 IfStatement_0 [[1.0,-1.0], [1.0,-1.0], [1.0,-1.0], [1.0,-1.0], [1.0,-1.0], [1.0,-1.0]]
ENTRY 1 ExpressionStatement_0 [[0.0,0.0], [0.0,0.0], [0.0,0.0], [0.0,0.0], [0.0,0.0], [-0.0,0.0]]
EXIT 1 ExpressionStatement_0 [[-0.0,0.0], [0.0,0.0], [0.0,0.0], [0.0,0.0], [0.0,0.0], [-0.0,0.0]]
ENTRY 1 ExpressionStatement_1 [[-0.0,0.0], [0.0,0.0], [0.0,0.0], [0.0,0.0], [0.0,0.0], [-0.0,0.0]]
EXIT 1 ExpressionStatement_1 [[-0.0,0.0], [-0.0,0.0], [0.0,0.0], [0.0,0.0], [0.0,0.0], [-0.0,0.0]]
ENTRY 1 IfConditionJoin_0 [[-0.0,0.0], [-0.0,0.0], [0.0,0.0], [0.0,0.0], [0.0,0.0], [-0.0,0.0]]
EXIT 1 IfConditionJoin_0 [[-0.0,0.0], [-0.0,0.0], [0.0,0.0], [0.0,0.0], [0.0,0.0], [-0.0,0.0]]
ENTRY 1 ExpressionStatement_2 [[-0.0,0.0], [-0.0,0.0], [0.0,0.0], [0.0,0.0], [0.0,0.0], [-0.0,0.0]]
EXIT 1 ExpressionStatement_2 [[-0.0,0.0], [-0.0,0.0], [-0.0,0.0], [0.0,0.0], [0.0,0.0], [-0.0,0.0]]
ENTRY 1 ExpressionStatement_3 [[-0.0,0.0], [-0.0,0.0], [-0.0,0.0], [0.0,0.0], [0.0,0.0], [-0.0,0.0]]
EXIT 1 ExpressionStatement_3 [[-0.0,0.0], [-0.0,0.0], [-0.0,0.0], [-0.0,0.0], [0.0,0.0], [-0.0,0.0]]
ENTRY 1 Return_0 [[-0.0,0.0], [-0.0,0.0], [-0.0,0.0], [-0.0,0.0], [0.0,0.0], [-0.0,0.0]]
EXIT 1 Return_0 [[-0.0,0.0], [-0.0,0.0], [-0.0,0.0], [-0.0,0.0], [0.0,0.0], [-0.0,0.0]]
ENTRY 1 FunctionExit_0 [[-0.0,0.0], [-0.0,0.0], [-0.0,0.0], [-0.0,0.0], [0.0,0.0], [-0.0,0.0]]
EXIT 1 FunctionExit_0 [[-0.0,0.0], [-0.0,0.0], [-0.0,0.0], [-0.0,0.0], [0.0,0.0], [-0.0,0.0]]
ENTRY 2 SourceEntry_0 [[0.0,0.0], [0.0,0.0], [0.0,0.0], [0.0,0.0], [0.0,0.0], [0.0,0.0]]
EXIT 2 SourceEntry_0 [[100.0,100.0], [10.0,10.0], [40.0,40.0], [0.0,0.0], [0.0,0.0], [0.0,0.0]]
ENTRY 2 SourceUnit_0 [[100.0,100.0], [10.0,10.0], [40.0,40.0], [0.0,0.0], [0.0,0.0], [0.0,0.0]]
EXIT 2 SourceUnit_0 [[100.0,100.0], [10.0,10.0], [40.0,40.0], [0.0,0.0], [0.0,0.0], [0.0,0.0]]
ENTRY 2 PragmaDirective_0 [[100.0,100.0], [10.0,10.0], [40.0,40.0], [0.0,0.0], [0.0,0.0], [0.0,0.0]]
EXIT 2 PragmaDirective_0 [[100.0,100.0], [10.0,10.0], [40.0,40.0], [0.0,0.0], [0.0,0.0], [0.0,0.0]]
ENTRY 2 SourceExit_0 [[0.0,100.0], [0.0,10.0], [0.0,40.0], [0.0,0.0], [0.0,0.0], [0.0,0.0]]
EXIT 2 SourceExit_0 [[100.0,100.0], [10.0,10.0], [40.0,40.0], [0.0,0.0], [0.0,0.0], [0.0,0.0]]
ENTRY 2 ContractDefinition_0 [[100.0,100.0], [10.0,10.0], [40.0,40.0], [0.0,0.0], [0.0,0.0], [0.0,0.0]]
EXIT 2 ContractDefinition_0 [[100.0,100.0], [10.0,10.0], [40.0,40.0], [0.0,0.0], [0.0,0.0], [0.0,0.0]]
ENTRY 2 VariableDeclaration_0 [[100.0,100.0], [10.0,10.0], [40.0,40.0], [0.0,0.0], [0.0,0.0], [0.0,0.0]]
EXIT 2 VariableDeclaration_0 [[100.0,100.0], [10.0,10.0], [40.0,40.0], [0.0,0.0], [0.0,0.0], [0.0,0.0]]
ENTRY 2 VariableDeclaration_1 [[100.0,100.0], [10.0,10.0], [40.0,40.0], [0.0,0.0], [0.0,0.0], [0.0,0.0]]
EXIT 2 VariableDeclaration_1 [[100.0,100.0], [10.0,10.0], [40.0,40.0], [0.0,0.0], [0.0,0.0], [0.0,0.0]]
ENTRY 2 VariableDeclaration_2 [[100.0,100.0], [10.0,10.0], [40.0,40.0], [0.0,0.0], [0.0,0.0], [0.0,0.0]]
EXIT 2 VariableDeclaration_2 [[100.0,100.0], [10.0,10.0], [40.0,40.0], [0.0,0.0], [0.0,0.0], [0.0,0.0]]
ENTRY 2 VariableDeclaration_3 [[100.0,100.0], [10.0,10.0], [40.0,40.0], [0.0,0.0], [0.0,0.0], [0.0,0.0]]
EXIT 2 VariableDeclaration_3 [[100.0,100.0], [10.0,10.0], [40.0,40.0], [0.0,0.0], [0.0,0.0], [0.0,0.0]]
ENTRY 2 VariableDeclaration_4 [[100.0,100.0], [10.0,10.0], [40.0,40.0], [0.0,0.0], [0.0,0.0], [0.0,0.0]]
EXIT 2 VariableDeclaration_4 [[100.0,100.0], [10.0,10.0], [40.0,40.0], [0.0,0.0], [0.0,0.0], [0.0,0.0]]
ENTRY 2 ModifierDefinition_0 [[100.0,100.0], [10.0,10.0], [40.0,40.0], [0.0,0.0], [0.0,0.0], [0.0,0.0]]
EXIT 2 ModifierDefinition_0 [[100.0,100.0], [10.0,10.0], [40.0,40.0], [0.0,0.0], [0.0,0.0], [0.0,0.0]]
ENTRY 2 FunctionDefinition_0 [[100.0,100.0], [10.0,10.0], [40.0,40.0], [0.0,0.0], [0.0,0.0], [0.0,0.0]]
EXIT 2 FunctionDefinition_0 [[100.0,100.0], [10.0,10.0], [40.0,40.0], [0.0,0.0], [0.0,0.0], [0.0,0.0]]
ENTRY 2 FunctionEntry_0 [[100.0,100.0], [10.0,10.0], [40.0,40.0], [0.0,0.0], [0.0,0.0], [0.0,0.0]]
EXIT 2 FunctionEntry_0 [[100.0,100.0], [10.0,10.0], [40.0,40.0], [0.0,0.0], [0.0,0.0], [0.0,0.0]]
ENTRY 2 VariableDeclarationStatement_0 [[100.0,100.0], [10.0,10.0], [40.0,40.0], [0.0,0.0], [0.0,0.0], [0.0,0.0]]
EXIT 2 VariableDeclarationStatement_0 [[100.0,100.0], [10.0,10.0], [40.0,40.0], [0.0,0.0], [0.0,0.0], [0.4,0.4]]
ENTRY 2 IfStatement_0 [[-0.0,100.0], [-0.0,10.0], [0.0,40.0], [0.0,0.0], [0.0,0.0], [-0.0,0.4]]
EXIT 2 IfStatement_0 [[1.0,-1.0], [1.0,-1.0], [1.0,-1.0], [1.0,-1.0], [1.0,-1.0], [1.0,-1.0]]
ENTRY 2 ExpressionStatement_0 [[-0.0,100.0], [-0.0,10.0], [0.0,40.0], [0.0,0.0], [0.0,0.0], [-0.0,0.4]]
EXIT 2 ExpressionStatement_0 [[-0.4,100.0], [-0.0,10.0], [0.0,40.0], [0.0,0.0], [0.0,0.0], [-0.0,0.4]]
ENTRY 2 ExpressionStatement_1 [[-0.4,100.0], [-0.0,10.0], [0.0,40.0], [0.0,0.0], [0.0,0.0], [-0.0,0.4]]
EXIT 2 ExpressionStatement_1 [[-0.4,100.0], [-0.0,10.4], [0.0,40.0], [0.0,0.0], [0.0,0.0], [-0.0,0.4]]
ENTRY 2 IfConditionJoin_0 [[-0.4,100.0], [-0.0,10.4], [0.0,40.0], [0.0,0.0], [0.0,0.0], [-0.0,0.4]]
EXIT 2 IfConditionJoin_0 [[-0.4,100.0], [-0.0,10.4], [0.0,40.0], [0.0,0.0], [0.0,0.0], [-0.0,0.4]]
ENTRY 2 ExpressionStatement_2 [[-0.4,100.0], [-0.0,10.4], [0.0,40.0], [0.0,0.0], [0.0,0.0], [-0.0,0.4]]
EXIT 2 ExpressionStatement_2 [[-0.4,100.0], [-0.0,10.4], [-0.0,0.4], [0.0,0.0], [0.0,0.0], [-0.0,0.4]]
ENTRY 2 ExpressionStatement_3 [[-0.4,100.0], [-0.0,10.4], [-0.0,0.4], [0.0,0.0], [0.0,0.0], [-0.0,0.4]]
EXIT 2 ExpressionStatement_3 [[-0.4,100.0], [-0.0,10.4], [-0.0,0.4], [-0.0,0.4], [0.0,0.0], [-0.0,0.4]]
ENTRY 2 Return_0 [[-0.4,100.0], [-0.0,10.4], [-0.0,0.4], [-0.0,0.4], [0.0,0.0], [-0.0,0.4]]
EXIT 2 Return_0 [[-0.4,100.0], [-0.0,10.4], [-0.0,0.4], [-0.0,0.4], [0.0,0.0], [-0.0,0.4]]
ENTRY 2 FunctionExit_0 [[-0.4,100.0], [-0.0,10.4], [-0.0,0.4], [-0.0,0.4], [0.0,0.0], [-0.0,0.4]]
EXIT 2 FunctionExit_0 [[-0.4,100.0], [-0.0,10.4], [-0.0,0.4], [-0.0,0.4], [0.0,0.0], [-0.0,0.4]]
ENTRY 3 SourceEntry_0 [[0.0,0.0], [0.0,0.0], [0.0,0.0], [0.0,0.0], [0.0,0.0], [0.0,0.0]]
EXIT 3 SourceEntry_0 [[100.0,100.0], [10.0,10.0], [40.0,40.0], [0.0,0.0], [0.0,0.0], [0.0,0.0]]
ENTRY 3 SourceUnit_0 [[100.0,100.0], [10.0,10.0], [40.0,40.0], [0.0,0.0], [0.0,0.0], [0.0,0.0]]
EXIT 3 SourceUnit_0 [[100.0,100.0], [10.0,10.0], [40.0,40.0], [0.0,0.0], [0.0,0.0], [0.0,0.0]]
ENTRY 3 PragmaDirective_0 [[100.0,100.0], [10.0,10.0], [40.0,40.0], [0.0,0.0], [0.0,0.0], [0.0,0.0]]
EXIT 3 PragmaDirective_0 [[100.0,100.0], [10.0,10.0], [40.0,40.0], [0.0,0.0], [0.0,0.0], [0.0,0.0]]
ENTRY 3 SourceExit_0 [[-0.4,100.0], [-0.0,10.4], [-0.0,40.0], [0.0,0.4], [0.0,0.0], [0.0,0.4]]
EXIT 3 SourceExit_0 [[100.0,100.0], [10.0,10.0], [40.0,40.0], [0.0,0.0], [0.0,0.0], [0.0,0.4]]
ENTRY 3 ContractDefinition_0 [[100.0,100.0], [10.0,10.0], [40.0,40.0], [0.0,0.0], [0.0,0.0], [0.0,0.0]]
EXIT 3 ContractDefinition_0 [[100.0,100.0], [10.0,10.0], [40.0,40.0], [0.0,0.0], [0.0,0.0], [0.0,0.0]]
ENTRY 3 VariableDeclaration_0 [[100.0,100.0], [10.0,10.0], [40.0,40.0], [0.0,0.0], [0.0,0.0], [0.0,0.0]]
EXIT 3 VariableDeclaration_0 [[100.0,100.0], [10.0,10.0], [40.0,40.0], [0.0,0.0], [0.0,0.0], [0.0,0.0]]
ENTRY 3 VariableDeclaration_1 [[100.0,100.0], [10.0,10.0], [40.0,40.0], [0.0,0.0], [0.0,0.0], [0.0,0.0]]
EXIT 3 VariableDeclaration_1 [[100.0,100.0], [10.0,10.0], [40.0,40.0], [0.0,0.0], [0.0,0.0], [0.0,0.0]]
ENTRY 3 VariableDeclaration_2 [[100.0,100.0], [10.0,10.0], [40.0,40.0], [0.0,0.0], [0.0,0.0], [0.0,0.0]]
EXIT 3 VariableDeclaration_2 [[100.0,100.0], [10.0,10.0], [40.0,40.0], [0.0,0.0], [0.0,0.0], [0.0,0.0]]
ENTRY 3 VariableDeclaration_3 [[100.0,100.0], [10.0,10.0], [40.0,40.0], [0.0,0.0], [0.0,0.0], [0.0,0.0]]
EXIT 3 VariableDeclaration_3 [[100.0,100.0], [10.0,10.0], [40.0,40.0], [0.0,0.0], [0.0,0.0], [0.0,0.0]]
ENTRY 3 VariableDeclaration_4 [[100.0,100.0], [10.0,10.0], [40.0,40.0], [0.0,0.0], [0.0,0.0], [0.0,0.0]]
EXIT 3 VariableDeclaration_4 [[100.0,100.0], [10.0,10.0], [40.0,40.0], [0.0,0.0], [0.0,0.0], [0.0,0.0]]
ENTRY 3 ModifierDefinition_0 [[100.0,100.0], [10.0,10.0], [40.0,40.0], [0.0,0.0], [0.0,0.0], [0.0,0.0]]
EXIT 3 ModifierDefinition_0 [[100.0,100.0], [10.0,10.0], [40.0,40.0], [0.0,0.0], [0.0,0.0], [0.0,0.0]]
ENTRY 3 FunctionDefinition_0 [[100.0,100.0], [10.0,10.0], [40.0,40.0], [0.0,0.0], [0.0,0.0], [0.0,0.0]]
EXIT 3 FunctionDefinition_0 [[100.0,100.0], [10.0,10.0], [40.0,40.0], [0.0,0.0], [0.0,0.0], [0.0,0.0]]
ENTRY 3 FunctionEntry_0 [[100.0,100.0], [10.0,10.0], [40.0,40.0], [0.0,0.0], [0.0,0.0], [0.0,0.0]]
EXIT 3 FunctionEntry_0 [[100.0,100.0], [10.0,10.0], [40.0,40.0], [0.0,0.0], [0.0,0.0], [0.0,0.0]]
ENTRY 3 VariableDeclarationStatement_0 [[100.0,100.0], [10.0,10.0], [40.0,40.0], [0.0,0.0], [0.0,0.0], [0.0,0.0]]
EXIT 3 VariableDeclarationStatement_0 [[100.0,100.0], [10.0,10.0], [40.0,40.0], [0.0,0.0], [0.0,0.0], [0.4,0.4]]
ENTRY 3 IfStatement_0 [[-0.4,100.0], [-0.0,10.4], [0.0,40.0], [0.0,0.0], [0.0,0.0], [-0.0,0.4]]
EXIT 3 IfStatement_0 [[1.0,-1.0], [1.0,-1.0], [1.0,-1.0], [1.0,-1.0], [1.0,-1.0], [1.0,-1.0]]
ENTRY 3 ExpressionStatement_0 [[-0.4,100.0], [-0.0,10.4], [0.0,40.0], [0.0,0.0], [0.0,0.0], [-0.0,0.4]]
EXIT 3 ExpressionStatement_0 [[-0.8,100.0], [-0.0,10.4], [0.0,40.0], [0.0,0.0], [0.0,0.0], [-0.0,0.4]]
ENTRY 3 ExpressionStatement_1 [[-0.8,100.0], [-0.0,10.4], [0.0,40.0], [0.0,0.0], [0.0,0.0], [-0.0,0.4]]
EXIT 3 ExpressionStatement_1 [[-0.8,100.0], [-0.0,10.8], [0.0,40.0], [0.0,0.0], [0.0,0.0], [-0.0,0.4]]
ENTRY 3 IfConditionJoin_0 [[-0.8,100.0], [-0.0,10.8], [0.0,40.0], [0.0,0.0], [0.0,0.0], [-0.0,0.4]]
EXIT 3 IfConditionJoin_0 [[-0.8,100.0], [-0.0,10.8], [0.0,40.0], [0.0,0.0], [0.0,0.0], [-0.0,0.4]]
ENTRY 3 ExpressionStatement_2 [[-0.8,100.0], [-0.0,10.8], [0.0,40.0], [0.0,0.0], [0.0,0.0], [-0.0,0.4]]
EXIT 3 ExpressionStatement_2 [[-0.8,100.0], [-0.0,10.8], [-0.0,0.4], [0.0,0.0], [0.0,0.0], [-0.0,0.4]]
ENTRY 3 ExpressionStatement_3 [[-0.8,100.0], [-0.0,10.8], [-0.0,0.4], [0.0,0.0], [0.0,0.0], [-0.0,0.4]]
EXIT 3 ExpressionStatement_3 [[-0.8,100.0], [-0.0,10.8], [-0.0,0.4], [-0.0,0.4], [0.0,0.0], [-0.0,0.4]]
ENTRY 3 Return_0 [[-0.8,100.0], [-0.0,10.8], [-0.0,0.4], [-0.0,0.4], [0.0,0.0], [-0.0,0.4]]
EXIT 3 Return_0 [[-0.8,100.0], [-0.0,10.8], [-0.0,0.4], [-0.0,0.4], [0.0,0.0], [-0.0,0.4]]
ENTRY 3 FunctionExit_0 [[-0.8,100.0], [-0.0,10.8], [-0.0,0.4], [-0.0,0.4], [0.0,0.0], [-0.0,0.4]]
EXIT 3 FunctionExit_0 [[-0.8,100.0], [-0.0,10.8], [-0.0,0.4], [-0.0,0.4], [0.0,0.0], [-0.0,0.4]]
ENTRY 4 SourceEntry_0 [[0.0,0.0], [0.0,0.0], [0.0,0.0], [0.0,0.0], [0.0,0.0], [0.0,0.0]]
EXIT 4 SourceEntry_0 [[100.0,100.0], [10.0,10.0], [40.0,40.0], [0.0,0.0], [0.0,0.0], [0.0,0.0]]
ENTRY 4 SourceUnit_0 [[100.0,100.0], [10.0,10.0], [40.0,40.0], [0.0,0.0], [0.0,0.0], [0.0,0.0]]
EXIT 4 SourceUnit_0 [[100.0,100.0], [10.0,10.0], [40.0,40.0], [0.0,0.0], [0.0,0.0], [0.0,0.0]]
ENTRY 4 PragmaDirective_0 [[100.0,100.0], [10.0,10.0], [40.0,40.0], [0.0,0.0], [0.0,0.0], [0.0,0.0]]
EXIT 4 PragmaDirective_0 [[100.0,100.0], [10.0,10.0], [40.0,40.0], [0.0,0.0], [0.0,0.0], [0.0,0.0]]
ENTRY 4 SourceExit_0 [[-0.8,100.0], [-0.0,10.8], [-0.0,40.0], [0.0,0.4], [0.0,0.0], [0.0,0.4]]
EXIT 4 SourceExit_0 [[100.0,100.0], [10.0,10.0], [40.0,40.0], [0.0,0.0], [0.0,0.0], [0.0,0.4]]
ENTRY 4 ContractDefinition_0 [[100.0,100.0], [10.0,10.0], [40.0,40.0], [0.0,0.0], [0.0,0.0], [0.0,0.0]]
EXIT 4 ContractDefinition_0 [[100.0,100.0], [10.0,10.0], [40.0,40.0], [0.0,0.0], [0.0,0.0], [0.0,0.0]]
ENTRY 4 VariableDeclaration_0 [[100.0,100.0], [10.0,10.0], [40.0,40.0], [0.0,0.0], [0.0,0.0], [0.0,0.0]]
EXIT 4 VariableDeclaration_0 [[100.0,100.0], [10.0,10.0], [40.0,40.0], [0.0,0.0], [0.0,0.0], [0.0,0.0]]
ENTRY 4 VariableDeclaration_1 [[100.0,100.0], [10.0,10.0], [40.0,40.0], [0.0,0.0], [0.0,0.0], [0.0,0.0]]
EXIT 4 VariableDeclaration_1 [[100.0,100.0], [10.0,10.0], [40.0,40.0], [0.0,0.0], [0.0,0.0], [0.0,0.0]]
ENTRY 4 VariableDeclaration_2 [[100.0,100.0], [10.0,10.0], [40.0,40.0], [0.0,0.0], [0.0,0.0], [0.0,0.0]]
EXIT 4 VariableDeclaration_2 [[100.0,100.0], [10.0,10.0], [40.0,40.0], [0.0,0.0], [0.0,0.0], [0.0,0.0]]
ENTRY 4 VariableDeclaration_3 [[100.0,100.0], [10.0,10.0], [40.0,40.0], [0.0,0.0], [0.0,0.0], [0.0,0.0]]
EXIT 4 VariableDeclaration_3 [[100.0,100.0], [10.0,10.0], [40.0,40.0], [0.0,0.0], [0.0,0.0], [0.0,0.0]]
ENTRY 4 VariableDeclaration_4 [[100.0,100.0], [10.0,10.0], [40.0,40.0], [0.0,0.0], [0.0,0.0], [0.0,0.0]]
EXIT 4 VariableDeclaration_4 [[100.0,100.0], [10.0,10.0], [40.0,40.0], [0.0,0.0], [0.0,0.0], [0.0,0.0]]
ENTRY 4 ModifierDefinition_0 [[100.0,100.0], [10.0,10.0], [40.0,40.0], [0.0,0.0], [0.0,0.0], [0.0,0.0]]
EXIT 4 ModifierDefinition_0 [[100.0,100.0], [10.0,10.0], [40.0,40.0], [0.0,0.0], [0.0,0.0], [0.0,0.0]]
ENTRY 4 FunctionDefinition_0 [[100.0,100.0], [10.0,10.0], [40.0,40.0], [0.0,0.0], [0.0,0.0], [0.0,0.0]]
EXIT 4 FunctionDefinition_0 [[100.0,100.0], [10.0,10.0], [40.0,40.0], [0.0,0.0], [0.0,0.0], [0.0,0.0]]
ENTRY 4 FunctionEntry_0 [[100.0,100.0], [10.0,10.0], [40.0,40.0], [0.0,0.0], [0.0,0.0], [0.0,0.0]]
EXIT 4 FunctionEntry_0 [[100.0,100.0], [10.0,10.0], [40.0,40.0], [0.0,0.0], [0.0,0.0], [0.0,0.0]]
ENTRY 4 VariableDeclarationStatement_0 [[100.0,100.0], [10.0,10.0], [40.0,40.0], [0.0,0.0], [0.0,0.0], [0.0,0.0]]
EXIT 4 VariableDeclarationStatement_0 [[100.0,100.0], [10.0,10.0], [40.0,40.0], [0.0,0.0], [0.0,0.0], [0.4,0.4]]
ENTRY 4 IfStatement_0 [[-0.8,100.0], [-0.0,10.8], [0.0,40.0], [0.0,0.0], [0.0,0.0], [-0.0,0.4]]
EXIT 4 IfStatement_0 [[1.0,-1.0], [1.0,-1.0], [1.0,-1.0], [1.0,-1.0], [1.0,-1.0], [1.0,-1.0]]
ENTRY 4 ExpressionStatement_0 [[-0.8,100.0], [-0.0,10.8], [0.0,40.0], [0.0,0.0], [0.0,0.0], [-0.0,0.4]]
EXIT 4 ExpressionStatement_0 [[-1.2000000000000002,100.0], [-0.0,10.8], [0.0,40.0], [0.0,0.0], [0.0,0.0], [-0.0,0.4]]
ENTRY 4 ExpressionStatement_1 [[-1.2000000000000002,100.0], [-0.0,10.8], [0.0,40.0], [0.0,0.0], [0.0,0.0], [-0.0,0.4]]
EXIT 4 ExpressionStatement_1 [[-1.2000000000000002,100.0], [-0.0,11.200000000000001], [0.0,40.0], [0.0,0.0], [0.0,0.0], [-0.0,0.4]]
ENTRY 4 IfConditionJoin_0 [[-1.2000000000000002,100.0], [-0.0,11.200000000000001], [0.0,40.0], [0.0,0.0], [0.0,0.0], [-0.0,0.4]]
EXIT 4 IfConditionJoin_0 [[-1.2000000000000002,100.0], [-0.0,11.200000000000001], [0.0,40.0], [0.0,0.0], [0.0,0.0], [-0.0,0.4]]
ENTRY 4 ExpressionStatement_2 [[-1.2000000000000002,100.0], [-0.0,11.200000000000001], [0.0,40.0], [0.0,0.0], [0.0,0.0], [-0.0,0.4]]
EXIT 4 ExpressionStatement_2 [[-1.2000000000000002,100.0], [-0.0,11.200000000000001], [-0.0,0.4], [0.0,0.0], [0.0,0.0], [-0.0,0.4]]
ENTRY 4 ExpressionStatement_3 [[-1.2000000000000002,100.0], [-0.0,11.200000000000001], [-0.0,0.4], [0.0,0.0], [0.0,0.0], [-0.0,0.4]]
EXIT 4 ExpressionStatement_3 [[-1.2000000000000002,100.0], [-0.0,11.200000000000001], [-0.0,0.4], [-0.0,0.4], [0.0,0.0], [-0.0,0.4]]
ENTRY 4 Return_0 [[-1.2000000000000002,100.0], [-0.0,11.200000000000001], [-0.0,0.4], [-0.0,0.4], [0.0,0.0], [-0.0,0.4]]
EXIT 4 Return_0 [[-1.2000000000000002,100.0], [-0.0,11.200000000000001], [-0.0,0.4], [-0.0,0.4], [0.0,0.0], [-0.0,0.4]]
ENTRY 4 FunctionExit_0 [[-1.2000000000000002,100.0], [-0.0,11.200000000000001], [-0.0,0.4], [-0.0,0.4], [0.0,0.0], [-0.0,0.4]]
EXIT 4 FunctionExit_0 [[-1.2000000000000002,100.0], [-0.0,11.200000000000001], [-0.0,0.4], [-0.0,0.4], [0.0,0.0], [-0.0,0.4]]
ENTRY 5 SourceEntry_0 [[0.0,0.0], [0.0,0.0], [0.0,0.0], [0.0,0.0], [0.0,0.0], [0.0,0.0]]
EXIT 5 SourceEntry_0 [[100.0,100.0], [10.0,10.0], [40.0,40.0], [0.0,0.0], [0.0,0.0], [0.0,0.0]]
ENTRY 5 SourceUnit_0 [[100.0,100.0], [10.0,10.0], [40.0,40.0], [0.0,0.0], [0.0,0.0], [0.0,0.0]]
EXIT 5 SourceUnit_0 [[100.0,100.0], [10.0,10.0], [40.0,40.0], [0.0,0.0], [0.0,0.0], [0.0,0.0]]
ENTRY 5 PragmaDirective_0 [[100.0,100.0], [10.0,10.0], [40.0,40.0], [0.0,0.0], [0.0,0.0], [0.0,0.0]]
EXIT 5 PragmaDirective_0 [[100.0,100.0], [10.0,10.0], [40.0,40.0], [0.0,0.0], [0.0,0.0], [0.0,0.0]]
ENTRY 5 SourceExit_0 [[-1.2000000000000002,100.0], [-0.0,11.200000000000001], [-0.0,40.0], [0.0,0.4], [0.0,0.0], [0.0,0.4]]
EXIT 5 SourceExit_0 [[100.0,100.0], [10.0,10.0], [40.0,40.0], [0.0,0.0], [0.0,0.0], [0.0,0.4]]
ENTRY 5 ContractDefinition_0 [[100.0,100.0], [10.0,10.0], [40.0,40.0], [0.0,0.0], [0.0,0.0], [0.0,0.0]]
EXIT 5 ContractDefinition_0 [[100.0,100.0], [10.0,10.0], [40.0,40.0], [0.0,0.0], [0.0,0.0], [0.0,0.0]]
ENTRY 5 VariableDeclaration_0 [[100.0,100.0], [10.0,10.0], [40.0,40.0], [0.0,0.0], [0.0,0.0], [0.0,0.0]]
EXIT 5 VariableDeclaration_0 [[100.0,100.0], [10.0,10.0], [40.0,40.0], [0.0,0.0], [0.0,0.0], [0.0,0.0]]
ENTRY 5 VariableDeclaration_1 [[100.0,100.0], [10.0,10.0], [40.0,40.0], [0.0,0.0], [0.0,0.0], [0.0,0.0]]
EXIT 5 VariableDeclaration_1 [[100.0,100.0], [10.0,10.0], [40.0,40.0], [0.0,0.0], [0.0,0.0], [0.0,0.0]]
ENTRY 5 VariableDeclaration_2 [[100.0,100.0], [10.0,10.0], [40.0,40.0], [0.0,0.0], [0.0,0.0], [0.0,0.0]]
EXIT 5 VariableDeclaration_2 [[100.0,100.0], [10.0,10.0], [40.0,40.0], [0.0,0.0], [0.0,0.0], [0.0,0.0]]
ENTRY 5 VariableDeclaration_3 [[100.0,100.0], [10.0,10.0], [40.0,40.0], [0.0,0.0], [0.0,0.0], [0.0,0.0]]
EXIT 5 VariableDeclaration_3 [[100.0,100.0], [10.0,10.0], [40.0,40.0], [0.0,0.0], [0.0,0.0], [0.0,0.0]]
ENTRY 5 VariableDeclaration_4 [[100.0,100.0], [10.0,10.0], [40.0,40.0], [0.0,0.0], [0.0,0.0], [0.0,0.0]]
EXIT 5 VariableDeclaration_4 [[100.0,100.0], [10.0,10.0], [40.0,40.0], [0.0,0.0], [0.0,0.0], [0.0,0.0]]
ENTRY 5 ModifierDefinition_0 [[100.0,100.0], [10.0,10.0], [40.0,40.0], [0.0,0.0], [0.0,0.0], [0.0,0.0]]
EXIT 5 ModifierDefinition_0 [[100.0,100.0], [10.0,10.0], [40.0,40.0], [0.0,0.0], [0.0,0.0], [0.0,0.0]]
ENTRY 5 FunctionDefinition_0 [[100.0,100.0], [10.0,10.0], [40.0,40.0], [0.0,0.0], [0.0,0.0], [0.0,0.0]]
EXIT 5 FunctionDefinition_0 [[100.0,100.0], [10.0,10.0], [40.0,40.0], [0.0,0.0], [0.0,0.0], [0.0,0.0]]
ENTRY 5 FunctionEntry_0 [[100.0,100.0], [10.0,10.0], [40.0,40.0], [0.0,0.0], [0.0,0.0], [0.0,0.0]]
EXIT 5 FunctionEntry_0 [[100.0,100.0], [10.0,10.0], [40.0,40.0], [0.0,0.0], [0.0,0.0], [0.0,0.0]]
ENTRY 5 VariableDeclarationStatement_0 [[100.0,100.0], [10.0,10.0], [40.0,40.0], [0.0,0.0], [0.0,0.0], [0.0,0.0]]
EXIT 5 VariableDeclarationStatement_0 [[100.0,100.0], [10.0,10.0], [40.0,40.0], [0.0,0.0], [0.0,0.0], [0.4,0.4]]
ENTRY 5 IfStatement_0 [[-1.2000000000000002,100.0], [-0.0,11.200000000000001], [0.0,40.0], [0.0,0.0], [0.0,0.0], [-0.0,0.4]]
EXIT 5 IfStatement_0 [[1.0,-1.0], [1.0,-1.0], [1.0,-1.0], [1.0,-1.0], [1.0,-1.0], [1.0,-1.0]]
ENTRY 5 ExpressionStatement_0 [[-1.2000000000000002,100.0], [-0.0,11.200000000000001], [0.0,40.0], [0.0,0.0], [0.0,0.0], [-0.0,0.4]]
EXIT 5 ExpressionStatement_0 [[-1.6,100.0], [-0.0,11.200000000000001], [0.0,40.0], [0.0,0.0], [0.0,0.0], [-0.0,0.4]]
ENTRY 5 ExpressionStatement_1 [[-1.6,100.0], [-0.0,11.200000000000001], [0.0,40.0], [0.0,0.0], [0.0,0.0], [-0.0,0.4]]
EXIT 5 ExpressionStatement_1 [[-1.6,100.0], [-0.0,11.600000000000001], [0.0,40.0], [0.0,0.0], [0.0,0.0], [-0.0,0.4]]
ENTRY 5 IfConditionJoin_0 [[-1.6,100.0], [-0.0,11.600000000000001], [0.0,40.0], [0.0,0.0], [0.0,0.0], [-0.0,0.4]]
EXIT 5 IfConditionJoin_0 [[-1.6,100.0], [-0.0,11.600000000000001], [0.0,40.0], [0.0,0.0], [0.0,0.0], [-0.0,0.4]]
ENTRY 5 ExpressionStatement_2 [[-1.6,100.0], [-0.0,11.600000000000001], [0.0,40.0], [0.0,0.0], [0.0,0.0], [-0.0,0.4]]
EXIT 5 ExpressionStatement_2 [[-1.6,100.0], [-0.0,11.600000000000001], [-0.0,0.4], [0.0,0.0], [0.0,0.0], [-0.0,0.4]]
ENTRY 5 ExpressionStatement_3 [[-1.6,100.0], [-0.0,11.600000000000001], [-0.0,0.4], [0.0,0.0], [0.0,0.0], [-0.0,0.4]]
EXIT 5 ExpressionStatement_3 [[-1.6,100.0], [-0.0,11.600000000000001], [-0.0,0.4], [-0.0,0.4], [0.0,0.0], [-0.0,0.4]]
ENTRY 5 Return_0 [[-1.6,100.0], [-0.0,11.600000000000001], [-0.0,0.4], [-0.0,0.4], [0.0,0.0], [-0.0,0.4]]
EXIT 5 Return_0 [[-1.6,100.0], [-0.0,11.600000000000001], [-0.0,0.4], [-0.0,0.4], [0.0,0.0], [-0.0,0.4]]
ENTRY 5 FunctionExit_0 [[-1.6,100.0], [-0.0,11.600000000000001], [-0.0,0.4], [-0.0,0.4], [0.0,0.0], [-0.0,0.4]]
EXIT 5 FunctionExit_0 [[-1.6,100.0], [-0.0,11.600000000000001], [-0.0,0.4], [-0.0,0.4], [0.0,0.0], [-0.0,0.4]]
ENTRY 6 SourceEntry_0 [[0.0,0.0], [0.0,0.0], [0.0,0.0], [0.0,0.0], [0.0,0.0], [0.0,0.0]]
EXIT 6 SourceEntry_0 [[100.0,100.0], [10.0,10.0], [40.0,40.0], [0.0,0.0], [0.0,0.0], [0.0,0.0]]
ENTRY 6 SourceUnit_0 [[100.0,100.0], [10.0,10.0], [40.0,40.0], [0.0,0.0], [0.0,0.0], [0.0,0.0]]
EXIT 6 SourceUnit_0 [[100.0,100.0], [10.0,10.0], [40.0,40.0], [0.0,0.0], [0.0,0.0], [0.0,0.0]]
ENTRY 6 PragmaDirective_0 [[100.0,100.0], [10.0,10.0], [40.0,40.0], [0.0,0.0], [0.0,0.0], [0.0,0.0]]
EXIT 6 PragmaDirective_0 [[100.0,100.0], [10.0,10.0], [40.0,40.0], [0.0,0.0], [0.0,0.0], [0.0,0.0]]
ENTRY 6 SourceExit_0 [[-1.6,100.0], [-0.0,11.600000000000001], [-0.0,40.0], [0.0,0.4], [0.0,0.0], [0.0,0.4]]
EXIT 6 SourceExit_0 [[100.0,100.0], [10.0,10.0], [40.0,40.0], [0.0,0.0], [0.0,0.0], [0.0,0.4]]
ENTRY 6 ContractDefinition_0 [[100.0,100.0], [10.0,10.0], [40.0,40.0], [0.0,0.0], [0.0,0.0], [0.0,0.0]]
EXIT 6 ContractDefinition_0 [[100.0,100.0], [10.0,10.0], [40.0,40.0], [0.0,0.0], [0.0,0.0], [0.0,0.0]]
ENTRY 6 VariableDeclaration_0 [[100.0,100.0], [10.0,10.0], [40.0,40.0], [0.0,0.0], [0.0,0.0], [0.0,0.0]]
EXIT 6 VariableDeclaration_0 [[100.0,100.0], [10.0,10.0], [40.0,40.0], [0.0,0.0], [0.0,0.0], [0.0,0.0]]
ENTRY 6 VariableDeclaration_1 [[100.0,100.0], [10.0,10.0], [40.0,40.0], [0.0,0.0], [0.0,0.0], [0.0,0.0]]
EXIT 6 VariableDeclaration_1 [[100.0,100.0], [10.0,10.0], [40.0,40.0], [0.0,0.0], [0.0,0.0], [0.0,0.0]]
ENTRY 6 VariableDeclaration_2 [[100.0,100.0], [10.0,10.0], [40.0,40.0], [0.0,0.0], [0.0,0.0], [0.0,0.0]]
EXIT 6 VariableDeclaration_2 [[100.0,100.0], [10.0,10.0], [40.0,40.0], [0.0,0.0], [0.0,0.0], [0.0,0.0]]
ENTRY 6 VariableDeclaration_3 [[100.0,100.0], [10.0,10.0], [40.0,40.0], [0.0,0.0], [0.0,0.0], [0.0,0.0]]
EXIT 6 VariableDeclaration_3 [[100.0,100.0], [10.0,10.0], [40.0,40.0], [0.0,0.0], [0.0,0.0], [0.0,0.0]]
ENTRY 6 VariableDeclaration_4 [[100.0,100.0], [10.0,10.0], [40.0,40.0], [0.0,0.0], [0.0,0.0], [0.0,0.0]]
EXIT 6 VariableDeclaration_4 [[100.0,100.0], [10.0,10.0], [40.0,40.0], [0.0,0.0], [0.0,0.0], [0.0,0.0]]
ENTRY 6 ModifierDefinition_0 [[100.0,100.0], [10.0,10.0], [40.0,40.0], [0.0,0.0], [0.0,0.0], [0.0,0.0]]
EXIT 6 ModifierDefinition_0 [[100.0,100.0], [10.0,10.0], [40.0,40.0], [0.0,0.0], [0.0,0.0], [0.0,0.0]]
ENTRY 6 FunctionDefinition_0 [[100.0,100.0], [10.0,10.0], [40.0,40.0], [0.0,0.0], [0.0,0.0], [0.0,0.0]]
EXIT 6 FunctionDefinition_0 [[100.0,100.0], [10.0,10.0], [40.0,40.0], [0.0,0.0], [0.0,0.0], [0.0,0.0]]
ENTRY 6 FunctionEntry_0 [[100.0,100.0], [10.0,10.0], [40.0,40.0], [0.0,0.0], [0.0,0.0], [0.0,0.0]]
EXIT 6 FunctionEntry_0 [[100.0,100.0], [10.0,10.0], [40.0,40.0], [0.0,0.0], [0.0,0.0], [0.0,0.0]]
ENTRY 6 VariableDeclarationStatement_0 [[100.0,100.0], [10.0,10.0], [40.0,40.0], [0.0,0.0], [0.0,0.0], [0.0,0.0]]
EXIT 6 VariableDeclarationStatement_0 [[100.0,100.0], [10.0,10.0], [40.0,40.0], [0.0,0.0], [0.0,0.0], [0.4,0.4]]
ENTRY 6 IfStatement_0 [[-1.6,100.0], [-0.0,11.600000000000001], [0.0,40.0], [0.0,0.0], [0.0,0.0], [-0.0,0.4]]
EXIT 6 IfStatement_0 [[1.0,-1.0], [1.0,-1.0], [1.0,-1.0], [1.0,-1.0], [1.0,-1.0], [1.0,-1.0]]
ENTRY 6 ExpressionStatement_0 [[-1.6,100.0], [-0.0,11.600000000000001], [0.0,40.0], [0.0,0.0], [0.0,0.0], [-0.0,0.4]]
EXIT 6 ExpressionStatement_0 [[-2.0,100.0], [-0.0,11.600000000000001], [0.0,40.0], [0.0,0.0], [0.0,0.0], [-0.0,0.4]]
ENTRY 6 ExpressionStatement_1 [[-2.0,100.0], [-0.0,11.600000000000001], [0.0,40.0], [0.0,0.0], [0.0,0.0], [-0.0,0.4]]
EXIT 6 ExpressionStatement_1 [[-2.0,100.0], [-0.0,12.000000000000002], [0.0,40.0], [0.0,0.0], [0.0,0.0], [-0.0,0.4]]
ENTRY 6 IfConditionJoin_0 [[-2.0,100.0], [-0.0,12.000000000000002], [0.0,40.0], [0.0,0.0], [0.0,0.0], [-0.0,0.4]]
EXIT 6 IfConditionJoin_0 [[-2.0,100.0], [-0.0,12.000000000000002], [0.0,40.0], [0.0,0.0], [0.0,0.0], [-0.0,0.4]]
ENTRY 6 ExpressionStatement_2 [[-2.0,100.0], [-0.0,12.000000000000002], [0.0,40.0], [0.0,0.0], [0.0,0.0], [-0.0,0.4]]
EXIT 6 ExpressionStatement_2 [[-2.0,100.0], [-0.0,12.000000000000002], [-0.0,0.4], [0.0,0.0], [0.0,0.0], [-0.0,0.4]]
ENTRY 6 ExpressionStatement_3 [[-2.0,100.0], [-0.0,12.000000000000002], [-0.0,0.4], [0.0,0.0], [0.0,0.0], [-0.0,0.4]]
EXIT 6 ExpressionStatement_3 [[-2.0,100.0], [-0.0,12.000000000000002], [-0.0,0.4], [-0.0,0.4], [0.0,0.0], [-0.0,0.4]]
ENTRY 6 Return_0 [[-2.0,100.0], [-0.0,12.000000000000002], [-0.0,0.4], [-0.0,0.4], [0.0,0.0], [-0.0,0.4]]
EXIT 6 Return_0 [[-2.0,100.0], [-0.0,12.000000000000002], [-0.0,0.4], [-0.0,0.4], [0.0,0.0], [-0.0,0.4]]
ENTRY 6 FunctionExit_0 [[-2.0,100.0], [-0.0,12.000000000000002], [-0.0,0.4], [-0.0,0.4], [0.0,0.0], [-0.0,0.4]]
EXIT 6 FunctionExit_0 [[-2.0,100.0], [-0.0,12.000000000000002], [-0.0,0.4], [-0.0,0.4], [0.0,0.0], [-0.0,0.4]]
ENTRY 7 SourceEntry_0 [[0.0,0.0], [0.0,0.0], [0.0,0.0], [0.0,0.0], [0.0,0.0], [0.0,0.0]]
EXIT 7 SourceEntry_0 [[100.0,100.0], [10.0,10.0], [40.0,40.0], [0.0,0.0], [0.0,0.0], [0.0,0.0]]
ENTRY 7 SourceUnit_0 [[100.0,100.0], [10.0,10.0], [40.0,40.0], [0.0,0.0], [0.0,0.0], [0.0,0.0]]
EXIT 7 SourceUnit_0 [[100.0,100.0], [10.0,10.0], [40.0,40.0], [0.0,0.0], [0.0,0.0], [0.0,0.0]]
ENTRY 7 PragmaDirective_0 [[100.0,100.0], [10.0,10.0], [40.0,40.0], [0.0,0.0], [0.0,0.0], [0.0,0.0]]
EXIT 7 PragmaDirective_0 [[100.0,100.0], [10.0,10.0], [40.0,40.0], [0.0,0.0], [0.0,0.0], [0.0,0.0]]
ENTRY 7 SourceExit_0 [[-2.0,100.0], [-0.0,12.000000000000002], [-0.0,40.0], [0.0,0.4], [0.0,0.0], [0.0,0.4]]
EXIT 7 SourceExit_0 [[100.0,100.0], [10.0,10.0], [40.0,40.0], [0.0,0.0], [0.0,0.0], [0.0,0.4]]
ENTRY 7 ContractDefinition_0 [[100.0,100.0], [10.0,10.0], [40.0,40.0], [0.0,0.0], [0.0,0.0], [0.0,0.0]]
EXIT 7 ContractDefinition_0 [[100.0,100.0], [10.0,10.0], [40.0,40.0], [0.0,0.0], [0.0,0.0], [0.0,0.0]]
ENTRY 7 VariableDeclaration_0 [[100.0,100.0], [10.0,10.0], [40.0,40.0], [0.0,0.0], [0.0,0.0], [0.0,0.0]]
EXIT 7 VariableDeclaration_0 [[100.0,100.0], [10.0,10.0], [40.0,40.0], [0.0,0.0], [0.0,0.0], [0.0,0.0]]
ENTRY 7 VariableDeclaration_1 [[100.0,100.0], [10.0,10.0], [40.0,40.0], [0.0,0.0], [0.0,0.0], [0.0,0.0]]
EXIT 7 VariableDeclaration_1 [[100.0,100.0], [10.0,10.0], [40.0,40.0], [0.0,0.0], [0.0,0.0], [0.0,0.0]]
ENTRY 7 VariableDeclaration_2 [[100.0,100.0], [10.0,10.0], [40.0,40.0], [0.0,0.0], [0.0,0.0], [0.0,0.0]]
EXIT 7 VariableDeclaration_2 [[100.0,100.0], [10.0,10.0], [40.0,40.0], [0.0,0.0], [0.0,0.0], [0.0,0.0]]
ENTRY 7 VariableDeclaration_3 [[100.0,100.0], [10.0,10.0], [40.0,40.0], [0.0,0.0], [0.0,0.0], [0.0,0.0]]
EXIT 7 VariableDeclaration_3 [[100.0,100.0], [10.0,10.0], [40.0,40.0], [0.0,0.0], [0.0,0.0], [0.0,0.0]]
ENTRY 7 VariableDeclaration_4 [[100.0,100.0], [10.0,10.0], [40.0,40.0], [0.0,0.0], [0.0,0.0], [0.0,0.0]]
EXIT 7 VariableDeclaration_4 [[100.0,100.0], [10.0,10.0], [40.0,40.0], [0.0,0.0], [0.0,0.0], [0.0,0.0]]
ENTRY 7 ModifierDefinition_0 [[100.0,100.0], [10.0,10.0], [40.0,40.0], [0.0,0.0], [0.0,0.0], [0.0,0.0]]
EXIT 7 ModifierDefinition_0 [[100.0,100.0], [10.0,10.0], [40.0,40.0], [0.0,0.0], [0.0,0.0], [0.0,0.0]]
ENTRY 7 FunctionDefinition_0 [[100.0,100.0], [10.0,10.0], [40.0,40.0], [0.0,0.0], [0.0,0.0], [0.0,0.0]]
EXIT 7 FunctionDefinition_0 [[100.0,100.0], [10.0,10.0], [40.0,40.0], [0.0,0.0], [0.0,0.0], [0.0,0.0]]
ENTRY 7 FunctionEntry_0 [[100.0,100.0], [10.0,10.0], [40.0,40.0], [0.0,0.0], [0.0,0.0], [0.0,0.0]]
EXIT 7 FunctionEntry_0 [[100.0,100.0], [10.0,10.0], [40.0,40.0], [0.0,0.0], [0.0,0.0], [0.0,0.0]]
ENTRY 7 VariableDeclarationStatement_0 [[100.0,100.0], [10.0,10.0], [40.0,40.0], [0.0,0.0], [0.0,0.0], [0.0,0.0]]
EXIT 7 VariableDeclarationStatement_0 [[100.0,100.0], [10.0,10.0], [40.0,40.0], [0.0,0.0], [0.0,0.0], [0.4,0.4]]
ENTRY 7 IfStatement_0 [[-2.0,100.0], [-0.0,12.000000000000002], [0.0,40.0], [0.0,0.0], [0.0,0.0], [-0.0,0.4]]
EXIT 7 IfStatement_0 [[1.0,-1.0], [1.0,-1.0], [1.0,-1.0], [1.0,-1.0], [1.0,-1.0], [1.0,-1.0]]
ENTRY 7 ExpressionStatement_0 [[-2.0,100.0], [-0.0,12.000000000000002], [0.0,40.0], [0.0,0.0], [0.0,0.0], [-0.0,0.4]]
EXIT 7 ExpressionStatement_0 [[-2.4,100.0], [-0.0,12.000000000000002], [0.0,40.0], [0.0,0.0], [0.0,0.0], [-0.0,0.4]]
ENTRY 7 ExpressionStatement_1 [[-2.4,100.0], [-0.0,12.000000000000002], [0.0,40.0], [0.0,0.0], [0.0,0.0], [-0.0,0.4]]
EXIT 7 ExpressionStatement_1 [[-2.4,100.0], [-0.0,12.400000000000002], [0.0,40.0], [0.0,0.0], [0.0,0.0], [-0.0,0.4]]
ENTRY 7 IfConditionJoin_0 [[-2.4,100.0], [-0.0,12.400000000000002], [0.0,40.0], [0.0,0.0], [0.0,0.0], [-0.0,0.4]]
EXIT 7 IfConditionJoin_0 [[-2.4,100.0], [-0.0,12.400000000000002], [0.0,40.0], [0.0,0.0], [0.0,0.0], [-0.0,0.4]]
ENTRY 7 ExpressionStatement_2 [[-2.4,100.0], [-0.0,12.400000000000002], [0.0,40.0], [0.0,0.0], [0.0,0.0], [-0.0,0.4]]
EXIT 7 ExpressionStatement_2 [[-2.4,100.0], [-0.0,12.400000000000002], [-0.0,0.4], [0.0,0.0], [0.0,0.0], [-0.0,0.4]]
ENTRY 7 ExpressionStatement_3 [[-2.4,100.0], [-0.0,12.400000000000002], [-0.0,0.4], [0.0,0.0], [0.0,0.0], [-0.0,0.4]]
EXIT 7 ExpressionStatement_3 [[-2.4,100.0], [-0.0,12.400000000000002], [-0.0,0.4], [-0.0,0.4], [0.0,0.0], [-0.0,0.4]]
ENTRY 7 Return_0 [[-2.4,100.0], [-0.0,12.400000000000002], [-0.0,0.4], [-0.0,0.4], [0.0,0.0], [-0.0,0.4]]
EXIT 7 Return_0 [[-2.4,100.0], [-0.0,12.400000000000002], [-0.0,0.4], [-0.0,0.4], [0.0,0.0], [-0.0,0.4]]
ENTRY 7 FunctionExit_0 [[-2.4,100.0], [-0.0,12.400000000000002], [-0.0,0.4], [-0.0,0.4], [0.0,0.0], [-0.0,0.4]]
EXIT 7 FunctionExit_0 [[-2.4,100.0], [-0.0,12.400000000000002], [-0.0,0.4], [-0.0,0.4], [0.0,0.0], [-0.0,0.4]]
ENTRY 8 SourceEntry_0 [[0.0,0.0], [0.0,0.0], [0.0,0.0], [0.0,0.0], [0.0,0.0], [0.0,0.0]]
EXIT 8 SourceEntry_0 [[100.0,100.0], [10.0,10.0], [40.0,40.0], [0.0,0.0], [0.0,0.0], [0.0,0.0]]
ENTRY 8 SourceUnit_0 [[100.0,100.0], [10.0,10.0], [40.0,40.0], [0.0,0.0], [0.0,0.0], [0.0,0.0]]
EXIT 8 SourceUnit_0 [[100.0,100.0], [10.0,10.0], [40.0,40.0], [0.0,0.0], [0.0,0.0], [0.0,0.0]]
ENTRY 8 PragmaDirective_0 [[100.0,100.0], [10.0,10.0], [40.0,40.0], [0.0,0.0], [0.0,0.0], [0.0,0.0]]
EXIT 8 PragmaDirective_0 [[100.0,100.0], [10.0,10.0], [40.0,40.0], [0.0,0.0], [0.0,0.0], [0.0,0.0]]
ENTRY 8 SourceExit_0 [[-2.4,100.0], [-0.0,12.400000000000002], [-0.0,40.0], [0.0,0.4], [0.0,0.0], [0.0,0.4]]
EXIT 8 SourceExit_0 [[100.0,100.0], [10.0,10.0], [40.0,40.0], [0.0,0.0], [0.0,0.0], [0.0,0.4]]
ENTRY 8 ContractDefinition_0 [[100.0,100.0], [10.0,10.0], [40.0,40.0], [0.0,0.0], [0.0,0.0], [0.0,0.0]]
EXIT 8 ContractDefinition_0 [[100.0,100.0], [10.0,10.0], [40.0,40.0], [0.0,0.0], [0.0,0.0], [0.0,0.0]]
ENTRY 8 VariableDeclaration_0 [[100.0,100.0], [10.0,10.0], [40.0,40.0], [0.0,0.0], [0.0,0.0], [0.0,0.0]]
EXIT 8 VariableDeclaration_0 [[100.0,100.0], [10.0,10.0], [40.0,40.0], [0.0,0.0], [0.0,0.0], [0.0,0.0]]
ENTRY 8 VariableDeclaration_1 [[100.0,100.0], [10.0,10.0], [40.0,40.0], [0.0,0.0], [0.0,0.0], [0.0,0.0]]
EXIT 8 VariableDeclaration_1 [[100.0,100.0], [10.0,10.0], [40.0,40.0], [0.0,0.0], [0.0,0.0], [0.0,0.0]]
ENTRY 8 VariableDeclaration_2 [[100.0,100.0], [10.0,10.0], [40.0,40.0], [0.0,0.0], [0.0,0.0], [0.0,0.0]]
EXIT 8 VariableDeclaration_2 [[100.0,100.0], [10.0,10.0], [40.0,40.0], [0.0,0.0], [0.0,0.0], [0.0,0.0]]
ENTRY 8 VariableDeclaration_3 [[100.0,100.0], [10.0,10.0], [40.0,40.0], [0.0,0.0], [0.0,0.0], [0.0,0.0]]
EXIT 8 VariableDeclaration_3 [[100.0,100.0], [10.0,10.0], [40.0,40.0], [0.0,0.0], [0.0,0.0], [0.0,0.0]]
ENTRY 8 VariableDeclaration_4 [[100.0,100.0], [10.0,10.0], [40.0,40.0], [0.0,0.0], [0.0,0.0], [0.0,0.0]]
EXIT 8 VariableDeclaration_4 [[100.0,100.0], [10.0,10.0], [40.0,40.0], [0.0,0.0], [0.0,0.0], [0.0,0.0]]
ENTRY 8 ModifierDefinition_0 [[100.0,100.0], [10.0,10.0], [40.0,40.0], [0.0,0.0], [0.0,0.0], [0.0,0.0]]
EXIT 8 ModifierDefinition_0 [[100.0,100.0], [10.0,10.0], [40.0,40.0], [0.0,0.0], [0.0,0.0], [0.0,0.0]]
ENTRY 8 FunctionDefinition_0 [[100.0,100.0], [10.0,10.0], [40.0,40.0], [0.0,0.0], [0.0,0.0], [0.0,0.0]]
EXIT 8 FunctionDefinition_0 [[100.0,100.0], [10.0,10.0], [40.0,40.0], [0.0,0.0], [0.0,0.0], [0.0,0.0]]
ENTRY 8 FunctionEntry_0 [[100.0,100.0], [10.0,10.0], [40.0,40.0], [0.0,0.0], [0.0,0.0], [0.0,0.0]]
EXIT 8 FunctionEntry_0 [[100.0,100.0], [10.0,10.0], [40.0,40.0], [0.0,0.0], [0.0,0.0], [0.0,0.0]]
ENTRY 8 VariableDeclarationStatement_0 [[100.0,100.0], [10.0,10.0], [40.0,40.0], [0.0,0.0], [0.0,0.0], [0.0,0.0]]
EXIT 8 VariableDeclarationStatement_0 [[100.0,100.0], [10.0,10.0], [40.0,40.0], [0.0,0.0], [0.0,0.0], [0.4,0.4]]
ENTRY 8 IfStatement_0 [[-2.4,100.0], [-0.0,12.400000000000002], [0.0,40.0], [0.0,0.0], [0.0,0.0], [-0.0,0.4]]
EXIT 8 IfStatement_0 [[1.0,-1.0], [1.0,-1.0], [1.0,-1.0], [1.0,-1.0], [1.0,-1.0], [1.0,-1.0]]
ENTRY 8 ExpressionStatement_0 [[-2.4,100.0], [-0.0,12.400000000000002], [0.0,40.0], [0.0,0.0], [0.0,0.0], [-0.0,0.4]]
EXIT 8 ExpressionStatement_0 [[-2.8,100.0], [-0.0,12.400000000000002], [0.0,40.0], [0.0,0.0], [0.0,0.0], [-0.0,0.4]]
ENTRY 8 ExpressionStatement_1 [[-2.8,100.0], [-0.0,12.400000000000002], [0.0,40.0], [0.0,0.0], [0.0,0.0], [-0.0,0.4]]
EXIT 8 ExpressionStatement_1 [[-2.8,100.0], [-0.0,12.800000000000002], [0.0,40.0], [0.0,0.0], [0.0,0.0], [-0.0,0.4]]
ENTRY 8 IfConditionJoin_0 [[-2.8,100.0], [-0.0,12.800000000000002], [0.0,40.0], [0.0,0.0], [0.0,0.0], [-0.0,0.4]]
EXIT 8 IfConditionJoin_0 [[-2.8,100.0], [-0.0,12.800000000000002], [0.0,40.0], [0.0,0.0], [0.0,0.0], [-0.0,0.4]]
ENTRY 8 ExpressionStatement_2 [[-2.8,100.0], [-0.0,12.800000000000002], [0.0,40.0], [0.0,0.0], [0.0,0.0], [-0.0,0.4]]
EXIT 8 ExpressionStatement_2 [[-2.8,100.0], [-0.0,12.800000000000002], [-0.0,0.4], [0.0,0.0], [0.0,0.0], [-0.0,0.4]]
ENTRY 8 ExpressionStatement_3 [[-2.8,100.0], [-0.0,12.800000000000002], [-0.0,0.4], [0.0,0.0], [0.0,0.0], [-0.0,0.4]]
EXIT 8 ExpressionStatement_3 [[-2.8,100.0], [-0.0,12.800000000000002], [-0.0,0.4], [-0.0,0.4], [0.0,0.0], [-0.0,0.4]]
ENTRY 8 Return_0 [[-2.8,100.0], [-0.0,12.800000000000002], [-0.0,0.4], [-0.0,0.4], [0.0,0.0], [-0.0,0.4]]
EXIT 8 Return_0 [[-2.8,100.0], [-0.0,12.800000000000002], [-0.0,0.4], [-0.0,0.4], [0.0,0.0], [-0.0,0.4]]
ENTRY 8 FunctionExit_0 [[-2.8,100.0], [-0.0,12.800000000000002], [-0.0,0.4], [-0.0,0.4], [0.0,0.0], [-0.0,0.4]]
EXIT 8 FunctionExit_0 [[-2.8,100.0], [-0.0,12.800000000000002], [-0.0,0.4], [-0.0,0.4], [0.0,0.0], [-0.0,0.4]]
ENTRY 9 SourceEntry_0 [[0.0,0.0], [0.0,0.0], [0.0,0.0], [0.0,0.0], [0.0,0.0], [0.0,0.0]]
EXIT 9 SourceEntry_0 [[100.0,100.0], [10.0,10.0], [40.0,40.0], [0.0,0.0], [0.0,0.0], [0.0,0.0]]
ENTRY 9 SourceUnit_0 [[100.0,100.0], [10.0,10.0], [40.0,40.0], [0.0,0.0], [0.0,0.0], [0.0,0.0]]
EXIT 9 SourceUnit_0 [[100.0,100.0], [10.0,10.0], [40.0,40.0], [0.0,0.0], [0.0,0.0], [0.0,0.0]]
ENTRY 9 PragmaDirective_0 [[100.0,100.0], [10.0,10.0], [40.0,40.0], [0.0,0.0], [0.0,0.0], [0.0,0.0]]
EXIT 9 PragmaDirective_0 [[100.0,100.0], [10.0,10.0], [40.0,40.0], [0.0,0.0], [0.0,0.0], [0.0,0.0]]
ENTRY 9 SourceExit_0 [[-2.8,100.0], [-0.0,12.800000000000002], [-0.0,40.0], [0.0,0.4], [0.0,0.0], [0.0,0.4]]
EXIT 9 SourceExit_0 [[100.0,100.0], [10.0,10.0], [40.0,40.0], [0.0,0.0], [0.0,0.0], [0.0,0.4]]
ENTRY 9 ContractDefinition_0 [[100.0,100.0], [10.0,10.0], [40.0,40.0], [0.0,0.0], [0.0,0.0], [0.0,0.0]]
EXIT 9 ContractDefinition_0 [[100.0,100.0], [10.0,10.0], [40.0,40.0], [0.0,0.0], [0.0,0.0], [0.0,0.0]]
ENTRY 9 VariableDeclaration_0 [[100.0,100.0], [10.0,10.0], [40.0,40.0], [0.0,0.0], [0.0,0.0], [0.0,0.0]]
EXIT 9 VariableDeclaration_0 [[100.0,100.0], [10.0,10.0], [40.0,40.0], [0.0,0.0], [0.0,0.0], [0.0,0.0]]
ENTRY 9 VariableDeclaration_1 [[100.0,100.0], [10.0,10.0], [40.0,40.0], [0.0,0.0], [0.0,0.0], [0.0,0.0]]
EXIT 9 VariableDeclaration_1 [[100.0,100.0], [10.0,10.0], [40.0,40.0], [0.0,0.0], [0.0,0.0], [0.0,0.0]]
ENTRY 9 VariableDeclaration_2 [[100.0,100.0], [10.0,10.0], [40.0,40.0], [0.0,0.0], [0.0,0.0], [0.0,0.0]]
EXIT 9 VariableDeclaration_2 [[100.0,100.0], [10.0,10.0], [40.0,40.0], [0.0,0.0], [0.0,0.0], [0.0,0.0]]
ENTRY 9 VariableDeclaration_3 [[100.0,100.0], [10.0,10.0], [40.0,40.0], [0.0,0.0], [0.0,0.0], [0.0,0.0]]
EXIT 9 VariableDeclaration_3 [[100.0,100.0], [10.0,10.0], [40.0,40.0], [0.0,0.0], [0.0,0.0], [0.0,0.0]]
ENTRY 9 VariableDeclaration_4 [[100.0,100.0], [10.0,10.0], [40.0,40.0], [0.0,0.0], [0.0,0.0], [0.0,0.0]]
EXIT 9 VariableDeclaration_4 [[100.0,100.0], [10.0,10.0], [40.0,40.0], [0.0,0.0], [0.0,0.0], [0.0,0.0]]
ENTRY 9 ModifierDefinition_0 [[100.0,100.0], [10.0,10.0], [40.0,40.0], [0.0,0.0], [0.0,0.0], [0.0,0.0]]
EXIT 9 ModifierDefinition_0 [[100.0,100.0], [10.0,10.0], [40.0,40.0], [0.0,0.0], [0.0,0.0], [0.0,0.0]]
ENTRY 9 FunctionDefinition_0 [[100.0,100.0], [10.0,10.0], [40.0,40.0], [0.0,0.0], [0.0,0.0], [0.0,0.0]]
EXIT 9 FunctionDefinition_0 [[100.0,100.0], [10.0,10.0], [40.0,40.0], [0.0,0.0], [0.0,0.0], [0.0,0.0]]
ENTRY 9 FunctionEntry_0 [[100.0,100.0], [10.0,10.0], [40.0,40.0], [0.0,0.0], [0.0,0.0], [0.0,0.0]]
EXIT 9 FunctionEntry_0 [[100.0,100.0], [10.0,10.0], [40.0,40.0], [0.0,0.0], [0.0,0.0], [0.0,0.0]]
ENTRY 9 VariableDeclarationStatement_0 [[100.0,100.0], [10.0,10.0], [40.0,40.0], [0.0,0.0], [0.0,0.0], [0.0,0.0]]
EXIT 9 VariableDeclarationStatement_0 [[100.0,100.0], [10.0,10.0], [40.0,40.0], [0.0,0.0], [0.0,0.0], [0.4,0.4]]
ENTRY 9 IfStatement_0 [[-2.8,100.0], [-0.0,12.800000000000002], [0.0,40.0], [0.0,0.0], [0.0,0.0], [-0.0,0.4]]
EXIT 9 IfStatement_0 [[1.0,-1.0], [1.0,-1.0], [1.0,-1.0], [1.0,-1.0], [1.0,-1.0], [1.0,-1.0]]
ENTRY 9 ExpressionStatement_0 [[-2.8,100.0], [-0.0,12.800000000000002], [0.0,40.0], [0.0,0.0], [0.0,0.0], [-0.0,0.4]]
EXIT 9 ExpressionStatement_0 [[-3.1999999999999997,100.0], [-0.0,12.800000000000002], [0.0,40.0], [0.0,0.0], [0.0,0.0], [-0.0,0.4]]
ENTRY 9 ExpressionStatement_1 [[-3.1999999999999997,100.0], [-0.0,12.800000000000002], [0.0,40.0], [0.0,0.0], [0.0,0.0], [-0.0,0.4]]
EXIT 9 ExpressionStatement_1 [[-3.1999999999999997,100.0], [-0.0,13.200000000000003], [0.0,40.0], [0.0,0.0], [0.0,0.0], [-0.0,0.4]]
ENTRY 9 IfConditionJoin_0 [[-3.1999999999999997,100.0], [-0.0,13.200000000000003], [0.0,40.0], [0.0,0.0], [0.0,0.0], [-0.0,0.4]]
EXIT 9 IfConditionJoin_0 [[-3.1999999999999997,100.0], [-0.0,13.200000000000003], [0.0,40.0], [0.0,0.0], [0.0,0.0], [-0.0,0.4]]
ENTRY 9 ExpressionStatement_2 [[-3.1999999999999997,100.0], [-0.0,13.200000000000003], [0.0,40.0], [0.0,0.0], [0.0,0.0], [-0.0,0.4]]
EXIT 9 ExpressionStatement_2 [[-3.1999999999999997,100.0], [-0.0,13.200000000000003], [-0.0,0.4], [0.0,0.0], [0.0,0.0], [-0.0,0.4]]
ENTRY 9 ExpressionStatement_3 [[-3.1999999999999997,100.0], [-0.0,13.200000000000003], [-0.0,0.4], [0.0,0.0], [0.0,0.0], [-0.0,0.4]]
EXIT 9 ExpressionStatement_3 [[-3.1999999999999997,100.0], [-0.0,13.200000000000003], [-0.0,0.4], [-0.0,0.4], [0.0,0.0], [-0.0,0.4]]
ENTRY 9 Return_0 [[-3.1999999999999997,100.0], [-0.0,13.200000000000003], [-0.0,0.4], [-0.0,0.4], [0.0,0.0], [-0.0,0.4]]
EXIT 9 Return_0 [[-3.1999999999999997,100.0], [-0.0,13.200000000000003], [-0.0,0.4], [-0.0,0.4], [0.0,0.0], [-0.0,0.4]]
ENTRY 9 FunctionExit_0 [[-3.1999999999999997,100.0], [-0.0,13.200000000000003], [-0.0,0.4], [-0.0,0.4], [0.0,0.0], [-0.0,0.4]]
EXIT 9 FunctionExit_0 [[-3.1999999999999997,100.0], [-0.0,13.200000000000003], [-0.0,0.4], [-0.0,0.4], [0.0,0.0], [-0.0,0.4]]
ENTRY 10 SourceEntry_0 [[0.0,0.0], [0.0,0.0], [0.0,0.0], [0.0,0.0], [0.0,0.0], [0.0,0.0]]
EXIT 10 SourceEntry_0 [[100.0,100.0], [10.0,10.0], [40.0,40.0], [0.0,0.0], [0.0,0.0], [0.0,0.0]]
ENTRY 10 SourceUnit_0 [[100.0,100.0], [10.0,10.0], [40.0,40.0], [0.0,0.0], [0.0,0.0], [0.0,0.0]]
EXIT 10 SourceUnit_0 [[100.0,100.0], [10.0,10.0], [40.0,40.0], [0.0,0.0], [0.0,0.0], [0.0,0.0]]
ENTRY 10 PragmaDirective_0 [[100.0,100.0], [10.0,10.0], [40.0,40.0], [0.0,0.0], [0.0,0.0], [0.0,0.0]]
EXIT 10 PragmaDirective_0 [[100.0,100.0], [10.0,10.0], [40.0,40.0], [0.0,0.0], [0.0,0.0], [0.0,0.0]]
ENTRY 10 SourceExit_0 [[-3.1999999999999997,100.0], [-0.0,13.200000000000003], [-0.0,40.0], [0.0,0.4], [0.0,0.0], [0.0,0.4]]
EXIT 10 SourceExit_0 [[100.0,100.0], [10.0,10.0], [40.0,40.0], [0.0,0.0], [0.0,0.0], [0.0,0.4]]
ENTRY 10 ContractDefinition_0 [[100.0,100.0], [10.0,10.0], [40.0,40.0], [0.0,0.0], [0.0,0.0], [0.0,0.0]]
EXIT 10 ContractDefinition_0 [[100.0,100.0], [10.0,10.0], [40.0,40.0], [0.0,0.0], [0.0,0.0], [0.0,0.0]]
ENTRY 10 VariableDeclaration_0 [[100.0,100.0], [10.0,10.0], [40.0,40.0], [0.0,0.0], [0.0,0.0], [0.0,0.0]]
EXIT 10 VariableDeclaration_0 [[100.0,100.0], [10.0,10.0], [40.0,40.0], [0.0,0.0], [0.0,0.0], [0.0,0.0]]
ENTRY 10 VariableDeclaration_1 [[100.0,100.0], [10.0,10.0], [40.0,40.0], [0.0,0.0], [0.0,0.0], [0.0,0.0]]
EXIT 10 VariableDeclaration_1 [[100.0,100.0], [10.0,10.0], [40.0,40.0], [0.0,0.0], [0.0,0.0], [0.0,0.0]]
ENTRY 10 VariableDeclaration_2 [[100.0,100.0], [10.0,10.0], [40.0,40.0], [0.0,0.0], [0.0,0.0], [0.0,0.0]]
EXIT 10 VariableDeclaration_2 [[100.0,100.0], [10.0,10.0], [40.0,40.0], [0.0,0.0], [0.0,0.0], [0.0,0.0]]
ENTRY 10 VariableDeclaration_3 [[100.0,100.0], [10.0,10.0], [40.0,40.0], [0.0,0.0], [0.0,0.0], [0.0,0.0]]
EXIT 10 VariableDeclaration_3 [[100.0,100.0], [10.0,10.0], [40.0,40.0], [0.0,0.0], [0.0,0.0], [0.0,0.0]]
ENTRY 10 VariableDeclaration_4 [[100.0,100.0], [10.0,10.0], [40.0,40.0], [0.0,0.0], [0.0,0.0], [0.0,0.0]]
EXIT 10 VariableDeclaration_4 [[100.0,100.0], [10.0,10.0], [40.0,40.0], [0.0,0.0], [0.0,0.0], [0.0,0.0]]
ENTRY 10 ModifierDefinition_0 [[100.0,100.0], [10.0,10.0], [40.0,40.0], [0.0,0.0], [0.0,0.0], [0.0,0.0]]
EXIT 10 ModifierDefinition_0 [[100.0,100.0], [10.0,10.0], [40.0,40.0], [0.0,0.0], [0.0,0.0], [0.0,0.0]]
ENTRY 10 FunctionDefinition_0 [[100.0,100.0], [10.0,10.0], [40.0,40.0], [0.0,0.0], [0.0,0.0], [0.0,0.0]]
EXIT 10 FunctionDefinition_0 [[100.0,100.0], [10.0,10.0], [40.0,40.0], [0.0,0.0], [0.0,0.0], [0.0,0.0]]
ENTRY 10 FunctionEntry_0 [[100.0,100.0], [10.0,10.0], [40.0,40.0], [0.0,0.0], [0.0,0.0], [0.0,0.0]]
EXIT 10 FunctionEntry_0 [[100.0,100.0], [10.0,10.0], [40.0,40.0], [0.0,0.0], [0.0,0.0], [0.0,0.0]]
ENTRY 10 VariableDeclarationStatement_0 [[100.0,100.0], [10.0,10.0], [40.0,40.0], [0.0,0.0], [0.0,0.0], [0.0,0.0]]
EXIT 10 VariableDeclarationStatement_0 [[100.0,100.0], [10.0,10.0], [40.0,40.0], [0.0,0.0], [0.0,0.0], [0.4,0.4]]
ENTRY 10 IfStatement_0 [[-3.1999999999999997,100.0], [-0.0,13.200000000000003], [0.0,40.0], [0.0,0.0], [0.0,0.0], [-0.0,0.4]]
EXIT 10 IfStatement_0 [[1.0,-1.0], [1.0,-1.0], [1.0,-1.0], [1.0,-1.0], [1.0,-1.0], [1.0,-1.0]]
ENTRY 10 ExpressionStatement_0 [[-3.1999999999999997,100.0], [-0.0,13.200000000000003], [0.0,40.0], [0.0,0.0], [0.0,0.0], [-0.0,0.4]]
EXIT 10 ExpressionStatement_0 [[-3.5999999999999996,100.0], [-0.0,13.200000000000003], [0.0,40.0], [0.0,0.0], [0.0,0.0], [-0.0,0.4]]
ENTRY 10 ExpressionStatement_1 [[-3.5999999999999996,100.0], [-0.0,13.200000000000003], [0.0,40.0], [0.0,0.0], [0.0,0.0], [-0.0,0.4]]
EXIT 10 ExpressionStatement_1 [[-3.5999999999999996,100.0], [-0.0,13.600000000000003], [0.0,40.0], [0.0,0.0], [0.0,0.0], [-0.0,0.4]]
ENTRY 10 IfConditionJoin_0 [[-3.5999999999999996,100.0], [-0.0,13.600000000000003], [0.0,40.0], [0.0,0.0], [0.0,0.0], [-0.0,0.4]]
EXIT 10 IfConditionJoin_0 [[-3.5999999999999996,100.0], [-0.0,13.600000000000003], [0.0,40.0], [0.0,0.0], [0.0,0.0], [-0.0,0.4]]
ENTRY 10 ExpressionStatement_2 [[-3.5999999999999996,100.0], [-0.0,13.600000000000003], [0.0,40.0], [0.0,0.0], [0.0,0.0], [-0.0,0.4]]
EXIT 10 ExpressionStatement_2 [[-3.5999999999999996,100.0], [-0.0,13.600000000000003], [-0.0,0.4], [0.0,0.0], [0.0,0.0], [-0.0,0.4]]
ENTRY 10 ExpressionStatement_3 [[-3.5999999999999996,100.0], [-0.0,13.600000000000003], [-0.0,0.4], [0.0,0.0], [0.0,0.0], [-0.0,0.4]]
EXIT 10 ExpressionStatement_3 [[-3.5999999999999996,100.0], [-0.0,13.600000000000003], [-0.0,0.4], [-0.0,0.4], [0.0,0.0], [-0.0,0.4]]
ENTRY 10 Return_0 [[-3.5999999999999996,100.0], [-0.0,13.600000000000003], [-0.0,0.4], [-0.0,0.4], [0.0,0.0], [-0.0,0.4]]
EXIT 10 Return_0 [[-3.5999999999999996,100.0], [-0.0,13.600000000000003], [-0.0,0.4], [-0.0,0.4], [0.0,0.0], [-0.0,0.4]]
ENTRY 10 FunctionExit_0 [[-3.5999999999999996,100.0], [-0.0,13.600000000000003], [-0.0,0.4], [-0.0,0.4], [0.0,0.0], [-0.0,0.4]]
EXIT 10 FunctionExit_0 [[-3.5999999999999996,100.0], [-0.0,13.600000000000003], [-0.0,0.4], [-0.0,0.4], [0.0,0.0], [-0.0,0.4]]
ENTRY 11 SourceEntry_0 [[0.0,0.0], [0.0,0.0], [0.0,0.0], [0.0,0.0], [0.0,0.0], [0.0,0.0]]
EXIT 11 SourceEntry_0 [[100.0,100.0], [10.0,10.0], [40.0,40.0], [0.0,0.0], [0.0,0.0], [0.0,0.0]]
ENTRY 11 SourceUnit_0 [[100.0,100.0], [10.0,10.0], [40.0,40.0], [0.0,0.0], [0.0,0.0], [0.0,0.0]]
EXIT 11 SourceUnit_0 [[100.0,100.0], [10.0,10.0], [40.0,40.0], [0.0,0.0], [0.0,0.0], [0.0,0.0]]
ENTRY 11 PragmaDirective_0 [[100.0,100.0], [10.0,10.0], [40.0,40.0], [0.0,0.0], [0.0,0.0], [0.0,0.0]]
EXIT 11 PragmaDirective_0 [[100.0,100.0], [10.0,10.0], [40.0,40.0], [0.0,0.0], [0.0,0.0], [0.0,0.0]]
ENTRY 11 SourceExit_0 [[-3.5999999999999996,100.0], [-0.0,13.600000000000003], [-0.0,40.0], [0.0,0.4], [0.0,0.0], [0.0,0.4]]
EXIT 11 SourceExit_0 [[100.0,100.0], [10.0,10.0], [40.0,40.0], [0.0,0.0], [0.0,0.0], [0.0,0.4]]
ENTRY 11 ContractDefinition_0 [[100.0,100.0], [10.0,10.0], [40.0,40.0], [0.0,0.0], [0.0,0.0], [0.0,0.0]]
EXIT 11 ContractDefinition_0 [[100.0,100.0], [10.0,10.0], [40.0,40.0], [0.0,0.0], [0.0,0.0], [0.0,0.0]]
ENTRY 11 VariableDeclaration_0 [[100.0,100.0], [10.0,10.0], [40.0,40.0], [0.0,0.0], [0.0,0.0], [0.0,0.0]]
EXIT 11 VariableDeclaration_0 [[100.0,100.0], [10.0,10.0], [40.0,40.0], [0.0,0.0], [0.0,0.0], [0.0,0.0]]
ENTRY 11 VariableDeclaration_1 [[100.0,100.0], [10.0,10.0], [40.0,40.0], [0.0,0.0], [0.0,0.0], [0.0,0.0]]
EXIT 11 VariableDeclaration_1 [[100.0,100.0], [10.0,10.0], [40.0,40.0], [0.0,0.0], [0.0,0.0], [0.0,0.0]]
ENTRY 11 VariableDeclaration_2 [[100.0,100.0], [10.0,10.0], [40.0,40.0], [0.0,0.0], [0.0,0.0], [0.0,0.0]]
EXIT 11 VariableDeclaration_2 [[100.0,100.0], [10.0,10.0], [40.0,40.0], [0.0,0.0], [0.0,0.0], [0.0,0.0]]
ENTRY 11 VariableDeclaration_3 [[100.0,100.0], [10.0,10.0], [40.0,40.0], [0.0,0.0], [0.0,0.0], [0.0,0.0]]
EXIT 11 VariableDeclaration_3 [[100.0,100.0], [10.0,10.0], [40.0,40.0], [0.0,0.0], [0.0,0.0], [0.0,0.0]]
ENTRY 11 VariableDeclaration_4 [[100.0,100.0], [10.0,10.0], [40.0,40.0], [0.0,0.0], [0.0,0.0], [0.0,0.0]]
EXIT 11 VariableDeclaration_4 [[100.0,100.0], [10.0,10.0], [40.0,40.0], [0.0,0.0], [0.0,0.0], [0.0,0.0]]
ENTRY 11 ModifierDefinition_0 [[100.0,100.0], [10.0,10.0], [40.0,40.0], [0.0,0.0], [0.0,0.0], [0.0,0.0]]
EXIT 11 ModifierDefinition_0 [[100.0,100.0], [10.0,10.0], [40.0,40.0], [0.0,0.0], [0.0,0.0], [0.0,0.0]]
ENTRY 11 FunctionDefinition_0 [[100.0,100.0], [10.0,10.0], [40.0,40.0], [0.0,0.0], [0.0,0.0], [0.0,0.0]]
EXIT 11 FunctionDefinition_0 [[100.0,100.0], [10.0,10.0], [40.0,40.0], [0.0,0.0], [0.0,0.0], [0.0,0.0]]
ENTRY 11 FunctionEntry_0 [[100.0,100.0], [10.0,10.0], [40.0,40.0], [0.0,0.0], [0.0,0.0], [0.0,0.0]]
EXIT 11 FunctionEntry_0 [[100.0,100.0], [10.0,10.0], [40.0,40.0], [0.0,0.0], [0.0,0.0], [0.0,0.0]]
ENTRY 11 VariableDeclarationStatement_0 [[100.0,100.0], [10.0,10.0], [40.0,40.0], [0.0,0.0], [0.0,0.0], [0.0,0.0]]
EXIT 11 VariableDeclarationStatement_0 [[100.0,100.0], [10.0,10.0], [40.0,40.0], [0.0,0.0], [0.0,0.0], [0.4,0.4]]
ENTRY 11 IfStatement_0 [[-3.5999999999999996,100.0], [-0.0,13.600000000000003], [0.0,40.0], [0.0,0.0], [0.0,0.0], [-0.0,0.4]]
EXIT 11 IfStatement_0 [[1.0,-1.0], [1.0,-1.0], [1.0,-1.0], [1.0,-1.0], [1.0,-1.0], [1.0,-1.0]]
ENTRY 11 ExpressionStatement_0 [[-3.5999999999999996,100.0], [-0.0,13.600000000000003], [0.0,40.0], [0.0,0.0], [0.0,0.0], [-0.0,0.4]]
EXIT 11 ExpressionStatement_0 [[-3.9999999999999996,100.0], [-0.0,13.600000000000003], [0.0,40.0], [0.0,0.0], [0.0,0.0], [-0.0,0.4]]
ENTRY 11 ExpressionStatement_1 [[-3.9999999999999996,100.0], [-0.0,13.600000000000003], [0.0,40.0], [0.0,0.0], [0.0,0.0], [-0.0,0.4]]
EXIT 11 ExpressionStatement_1 [[-3.9999999999999996,100.0], [-0.0,14.000000000000004], [0.0,40.0], [0.0,0.0], [0.0,0.0], [-0.0,0.4]]
ENTRY 11 IfConditionJoin_0 [[-3.9999999999999996,100.0], [-0.0,14.000000000000004], [0.0,40.0], [0.0,0.0], [0.0,0.0], [-0.0,0.4]]
EXIT 11 IfConditionJoin_0 [[-3.9999999999999996,100.0], [-0.0,14.000000000000004], [0.0,40.0], [0.0,0.0], [0.0,0.0], [-0.0,0.4]]
ENTRY 11 ExpressionStatement_2 [[-3.9999999999999996,100.0], [-0.0,14.000000000000004], [0.0,40.0], [0.0,0.0], [0.0,0.0], [-0.0,0.4]]
EXIT 11 ExpressionStatement_2 [[-3.9999999999999996,100.0], [-0.0,14.000000000000004], [-0.0,0.4], [0.0,0.0], [0.0,0.0], [-0.0,0.4]]
ENTRY 11 ExpressionStatement_3 [[-3.9999999999999996,100.0], [-0.0,14.000000000000004], [-0.0,0.4], [0.0,0.0], [0.0,0.0], [-0.0,0.4]]
EXIT 11 ExpressionStatement_3 [[-3.9999999999999996,100.0], [-0.0,14.000000000000004], [-0.0,0.4], [-0.0,0.4], [0.0,0.0], [-0.0,0.4]]
ENTRY 11 Return_0 [[-3.9999999999999996,100.0], [-0.0,14.000000000000004], [-0.0,0.4], [-0.0,0.4], [0.0,0.0], [-0.0,0.4]]
EXIT 11 Return_0 [[-3.9999999999999996,100.0], [-0.0,14.000000000000004], [-0.0,0.4], [-0.0,0.4], [0.0,0.0], [-0.0,0.4]]
ENTRY 11 FunctionExit_0 [[-3.9999999999999996,100.0], [-0.0,14.000000000000004], [-0.0,0.4], [-0.0,0.4], [0.0,0.0], [-0.0,0.4]]
EXIT 11 FunctionExit_0 [[-3.9999999999999996,100.0], [-0.0,14.000000000000004], [-0.0,0.4], [-0.0,0.4], [0.0,0.0], [-0.0,0.4]]
ENTRY 12 SourceEntry_0 [[0.0,0.0], [0.0,0.0], [0.0,0.0], [0.0,0.0], [0.0,0.0], [0.0,0.0]]
EXIT 12 SourceEntry_0 [[100.0,100.0], [10.0,10.0], [40.0,40.0], [0.0,0.0], [0.0,0.0], [0.0,0.0]]
ENTRY 12 SourceUnit_0 [[100.0,100.0], [10.0,10.0], [40.0,40.0], [0.0,0.0], [0.0,0.0], [0.0,0.0]]
EXIT 12 SourceUnit_0 [[100.0,100.0], [10.0,10.0], [40.0,40.0], [0.0,0.0], [0.0,0.0], [0.0,0.0]]
ENTRY 12 PragmaDirective_0 [[100.0,100.0], [10.0,10.0], [40.0,40.0], [0.0,0.0], [0.0,0.0], [0.0,0.0]]
EXIT 12 PragmaDirective_0 [[100.0,100.0], [10.0,10.0], [40.0,40.0], [0.0,0.0], [0.0,0.0], [0.0,0.0]]
ENTRY 12 SourceExit_0 [[-3.9999999999999996,100.0], [-0.0,14.000000000000004], [-0.0,40.0], [0.0,0.4], [0.0,0.0], [0.0,0.4]]
EXIT 12 SourceExit_0 [[100.0,100.0], [10.0,10.0], [40.0,40.0], [0.0,0.0], [0.0,0.0], [0.0,0.4]]
ENTRY 12 ContractDefinition_0 [[100.0,100.0], [10.0,10.0], [40.0,40.0], [0.0,0.0], [0.0,0.0], [0.0,0.0]]
EXIT 12 ContractDefinition_0 [[100.0,100.0], [10.0,10.0], [40.0,40.0], [0.0,0.0], [0.0,0.0], [0.0,0.0]]
ENTRY 12 VariableDeclaration_0 [[100.0,100.0], [10.0,10.0], [40.0,40.0], [0.0,0.0], [0.0,0.0], [0.0,0.0]]
EXIT 12 VariableDeclaration_0 [[100.0,100.0], [10.0,10.0], [40.0,40.0], [0.0,0.0], [0.0,0.0], [0.0,0.0]]
ENTRY 12 VariableDeclaration_1 [[100.0,100.0], [10.0,10.0], [40.0,40.0], [0.0,0.0], [0.0,0.0], [0.0,0.0]]
EXIT 12 VariableDeclaration_1 [[100.0,100.0], [10.0,10.0], [40.0,40.0], [0.0,0.0], [0.0,0.0], [0.0,0.0]]
ENTRY 12 VariableDeclaration_2 [[100.0,100.0], [10.0,10.0], [40.0,40.0], [0.0,0.0], [0.0,0.0], [0.0,0.0]]
EXIT 12 VariableDeclaration_2 [[100.0,100.0], [10.0,10.0], [40.0,40.0], [0.0,0.0], [0.0,0.0], [0.0,0.0]]
ENTRY 12 VariableDeclaration_3 [[100.0,100.0], [10.0,10.0], [40.0,40.0], [0.0,0.0], [0.0,0.0], [0.0,0.0]]
EXIT 12 VariableDeclaration_3 [[100.0,100.0], [10.0,10.0], [40.0,40.0], [0.0,0.0], [0.0,0.0], [0.0,0.0]]
ENTRY 12 VariableDeclaration_4 [[100.0,100.0], [10.0,10.0], [40.0,40.0], [0.0,0.0], [0.0,0.0], [0.0,0.0]]
EXIT 12 VariableDeclaration_4 [[100.0,100.0], [10.0,10.0], [40.0,40.0], [0.0,0.0], [0.0,0.0], [0.0,0.0]]
ENTRY 12 ModifierDefinition_0 [[100.0,100.0], [10.0,10.0], [40.0,40.0], [0.0,0.0], [0.0,0.0], [0.0,0.0]]
EXIT 12 ModifierDefinition_0 [[100.0,100.0], [10.0,10.0], [40.0,40.0], [0.0,0.0], [0.0,0.0], [0.0,0.0]]
ENTRY 12 FunctionDefinition_0 [[100.0,100.0], [10.0,10.0], [40.0,40.0], [0.0,0.0], [0.0,0.0], [0.0,0.0]]
EXIT 12 FunctionDefinition_0 [[100.0,100.0], [10.0,10.0], [40.0,40.0], [0.0,0.0], [0.0,0.0], [0.0,0.0]]
ENTRY 12 FunctionEntry_0 [[100.0,100.0], [10.0,10.0], [40.0,40.0], [0.0,0.0], [0.0,0.0], [0.0,0.0]]
EXIT 12 FunctionEntry_0 [[100.0,100.0], [10.0,10.0], [40.0,40.0], [0.0,0.0], [0.0,0.0], [0.0,0.0]]
ENTRY 12 VariableDeclarationStatement_0 [[100.0,100.0], [10.0,10.0], [40.0,40.0], [0.0,0.0], [0.0,0.0], [0.0,0.0]]
EXIT 12 VariableDeclarationStatement_0 [[100.0,100.0], [10.0,10.0], [40.0,40.0], [0.0,0.0], [0.0,0.0], [0.4,0.4]]
ENTRY 12 IfStatement_0 [[-3.9999999999999996,100.0], [-0.0,14.000000000000004], [0.0,40.0], [0.0,0.0], [0.0,0.0], [-0.0,0.4]]
EXIT 12 IfStatement_0 [[1.0,-1.0], [1.0,-1.0], [1.0,-1.0], [1.0,-1.0], [1.0,-1.0], [1.0,-1.0]]
ENTRY 12 ExpressionStatement_0 [[-3.9999999999999996,100.0], [-0.0,14.000000000000004], [0.0,40.0], [0.0,0.0], [0.0,0.0], [-0.0,0.4]]
EXIT 12 ExpressionStatement_0 [[-4.3999999999999995,100.0], [-0.0,14.000000000000004], [0.0,40.0], [0.0,0.0], [0.0,0.0], [-0.0,0.4]]
ENTRY 12 ExpressionStatement_1 [[-4.3999999999999995,100.0], [-0.0,14.000000000000004], [0.0,40.0], [0.0,0.0], [0.0,0.0], [-0.0,0.4]]
EXIT 12 ExpressionStatement_1 [[-4.3999999999999995,100.0], [-0.0,14.400000000000004], [0.0,40.0], [0.0,0.0], [0.0,0.0], [-0.0,0.4]]
ENTRY 12 IfConditionJoin_0 [[-4.3999999999999995,100.0], [-0.0,14.400000000000004], [0.0,40.0], [0.0,0.0], [0.0,0.0], [-0.0,0.4]]
EXIT 12 IfConditionJoin_0 [[-4.3999999999999995,100.0], [-0.0,14.400000000000004], [0.0,40.0], [0.0,0.0], [0.0,0.0], [-0.0,0.4]]
ENTRY 12 ExpressionStatement_2 [[-4.3999999999999995,100.0], [-0.0,14.400000000000004], [0.0,40.0], [0.0,0.0], [0.0,0.0], [-0.0,0.4]]
EXIT 12 ExpressionStatement_2 [[-4.3999999999999995,100.0], [-0.0,14.400000000000004], [-0.0,0.4], [0.0,0.0], [0.0,0.0], [-0.0,0.4]]
ENTRY 12 ExpressionStatement_3 [[-4.3999999999999995,100.0], [-0.0,14.400000000000004], [-0.0,0.4], [0.0,0.0], [0.0,0.0], [-0.0,0.4]]
EXIT 12 ExpressionStatement_3 [[-4.3999999999999995,100.0], [-0.0,14.400000000000004], [-0.0,0.4], [-0.0,0.4], [0.0,0.0], [-0.0,0.4]]
ENTRY 12 Return_0 [[-4.3999999999999995,100.0], [-0.0,14.400000000000004], [-0.0,0.4], [-0.0,0.4], [0.0,0.0], [-0.0,0.4]]
EXIT 12 Return_0 [[-4.3999999999999995,100.0], [-0.0,14.400000000000004], [-0.0,0.4], [-0.0,0.4], [0.0,0.0], [-0.0,0.4]]
ENTRY 12 FunctionExit_0 [[-4.3999999999999995,100.0], [-0.0,14.400000000000004], [-0.0,0.4], [-0.0,0.4], [0.0,0.0], [-0.0,0.4]]
EXIT 12 FunctionExit_0 [[-4.3999999999999995,100.0], [-0.0,14.400000000000004], [-0.0,0.4], [-0.0,0.4], [0.0,0.0], [-0.0,0.4]]
ENTRY 13 SourceEntry_0 [[0.0,0.0], [0.0,0.0], [0.0,0.0], [0.0,0.0], [0.0,0.0], [0.0,0.0]]
EXIT 13 SourceEntry_0 [[100.0,100.0], [10.0,10.0], [40.0,40.0], [0.0,0.0], [0.0,0.0], [0.0,0.0]]
ENTRY 13 SourceUnit_0 [[100.0,100.0], [10.0,10.0], [40.0,40.0], [0.0,0.0], [0.0,0.0], [0.0,0.0]]
EXIT 13 SourceUnit_0 [[100.0,100.0], [10.0,10.0], [40.0,40.0], [0.0,0.0], [0.0,0.0], [0.0,0.0]]
ENTRY 13 PragmaDirective_0 [[100.0,100.0], [10.0,10.0], [40.0,40.0], [0.0,0.0], [0.0,0.0], [0.0,0.0]]
EXIT 13 PragmaDirective_0 [[100.0,100.0], [10.0,10.0], [40.0,40.0], [0.0,0.0], [0.0,0.0], [0.0,0.0]]
ENTRY 13 SourceExit_0 [[-4.3999999999999995,100.0], [-0.0,14.400000000000004], [-0.0,40.0], [0.0,0.4], [0.0,0.0], [0.0,0.4]]
EXIT 13 SourceExit_0 [[100.0,100.0], [10.0,10.0], [40.0,40.0], [0.0,0.0], [0.0,0.0], [0.0,0.4]]
ENTRY 13 ContractDefinition_0 [[100.0,100.0], [10.0,10.0], [40.0,40.0], [0.0,0.0], [0.0,0.0], [0.0,0.0]]
EXIT 13 ContractDefinition_0 [[100.0,100.0], [10.0,10.0], [40.0,40.0], [0.0,0.0], [0.0,0.0], [0.0,0.0]]
ENTRY 13 VariableDeclaration_0 [[100.0,100.0], [10.0,10.0], [40.0,40.0], [0.0,0.0], [0.0,0.0], [0.0,0.0]]
EXIT 13 VariableDeclaration_0 [[100.0,100.0], [10.0,10.0], [40.0,40.0], [0.0,0.0], [0.0,0.0], [0.0,0.0]]
ENTRY 13 VariableDeclaration_1 [[100.0,100.0], [10.0,10.0], [40.0,40.0], [0.0,0.0], [0.0,0.0], [0.0,0.0]]
EXIT 13 VariableDeclaration_1 [[100.0,100.0], [10.0,10.0], [40.0,40.0], [0.0,0.0], [0.0,0.0], [0.0,0.0]]
ENTRY 13 VariableDeclaration_2 [[100.0,100.0], [10.0,10.0], [40.0,40.0], [0.0,0.0], [0.0,0.0], [0.0,0.0]]
EXIT 13 VariableDeclaration_2 [[100.0,100.0], [10.0,10.0], [40.0,40.0], [0.0,0.0], [0.0,0.0], [0.0,0.0]]
ENTRY 13 VariableDeclaration_3 [[100.0,100.0], [10.0,10.0], [40.0,40.0], [0.0,0.0], [0.0,0.0], [0.0,0.0]]
EXIT 13 VariableDeclaration_3 [[100.0,100.0], [10.0,10.0], [40.0,40.0], [0.0,0.0], [0.0,0.0], [0.0,0.0]]
ENTRY 13 VariableDeclaration_4 [[100.0,100.0], [10.0,10.0], [40.0,40.0], [0.0,0.0], [0.0,0.0], [0.0,0.0]]
EXIT 13 VariableDeclaration_4 [[100.0,100.0], [10.0,10.0], [40.0,40.0], [0.0,0.0], [0.0,0.0], [0.0,0.0]]
ENTRY 13 ModifierDefinition_0 [[100.0,100.0], [10.0,10.0], [40.0,40.0], [0.0,0.0], [0.0,0.0], [0.0,0.0]]
EXIT 13 ModifierDefinition_0 [[100.0,100.0], [10.0,10.0], [40.0,40.0], [0.0,0.0], [0.0,0.0], [0.0,0.0]]
ENTRY 13 FunctionDefinition_0 [[100.0,100.0], [10.0,10.0], [40.0,40.0], [0.0,0.0], [0.0,0.0], [0.0,0.0]]
EXIT 13 FunctionDefinition_0 [[100.0,100.0], [10.0,10.0], [40.0,40.0], [0.0,0.0], [0.0,0.0], [0.0,0.0]]
ENTRY 13 FunctionEntry_0 [[100.0,100.0], [10.0,10.0], [40.0,40.0], [0.0,0.0], [0.0,0.0], [0.0,0.0]]
EXIT 13 FunctionEntry_0 [[100.0,100.0], [10.0,10.0], [40.0,40.0], [0.0,0.0], [0.0,0.0], [0.0,0.0]]
ENTRY 13 VariableDeclarationStatement_0 [[100.0,100.0], [10.0,10.0], [40.0,40.0], [0.0,0.0], [0.0,0.0], [0.0,0.0]]
EXIT 13 VariableDeclarationStatement_0 [[100.0,100.0], [10.0,10.0], [40.0,40.0], [0.0,0.0], [0.0,0.0], [0.4,0.4]]
ENTRY 13 IfStatement_0 [[-4.3999999999999995,100.0], [-0.0,14.400000000000004], [0.0,40.0], [0.0,0.0], [0.0,0.0], [-0.0,0.4]]
EXIT 13 IfStatement_0 [[1.0,-1.0], [1.0,-1.0], [1.0,-1.0], [1.0,-1.0], [1.0,-1.0], [1.0,-1.0]]
ENTRY 13 ExpressionStatement_0 [[-4.3999999999999995,100.0], [-0.0,14.400000000000004], [0.0,40.0], [0.0,0.0], [0.0,0.0], [-0.0,0.4]]
EXIT 13 ExpressionStatement_0 [[-4.8,100.0], [-0.0,14.400000000000004], [0.0,40.0], [0.0,0.0], [0.0,0.0], [-0.0,0.4]]
ENTRY 13 ExpressionStatement_1 [[-4.8,100.0], [-0.0,14.400000000000004], [0.0,40.0], [0.0,0.0], [0.0,0.0], [-0.0,0.4]]
EXIT 13 ExpressionStatement_1 [[-4.8,100.0], [-0.0,14.800000000000004], [0.0,40.0], [0.0,0.0], [0.0,0.0], [-0.0,0.4]]
ENTRY 13 IfConditionJoin_0 [[-4.8,100.0], [-0.0,14.800000000000004], [0.0,40.0], [0.0,0.0], [0.0,0.0], [-0.0,0.4]]
EXIT 13 IfConditionJoin_0 [[-4.8,100.0], [-0.0,14.800000000000004], [0.0,40.0], [0.0,0.0], [0.0,0.0], [-0.0,0.4]]
ENTRY 13 ExpressionStatement_2 [[-4.8,100.0], [-0.0,14.800000000000004], [0.0,40.0], [0.0,0.0], [0.0,0.0], [-0.0,0.4]]
EXIT 13 ExpressionStatement_2 [[-4.8,100.0], [-0.0,14.800000000000004], [-0.0,0.4], [0.0,0.0], [0.0,0.0], [-0.0,0.4]]
ENTRY 13 ExpressionStatement_3 [[-4.8,100.0], [-0.0,14.800000000000004], [-0.0,0.4], [0.0,0.0], [0.0,0.0], [-0.0,0.4]]
EXIT 13 ExpressionStatement_3 [[-4.8,100.0], [-0.0,14.800000000000004], [-0.0,0.4], [-0.0,0.4], [0.0,0.0], [-0.0,0.4]]
ENTRY 13 Return_0 [[-4.8,100.0], [-0.0,14.800000000000004], [-0.0,0.4], [-0.0,0.4], [0.0,0.0], [-0.0,0.4]]
EXIT 13 Return_0 [[-4.8,100.0], [-0.0,14.800000000000004], [-0.0,0.4], [-0.0,0.4], [0.0,0.0], [-0.0,0.4]]
ENTRY 13 FunctionExit_0 [[-4.8,100.0], [-0.0,14.800000000000004], [-0.0,0.4], [-0.0,0.4], [0.0,0.0], [-0.0,0.4]]
EXIT 13 FunctionExit_0 [[-4.8,100.0], [-0.0,14.800000000000004], [-0.0,0.4], [-0.0,0.4], [0.0,0.0], [-0.0,0.4]]
ENTRY 14 SourceEntry_0 [[0.0,0.0], [0.0,0.0], [0.0,0.0], [0.0,0.0], [0.0,0.0], [0.0,0.0]]
EXIT 14 SourceEntry_0 [[100.0,100.0], [10.0,10.0], [40.0,40.0], [0.0,0.0], [0.0,0.0], [0.0,0.0]]
ENTRY 14 SourceUnit_0 [[100.0,100.0], [10.0,10.0], [40.0,40.0], [0.0,0.0], [0.0,0.0], [0.0,0.0]]
EXIT 14 SourceUnit_0 [[100.0,100.0], [10.0,10.0], [40.0,40.0], [0.0,0.0], [0.0,0.0], [0.0,0.0]]
ENTRY 14 PragmaDirective_0 [[100.0,100.0], [10.0,10.0], [40.0,40.0], [0.0,0.0], [0.0,0.0], [0.0,0.0]]
EXIT 14 PragmaDirective_0 [[100.0,100.0], [10.0,10.0], [40.0,40.0], [0.0,0.0], [0.0,0.0], [0.0,0.0]]
ENTRY 14 SourceExit_0 [[-4.8,100.0], [-0.0,14.800000000000004], [-0.0,40.0], [0.0,0.4], [0.0,0.0], [0.0,0.4]]
EXIT 14 SourceExit_0 [[100.0,100.0], [10.0,10.0], [40.0,40.0], [0.0,0.0], [0.0,0.0], [0.0,0.4]]
ENTRY 14 ContractDefinition_0 [[100.0,100.0], [10.0,10.0], [40.0,40.0], [0.0,0.0], [0.0,0.0], [0.0,0.0]]
EXIT 14 ContractDefinition_0 [[100.0,100.0], [10.0,10.0], [40.0,40.0], [0.0,0.0], [0.0,0.0], [0.0,0.0]]
ENTRY 14 VariableDeclaration_0 [[100.0,100.0], [10.0,10.0], [40.0,40.0], [0.0,0.0], [0.0,0.0], [0.0,0.0]]
EXIT 14 VariableDeclaration_0 [[100.0,100.0], [10.0,10.0], [40.0,40.0], [0.0,0.0], [0.0,0.0], [0.0,0.0]]
ENTRY 14 VariableDeclaration_1 [[100.0,100.0], [10.0,10.0], [40.0,40.0], [0.0,0.0], [0.0,0.0], [0.0,0.0]]
EXIT 14 VariableDeclaration_1 [[100.0,100.0], [10.0,10.0], [40.0,40.0], [0.0,0.0], [0.0,0.0], [0.0,0.0]]
ENTRY 14 VariableDeclaration_2 [[100.0,100.0], [10.0,10.0], [40.0,40.0], [0.0,0.0], [0.0,0.0], [0.0,0.0]]
EXIT 14 VariableDeclaration_2 [[100.0,100.0], [10.0,10.0], [40.0,40.0], [0.0,0.0], [0.0,0.0], [0.0,0.0]]
ENTRY 14 VariableDeclaration_3 [[100.0,100.0], [10.0,10.0], [40.0,40.0], [0.0,0.0], [0.0,0.0], [0.0,0.0]]
EXIT 14 VariableDeclaration_3 [[100.0,100.0], [10.0,10.0], [40.0,40.0], [0.0,0.0], [0.0,0.0], [0.0,0.0]]
ENTRY 14 VariableDeclaration_4 [[100.0,100.0], [10.0,10.0], [40.0,40.0], [0.0,0.0], [0.0,0.0], [0.0,0.0]]
EXIT 14 VariableDeclaration_4 [[100.0,100.0], [10.0,10.0], [40.0,40.0], [0.0,0.0], [0.0,0.0], [0.0,0.0]]
ENTRY 14 ModifierDefinition_0 [[100.0,100.0], [10.0,10.0], [40.0,40.0], [0.0,0.0], [0.0,0.0], [0.0,0.0]]
EXIT 14 ModifierDefinition_0 [[100.0,100.0], [10.0,10.0], [40.0,40.0], [0.0,0.0], [0.0,0.0], [0.0,0.0]]
ENTRY 14 FunctionDefinition_0 [[100.0,100.0], [10.0,10.0], [40.0,40.0], [0.0,0.0], [0.0,0.0], [0.0,0.0]]
EXIT 14 FunctionDefinition_0 [[100.0,100.0], [10.0,10.0], [40.0,40.0], [0.0,0.0], [0.0,0.0], [0.0,0.0]]
ENTRY 14 FunctionEntry_0 [[100.0,100.0], [10.0,10.0], [40.0,40.0], [0.0,0.0], [0.0,0.0], [0.0,0.0]]
EXIT 14 FunctionEntry_0 [[100.0,100.0], [10.0,10.0], [40.0,40.0], [0.0,0.0], [0.0,0.0], [0.0,0.0]]
ENTRY 14 VariableDeclarationStatement_0 [[100.0,100.0], [10.0,10.0], [40.0,40.0], [0.0,0.0], [0.0,0.0], [0.0,0.0]]
EXIT 14 VariableDeclarationStatement_0 [[100.0,100.0], [10.0,10.0], [40.0,40.0], [0.0,0.0], [0.0,0.0], [0.4,0.4]]
ENTRY 14 IfStatement_0 [[-4.8,100.0], [-0.0,14.800000000000004], [0.0,40.0], [0.0,0.0], [0.0,0.0], [-0.0,0.4]]
EXIT 14 IfStatement_0 [[1.0,-1.0], [1.0,-1.0], [1.0,-1.0], [1.0,-1.0], [1.0,-1.0], [1.0,-1.0]]
ENTRY 14 ExpressionStatement_0 [[-4.8,100.0], [-0.0,14.800000000000004], [0.0,40.0], [0.0,0.0], [0.0,0.0], [-0.0,0.4]]
EXIT 14 ExpressionStatement_0 [[-5.2,100.0], [-0.0,14.800000000000004], [0.0,40.0], [0.0,0.0], [0.0,0.0], [-0.0,0.4]]
ENTRY 14 ExpressionStatement_1 [[-5.2,100.0], [-0.0,14.800000000000004], [0.0,40.0], [0.0,0.0], [0.0,0.0], [-0.0,0.4]]
EXIT 14 ExpressionStatement_1 [[-5.2,100.0], [-0.0,15.200000000000005], [0.0,40.0], [0.0,0.0], [0.0,0.0], [-0.0,0.4]]
ENTRY 14 IfConditionJoin_0 [[-5.2,100.0], [-0.0,15.200000000000005], [0.0,40.0], [0.0,0.0], [0.0,0.0], [-0.0,0.4]]
EXIT 14 IfConditionJoin_0 [[-5.2,100.0], [-0.0,15.200000000000005], [0.0,40.0], [0.0,0.0], [0.0,0.0], [-0.0,0.4]]
ENTRY 14 ExpressionStatement_2 [[-5.2,100.0], [-0.0,15.200000000000005], [0.0,40.0], [0.0,0.0], [0.0,0.0], [-0.0,0.4]]
EXIT 14 ExpressionStatement_2 [[-5.2,100.0], [-0.0,15.200000000000005], [-0.0,0.4], [0.0,0.0], [0.0,0.0], [-0.0,0.4]]
ENTRY 14 ExpressionStatement_3 [[-5.2,100.0], [-0.0,15.200000000000005], [-0.0,0.4], [0.0,0.0], [0.0,0.0], [-0.0,0.4]]
EXIT 14 ExpressionStatement_3 [[-5.2,100.0], [-0.0,15.200000000000005], [-0.0,0.4], [-0.0,0.4], [0.0,0.0], [-0.0,0.4]]
ENTRY 14 Return_0 [[-5.2,100.0], [-0.0,15.200000000000005], [-0.0,0.4], [-0.0,0.4], [0.0,0.0], [-0.0,0.4]]
EXIT 14 Return_0 [[-5.2,100.0], [-0.0,15.200000000000005], [-0.0,0.4], [-0.0,0.4], [0.0,0.0], [-0.0,0.4]]
ENTRY 14 FunctionExit_0 [[-5.2,100.0], [-0.0,15.200000000000005], [-0.0,0.4], [-0.0,0.4], [0.0,0.0], [-0.0,0.4]]
EXIT 14 FunctionExit_0 [[-5.2,100.0], [-0.0,15.200000000000005], [-0.0,0.4], [-0.0,0.4], [0.0,0.0], [-0.0,0.4]]
ENTRY 15 SourceEntry_0 [[0.0,0.0], [0.0,0.0], [0.0,0.0], [0.0,0.0], [0.0,0.0], [0.0,0.0]]
EXIT 15 SourceEntry_0 [[100.0,100.0], [10.0,10.0], [40.0,40.0], [0.0,0.0], [0.0,0.0], [0.0,0.0]]
ENTRY 15 SourceUnit_0 [[100.0,100.0], [10.0,10.0], [40.0,40.0], [0.0,0.0], [0.0,0.0], [0.0,0.0]]
EXIT 15 SourceUnit_0 [[100.0,100.0], [10.0,10.0], [40.0,40.0], [0.0,0.0], [0.0,0.0], [0.0,0.0]]
ENTRY 15 PragmaDirective_0 [[100.0,100.0], [10.0,10.0], [40.0,40.0], [0.0,0.0], [0.0,0.0], [0.0,0.0]]
EXIT 15 PragmaDirective_0 [[100.0,100.0], [10.0,10.0], [40.0,40.0], [0.0,0.0], [0.0,0.0], [0.0,0.0]]
ENTRY 15 SourceExit_0 [[-5.2,100.0], [-0.0,15.200000000000005], [-0.0,40.0], [0.0,0.4], [0.0,0.0], [0.0,0.4]]
EXIT 15 SourceExit_0 [[100.0,100.0], [10.0,10.0], [40.0,40.0], [0.0,0.0], [0.0,0.0], [0.0,0.4]]
ENTRY 15 ContractDefinition_0 [[100.0,100.0], [10.0,10.0], [40.0,40.0], [0.0,0.0], [0.0,0.0], [0.0,0.0]]
EXIT 15 ContractDefinition_0 [[100.0,100.0], [10.0,10.0], [40.0,40.0], [0.0,0.0], [0.0,0.0], [0.0,0.0]]
ENTRY 15 VariableDeclaration_0 [[100.0,100.0], [10.0,10.0], [40.0,40.0], [0.0,0.0], [0.0,0.0], [0.0,0.0]]
EXIT 15 VariableDeclaration_0 [[100.0,100.0], [10.0,10.0], [40.0,40.0], [0.0,0.0], [0.0,0.0], [0.0,0.0]]
ENTRY 15 VariableDeclaration_1 [[100.0,100.0], [10.0,10.0], [40.0,40.0], [0.0,0.0], [0.0,0.0], [0.0,0.0]]
EXIT 15 VariableDeclaration_1 [[100.0,100.0], [10.0,10.0], [40.0,40.0], [0.0,0.0], [0.0,0.0], [0.0,0.0]]
ENTRY 15 VariableDeclaration_2 [[100.0,100.0], [10.0,10.0], [40.0,40.0], [0.0,0.0], [0.0,0.0], [0.0,0.0]]
EXIT 15 VariableDeclaration_2 [[100.0,100.0], [10.0,10.0], [40.0,40.0], [0.0,0.0], [0.0,0.0], [0.0,0.0]]
ENTRY 15 VariableDeclaration_3 [[100.0,100.0], [10.0,10.0], [40.0,40.0], [0.0,0.0], [0.0,0.0], [0.0,0.0]]
EXIT 15 VariableDeclaration_3 [[100.0,100.0], [10.0,10.0], [40.0,40.0], [0.0,0.0], [0.0,0.0], [0.0,0.0]]
ENTRY 15 VariableDeclaration_4 [[100.0,100.0], [10.0,10.0], [40.0,40.0], [0.0,0.0], [0.0,0.0], [0.0,0.0]]
EXIT 15 VariableDeclaration_4 [[100.0,100.0], [10.0,10.0], [40.0,40.0], [0.0,0.0], [0.0,0.0], [0.0,0.0]]
ENTRY 15 ModifierDefinition_0 [[100.0,100.0], [10.0,10.0], [40.0,40.0], [0.0,0.0], [0.0,0.0], [0.0,0.0]]
EXIT 15 ModifierDefinition_0 [[100.0,100.0], [10.0,10.0], [40.0,40.0], [0.0,0.0], [0.0,0.0], [0.0,0.0]]
ENTRY 15 FunctionDefinition_0 [[100.0,100.0], [10.0,10.0], [40.0,40.0], [0.0,0.0], [0.0,0.0], [0.0,0.0]]
EXIT 15 FunctionDefinition_0 [[100.0,100.0], [10.0,10.0], [40.0,40.0], [0.0,0.0], [0.0,0.0], [0.0,0.0]]
ENTRY 15 FunctionEntry_0 [[100.0,100.0], [10.0,10.0], [40.0,40.0], [0.0,0.0], [0.0,0.0], [0.0,0.0]]
EXIT 15 FunctionEntry_0 [[100.0,100.0], [10.0,10.0], [40.0,40.0], [0.0,0.0], [0.0,0.0], [0.0,0.0]]
ENTRY 15 VariableDeclarationStatement_0 [[100.0,100.0], [10.0,10.0], [40.0,40.0], [0.0,0.0], [0.0,0.0], [0.0,0.0]]
EXIT 15 VariableDeclarationStatement_0 [[100.0,100.0], [10.0,10.0], [40.0,40.0], [0.0,0.0], [0.0,0.0], [0.4,0.4]]
ENTRY 15 IfStatement_0 [[-5.2,100.0], [-0.0,15.200000000000005], [0.0,40.0], [0.0,0.0], [0.0,0.0], [-0.0,0.4]]
EXIT 15 IfStatement_0 [[1.0,-1.0], [1.0,-1.0], [1.0,-1.0], [1.0,-1.0], [1.0,-1.0], [1.0,-1.0]]
ENTRY 15 ExpressionStatement_0 [[-5.2,100.0], [-0.0,15.200000000000005], [0.0,40.0], [0.0,0.0], [0.0,0.0], [-0.0,0.4]]
EXIT 15 ExpressionStatement_0 [[-5.6000000000000005,100.0], [-0.0,15.200000000000005], [0.0,40.0], [0.0,0.0], [0.0,0.0], [-0.0,0.4]]
ENTRY 15 ExpressionStatement_1 [[-5.6000000000000005,100.0], [-0.0,15.200000000000005], [0.0,40.0], [0.0,0.0], [0.0,0.0], [-0.0,0.4]]
EXIT 15 ExpressionStatement_1 [[-5.6000000000000005,100.0], [-0.0,15.600000000000005], [0.0,40.0], [0.0,0.0], [0.0,0.0], [-0.0,0.4]]
ENTRY 15 IfConditionJoin_0 [[-5.6000000000000005,100.0], [-0.0,15.600000000000005], [0.0,40.0], [0.0,0.0], [0.0,0.0], [-0.0,0.4]]
EXIT 15 IfConditionJoin_0 [[-5.6000000000000005,100.0], [-0.0,15.600000000000005], [0.0,40.0], [0.0,0.0], [0.0,0.0], [-0.0,0.4]]
ENTRY 15 ExpressionStatement_2 [[-5.6000000000000005,100.0], [-0.0,15.600000000000005], [0.0,40.0], [0.0,0.0], [0.0,0.0], [-0.0,0.4]]
EXIT 15 ExpressionStatement_2 [[-5.6000000000000005,100.0], [-0.0,15.600000000000005], [-0.0,0.4], [0.0,0.0], [0.0,0.0], [-0.0,0.4]]
ENTRY 15 ExpressionStatement_3 [[-5.6000000000000005,100.0], [-0.0,15.600000000000005], [-0.0,0.4], [0.0,0.0], [0.0,0.0], [-0.0,0.4]]
EXIT 15 ExpressionStatement_3 [[-5.6000000000000005,100.0], [-0.0,15.600000000000005], [-0.0,0.4], [-0.0,0.4], [0.0,0.0], [-0.0,0.4]]
ENTRY 15 Return_0 [[-5.6000000000000005,100.0], [-0.0,15.600000000000005], [-0.0,0.4], [-0.0,0.4], [0.0,0.0], [-0.0,0.4]]
EXIT 15 Return_0 [[-5.6000000000000005,100.0], [-0.0,15.600000000000005], [-0.0,0.4], [-0.0,0.4], [0.0,0.0], [-0.0,0.4]]
ENTRY 15 FunctionExit_0 [[-5.6000000000000005,100.0], [-0.0,15.600000000000005], [-0.0,0.4], [-0.0,0.4], [0.0,0.0], [-0.0,0.4]]
EXIT 15 FunctionExit_0 [[-5.6000000000000005,100.0], [-0.0,15.600000000000005], [-0.0,0.4], [-0.0,0.4], [0.0,0.0], [-0.0,0.4]]
ENTRY 16 SourceEntry_0 [[0.0,0.0], [0.0,0.0], [0.0,0.0], [0.0,0.0], [0.0,0.0], [0.0,0.0]]
EXIT 16 SourceEntry_0 [[100.0,100.0], [10.0,10.0], [40.0,40.0], [0.0,0.0], [0.0,0.0], [0.0,0.0]]
ENTRY 16 SourceUnit_0 [[100.0,100.0], [10.0,10.0], [40.0,40.0], [0.0,0.0], [0.0,0.0], [0.0,0.0]]
EXIT 16 SourceUnit_0 [[100.0,100.0], [10.0,10.0], [40.0,40.0], [0.0,0.0], [0.0,0.0], [0.0,0.0]]
ENTRY 16 PragmaDirective_0 [[100.0,100.0], [10.0,10.0], [40.0,40.0], [0.0,0.0], [0.0,0.0], [0.0,0.0]]
EXIT 16 PragmaDirective_0 [[100.0,100.0], [10.0,10.0], [40.0,40.0], [0.0,0.0], [0.0,0.0], [0.0,0.0]]
ENTRY 16 SourceExit_0 [[-5.6000000000000005,100.0], [-0.0,15.600000000000005], [-0.0,40.0], [0.0,0.4], [0.0,0.0], [0.0,0.4]]
EXIT 16 SourceExit_0 [[100.0,100.0], [10.0,10.0], [40.0,40.0], [0.0,0.0], [0.0,0.0], [0.0,0.4]]
ENTRY 16 ContractDefinition_0 [[100.0,100.0], [10.0,10.0], [40.0,40.0], [0.0,0.0], [0.0,0.0], [0.0,0.0]]
EXIT 16 ContractDefinition_0 [[100.0,100.0], [10.0,10.0], [40.0,40.0], [0.0,0.0], [0.0,0.0], [0.0,0.0]]
ENTRY 16 VariableDeclaration_0 [[100.0,100.0], [10.0,10.0], [40.0,40.0], [0.0,0.0], [0.0,0.0], [0.0,0.0]]
EXIT 16 VariableDeclaration_0 [[100.0,100.0], [10.0,10.0], [40.0,40.0], [0.0,0.0], [0.0,0.0], [0.0,0.0]]
ENTRY 16 VariableDeclaration_1 [[100.0,100.0], [10.0,10.0], [40.0,40.0], [0.0,0.0], [0.0,0.0], [0.0,0.0]]
EXIT 16 VariableDeclaration_1 [[100.0,100.0], [10.0,10.0], [40.0,40.0], [0.0,0.0], [0.0,0.0], [0.0,0.0]]
ENTRY 16 VariableDeclaration_2 [[100.0,100.0], [10.0,10.0], [40.0,40.0], [0.0,0.0], [0.0,0.0], [0.0,0.0]]
EXIT 16 VariableDeclaration_2 [[100.0,100.0], [10.0,10.0], [40.0,40.0], [0.0,0.0], [0.0,0.0], [0.0,0.0]]
ENTRY 16 VariableDeclaration_3 [[100.0,100.0], [10.0,10.0], [40.0,40.0], [0.0,0.0], [0.0,0.0], [0.0,0.0]]
EXIT 16 VariableDeclaration_3 [[100.0,100.0], [10.0,10.0], [40.0,40.0], [0.0,0.0], [0.0,0.0], [0.0,0.0]]
ENTRY 16 VariableDeclaration_4 [[100.0,100.0], [10.0,10.0], [40.0,40.0], [0.0,0.0], [0.0,0.0], [0.0,0.0]]
EXIT 16 VariableDeclaration_4 [[100.0,100.0], [10.0,10.0], [40.0,40.0], [0.0,0.0], [0.0,0.0], [0.0,0.0]]
ENTRY 16 ModifierDefinition_0 [[100.0,100.0], [10.0,10.0], [40.0,40.0], [0.0,0.0], [0.0,0.0], [0.0,0.0]]
EXIT 16 ModifierDefinition_0 [[100.0,100.0], [10.0,10.0], [40.0,40.0], [0.0,0.0], [0.0,0.0], [0.0,0.0]]
ENTRY 16 FunctionDefinition_0 [[100.0,100.0], [10.0,10.0], [40.0,40.0], [0.0,0.0], [0.0,0.0], [0.0,0.0]]
EXIT 16 FunctionDefinition_0 [[100.0,100.0], [10.0,10.0], [40.0,40.0], [0.0,0.0], [0.0,0.0], [0.0,0.0]]
ENTRY 16 FunctionEntry_0 [[100.0,100.0], [10.0,10.0], [40.0,40.0], [0.0,0.0], [0.0,0.0], [0.0,0.0]]
EXIT 16 FunctionEntry_0 [[100.0,100.0], [10.0,10.0], [40.0,40.0], [0.0,0.0], [0.0,0.0], [0.0,0.0]]
ENTRY 16 VariableDeclarationStatement_0 [[100.0,100.0], [10.0,10.0], [40.0,40.0], [0.0,0.0], [0.0,0.0], [0.0,0.0]]
EXIT 16 VariableDeclarationStatement_0 [[100.0,100.0], [10.0,10.0], [40.0,40.0], [0.0,0.0], [0.0,0.0], [0.4,0.4]]
ENTRY 16 IfStatement_0 [[-5.6000000000000005,100.0], [-0.0,15.600000000000005], [0.0,40.0], [0.0,0.0], [0.0,0.0], [-0.0,0.4]]
EXIT 16 IfStatement_0 [[1.0,-1.0], [1.0,-1.0], [1.0,-1.0], [1.0,-1.0], [1.0,-1.0], [1.0,-1.0]]
ENTRY 16 ExpressionStatement_0 [[-5.6000000000000005,100.0], [-0.0,15.600000000000005], [0.0,40.0], [0.0,0.0], [0.0,0.0], [-0.0,0.4]]
EXIT 16 ExpressionStatement_0 [[-6.000000000000001,100.0], [-0.0,15.600000000000005], [0.0,40.0], [0.0,0.0], [0.0,0.0], [-0.0,0.4]]
ENTRY 16 ExpressionStatement_1 [[-6.000000000000001,100.0], [-0.0,15.600000000000005], [0.0,40.0], [0.0,0.0], [0.0,0.0], [-0.0,0.4]]
EXIT 16 ExpressionStatement_1 [[-6.000000000000001,100.0], [-0.0,16.000000000000004], [0.0,40.0], [0.0,0.0], [0.0,0.0], [-0.0,0.4]]
ENTRY 16 IfConditionJoin_0 [[-6.000000000000001,100.0], [-0.0,16.000000000000004], [0.0,40.0], [0.0,0.0], [0.0,0.0], [-0.0,0.4]]
EXIT 16 IfConditionJoin_0 [[-6.000000000000001,100.0], [-0.0,16.000000000000004], [0.0,40.0], [0.0,0.0], [0.0,0.0], [-0.0,0.4]]
ENTRY 16 ExpressionStatement_2 [[-6.000000000000001,100.0], [-0.0,16.000000000000004], [0.0,40.0], [0.0,0.0], [0.0,0.0], [-0.0,0.4]]
EXIT 16 ExpressionStatement_2 [[-6.000000000000001,100.0], [-0.0,16.000000000000004], [-0.0,0.4], [0.0,0.0], [0.0,0.0], [-0.0,0.4]]
ENTRY 16 ExpressionStatement_3 [[-6.000000000000001,100.0], [-0.0,16.000000000000004], [-0.0,0.4], [0.0,0.0], [0.0,0.0], [-0.0,0.4]]
EXIT 16 ExpressionStatement_3 [[-6.000000000000001,100.0], [-0.0,16.000000000000004], [-0.0,0.4], [-0.0,0.4], [0.0,0.0], [-0.0,0.4]]
ENTRY 16 Return_0 [[-6.000000000000001,100.0], [-0.0,16.000000000000004], [-0.0,0.4], [-0.0,0.4], [0.0,0.0], [-0.0,0.4]]
EXIT 16 Return_0 [[-6.000000000000001,100.0], [-0.0,16.000000000000004], [-0.0,0.4], [-0.0,0.4], [0.0,0.0], [-0.0,0.4]]
ENTRY 16 FunctionExit_0 [[-6.000000000000001,100.0], [-0.0,16.000000000000004], [-0.0,0.4], [-0.0,0.4], [0.0,0.0], [-0.0,0.4]]
EXIT 16 FunctionExit_0 [[-6.000000000000001,100.0], [-0.0,16.000000000000004], [-0.0,0.4], [-0.0,0.4], [0.0,0.0], [-0.0,0.4]]
ENTRY 17 SourceEntry_0 [[0.0,0.0], [0.0,0.0], [0.0,0.0], [0.0,0.0], [0.0,0.0], [0.0,0.0]]
EXIT 17 SourceEntry_0 [[100.0,100.0], [10.0,10.0], [40.0,40.0], [0.0,0.0], [0.0,0.0], [0.0,0.0]]
ENTRY 17 SourceUnit_0 [[100.0,100.0], [10.0,10.0], [40.0,40.0], [0.0,0.0], [0.0,0.0], [0.0,0.0]]
EXIT 17 SourceUnit_0 [[100.0,100.0], [10.0,10.0], [40.0,40.0], [0.0,0.0], [0.0,0.0], [0.0,0.0]]
ENTRY 17 PragmaDirective_0 [[100.0,100.0], [10.0,10.0], [40.0,40.0], [0.0,0.0], [0.0,0.0], [0.0,0.0]]
EXIT 17 PragmaDirective_0 [[100.0,100.0], [10.0,10.0], [40.0,40.0], [0.0,0.0], [0.0,0.0], [0.0,0.0]]
ENTRY 17 SourceExit_0 [[-6.000000000000001,100.0], [-0.0,16.000000000000004], [-0.0,40.0], [0.0,0.4], [0.0,0.0], [0.0,0.4]]
EXIT 17 SourceExit_0 [[100.0,100.0], [10.0,10.0], [40.0,40.0], [0.0,0.0], [0.0,0.0], [0.0,0.4]]
ENTRY 17 ContractDefinition_0 [[100.0,100.0], [10.0,10.0], [40.0,40.0], [0.0,0.0], [0.0,0.0], [0.0,0.0]]
EXIT 17 ContractDefinition_0 [[100.0,100.0], [10.0,10.0], [40.0,40.0], [0.0,0.0], [0.0,0.0], [0.0,0.0]]
ENTRY 17 VariableDeclaration_0 [[100.0,100.0], [10.0,10.0], [40.0,40.0], [0.0,0.0], [0.0,0.0], [0.0,0.0]]
EXIT 17 VariableDeclaration_0 [[100.0,100.0], [10.0,10.0], [40.0,40.0], [0.0,0.0], [0.0,0.0], [0.0,0.0]]
ENTRY 17 VariableDeclaration_1 [[100.0,100.0], [10.0,10.0], [40.0,40.0], [0.0,0.0], [0.0,0.0], [0.0,0.0]]
EXIT 17 VariableDeclaration_1 [[100.0,100.0], [10.0,10.0], [40.0,40.0], [0.0,0.0], [0.0,0.0], [0.0,0.0]]
ENTRY 17 VariableDeclaration_2 [[100.0,100.0], [10.0,10.0], [40.0,40.0], [0.0,0.0], [0.0,0.0], [0.0,0.0]]
EXIT 17 VariableDeclaration_2 [[100.0,100.0], [10.0,10.0], [40.0,40.0], [0.0,0.0], [0.0,0.0], [0.0,0.0]]
ENTRY 17 VariableDeclaration_3 [[100.0,100.0], [10.0,10.0], [40.0,40.0], [0.0,0.0], [0.0,0.0], [0.0,0.0]]
EXIT 17 VariableDeclaration_3 [[100.0,100.0], [10.0,10.0], [40.0,40.0], [0.0,0.0], [0.0,0.0], [0.0,0.0]]
ENTRY 17 VariableDeclaration_4 [[100.0,100.0], [10.0,10.0], [40.0,40.0], [0.0,0.0], [0.0,0.0], [0.0,0.0]]
EXIT 17 VariableDeclaration_4 [[100.0,100.0], [10.0,10.0], [40.0,40.0], [0.0,0.0], [0.0,0.0], [0.0,0.0]]
ENTRY 17 ModifierDefinition_0 [[100.0,100.0], [10.0,10.0], [40.0,40.0], [0.0,0.0], [0.0,0.0], [0.0,0.0]]
EXIT 17 ModifierDefinition_0 [[100.0,100.0], [10.0,10.0], [40.0,40.0], [0.0,0.0], [0.0,0.0], [0.0,0.0]]
ENTRY 17 FunctionDefinition_0 [[100.0,100.0], [10.0,10.0], [40.0,40.0], [0.0,0.0], [0.0,0.0], [0.0,0.0]]
EXIT 17 FunctionDefinition_0 [[100.0,100.0], [10.0,10.0], [40.0,40.0], [0.0,0.0], [0.0,0.0], [0.0,0.0]]
ENTRY 17 FunctionEntry_0 [[100.0,100.0], [10.0,10.0], [40.0,40.0], [0.0,0.0], [0.0,0.0], [0.0,0.0]]
EXIT 17 FunctionEntry_0 [[100.0,100.0], [10.0,10.0], [40.0,40.0], [0.0,0.0], [0.0,0.0], [0.0,0.0]]
ENTRY 17 VariableDeclarationStatement_0 [[100.0,100.0], [10.0,10.0], [40.0,40.0], [0.0,0.0], [0.0,0.0], [0.0,0.0]]
EXIT 17 VariableDeclarationStatement_0 [[100.0,100.0], [10.0,10.0], [40.0,40.0], [0.0,0.0], [0.0,0.0], [0.4,0.4]]
ENTRY 17 IfStatement_0 [[-6.000000000000001,100.0], [-0.0,16.000000000000004], [0.0,40.0], [0.0,0.0], [0.0,0.0], [-0.0,0.4]]
EXIT 17 IfStatement_0 [[1.0,-1.0], [1.0,-1.0], [1.0,-1.0], [1.0,-1.0], [1.0,-1.0], [1.0,-1.0]]
ENTRY 17 ExpressionStatement_0 [[-6.000000000000001,100.0], [-0.0,16.000000000000004], [0.0,40.0], [0.0,0.0], [0.0,0.0], [-0.0,0.4]]
EXIT 17 ExpressionStatement_0 [[-6.400000000000001,100.0], [-0.0,16.000000000000004], [0.0,40.0], [0.0,0.0], [0.0,0.0], [-0.0,0.4]]
ENTRY 17 ExpressionStatement_1 [[-6.400000000000001,100.0], [-0.0,16.000000000000004], [0.0,40.0], [0.0,0.0], [0.0,0.0], [-0.0,0.4]]
EXIT 17 ExpressionStatement_1 [[-6.400000000000001,100.0], [-0.0,16.400000000000002], [0.0,40.0], [0.0,0.0], [0.0,0.0], [-0.0,0.4]]
ENTRY 17 IfConditionJoin_0 [[-6.400000000000001,100.0], [-0.0,16.400000000000002], [0.0,40.0], [0.0,0.0], [0.0,0.0], [-0.0,0.4]]
EXIT 17 IfConditionJoin_0 [[-6.400000000000001,100.0], [-0.0,16.400000000000002], [0.0,40.0], [0.0,0.0], [0.0,0.0], [-0.0,0.4]]
ENTRY 17 ExpressionStatement_2 [[-6.400000000000001,100.0], [-0.0,16.400000000000002], [0.0,40.0], [0.0,0.0], [0.0,0.0], [-0.0,0.4]]
EXIT 17 ExpressionStatement_2 [[-6.400000000000001,100.0], [-0.0,16.400000000000002], [-0.0,0.4], [0.0,0.0], [0.0,0.0], [-0.0,0.4]]
ENTRY 17 ExpressionStatement_3 [[-6.400000000000001,100.0], [-0.0,16.400000000000002], [-0.0,0.4], [0.0,0.0], [0.0,0.0], [-0.0,0.4]]
EXIT 17 ExpressionStatement_3 [[-6.400000000000001,100.0], [-0.0,16.400000000000002], [-0.0,0.4], [-0.0,0.4], [0.0,0.0], [-0.0,0.4]]
ENTRY 17 Return_0 [[-6.400000000000001,100.0], [-0.0,16.400000000000002], [-0.0,0.4], [-0.0,0.4], [0.0,0.0], [-0.0,0.4]]
EXIT 17 Return_0 [[-6.400000000000001,100.0], [-0.0,16.400000000000002], [-0.0,0.4], [-0.0,0.4], [0.0,0.0], [-0.0,0.4]]
ENTRY 17 FunctionExit_0 [[-6.400000000000001,100.0], [-0.0,16.400000000000002], [-0.0,0.4], [-0.0,0.4], [0.0,0.0], [-0.0,0.4]]
EXIT 17 FunctionExit_0 [[-6.400000000000001,100.0], [-0.0,16.400000000000002], [-0.0,0.4], [-0.0,0.4], [0.0,0.0], [-0.0,0.4]]
ENTRY 18 SourceEntry_0 [[0.0,0.0], [0.0,0.0], [0.0,0.0], [0.0,0.0], [0.0,0.0], [0.0,0.0]]
EXIT 18 SourceEntry_0 [[100.0,100.0], [10.0,10.0], [40.0,40.0], [0.0,0.0], [0.0,0.0], [0.0,0.0]]
ENTRY 18 SourceUnit_0 [[100.0,100.0], [10.0,10.0], [40.0,40.0], [0.0,0.0], [0.0,0.0], [0.0,0.0]]
EXIT 18 SourceUnit_0 [[100.0,100.0], [10.0,10.0], [40.0,40.0], [0.0,0.0], [0.0,0.0], [0.0,0.0]]
ENTRY 18 PragmaDirective_0 [[100.0,100.0], [10.0,10.0], [40.0,40.0], [0.0,0.0], [0.0,0.0], [0.0,0.0]]
EXIT 18 PragmaDirective_0 [[100.0,100.0], [10.0,10.0], [40.0,40.0], [0.0,0.0], [0.0,0.0], [0.0,0.0]]
ENTRY 18 SourceExit_0 [[-6.400000000000001,100.0], [-0.0,16.400000000000002], [-0.0,40.0], [0.0,0.4], [0.0,0.0], [0.0,0.4]]
EXIT 18 SourceExit_0 [[100.0,100.0], [10.0,10.0], [40.0,40.0], [0.0,0.0], [0.0,0.0], [0.0,0.4]]
ENTRY 18 ContractDefinition_0 [[100.0,100.0], [10.0,10.0], [40.0,40.0], [0.0,0.0], [0.0,0.0], [0.0,0.0]]
EXIT 18 ContractDefinition_0 [[100.0,100.0], [10.0,10.0], [40.0,40.0], [0.0,0.0], [0.0,0.0], [0.0,0.0]]
ENTRY 18 VariableDeclaration_0 [[100.0,100.0], [10.0,10.0], [40.0,40.0], [0.0,0.0], [0.0,0.0], [0.0,0.0]]
EXIT 18 VariableDeclaration_0 [[100.0,100.0], [10.0,10.0], [40.0,40.0], [0.0,0.0], [0.0,0.0], [0.0,0.0]]
ENTRY 18 VariableDeclaration_1 [[100.0,100.0], [10.0,10.0], [40.0,40.0], [0.0,0.0], [0.0,0.0], [0.0,0.0]]
EXIT 18 VariableDeclaration_1 [[100.0,100.0], [10.0,10.0], [40.0,40.0], [0.0,0.0], [0.0,0.0], [0.0,0.0]]
ENTRY 18 VariableDeclaration_2 [[100.0,100.0], [10.0,10.0], [40.0,40.0], [0.0,0.0], [0.0,0.0], [0.0,0.0]]
EXIT 18 VariableDeclaration_2 [[100.0,100.0], [10.0,10.0], [40.0,40.0], [0.0,0.0], [0.0,0.0], [0.0,0.0]]
ENTRY 18 VariableDeclaration_3 [[100.0,100.0], [10.0,10.0], [40.0,40.0], [0.0,0.0], [0.0,0.0], [0.0,0.0]]
EXIT 18 VariableDeclaration_3 [[100.0,100.0], [10.0,10.0], [40.0,40.0], [0.0,0.0], [0.0,0.0], [0.0,0.0]]
ENTRY 18 VariableDeclaration_4 [[100.0,100.0], [10.0,10.0], [40.0,40.0], [0.0,0.0], [0.0,0.0], [0.0,0.0]]
EXIT 18 VariableDeclaration_4 [[100.0,100.0], [10.0,10.0], [40.0,40.0], [0.0,0.0], [0.0,0.0], [0.0,0.0]]
ENTRY 18 ModifierDefinition_0 [[100.0,100.0], [10.0,10.0], [40.0,40.0], [0.0,0.0], [0.0,0.0], [0.0,0.0]]
EXIT 18 ModifierDefinition_0 [[100.0,100.0], [10.0,10.0], [40.0,40.0], [0.0,0.0], [0.0,0.0], [0.0,0.0]]
ENTRY 18 FunctionDefinition_0 [[100.0,100.0], [10.0,10.0], [40.0,40.0], [0.0,0.0], [0.0,0.0], [0.0,0.0]]
EXIT 18 FunctionDefinition_0 [[100.0,100.0], [10.0,10.0], [40.0,40.0], [0.0,0.0], [0.0,0.0], [0.0,0.0]]
ENTRY 18 FunctionEntry_0 [[100.0,100.0], [10.0,10.0], [40.0,40.0], [0.0,0.0], [0.0,0.0], [0.0,0.0]]
EXIT 18 FunctionEntry_0 [[100.0,100.0], [10.0,10.0], [40.0,40.0], [0.0,0.0], [0.0,0.0], [0.0,0.0]]
ENTRY 18 VariableDeclarationStatement_0 [[100.0,100.0], [10.0,10.0], [40.0,40.0], [0.0,0.0], [0.0,0.0], [0.0,0.0]]
EXIT 18 VariableDeclarationStatement_0 [[100.0,100.0], [10.0,10.0], [40.0,40.0], [0.0,0.0], [0.0,0.0], [0.4,0.4]]
ENTRY 18 IfStatement_0 [[-6.400000000000001,100.0], [-0.0,16.400000000000002], [0.0,40.0], [0.0,0.0], [0.0,0.0], [-0.0,0.4]]
EXIT 18 IfStatement_0 [[1.0,-1.0], [1.0,-1.0], [1.0,-1.0], [1.0,-1.0], [1.0,-1.0], [1.0,-1.0]]
ENTRY 18 ExpressionStatement_0 [[-6.400000000000001,100.0], [-0.0,16.400000000000002], [0.0,40.0], [0.0,0.0], [0.0,0.0], [-0.0,0.4]]
EXIT 18 ExpressionStatement_0 [[-6.800000000000002,100.0], [-0.0,16.400000000000002], [0.0,40.0], [0.0,0.0], [0.0,0.0], [-0.0,0.4]]
ENTRY 18 ExpressionStatement_1 [[-6.800000000000002,100.0], [-0.0,16.400000000000002], [0.0,40.0], [0.0,0.0], [0.0,0.0], [-0.0,0.4]]
EXIT 18 ExpressionStatement_1 [[-6.800000000000002,100.0], [-0.0,16.8], [0.0,40.0], [0.0,0.0], [0.0,0.0], [-0.0,0.4]]
ENTRY 18 IfConditionJoin_0 [[-6.800000000000002,100.0], [-0.0,16.8], [0.0,40.0], [0.0,0.0], [0.0,0.0], [-0.0,0.4]]
EXIT 18 IfConditionJoin_0 [[-6.800000000000002,100.0], [-0.0,16.8], [0.0,40.0], [0.0,0.0], [0.0,0.0], [-0.0,0.4]]
ENTRY 18 ExpressionStatement_2 [[-6.800000000000002,100.0], [-0.0,16.8], [0.0,40.0], [0.0,0.0], [0.0,0.0], [-0.0,0.4]]
EXIT 18 ExpressionStatement_2 [[-6.800000000000002,100.0], [-0.0,16.8], [-0.0,0.4], [0.0,0.0], [0.0,0.0], [-0.0,0.4]]
ENTRY 18 ExpressionStatement_3 [[-6.800000000000002,100.0], [-0.0,16.8], [-0.0,0.4], [0.0,0.0], [0.0,0.0], [-0.0,0.4]]
EXIT 18 ExpressionStatement_3 [[-6.800000000000002,100.0], [-0.0,16.8], [-0.0,0.4], [-0.0,0.4], [0.0,0.0], [-0.0,0.4]]
ENTRY 18 Return_0 [[-6.800000000000002,100.0], [-0.0,16.8], [-0.0,0.4], [-0.0,0.4], [0.0,0.0], [-0.0,0.4]]
EXIT 18 Return_0 [[-6.800000000000002,100.0], [-0.0,16.8], [-0.0,0.4], [-0.0,0.4], [0.0,0.0], [-0.0,0.4]]
ENTRY 18 FunctionExit_0 [[-6.800000000000002,100.0], [-0.0,16.8], [-0.0,0.4], [-0.0,0.4], [0.0,0.0], [-0.0,0.4]]
EXIT 18 FunctionExit_0 [[-6.800000000000002,100.0], [-0.0,16.8], [-0.0,0.4], [-0.0,0.4], [0.0,0.0], [-0.0,0.4]]
ENTRY 19 SourceEntry_0 [[0.0,0.0], [0.0,0.0], [0.0,0.0], [0.0,0.0], [0.0,0.0], [0.0,0.0]]
EXIT 19 SourceEntry_0 [[100.0,100.0], [10.0,10.0], [40.0,40.0], [0.0,0.0], [0.0,0.0], [0.0,0.0]]
ENTRY 19 SourceUnit_0 [[100.0,100.0], [10.0,10.0], [40.0,40.0], [0.0,0.0], [0.0,0.0], [0.0,0.0]]
EXIT 19 SourceUnit_0 [[100.0,100.0], [10.0,10.0], [40.0,40.0], [0.0,0.0], [0.0,0.0], [0.0,0.0]]
ENTRY 19 PragmaDirective_0 [[100.0,100.0], [10.0,10.0], [40.0,40.0], [0.0,0.0], [0.0,0.0], [0.0,0.0]]
EXIT 19 PragmaDirective_0 [[100.0,100.0], [10.0,10.0], [40.0,40.0], [0.0,0.0], [0.0,0.0], [0.0,0.0]]
ENTRY 19 SourceExit_0 [[-6.800000000000002,100.0], [-0.0,16.8], [-0.0,40.0], [0.0,0.4], [0.0,0.0], [0.0,0.4]]
EXIT 19 SourceExit_0 [[100.0,100.0], [10.0,10.0], [40.0,40.0], [0.0,0.0], [0.0,0.0], [0.0,0.4]]
ENTRY 19 ContractDefinition_0 [[100.0,100.0], [10.0,10.0], [40.0,40.0], [0.0,0.0], [0.0,0.0], [0.0,0.0]]
EXIT 19 ContractDefinition_0 [[100.0,100.0], [10.0,10.0], [40.0,40.0], [0.0,0.0], [0.0,0.0], [0.0,0.0]]
ENTRY 19 VariableDeclaration_0 [[100.0,100.0], [10.0,10.0], [40.0,40.0], [0.0,0.0], [0.0,0.0], [0.0,0.0]]
EXIT 19 VariableDeclaration_0 [[100.0,100.0], [10.0,10.0], [40.0,40.0], [0.0,0.0], [0.0,0.0], [0.0,0.0]]
ENTRY 19 VariableDeclaration_1 [[100.0,100.0], [10.0,10.0], [40.0,40.0], [0.0,0.0], [0.0,0.0], [0.0,0.0]]
EXIT 19 VariableDeclaration_1 [[100.0,100.0], [10.0,10.0], [40.0,40.0], [0.0,0.0], [0.0,0.0], [0.0,0.0]]
ENTRY 19 VariableDeclaration_2 [[100.0,100.0], [10.0,10.0], [40.0,40.0], [0.0,0.0], [0.0,0.0], [0.0,0.0]]
EXIT 19 VariableDeclaration_2 [[100.0,100.0], [10.0,10.0], [40.0,40.0], [0.0,0.0], [0.0,0.0], [0.0,0.0]]
ENTRY 19 VariableDeclaration_3 [[100.0,100.0], [10.0,10.0], [40.0,40.0], [0.0,0.0], [0.0,0.0], [0.0,0.0]]
EXIT 19 VariableDeclaration_3 [[100.0,100.0], [10.0,10.0], [40.0,40.0], [0.0,0.0], [0.0,0.0], [0.0,0.0]]
ENTRY 19 VariableDeclaration_4 [[100.0,100.0], [10.0,10.0], [40.0,40.0], [0.0,0.0], [0.0,0.0], [0.0,0.0]]
EXIT 19 VariableDeclaration_4 [[100.0,100.0], [10.0,10.0], [40.0,40.0], [0.0,0.0], [0.0,0.0], [0.0,0.0]]
ENTRY 19 ModifierDefinition_0 [[100.0,100.0], [10.0,10.0], [40.0,40.0], [0.0,0.0], [0.0,0.0], [0.0,0.0]]
EXIT 19 ModifierDefinition_0 [[100.0,100.0], [10.0,10.0], [40.0,40.0], [0.0,0.0], [0.0,0.0], [0.0,0.0]]
ENTRY 19 FunctionDefinition_0 [[100.0,100.0], [10.0,10.0], [40.0,40.0], [0.0,0.0], [0.0,0.0], [0.0,0.0]]
EXIT 19 FunctionDefinition_0 [[100.0,100.0], [10.0,10.0], [40.0,40.0], [0.0,0.0], [0.0,0.0], [0.0,0.0]]
ENTRY 19 FunctionEntry_0 [[100.0,100.0], [10.0,10.0], [40.0,40.0], [0.0,0.0], [0.0,0.0], [0.0,0.0]]
EXIT 19 FunctionEntry_0 [[100.0,100.0], [10.0,10.0], [40.0,40.0], [0.0,0.0], [0.0,0.0], [0.0,0.0]]
ENTRY 19 VariableDeclarationStatement_0 [[100.0,100.0], [10.0,10.0], [40.0,40.0], [0.0,0.0], [0.0,0.0], [0.0,0.0]]
EXIT 19 VariableDeclarationStatement_0 [[100.0,100.0], [10.0,10.0], [40.0,40.0], [0.0,0.0], [0.0,0.0], [0.4,0.4]]
ENTRY 19 IfStatement_0 [[-6.800000000000002,100.0], [-0.0,16.8], [0.0,40.0], [0.0,0.0], [0.0,0.0], [-0.0,0.4]]
EXIT 19 IfStatement_0 [[1.0,-1.0], [1.0,-1.0], [1.0,-1.0], [1.0,-1.0], [1.0,-1.0], [1.0,-1.0]]
ENTRY 19 ExpressionStatement_0 [[-6.800000000000002,100.0], [-0.0,16.8], [0.0,40.0], [0.0,0.0], [0.0,0.0], [-0.0,0.4]]
EXIT 19 ExpressionStatement_0 [[-7.200000000000002,100.0], [-0.0,16.8], [0.0,40.0], [0.0,0.0], [0.0,0.0], [-0.0,0.4]]
ENTRY 19 ExpressionStatement_1 [[-7.200000000000002,100.0], [-0.0,16.8], [0.0,40.0], [0.0,0.0], [0.0,0.0], [-0.0,0.4]]
EXIT 19 ExpressionStatement_1 [[-7.200000000000002,100.0], [-0.0,17.2], [0.0,40.0], [0.0,0.0], [0.0,0.0], [-0.0,0.4]]
ENTRY 19 IfConditionJoin_0 [[-7.200000000000002,100.0], [-0.0,17.2], [0.0,40.0], [0.0,0.0], [0.0,0.0], [-0.0,0.4]]
EXIT 19 IfConditionJoin_0 [[-7.200000000000002,100.0], [-0.0,17.2], [0.0,40.0], [0.0,0.0], [0.0,0.0], [-0.0,0.4]]
ENTRY 19 ExpressionStatement_2 [[-7.200000000000002,100.0], [-0.0,17.2], [0.0,40.0], [0.0,0.0], [0.0,0.0], [-0.0,0.4]]
EXIT 19 ExpressionStatement_2 [[-7.200000000000002,100.0], [-0.0,17.2], [-0.0,0.4], [0.0,0.0], [0.0,0.0], [-0.0,0.4]]
ENTRY 19 ExpressionStatement_3 [[-7.200000000000002,100.0], [-0.0,17.2], [-0.0,0.4], [0.0,0.0], [0.0,0.0], [-0.0,0.4]]
EXIT 19 ExpressionStatement_3 [[-7.200000000000002,100.0], [-0.0,17.2], [-0.0,0.4], [-0.0,0.4], [0.0,0.0], [-0.0,0.4]]
ENTRY 19 Return_0 [[-7.200000000000002,100.0], [-0.0,17.2], [-0.0,0.4], [-0.0,0.4], [0.0,0.0], [-0.0,0.4]]
EXIT 19 Return_0 [[-7.200000000000002,100.0], [-0.0,17.2], [-0.0,0.4], [-0.0,0.4], [0.0,0.0], [-0.0,0.4]]
ENTRY 19 FunctionExit_0 [[-7.200000000000002,100.0], [-0.0,17.2], [-0.0,0.4], [-0.0,0.4], [0.0,0.0], [-0.0,0.4]]
EXIT 19 FunctionExit_0 [[-7.200000000000002,100.0], [-0.0,17.2], [-0.0,0.4], [-0.0,0.4], [0.0,0.0], [-0.0,0.4]]
ENTRY 20 SourceEntry_0 [[0.0,0.0], [0.0,0.0], [0.0,0.0], [0.0,0.0], [0.0,0.0], [0.0,0.0]]
EXIT 20 SourceEntry_0 [[100.0,100.0], [10.0,10.0], [40.0,40.0], [0.0,0.0], [0.0,0.0], [0.0,0.0]]
ENTRY 20 SourceUnit_0 [[100.0,100.0], [10.0,10.0], [40.0,40.0], [0.0,0.0], [0.0,0.0], [0.0,0.0]]
EXIT 20 SourceUnit_0 [[100.0,100.0], [10.0,10.0], [40.0,40.0], [0.0,0.0], [0.0,0.0], [0.0,0.0]]
ENTRY 20 PragmaDirective_0 [[100.0,100.0], [10.0,10.0], [40.0,40.0], [0.0,0.0], [0.0,0.0], [0.0,0.0]]
EXIT 20 PragmaDirective_0 [[100.0,100.0], [10.0,10.0], [40.0,40.0], [0.0,0.0], [0.0,0.0], [0.0,0.0]]
ENTRY 20 SourceExit_0 [[-7.200000000000002,100.0], [-0.0,17.2], [-0.0,40.0], [0.0,0.4], [0.0,0.0], [0.0,0.4]]
EXIT 20 SourceExit_0 [[100.0,100.0], [10.0,10.0], [40.0,40.0], [0.0,0.0], [0.0,0.0], [0.0,0.4]]
ENTRY 20 ContractDefinition_0 [[100.0,100.0], [10.0,10.0], [40.0,40.0], [0.0,0.0], [0.0,0.0], [0.0,0.0]]
EXIT 20 ContractDefinition_0 [[100.0,100.0], [10.0,10.0], [40.0,40.0], [0.0,0.0], [0.0,0.0], [0.0,0.0]]
ENTRY 20 VariableDeclaration_0 [[100.0,100.0], [10.0,10.0], [40.0,40.0], [0.0,0.0], [0.0,0.0], [0.0,0.0]]
EXIT 20 VariableDeclaration_0 [[100.0,100.0], [10.0,10.0], [40.0,40.0], [0.0,0.0], [0.0,0.0], [0.0,0.0]]
ENTRY 20 VariableDeclaration_1 [[100.0,100.0], [10.0,10.0], [40.0,40.0], [0.0,0.0], [0.0,0.0], [0.0,0.0]]
EXIT 20 VariableDeclaration_1 [[100.0,100.0], [10.0,10.0], [40.0,40.0], [0.0,0.0], [0.0,0.0], [0.0,0.0]]
ENTRY 20 VariableDeclaration_2 [[100.0,100.0], [10.0,10.0], [40.0,40.0], [0.0,0.0], [0.0,0.0], [0.0,0.0]]
EXIT 20 VariableDeclaration_2 [[100.0,100.0], [10.0,10.0], [40.0,40.0], [0.0,0.0], [0.0,0.0], [0.0,0.0]]
ENTRY 20 VariableDeclaration_3 [[100.0,100.0], [10.0,10.0], [40.0,40.0], [0.0,0.0], [0.0,0.0], [0.0,0.0]]
EXIT 20 VariableDeclaration_3 [[100.0,100.0], [10.0,10.0], [40.0,40.0], [0.0,0.0], [0.0,0.0], [0.0,0.0]]
ENTRY 20 VariableDeclaration_4 [[100.0,100.0], [10.0,10.0], [40.0,40.0], [0.0,0.0], [0.0,0.0], [0.0,0.0]]
EXIT 20 VariableDeclaration_4 [[100.0,100.0], [10.0,10.0], [40.0,40.0], [0.0,0.0], [0.0,0.0], [0.0,0.0]]
ENTRY 20 ModifierDefinition_0 [[100.0,100.0], [10.0,10.0], [40.0,40.0], [0.0,0.0], [0.0,0.0], [0.0,0.0]]
EXIT 20 ModifierDefinition_0 [[100.0,100.0], [10.0,10.0], [40.0,40.0], [0.0,0.0], [0.0,0.0], [0.0,0.0]]
ENTRY 20 FunctionDefinition_0 [[100.0,100.0], [10.0,10.0], [40.0,40.0], [0.0,0.0], [0.0,0.0], [0.0,0.0]]
EXIT 20 FunctionDefinition_0 [[100.0,100.0], [10.0,10.0], [40.0,40.0], [0.0,0.0], [0.0,0.0], [0.0,0.0]]
ENTRY 20 FunctionEntry_0 [[100.0,100.0], [10.0,10.0], [40.0,40.0], [0.0,0.0], [0.0,0.0], [0.0,0.0]]
EXIT 20 FunctionEntry_0 [[100.0,100.0], [10.0,10.0], [40.0,40.0], [0.0,0.0], [0.0,0.0], [0.0,0.0]]
ENTRY 20 VariableDeclarationStatement_0 [[100.0,100.0], [10.0,10.0], [40.0,40.0], [0.0,0.0], [0.0,0.0], [0.0,0.0]]
EXIT 20 VariableDeclarationStatement_0 [[100.0,100.0], [10.0,10.0], [40.0,40.0], [0.0,0.0], [0.0,0.0], [0.4,0.4]]
ENTRY 20 IfStatement_0 [[-7.200000000000002,100.0], [-0.0,17.2], [0.0,40.0], [0.0,0.0], [0.0,0.0], [-0.0,0.4]]
EXIT 20 IfStatement_0 [[1.0,-1.0], [1.0,-1.0], [1.0,-1.0], [1.0,-1.0], [1.0,-1.0], [1.0,-1.0]]
ENTRY 20 ExpressionStatement_0 [[-7.200000000000002,100.0], [-0.0,17.2], [0.0,40.0], [0.0,0.0], [0.0,0.0], [-0.0,0.4]]
EXIT 20 ExpressionStatement_0 [[-7.600000000000002,100.0], [-0.0,17.2], [0.0,40.0], [0.0,0.0], [0.0,0.0], [-0.0,0.4]]
ENTRY 20 ExpressionStatement_1 [[-7.600000000000002,100.0], [-0.0,17.2], [0.0,40.0], [0.0,0.0], [0.0,0.0], [-0.0,0.4]]
EXIT 20 ExpressionStatement_1 [[-7.600000000000002,100.0], [-0.0,17.599999999999998], [0.0,40.0], [0.0,0.0], [0.0,0.0], [-0.0,0.4]]
ENTRY 20 IfConditionJoin_0 [[-7.600000000000002,100.0], [-0.0,17.599999999999998], [0.0,40.0], [0.0,0.0], [0.0,0.0], [-0.0,0.4]]
EXIT 20 IfConditionJoin_0 [[-7.600000000000002,100.0], [-0.0,17.599999999999998], [0.0,40.0], [0.0,0.0], [0.0,0.0], [-0.0,0.4]]
ENTRY 20 ExpressionStatement_2 [[-7.600000000000002,100.0], [-0.0,17.599999999999998], [0.0,40.0], [0.0,0.0], [0.0,0.0], [-0.0,0.4]]
EXIT 20 ExpressionStatement_2 [[-7.600000000000002,100.0], [-0.0,17.599999999999998], [-0.0,0.4], [0.0,0.0], [0.0,0.0], [-0.0,0.4]]
ENTRY 20 ExpressionStatement_3 [[-7.600000000000002,100.0], [-0.0,17.599999999999998], [-0.0,0.4], [0.0,0.0], [0.0,0.0], [-0.0,0.4]]
EXIT 20 ExpressionStatement_3 [[-7.600000000000002,100.0], [-0.0,17.599999999999998], [-0.0,0.4], [-0.0,0.4], [0.0,0.0], [-0.0,0.4]]
ENTRY 20 Return_0 [[-7.600000000000002,100.0], [-0.0,17.599999999999998], [-0.0,0.4], [-0.0,0.4], [0.0,0.0], [-0.0,0.4]]
EXIT 20 Return_0 [[-7.600000000000002,100.0], [-0.0,17.599999999999998], [-0.0,0.4], [-0.0,0.4], [0.0,0.0], [-0.0,0.4]]
ENTRY 20 FunctionExit_0 [[-7.600000000000002,100.0], [-0.0,17.599999999999998], [-0.0,0.4], [-0.0,0.4], [0.0,0.0], [-0.0,0.4]]
EXIT 20 FunctionExit_0 [[-7.600000000000002,100.0], [-0.0,17.599999999999998], [-0.0,0.4], [-0.0,0.4], [0.0,0.0], [-0.0,0.4]]
ENTRY 21 SourceEntry_0 [[0.0,0.0], [0.0,0.0], [0.0,0.0], [0.0,0.0], [0.0,0.0], [0.0,0.0]]
EXIT 21 SourceEntry_0 [[100.0,100.0], [10.0,10.0], [40.0,40.0], [0.0,0.0], [0.0,0.0], [0.0,0.0]]
ENTRY 21 SourceUnit_0 [[100.0,100.0], [10.0,10.0], [40.0,40.0], [0.0,0.0], [0.0,0.0], [0.0,0.0]]
EXIT 21 SourceUnit_0 [[100.0,100.0], [10.0,10.0], [40.0,40.0], [0.0,0.0], [0.0,0.0], [0.0,0.0]]
ENTRY 21 PragmaDirective_0 [[100.0,100.0], [10.0,10.0], [40.0,40.0], [0.0,0.0], [0.0,0.0], [0.0,0.0]]
EXIT 21 PragmaDirective_0 [[100.0,100.0], [10.0,10.0], [40.0,40.0], [0.0,0.0], [0.0,0.0], [0.0,0.0]]
ENTRY 21 SourceExit_0 [[-7.600000000000002,100.0], [-0.0,17.599999999999998], [-0.0,40.0], [0.0,0.4], [0.0,0.0], [0.0,0.4]]
EXIT 21 SourceExit_0 [[100.0,100.0], [10.0,10.0], [40.0,40.0], [0.0,0.0], [0.0,0.0], [0.0,0.4]]
ENTRY 21 ContractDefinition_0 [[100.0,100.0], [10.0,10.0], [40.0,40.0], [0.0,0.0], [0.0,0.0], [0.0,0.0]]
EXIT 21 ContractDefinition_0 [[100.0,100.0], [10.0,10.0], [40.0,40.0], [0.0,0.0], [0.0,0.0], [0.0,0.0]]
ENTRY 21 VariableDeclaration_0 [[100.0,100.0], [10.0,10.0], [40.0,40.0], [0.0,0.0], [0.0,0.0], [0.0,0.0]]
EXIT 21 VariableDeclaration_0 [[100.0,100.0], [10.0,10.0], [40.0,40.0], [0.0,0.0], [0.0,0.0], [0.0,0.0]]
ENTRY 21 VariableDeclaration_1 [[100.0,100.0], [10.0,10.0], [40.0,40.0], [0.0,0.0], [0.0,0.0], [0.0,0.0]]
EXIT 21 VariableDeclaration_1 [[100.0,100.0], [10.0,10.0], [40.0,40.0], [0.0,0.0], [0.0,0.0], [0.0,0.0]]
ENTRY 21 VariableDeclaration_2 [[100.0,100.0], [10.0,10.0], [40.0,40.0], [0.0,0.0], [0.0,0.0], [0.0,0.0]]
EXIT 21 VariableDeclaration_2 [[100.0,100.0], [10.0,10.0], [40.0,40.0], [0.0,0.0], [0.0,0.0], [0.0,0.0]]
ENTRY 21 VariableDeclaration_3 [[100.0,100.0], [10.0,10.0], [40.0,40.0], [0.0,0.0], [0.0,0.0], [0.0,0.0]]
EXIT 21 VariableDeclaration_3 [[100.0,100.0], [10.0,10.0], [40.0,40.0], [0.0,0.0], [0.0,0.0], [0.0,0.0]]
ENTRY 21 VariableDeclaration_4 [[100.0,100.0], [10.0,10.0], [40.0,40.0], [0.0,0.0], [0.0,0.0], [0.0,0.0]]
EXIT 21 VariableDeclaration_4 [[100.0,100.0], [10.0,10.0], [40.0,40.0], [0.0,0.0], [0.0,0.0], [0.0,0.0]]
ENTRY 21 ModifierDefinition_0 [[100.0,100.0], [10.0,10.0], [40.0,40.0], [0.0,0.0], [0.0,0.0], [0.0,0.0]]
EXIT 21 ModifierDefinition_0 [[100.0,100.0], [10.0,10.0], [40.0,40.0], [0.0,0.0], [0.0,0.0], [0.0,0.0]]
ENTRY 21 FunctionDefinition_0 [[100.0,100.0], [10.0,10.0], [40.0,40.0], [0.0,0.0], [0.0,0.0], [0.0,0.0]]
EXIT 21 FunctionDefinition_0 [[100.0,100.0], [10.0,10.0], [40.0,40.0], [0.0,0.0], [0.0,0.0], [0.0,0.0]]
ENTRY 21 FunctionEntry_0 [[100.0,100.0], [10.0,10.0], [40.0,40.0], [0.0,0.0], [0.0,0.0], [0.0,0.0]]
EXIT 21 FunctionEntry_0 [[100.0,100.0], [10.0,10.0], [40.0,40.0], [0.0,0.0], [0.0,0.0], [0.0,0.0]]
ENTRY 21 VariableDeclarationStatement_0 [[100.0,100.0], [10.0,10.0], [40.0,40.0], [0.0,0.0], [0.0,0.0], [0.0,0.0]]
EXIT 21 VariableDeclarationStatement_0 [[100.0,100.0], [10.0,10.0], [40.0,40.0], [0.0,0.0], [0.0,0.0], [0.4,0.4]]
ENTRY 21 IfStatement_0 [[-7.600000000000002,100.0], [-0.0,17.599999999999998], [0.0,40.0], [0.0,0.0], [0.0,0.0], [-0.0,0.4]]
EXIT 21 IfStatement_0 [[1.0,-1.0], [1.0,-1.0], [1.0,-1.0], [1.0,-1.0], [1.0,-1.0], [1.0,-1.0]]
ENTRY 21 ExpressionStatement_0 [[-7.600000000000002,100.0], [-0.0,17.599999999999998], [0.0,40.0], [0.0,0.0], [0.0,0.0], [-0.0,0.4]]
EXIT 21 ExpressionStatement_0 [[-8.000000000000002,100.0], [-0.0,17.599999999999998], [0.0,40.0], [0.0,0.0], [0.0,0.0], [-0.0,0.4]]
ENTRY 21 ExpressionStatement_1 [[-8.000000000000002,100.0], [-0.0,17.599999999999998], [0.0,40.0], [0.0,0.0], [0.0,0.0], [-0.0,0.4]]
EXIT 21 ExpressionStatement_1 [[-8.000000000000002,100.0], [-0.0,17.999999999999996], [0.0,40.0], [0.0,0.0], [0.0,0.0], [-0.0,0.4]]
ENTRY 21 IfConditionJoin_0 [[-8.000000000000002,100.0], [-0.0,17.999999999999996], [0.0,40.0], [0.0,0.0], [0.0,0.0], [-0.0,0.4]]
EXIT 21 IfConditionJoin_0 [[-8.000000000000002,100.0], [-0.0,17.999999999999996], [0.0,40.0], [0.0,0.0], [0.0,0.0], [-0.0,0.4]]
ENTRY 21 ExpressionStatement_2 [[-8.000000000000002,100.0], [-0.0,17.999999999999996], [0.0,40.0], [0.0,0.0], [0.0,0.0], [-0.0,0.4]]
EXIT 21 ExpressionStatement_2 [[-8.000000000000002,100.0], [-0.0,17.999999999999996], [-0.0,0.4], [0.0,0.0], [0.0,0.0], [-0.0,0.4]]
ENTRY 21 ExpressionStatement_3 [[-8.000000000000002,100.0], [-0.0,17.999999999999996], [-0.0,0.4], [0.0,0.0], [0.0,0.0], [-0.0,0.4]]
EXIT 21 ExpressionStatement_3 [[-8.000000000000002,100.0], [-0.0,17.999999999999996], [-0.0,0.4], [-0.0,0.4], [0.0,0.0], [-0.0,0.4]]
ENTRY 21 Return_0 [[-8.000000000000002,100.0], [-0.0,17.999999999999996], [-0.0,0.4], [-0.0,0.4], [0.0,0.0], [-0.0,0.4]]
EXIT 21 Return_0 [[-8.000000000000002,100.0], [-0.0,17.999999999999996], [-0.0,0.4], [-0.0,0.4], [0.0,0.0], [-0.0,0.4]]
ENTRY 21 FunctionExit_0 [[-8.000000000000002,100.0], [-0.0,17.999999999999996], [-0.0,0.4], [-0.0,0.4], [0.0,0.0], [-0.0,0.4]]
EXIT 21 FunctionExit_0 [[-8.000000000000002,100.0], [-0.0,17.999999999999996], [-0.0,0.4], [-0.0,0.4], [0.0,0.0], [-0.0,0.4]]
ENTRY 22 SourceEntry_0 [[0.0,0.0], [0.0,0.0], [0.0,0.0], [0.0,0.0], [0.0,0.0], [0.0,0.0]]
EXIT 22 SourceEntry_0 [[100.0,100.0], [10.0,10.0], [40.0,40.0], [0.0,0.0], [0.0,0.0], [0.0,0.0]]
ENTRY 22 SourceUnit_0 [[100.0,100.0], [10.0,10.0], [40.0,40.0], [0.0,0.0], [0.0,0.0], [0.0,0.0]]
EXIT 22 SourceUnit_0 [[100.0,100.0], [10.0,10.0], [40.0,40.0], [0.0,0.0], [0.0,0.0], [0.0,0.0]]
ENTRY 22 PragmaDirective_0 [[100.0,100.0], [10.0,10.0], [40.0,40.0], [0.0,0.0], [0.0,0.0], [0.0,0.0]]
EXIT 22 PragmaDirective_0 [[100.0,100.0], [10.0,10.0], [40.0,40.0], [0.0,0.0], [0.0,0.0], [0.0,0.0]]
ENTRY 22 SourceExit_0 [[-8.000000000000002,100.0], [-0.0,17.999999999999996], [-0.0,40.0], [0.0,0.4], [0.0,0.0], [0.0,0.4]]
EXIT 22 SourceExit_0 [[100.0,100.0], [10.0,10.0], [40.0,40.0], [0.0,0.0], [0.0,0.0], [0.0,0.4]]
ENTRY 22 ContractDefinition_0 [[100.0,100.0], [10.0,10.0], [40.0,40.0], [0.0,0.0], [0.0,0.0], [0.0,0.0]]
EXIT 22 ContractDefinition_0 [[100.0,100.0], [10.0,10.0], [40.0,40.0], [0.0,0.0], [0.0,0.0], [0.0,0.0]]
ENTRY 22 VariableDeclaration_0 [[100.0,100.0], [10.0,10.0], [40.0,40.0], [0.0,0.0], [0.0,0.0], [0.0,0.0]]
EXIT 22 VariableDeclaration_0 [[100.0,100.0], [10.0,10.0], [40.0,40.0], [0.0,0.0], [0.0,0.0], [0.0,0.0]]
ENTRY 22 VariableDeclaration_1 [[100.0,100.0], [10.0,10.0], [40.0,40.0], [0.0,0.0], [0.0,0.0], [0.0,0.0]]
EXIT 22 VariableDeclaration_1 [[100.0,100.0], [10.0,10.0], [40.0,40.0], [0.0,0.0], [0.0,0.0], [0.0,0.0]]
ENTRY 22 VariableDeclaration_2 [[100.0,100.0], [10.0,10.0], [40.0,40.0], [0.0,0.0], [0.0,0.0], [0.0,0.0]]
EXIT 22 VariableDeclaration_2 [[100.0,100.0], [10.0,10.0], [40.0,40.0], [0.0,0.0], [0.0,0.0], [0.0,0.0]]
ENTRY 22 VariableDeclaration_3 [[100.0,100.0], [10.0,10.0], [40.0,40.0], [0.0,0.0], [0.0,0.0], [0.0,0.0]]
EXIT 22 VariableDeclaration_3 [[100.0,100.0], [10.0,10.0], [40.0,40.0], [0.0,0.0], [0.0,0.0], [0.0,0.0]]
ENTRY 22 VariableDeclaration_4 [[100.0,100.0], [10.0,10.0], [40.0,40.0], [0.0,0.0], [0.0,0.0], [0.0,0.0]]
EXIT 22 VariableDeclaration_4 [[100.0,100.0], [10.0,10.0], [40.0,40.0], [0.0,0.0], [0.0,0.0], [0.0,0.0]]
ENTRY 22 ModifierDefinition_0 [[100.0,100.0], [10.0,10.0], [40.0,40.0], [0.0,0.0], [0.0,0.0], [0.0,0.0]]
EXIT 22 ModifierDefinition_0 [[100.0,100.0], [10.0,10.0], [40.0,40.0], [0.0,0.0], [0.0,0.0], [0.0,0.0]]
ENTRY 22 FunctionDefinition_0 [[100.0,100.0], [10.0,10.0], [40.0,40.0], [0.0,0.0], [0.0,0.0], [0.0,0.0]]
EXIT 22 FunctionDefinition_0 [[100.0,100.0], [10.0,10.0], [40.0,40.0], [0.0,0.0], [0.0,0.0], [0.0,0.0]]
ENTRY 22 FunctionEntry_0 [[100.0,100.0], [10.0,10.0], [40.0,40.0], [0.0,0.0], [0.0,0.0], [0.0,0.0]]
EXIT 22 FunctionEntry_0 [[100.0,100.0], [10.0,10.0], [40.0,40.0], [0.0,0.0], [0.0,0.0], [0.0,0.0]]
ENTRY 22 VariableDeclarationStatement_0 [[100.0,100.0], [10.0,10.0], [40.0,40.0], [0.0,0.0], [0.0,0.0], [0.0,0.0]]
EXIT 22 VariableDeclarationStatement_0 [[100.0,100.0], [10.0,10.0], [40.0,40.0], [0.0,0.0], [0.0,0.0], [0.4,0.4]]
ENTRY 22 IfStatement_0 [[-8.000000000000002,100.0], [-0.0,17.999999999999996], [0.0,40.0], [0.0,0.0], [0.0,0.0], [-0.0,0.4]]
EXIT 22 IfStatement_0 [[1.0,-1.0], [1.0,-1.0], [1.0,-1.0], [1.0,-1.0], [1.0,-1.0], [1.0,-1.0]]
ENTRY 22 ExpressionStatement_0 [[-8.000000000000002,100.0], [-0.0,17.999999999999996], [0.0,40.0], [0.0,0.0], [0.0,0.0], [-0.0,0.4]]
EXIT 22 ExpressionStatement_0 [[-8.400000000000002,100.0], [-0.0,17.999999999999996], [0.0,40.0], [0.0,0.0], [0.0,0.0], [-0.0,0.4]]
ENTRY 22 ExpressionStatement_1 [[-8.400000000000002,100.0], [-0.0,17.999999999999996], [0.0,40.0], [0.0,0.0], [0.0,0.0], [-0.0,0.4]]
EXIT 22 ExpressionStatement_1 [[-8.400000000000002,100.0], [-0.0,18.399999999999995], [0.0,40.0], [0.0,0.0], [0.0,0.0], [-0.0,0.4]]
ENTRY 22 IfConditionJoin_0 [[-8.400000000000002,100.0], [-0.0,18.399999999999995], [0.0,40.0], [0.0,0.0], [0.0,0.0], [-0.0,0.4]]
EXIT 22 IfConditionJoin_0 [[-8.400000000000002,100.0], [-0.0,18.399999999999995], [0.0,40.0], [0.0,0.0], [0.0,0.0], [-0.0,0.4]]
ENTRY 22 ExpressionStatement_2 [[-8.400000000000002,100.0], [-0.0,18.399999999999995], [0.0,40.0], [0.0,0.0], [0.0,0.0], [-0.0,0.4]]
EXIT 22 ExpressionStatement_2 [[-8.400000000000002,100.0], [-0.0,18.399999999999995], [-0.0,0.4], [0.0,0.0], [0.0,0.0], [-0.0,0.4]]
ENTRY 22 ExpressionStatement_3 [[-8.400000000000002,100.0], [-0.0,18.399999999999995], [-0.0,0.4], [0.0,0.0], [0.0,0.0], [-0.0,0.4]]
EXIT 22 ExpressionStatement_3 [[-8.400000000000002,100.0], [-0.0,18.399999999999995], [-0.0,0.4], [-0.0,0.4], [0.0,0.0], [-0.0,0.4]]
ENTRY 22 Return_0 [[-8.400000000000002,100.0], [-0.0,18.399999999999995], [-0.0,0.4], [-0.0,0.4], [0.0,0.0], [-0.0,0.4]]
EXIT 22 Return_0 [[-8.400000000000002,100.0], [-0.0,18.399999999999995], [-0.0,0.4], [-0.0,0.4], [0.0,0.0], [-0.0,0.4]]
ENTRY 22 FunctionExit_0 [[-8.400000000000002,100.0], [-0.0,18.399999999999995], [-0.0,0.4], [-0.0,0.4], [0.0,0.0], [-0.0,0.4]]
EXIT 22 FunctionExit_0 [[-8.400000000000002,100.0], [-0.0,18.399999999999995], [-0.0,0.4], [-0.0,0.4], [0.0,0.0], [-0.0,0.4]]
ENTRY 23 SourceEntry_0 [[0.0,0.0], [0.0,0.0], [0.0,0.0], [0.0,0.0], [0.0,0.0], [0.0,0.0]]
EXIT 23 SourceEntry_0 [[100.0,100.0], [10.0,10.0], [40.0,40.0], [0.0,0.0], [0.0,0.0], [0.0,0.0]]
ENTRY 23 SourceUnit_0 [[100.0,100.0], [10.0,10.0], [40.0,40.0], [0.0,0.0], [0.0,0.0], [0.0,0.0]]
EXIT 23 SourceUnit_0 [[100.0,100.0], [10.0,10.0], [40.0,40.0], [0.0,0.0], [0.0,0.0], [0.0,0.0]]
ENTRY 23 PragmaDirective_0 [[100.0,100.0], [10.0,10.0], [40.0,40.0], [0.0,0.0], [0.0,0.0], [0.0,0.0]]
EXIT 23 PragmaDirective_0 [[100.0,100.0], [10.0,10.0], [40.0,40.0], [0.0,0.0], [0.0,0.0], [0.0,0.0]]
ENTRY 23 SourceExit_0 [[-8.400000000000002,100.0], [-0.0,18.399999999999995], [-0.0,40.0], [0.0,0.4], [0.0,0.0], [0.0,0.4]]
EXIT 23 SourceExit_0 [[100.0,100.0], [10.0,10.0], [40.0,40.0], [0.0,0.0], [0.0,0.0], [0.0,0.4]]
ENTRY 23 ContractDefinition_0 [[100.0,100.0], [10.0,10.0], [40.0,40.0], [0.0,0.0], [0.0,0.0], [0.0,0.0]]
EXIT 23 ContractDefinition_0 [[100.0,100.0], [10.0,10.0], [40.0,40.0], [0.0,0.0], [0.0,0.0], [0.0,0.0]]
ENTRY 23 VariableDeclaration_0 [[100.0,100.0], [10.0,10.0], [40.0,40.0], [0.0,0.0], [0.0,0.0], [0.0,0.0]]
EXIT 23 VariableDeclaration_0 [[100.0,100.0], [10.0,10.0], [40.0,40.0], [0.0,0.0], [0.0,0.0], [0.0,0.0]]
ENTRY 23 VariableDeclaration_1 [[100.0,100.0], [10.0,10.0], [40.0,40.0], [0.0,0.0], [0.0,0.0], [0.0,0.0]]
EXIT 23 VariableDeclaration_1 [[100.0,100.0], [10.0,10.0], [40.0,40.0], [0.0,0.0], [0.0,0.0], [0.0,0.0]]
ENTRY 23 VariableDeclaration_2 [[100.0,100.0], [10.0,10.0], [40.0,40.0], [0.0,0.0], [0.0,0.0], [0.0,0.0]]
EXIT 23 VariableDeclaration_2 [[100.0,100.0], [10.0,10.0], [40.0,40.0], [0.0,0.0], [0.0,0.0], [0.0,0.0]]
ENTRY 23 VariableDeclaration_3 [[100.0,100.0], [10.0,10.0], [40.0,40.0], [0.0,0.0], [0.0,0.0], [0.0,0.0]]
EXIT 23 VariableDeclaration_3 [[100.0,100.0], [10.0,10.0], [40.0,40.0], [0.0,0.0], [0.0,0.0], [0.0,0.0]]
ENTRY 23 VariableDeclaration_4 [[100.0,100.0], [10.0,10.0], [40.0,40.0], [0.0,0.0], [0.0,0.0], [0.0,0.0]]
EXIT 23 VariableDeclaration_4 [[100.0,100.0], [10.0,10.0], [40.0,40.0], [0.0,0.0], [0.0,0.0], [0.0,0.0]]
ENTRY 23 ModifierDefinition_0 [[100.0,100.0], [10.0,10.0], [40.0,40.0], [0.0,0.0], [0.0,0.0], [0.0,0.0]]
EXIT 23 ModifierDefinition_0 [[100.0,100.0], [10.0,10.0], [40.0,40.0], [0.0,0.0], [0.0,0.0], [0.0,0.0]]
ENTRY 23 FunctionDefinition_0 [[100.0,100.0], [10.0,10.0], [40.0,40.0], [0.0,0.0], [0.0,0.0], [0.0,0.0]]
EXIT 23 FunctionDefinition_0 [[100.0,100.0], [10.0,10.0], [40.0,40.0], [0.0,0.0], [0.0,0.0], [0.0,0.0]]
ENTRY 23 FunctionEntry_0 [[100.0,100.0], [10.0,10.0], [40.0,40.0], [0.0,0.0], [0.0,0.0], [0.0,0.0]]
EXIT 23 FunctionEntry_0 [[100.0,100.0], [10.0,10.0], [40.0,40.0], [0.0,0.0], [0.0,0.0], [0.0,0.0]]
ENTRY 23 VariableDeclarationStatement_0 [[100.0,100.0], [10.0,10.0], [40.0,40.0], [0.0,0.0], [0.0,0.0], [0.0,0.0]]
EXIT 23 VariableDeclarationStatement_0 [[100.0,100.0], [10.0,10.0], [40.0,40.0], [0.0,0.0], [0.0,0.0], [0.4,0.4]]
ENTRY 23 IfStatement_0 [[-8.400000000000002,100.0], [-0.0,18.399999999999995], [0.0,40.0], [0.0,0.0], [0.0,0.0], [-0.0,0.4]]
EXIT 23 IfStatement_0 [[1.0,-1.0], [1.0,-1.0], [1.0,-1.0], [1.0,-1.0], [1.0,-1.0], [1.0,-1.0]]
ENTRY 23 ExpressionStatement_0 [[-8.400000000000002,100.0], [-0.0,18.399999999999995], [0.0,40.0], [0.0,0.0], [0.0,0.0], [-0.0,0.4]]
EXIT 23 ExpressionStatement_0 [[-8.800000000000002,100.0], [-0.0,18.399999999999995], [0.0,40.0], [0.0,0.0], [0.0,0.0], [-0.0,0.4]]
ENTRY 23 ExpressionStatement_1 [[-8.800000000000002,100.0], [-0.0,18.399999999999995], [0.0,40.0], [0.0,0.0], [0.0,0.0], [-0.0,0.4]]
EXIT 23 ExpressionStatement_1 [[-8.800000000000002,100.0], [-0.0,18.799999999999994], [0.0,40.0], [0.0,0.0], [0.0,0.0], [-0.0,0.4]]
ENTRY 23 IfConditionJoin_0 [[-8.800000000000002,100.0], [-0.0,18.799999999999994], [0.0,40.0], [0.0,0.0], [0.0,0.0], [-0.0,0.4]]
EXIT 23 IfConditionJoin_0 [[-8.800000000000002,100.0], [-0.0,18.799999999999994], [0.0,40.0], [0.0,0.0], [0.0,0.0], [-0.0,0.4]]
ENTRY 23 ExpressionStatement_2 [[-8.800000000000002,100.0], [-0.0,18.799999999999994], [0.0,40.0], [0.0,0.0], [0.0,0.0], [-0.0,0.4]]
EXIT 23 ExpressionStatement_2 [[-8.800000000000002,100.0], [-0.0,18.799999999999994], [-0.0,0.4], [0.0,0.0], [0.0,0.0], [-0.0,0.4]]
ENTRY 23 ExpressionStatement_3 [[-8.800000000000002,100.0], [-0.0,18.799999999999994], [-0.0,0.4], [0.0,0.0], [0.0,0.0], [-0.0,0.4]]
EXIT 23 ExpressionStatement_3 [[-8.800000000000002,100.0], [-0.0,18.799999999999994], [-0.0,0.4], [-0.0,0.4], [0.0,0.0], [-0.0,0.4]]
ENTRY 23 Return_0 [[-8.800000000000002,100.0], [-0.0,18.799999999999994], [-0.0,0.4], [-0.0,0.4], [0.0,0.0], [-0.0,0.4]]
EXIT 23 Return_0 [[-8.800000000000002,100.0], [-0.0,18.799999999999994], [-0.0,0.4], [-0.0,0.4], [0.0,0.0], [-0.0,0.4]]
ENTRY 23 FunctionExit_0 [[-8.800000000000002,100.0], [-0.0,18.799999999999994], [-0.0,0.4], [-0.0,0.4], [0.0,0.0], [-0.0,0.4]]
EXIT 23 FunctionExit_0 [[-8.800000000000002,100.0], [-0.0,18.799999999999994], [-0.0,0.4], [-0.0,0.4], [0.0,0.0], [-0.0,0.4]]
ENTRY 24 SourceEntry_0 [[0.0,0.0], [0.0,0.0], [0.0,0.0], [0.0,0.0], [0.0,0.0], [0.0,0.0]]
EXIT 24 SourceEntry_0 [[100.0,100.0], [10.0,10.0], [40.0,40.0], [0.0,0.0], [0.0,0.0], [0.0,0.0]]
ENTRY 24 SourceUnit_0 [[100.0,100.0], [10.0,10.0], [40.0,40.0], [0.0,0.0], [0.0,0.0], [0.0,0.0]]
EXIT 24 SourceUnit_0 [[100.0,100.0], [10.0,10.0], [40.0,40.0], [0.0,0.0], [0.0,0.0], [0.0,0.0]]
ENTRY 24 PragmaDirective_0 [[100.0,100.0], [10.0,10.0], [40.0,40.0], [0.0,0.0], [0.0,0.0], [0.0,0.0]]
EXIT 24 PragmaDirective_0 [[100.0,100.0], [10.0,10.0], [40.0,40.0], [0.0,0.0], [0.0,0.0], [0.0,0.0]]
ENTRY 24 SourceExit_0 [[-8.800000000000002,100.0], [-0.0,18.799999999999994], [-0.0,40.0], [0.0,0.4], [0.0,0.0], [0.0,0.4]]
EXIT 24 SourceExit_0 [[100.0,100.0], [10.0,10.0], [40.0,40.0], [0.0,0.0], [0.0,0.0], [0.0,0.4]]
ENTRY 24 ContractDefinition_0 [[100.0,100.0], [10.0,10.0], [40.0,40.0], [0.0,0.0], [0.0,0.0], [0.0,0.0]]
EXIT 24 ContractDefinition_0 [[100.0,100.0], [10.0,10.0], [40.0,40.0], [0.0,0.0], [0.0,0.0], [0.0,0.0]]
ENTRY 24 VariableDeclaration_0 [[100.0,100.0], [10.0,10.0], [40.0,40.0], [0.0,0.0], [0.0,0.0], [0.0,0.0]]
EXIT 24 VariableDeclaration_0 [[100.0,100.0], [10.0,10.0], [40.0,40.0], [0.0,0.0], [0.0,0.0], [0.0,0.0]]
ENTRY 24 VariableDeclaration_1 [[100.0,100.0], [10.0,10.0], [40.0,40.0], [0.0,0.0], [0.0,0.0], [0.0,0.0]]
EXIT 24 VariableDeclaration_1 [[100.0,100.0], [10.0,10.0], [40.0,40.0], [0.0,0.0], [0.0,0.0], [0.0,0.0]]
ENTRY 24 VariableDeclaration_2 [[100.0,100.0], [10.0,10.0], [40.0,40.0], [0.0,0.0], [0.0,0.0], [0.0,0.0]]
EXIT 24 VariableDeclaration_2 [[100.0,100.0], [10.0,10.0], [40.0,40.0], [0.0,0.0], [0.0,0.0], [0.0,0.0]]
ENTRY 24 VariableDeclaration_3 [[100.0,100.0], [10.0,10.0], [40.0,40.0], [0.0,0.0], [0.0,0.0], [0.0,0.0]]
EXIT 24 VariableDeclaration_3 [[100.0,100.0], [10.0,10.0], [40.0,40.0], [0.0,0.0], [0.0,0.0], [0.0,0.0]]
ENTRY 24 VariableDeclaration_4 [[100.0,100.0], [10.0,10.0], [40.0,40.0], [0.0,0.0], [0.0,0.0], [0.0,0.0]]
EXIT 24 VariableDeclaration_4 [[100.0,100.0], [10.0,10.0], [40.0,40.0], [0.0,0.0], [0.0,0.0], [0.0,0.0]]
ENTRY 24 ModifierDefinition_0 [[100.0,100.0], [10.0,10.0], [40.0,40.0], [0.0,0.0], [0.0,0.0], [0.0,0.0]]
EXIT 24 ModifierDefinition_0 [[100.0,100.0], [10.0,10.0], [40.0,40.0], [0.0,0.0], [0.0,0.0], [0.0,0.0]]
ENTRY 24 FunctionDefinition_0 [[100.0,100.0], [10.0,10.0], [40.0,40.0], [0.0,0.0], [0.0,0.0], [0.0,0.0]]
EXIT 24 FunctionDefinition_0 [[100.0,100.0], [10.0,10.0], [40.0,40.0], [0.0,0.0], [0.0,0.0], [0.0,0.0]]
ENTRY 24 FunctionEntry_0 [[100.0,100.0], [10.0,10.0], [40.0,40.0], [0.0,0.0], [0.0,0.0], [0.0,0.0]]
EXIT 24 FunctionEntry_0 [[100.0,100.0], [10.0,10.0], [40.0,40.0], [0.0,0.0], [0.0,0.0], [0.0,0.0]]
ENTRY 24 VariableDeclarationStatement_0 [[100.0,100.0], [10.0,10.0], [40.0,40.0], [0.0,0.0], [0.0,0.0], [0.0,0.0]]
EXIT 24 VariableDeclarationStatement_0 [[100.0,100.0], [10.0,10.0], [40.0,40.0], [0.0,0.0], [0.0,0.0], [0.4,0.4]]
ENTRY 24 IfStatement_0 [[-8.800000000000002,100.0], [-0.0,18.799999999999994], [0.0,40.0], [0.0,0.0], [0.0,0.0], [-0.0,0.4]]
EXIT 24 IfStatement_0 [[1.0,-1.0], [1.0,-1.0], [1.0,-1.0], [1.0,-1.0], [1.0,-1.0], [1.0,-1.0]]
ENTRY 24 ExpressionStatement_0 [[-8.800000000000002,100.0], [-0.0,18.799999999999994], [0.0,40.0], [0.0,0.0], [0.0,0.0], [-0.0,0.4]]
EXIT 24 ExpressionStatement_0 [[-9.200000000000003,100.0], [-0.0,18.799999999999994], [0.0,40.0], [0.0,0.0], [0.0,0.0], [-0.0,0.4]]
ENTRY 24 ExpressionStatement_1 [[-9.200000000000003,100.0], [-0.0,18.799999999999994], [0.0,40.0], [0.0,0.0], [0.0,0.0], [-0.0,0.4]]
EXIT 24 ExpressionStatement_1 [[-9.200000000000003,100.0], [-0.0,19.199999999999992], [0.0,40.0], [0.0,0.0], [0.0,0.0], [-0.0,0.4]]
ENTRY 24 IfConditionJoin_0 [[-9.200000000000003,100.0], [-0.0,19.199999999999992], [0.0,40.0], [0.0,0.0], [0.0,0.0], [-0.0,0.4]]
EXIT 24 IfConditionJoin_0 [[-9.200000000000003,100.0], [-0.0,19.199999999999992], [0.0,40.0], [0.0,0.0], [0.0,0.0], [-0.0,0.4]]
ENTRY 24 ExpressionStatement_2 [[-9.200000000000003,100.0], [-0.0,19.199999999999992], [0.0,40.0], [0.0,0.0], [0.0,0.0], [-0.0,0.4]]
EXIT 24 ExpressionStatement_2 [[-9.200000000000003,100.0], [-0.0,19.199999999999992], [-0.0,0.4], [0.0,0.0], [0.0,0.0], [-0.0,0.4]]
ENTRY 24 ExpressionStatement_3 [[-9.200000000000003,100.0], [-0.0,19.199999999999992], [-0.0,0.4], [0.0,0.0], [0.0,0.0], [-0.0,0.4]]
EXIT 24 ExpressionStatement_3 [[-9.200000000000003,100.0], [-0.0,19.199999999999992], [-0.0,0.4], [-0.0,0.4], [0.0,0.0], [-0.0,0.4]]
ENTRY 24 Return_0 [[-9.200000000000003,100.0], [-0.0,19.199999999999992], [-0.0,0.4], [-0.0,0.4], [0.0,0.0], [-0.0,0.4]]
EXIT 24 Return_0 [[-9.200000000000003,100.0], [-0.0,19.199999999999992], [-0.0,0.4], [-0.0,0.4], [0.0,0.0], [-0.0,0.4]]
ENTRY 24 FunctionExit_0 [[-9.200000000000003,100.0], [-0.0,19.199999999999992], [-0.0,0.4], [-0.0,0.4], [0.0,0.0], [-0.0,0.4]]
EXIT 24 FunctionExit_0 [[-9.200000000000003,100.0], [-0.0,19.199999999999992], [-0.0,0.4], [-0.0,0.4], [0.0,0.0], [-0.0,0.4]]
ENTRY 25 SourceEntry_0 [[0.0,0.0], [0.0,0.0], [0.0,0.0], [0.0,0.0], [0.0,0.0], [0.0,0.0]]
EXIT 25 SourceEntry_0 [[100.0,100.0], [10.0,10.0], [40.0,40.0], [0.0,0.0], [0.0,0.0], [0.0,0.0]]
ENTRY 25 SourceUnit_0 [[100.0,100.0], [10.0,10.0], [40.0,40.0], [0.0,0.0], [0.0,0.0], [0.0,0.0]]
EXIT 25 SourceUnit_0 [[100.0,100.0], [10.0,10.0], [40.0,40.0], [0.0,0.0], [0.0,0.0], [0.0,0.0]]
ENTRY 25 PragmaDirective_0 [[100.0,100.0], [10.0,10.0], [40.0,40.0], [0.0,0.0], [0.0,0.0], [0.0,0.0]]
EXIT 25 PragmaDirective_0 [[100.0,100.0], [10.0,10.0], [40.0,40.0], [0.0,0.0], [0.0,0.0], [0.0,0.0]]
ENTRY 25 SourceExit_0 [[-9.200000000000003,100.0], [-0.0,19.199999999999992], [-0.0,40.0], [0.0,0.4], [0.0,0.0], [0.0,0.4]]
EXIT 25 SourceExit_0 [[100.0,100.0], [10.0,10.0], [40.0,40.0], [0.0,0.0], [0.0,0.0], [0.0,0.4]]
ENTRY 25 ContractDefinition_0 [[100.0,100.0], [10.0,10.0], [40.0,40.0], [0.0,0.0], [0.0,0.0], [0.0,0.0]]
EXIT 25 ContractDefinition_0 [[100.0,100.0], [10.0,10.0], [40.0,40.0], [0.0,0.0], [0.0,0.0], [0.0,0.0]]
ENTRY 25 VariableDeclaration_0 [[100.0,100.0], [10.0,10.0], [40.0,40.0], [0.0,0.0], [0.0,0.0], [0.0,0.0]]
EXIT 25 VariableDeclaration_0 [[100.0,100.0], [10.0,10.0], [40.0,40.0], [0.0,0.0], [0.0,0.0], [0.0,0.0]]
ENTRY 25 VariableDeclaration_1 [[100.0,100.0], [10.0,10.0], [40.0,40.0], [0.0,0.0], [0.0,0.0], [0.0,0.0]]
EXIT 25 VariableDeclaration_1 [[100.0,100.0], [10.0,10.0], [40.0,40.0], [0.0,0.0], [0.0,0.0], [0.0,0.0]]
ENTRY 25 VariableDeclaration_2 [[100.0,100.0], [10.0,10.0], [40.0,40.0], [0.0,0.0], [0.0,0.0], [0.0,0.0]]
EXIT 25 VariableDeclaration_2 [[100.0,100.0], [10.0,10.0], [40.0,40.0], [0.0,0.0], [0.0,0.0], [0.0,0.0]]
ENTRY 25 VariableDeclaration_3 [[100.0,100.0], [10.0,10.0], [40.0,40.0], [0.0,0.0], [0.0,0.0], [0.0,0.0]]
EXIT 25 VariableDeclaration_3 [[100.0,100.0], [10.0,10.0], [40.0,40.0], [0.0,0.0], [0.0,0.0], [0.0,0.0]]
ENTRY 25 VariableDeclaration_4 [[100.0,100.0], [10.0,10.0], [40.0,40.0], [0.0,0.0], [0.0,0.0], [0.0,0.0]]
EXIT 25 VariableDeclaration_4 [[100.0,100.0], [10.0,10.0], [40.0,40.0], [0.0,0.0], [0.0,0.0], [0.0,0.0]]
ENTRY 25 ModifierDefinition_0 [[100.0,100.0], [10.0,10.0], [40.0,40.0], [0.0,0.0], [0.0,0.0], [0.0,0.0]]
EXIT 25 ModifierDefinition_0 [[100.0,100.0], [10.0,10.0], [40.0,40.0], [0.0,0.0], [0.0,0.0], [0.0,0.0]]
ENTRY 25 FunctionDefinition_0 [[100.0,100.0], [10.0,10.0], [40.0,40.0], [0.0,0.0], [0.0,0.0], [0.0,0.0]]
EXIT 25 FunctionDefinition_0 [[100.0,100.0], [10.0,10.0], [40.0,40.0], [0.0,0.0], [0.0,0.0], [0.0,0.0]]
ENTRY 25 FunctionEntry_0 [[100.0,100.0], [10.0,10.0], [40.0,40.0], [0.0,0.0], [0.0,0.0], [0.0,0.0]]
EXIT 25 FunctionEntry_0 [[100.0,100.0], [10.0,10.0], [40.0,40.0], [0.0,0.0], [0.0,0.0], [0.0,0.0]]
ENTRY 25 VariableDeclarationStatement_0 [[100.0,100.0], [10.0,10.0], [40.0,40.0], [0.0,0.0], [0.0,0.0], [0.0,0.0]]
EXIT 25 VariableDeclarationStatement_0 [[100.0,100.0], [10.0,10.0], [40.0,40.0], [0.0,0.0], [0.0,0.0], [0.4,0.4]]
ENTRY 25 IfStatement_0 [[-9.200000000000003,100.0], [-0.0,19.199999999999992], [0.0,40.0], [0.0,0.0], [0.0,0.0], [-0.0,0.4]]
EXIT 25 IfStatement_0 [[1.0,-1.0], [1.0,-1.0], [1.0,-1.0], [1.0,-1.0], [1.0,-1.0], [1.0,-1.0]]
ENTRY 25 ExpressionStatement_0 [[-9.200000000000003,100.0], [-0.0,19.199999999999992], [0.0,40.0], [0.0,0.0], [0.0,0.0], [-0.0,0.4]]
EXIT 25 ExpressionStatement_0 [[-9.600000000000003,100.0], [-0.0,19.199999999999992], [0.0,40.0], [0.0,0.0], [0.0,0.0], [-0.0,0.4]]
ENTRY 25 ExpressionStatement_1 [[-9.600000000000003,100.0], [-0.0,19.199999999999992], [0.0,40.0], [0.0,0.0], [0.0,0.0], [-0.0,0.4]]
EXIT 25 ExpressionStatement_1 [[-9.600000000000003,100.0], [-0.0,19.59999999999999], [0.0,40.0], [0.0,0.0], [0.0,0.0], [-0.0,0.4]]
ENTRY 25 IfConditionJoin_0 [[-9.600000000000003,100.0], [-0.0,19.59999999999999], [0.0,40.0], [0.0,0.0], [0.0,0.0], [-0.0,0.4]]
EXIT 25 IfConditionJoin_0 [[-9.600000000000003,100.0], [-0.0,19.59999999999999], [0.0,40.0], [0.0,0.0], [0.0,0.0], [-0.0,0.4]]
ENTRY 25 ExpressionStatement_2 [[-9.600000000000003,100.0], [-0.0,19.59999999999999], [0.0,40.0], [0.0,0.0], [0.0,0.0], [-0.0,0.4]]
EXIT 25 ExpressionStatement_2 [[-9.600000000000003,100.0], [-0.0,19.59999999999999], [-0.0,0.4], [0.0,0.0], [0.0,0.0], [-0.0,0.4]]
ENTRY 25 ExpressionStatement_3 [[-9.600000000000003,100.0], [-0.0,19.59999999999999], [-0.0,0.4], [0.0,0.0], [0.0,0.0], [-0.0,0.4]]
EXIT 25 ExpressionStatement_3 [[-9.600000000000003,100.0], [-0.0,19.59999999999999], [-0.0,0.4], [-0.0,0.4], [0.0,0.0], [-0.0,0.4]]
ENTRY 25 Return_0 [[-9.600000000000003,100.0], [-0.0,19.59999999999999], [-0.0,0.4], [-0.0,0.4], [0.0,0.0], [-0.0,0.4]]
EXIT 25 Return_0 [[-9.600000000000003,100.0], [-0.0,19.59999999999999], [-0.0,0.4], [-0.0,0.4], [0.0,0.0], [-0.0,0.4]]
ENTRY 25 FunctionExit_0 [[-9.600000000000003,100.0], [-0.0,19.59999999999999], [-0.0,0.4], [-0.0,0.4], [0.0,0.0], [-0.0,0.4]]
EXIT 25 FunctionExit_0 [[-9.600000000000003,100.0], [-0.0,19.59999999999999], [-0.0,0.4], [-0.0,0.4], [0.0,0.0], [-0.0,0.4]]
ENTRY 26 SourceEntry_0 [[0.0,0.0], [0.0,0.0], [0.0,0.0], [0.0,0.0], [0.0,0.0], [0.0,0.0]]
EXIT 26 SourceEntry_0 [[100.0,100.0], [10.0,10.0], [40.0,40.0], [0.0,0.0], [0.0,0.0], [0.0,0.0]]
ENTRY 26 SourceUnit_0 [[100.0,100.0], [10.0,10.0], [40.0,40.0], [0.0,0.0], [0.0,0.0], [0.0,0.0]]
EXIT 26 SourceUnit_0 [[100.0,100.0], [10.0,10.0], [40.0,40.0], [0.0,0.0], [0.0,0.0], [0.0,0.0]]
ENTRY 26 PragmaDirective_0 [[100.0,100.0], [10.0,10.0], [40.0,40.0], [0.0,0.0], [0.0,0.0], [0.0,0.0]]
EXIT 26 PragmaDirective_0 [[100.0,100.0], [10.0,10.0], [40.0,40.0], [0.0,0.0], [0.0,0.0], [0.0,0.0]]
ENTRY 26 SourceExit_0 [[-9.600000000000003,100.0], [-0.0,19.59999999999999], [-0.0,40.0], [0.0,0.4], [0.0,0.0], [0.0,0.4]]
EXIT 26 SourceExit_0 [[100.0,100.0], [10.0,10.0], [40.0,40.0], [0.0,0.0], [0.0,0.0], [0.0,0.4]]
ENTRY 26 ContractDefinition_0 [[100.0,100.0], [10.0,10.0], [40.0,40.0], [0.0,0.0], [0.0,0.0], [0.0,0.0]]
EXIT 26 ContractDefinition_0 [[100.0,100.0], [10.0,10.0], [40.0,40.0], [0.0,0.0], [0.0,0.0], [0.0,0.0]]
ENTRY 26 VariableDeclaration_0 [[100.0,100.0], [10.0,10.0], [40.0,40.0], [0.0,0.0], [0.0,0.0], [0.0,0.0]]
EXIT 26 VariableDeclaration_0 [[100.0,100.0], [10.0,10.0], [40.0,40.0], [0.0,0.0], [0.0,0.0], [0.0,0.0]]
ENTRY 26 VariableDeclaration_1 [[100.0,100.0], [10.0,10.0], [40.0,40.0], [0.0,0.0], [0.0,0.0], [0.0,0.0]]
EXIT 26 VariableDeclaration_1 [[100.0,100.0], [10.0,10.0], [40.0,40.0], [0.0,0.0], [0.0,0.0], [0.0,0.0]]
ENTRY 26 VariableDeclaration_2 [[100.0,100.0], [10.0,10.0], [40.0,40.0], [0.0,0.0], [0.0,0.0], [0.0,0.0]]
EXIT 26 VariableDeclaration_2 [[100.0,100.0], [10.0,10.0], [40.0,40.0], [0.0,0.0], [0.0,0.0], [0.0,0.0]]
ENTRY 26 VariableDeclaration_3 [[100.0,100.0], [10.0,10.0], [40.0,40.0], [0.0,0.0], [0.0,0.0], [0.0,0.0]]
EXIT 26 VariableDeclaration_3 [[100.0,100.0], [10.0,10.0], [40.0,40.0], [0.0,0.0], [0.0,0.0], [0.0,0.0]]
ENTRY 26 VariableDeclaration_4 [[100.0,100.0], [10.0,10.0], [40.0,40.0], [0.0,0.0], [0.0,0.0], [0.0,0.0]]
EXIT 26 VariableDeclaration_4 [[100.0,100.0], [10.0,10.0], [40.0,40.0], [0.0,0.0], [0.0,0.0], [0.0,0.0]]
ENTRY 26 ModifierDefinition_0 [[100.0,100.0], [10.0,10.0], [40.0,40.0], [0.0,0.0], [0.0,0.0], [0.0,0.0]]
EXIT 26 ModifierDefinition_0 [[100.0,100.0], [10.0,10.0], [40.0,40.0], [0.0,0.0], [0.0,0.0], [0.0,0.0]]
ENTRY 26 FunctionDefinition_0 [[100.0,100.0], [10.0,10.0], [40.0,40.0], [0.0,0.0], [0.0,0.0], [0.0,0.0]]
EXIT 26 FunctionDefinition_0 [[100.0,100.0], [10.0,10.0], [40.0,40.0], [0.0,0.0], [0.0,0.0], [0.0,0.0]]
ENTRY 26 FunctionEntry_0 [[100.0,100.0], [10.0,10.0], [40.0,40.0], [0.0,0.0], [0.0,0.0], [0.0,0.0]]
EXIT 26 FunctionEntry_0 [[100.0,100.0], [10.0,10.0], [40.0,40.0], [0.0,0.0], [0.0,0.0], [0.0,0.0]]
ENTRY 26 VariableDeclarationStatement_0 [[100.0,100.0], [10.0,10.0], [40.0,40.0], [0.0,0.0], [0.0,0.0], [0.0,0.0]]
EXIT 26 VariableDeclarationStatement_0 [[100.0,100.0], [10.0,10.0], [40.0,40.0], [0.0,0.0], [0.0,0.0], [0.4,0.4]]
ENTRY 26 IfStatement_0 [[-9.600000000000003,100.0], [-0.0,19.59999999999999], [0.0,40.0], [0.0,0.0], [0.0,0.0], [-0.0,0.4]]
EXIT 26 IfStatement_0 [[1.0,-1.0], [1.0,-1.0], [1.0,-1.0], [1.0,-1.0], [1.0,-1.0], [1.0,-1.0]]
ENTRY 26 ExpressionStatement_0 [[-9.600000000000003,100.0], [-0.0,19.59999999999999], [0.0,40.0], [0.0,0.0], [0.0,0.0], [-0.0,0.4]]
EXIT 26 ExpressionStatement_0 [[-10.000000000000004,100.0], [-0.0,19.59999999999999], [0.0,40.0], [0.0,0.0], [0.0,0.0], [-0.0,0.4]]
ENTRY 26 ExpressionStatement_1 [[-10.000000000000004,100.0], [-0.0,19.59999999999999], [0.0,40.0], [0.0,0.0], [0.0,0.0], [-0.0,0.4]]
EXIT 26 ExpressionStatement_1 [[-10.000000000000004,100.0], [-0.0,19.99999999999999], [0.0,40.0], [0.0,0.0], [0.0,0.0], [-0.0,0.4]]
ENTRY 26 IfConditionJoin_0 [[-10.000000000000004,100.0], [-0.0,19.99999999999999], [0.0,40.0], [0.0,0.0], [0.0,0.0], [-0.0,0.4]]
EXIT 26 IfConditionJoin_0 [[-10.000000000000004,100.0], [-0.0,19.99999999999999], [0.0,40.0], [0.0,0.0], [0.0,0.0], [-0.0,0.4]]
ENTRY 26 ExpressionStatement_2 [[-10.000000000000004,100.0], [-0.0,19.99999999999999], [0.0,40.0], [0.0,0.0], [0.0,0.0], [-0.0,0.4]]
EXIT 26 ExpressionStatement_2 [[-10.000000000000004,100.0], [-0.0,19.99999999999999], [-0.0,0.4], [0.0,0.0], [0.0,0.0], [-0.0,0.4]]
ENTRY 26 ExpressionStatement_3 [[-10.000000000000004,100.0], [-0.0,19.99999999999999], [-0.0,0.4], [0.0,0.0], [0.0,0.0], [-0.0,0.4]]
EXIT 26 ExpressionStatement_3 [[-10.000000000000004,100.0], [-0.0,19.99999999999999], [-0.0,0.4], [-0.0,0.4], [0.0,0.0], [-0.0,0.4]]
ENTRY 26 Return_0 [[-10.000000000000004,100.0], [-0.0,19.99999999999999], [-0.0,0.4], [-0.0,0.4], [0.0,0.0], [-0.0,0.4]]
EXIT 26 Return_0 [[-10.000000000000004,100.0], [-0.0,19.99999999999999], [-0.0,0.4], [-0.0,0.4], [0.0,0.0], [-0.0,0.4]]
ENTRY 26 FunctionExit_0 [[-10.000000000000004,100.0], [-0.0,19.99999999999999], [-0.0,0.4], [-0.0,0.4], [0.0,0.0], [-0.0,0.4]]
EXIT 26 FunctionExit_0 [[-10.000000000000004,100.0], [-0.0,19.99999999999999], [-0.0,0.4], [-0.0,0.4], [0.0,0.0], [-0.0,0.4]]
ENTRY 27 SourceEntry_0 [[0.0,0.0], [0.0,0.0], [0.0,0.0], [0.0,0.0], [0.0,0.0], [0.0,0.0]]
EXIT 27 SourceEntry_0 [[100.0,100.0], [10.0,10.0], [40.0,40.0], [0.0,0.0], [0.0,0.0], [0.0,0.0]]
ENTRY 27 SourceUnit_0 [[100.0,100.0], [10.0,10.0], [40.0,40.0], [0.0,0.0], [0.0,0.0], [0.0,0.0]]
EXIT 27 SourceUnit_0 [[100.0,100.0], [10.0,10.0], [40.0,40.0], [0.0,0.0], [0.0,0.0], [0.0,0.0]]
ENTRY 27 PragmaDirective_0 [[100.0,100.0], [10.0,10.0], [40.0,40.0], [0.0,0.0], [0.0,0.0], [0.0,0.0]]
EXIT 27 PragmaDirective_0 [[100.0,100.0], [10.0,10.0], [40.0,40.0], [0.0,0.0], [0.0,0.0], [0.0,0.0]]
ENTRY 27 SourceExit_0 [[-10.000000000000004,100.0], [-0.0,19.99999999999999], [-0.0,40.0], [0.0,0.4], [0.0,0.0], [0.0,0.4]]
EXIT 27 SourceExit_0 [[100.0,100.0], [10.0,10.0], [40.0,40.0], [0.0,0.0], [0.0,0.0], [0.0,0.4]]
ENTRY 27 ContractDefinition_0 [[100.0,100.0], [10.0,10.0], [40.0,40.0], [0.0,0.0], [0.0,0.0], [0.0,0.0]]
EXIT 27 ContractDefinition_0 [[100.0,100.0], [10.0,10.0], [40.0,40.0], [0.0,0.0], [0.0,0.0], [0.0,0.0]]
ENTRY 27 VariableDeclaration_0 [[100.0,100.0], [10.0,10.0], [40.0,40.0], [0.0,0.0], [0.0,0.0], [0.0,0.0]]
EXIT 27 VariableDeclaration_0 [[100.0,100.0], [10.0,10.0], [40.0,40.0], [0.0,0.0], [0.0,0.0], [0.0,0.0]]
ENTRY 27 VariableDeclaration_1 [[100.0,100.0], [10.0,10.0], [40.0,40.0], [0.0,0.0], [0.0,0.0], [0.0,0.0]]
EXIT 27 VariableDeclaration_1 [[100.0,100.0], [10.0,10.0], [40.0,40.0], [0.0,0.0], [0.0,0.0], [0.0,0.0]]
ENTRY 27 VariableDeclaration_2 [[100.0,100.0], [10.0,10.0], [40.0,40.0], [0.0,0.0], [0.0,0.0], [0.0,0.0]]
EXIT 27 VariableDeclaration_2 [[100.0,100.0], [10.0,10.0], [40.0,40.0], [0.0,0.0], [0.0,0.0], [0.0,0.0]]
ENTRY 27 VariableDeclaration_3 [[100.0,100.0], [10.0,10.0], [40.0,40.0], [0.0,0.0], [0.0,0.0], [0.0,0.0]]
EXIT 27 VariableDeclaration_3 [[100.0,100.0], [10.0,10.0], [40.0,40.0], [0.0,0.0], [0.0,0.0], [0.0,0.0]]
ENTRY 27 VariableDeclaration_4 [[100.0,100.0], [10.0,10.0], [40.0,40.0], [0.0,0.0], [0.0,0.0], [0.0,0.0]]
EXIT 27 VariableDeclaration_4 [[100.0,100.0], [10.0,10.0], [40.0,40.0], [0.0,0.0], [0.0,0.0], [0.0,0.0]]
ENTRY 27 ModifierDefinition_0 [[100.0,100.0], [10.0,10.0], [40.0,40.0], [0.0,0.0], [0.0,0.0], [0.0,0.0]]
EXIT 27 ModifierDefinition_0 [[100.0,100.0], [10.0,10.0], [40.0,40.0], [0.0,0.0], [0.0,0.0], [0.0,0.0]]
ENTRY 27 FunctionDefinition_0 [[100.0,100.0], [10.0,10.0], [40.0,40.0], [0.0,0.0], [0.0,0.0], [0.0,0.0]]
EXIT 27 FunctionDefinition_0 [[100.0,100.0], [10.0,10.0], [40.0,40.0], [0.0,0.0], [0.0,0.0], [0.0,0.0]]
ENTRY 27 FunctionEntry_0 [[100.0,100.0], [10.0,10.0], [40.0,40.0], [0.0,0.0], [0.0,0.0], [0.0,0.0]]
EXIT 27 FunctionEntry_0 [[100.0,100.0], [10.0,10.0], [40.0,40.0], [0.0,0.0], [0.0,0.0], [0.0,0.0]]
ENTRY 27 VariableDeclarationStatement_0 [[100.0,100.0], [10.0,10.0], [40.0,40.0], [0.0,0.0], [0.0,0.0], [0.0,0.0]]
EXIT 27 VariableDeclarationStatement_0 [[100.0,100.0], [10.0,10.0], [40.0,40.0], [0.0,0.0], [0.0,0.0], [0.4,0.4]]
ENTRY 27 IfStatement_0 [[-10.000000000000004,100.0], [-0.0,19.99999999999999], [0.0,40.0], [0.0,0.0], [0.0,0.0], [-0.0,0.4]]
EXIT 27 IfStatement_0 [[1.0,-1.0], [1.0,-1.0], [1.0,-1.0], [1.0,-1.0], [1.0,-1.0], [1.0,-1.0]]
ENTRY 27 ExpressionStatement_0 [[-10.000000000000004,100.0], [-0.0,19.99999999999999], [0.0,40.0], [0.0,0.0], [0.0,0.0], [-0.0,0.4]]
EXIT 27 ExpressionStatement_0 [[-10.400000000000004,100.0], [-0.0,19.99999999999999], [0.0,40.0], [0.0,0.0], [0.0,0.0], [-0.0,0.4]]
ENTRY 27 ExpressionStatement_1 [[-10.400000000000004,100.0], [-0.0,19.99999999999999], [0.0,40.0], [0.0,0.0], [0.0,0.0], [-0.0,0.4]]
EXIT 27 ExpressionStatement_1 [[-10.400000000000004,100.0], [-0.0,20.399999999999988], [0.0,40.0], [0.0,0.0], [0.0,0.0], [-0.0,0.4]]
ENTRY 27 IfConditionJoin_0 [[-10.400000000000004,100.0], [-0.0,20.399999999999988], [0.0,40.0], [0.0,0.0], [0.0,0.0], [-0.0,0.4]]
EXIT 27 IfConditionJoin_0 [[-10.400000000000004,100.0], [-0.0,20.399999999999988], [0.0,40.0], [0.0,0.0], [0.0,0.0], [-0.0,0.4]]
ENTRY 27 ExpressionStatement_2 [[-10.400000000000004,100.0], [-0.0,20.399999999999988], [0.0,40.0], [0.0,0.0], [0.0,0.0], [-0.0,0.4]]
EXIT 27 ExpressionStatement_2 [[-10.400000000000004,100.0], [-0.0,20.399999999999988], [-0.0,0.4], [0.0,0.0], [0.0,0.0], [-0.0,0.4]]
ENTRY 27 ExpressionStatement_3 [[-10.400000000000004,100.0], [-0.0,20.399999999999988], [-0.0,0.4], [0.0,0.0], [0.0,0.0], [-0.0,0.4]]
EXIT 27 ExpressionStatement_3 [[-10.400000000000004,100.0], [-0.0,20.399999999999988], [-0.0,0.4], [-0.0,0.4], [0.0,0.0], [-0.0,0.4]]
ENTRY 27 Return_0 [[-10.400000000000004,100.0], [-0.0,20.399999999999988], [-0.0,0.4], [-0.0,0.4], [0.0,0.0], [-0.0,0.4]]
EXIT 27 Return_0 [[-10.400000000000004,100.0], [-0.0,20.399999999999988], [-0.0,0.4], [-0.0,0.4], [0.0,0.0], [-0.0,0.4]]
ENTRY 27 FunctionExit_0 [[-10.400000000000004,100.0], [-0.0,20.399999999999988], [-0.0,0.4], [-0.0,0.4], [0.0,0.0], [-0.0,0.4]]
EXIT 27 FunctionExit_0 [[-10.400000000000004,100.0], [-0.0,20.399999999999988], [-0.0,0.4], [-0.0,0.4], [0.0,0.0], [-0.0,0.4]]
ENTRY 28 SourceEntry_0 [[0.0,0.0], [0.0,0.0], [0.0,0.0], [0.0,0.0], [0.0,0.0], [0.0,0.0]]
EXIT 28 SourceEntry_0 [[100.0,100.0], [10.0,10.0], [40.0,40.0], [0.0,0.0], [0.0,0.0], [0.0,0.0]]
ENTRY 28 SourceUnit_0 [[100.0,100.0], [10.0,10.0], [40.0,40.0], [0.0,0.0], [0.0,0.0], [0.0,0.0]]
EXIT 28 SourceUnit_0 [[100.0,100.0], [10.0,10.0], [40.0,40.0], [0.0,0.0], [0.0,0.0], [0.0,0.0]]
ENTRY 28 PragmaDirective_0 [[100.0,100.0], [10.0,10.0], [40.0,40.0], [0.0,0.0], [0.0,0.0], [0.0,0.0]]
EXIT 28 PragmaDirective_0 [[100.0,100.0], [10.0,10.0], [40.0,40.0], [0.0,0.0], [0.0,0.0], [0.0,0.0]]
ENTRY 28 SourceExit_0 [[-10.400000000000004,100.0], [-0.0,20.399999999999988], [-0.0,40.0], [0.0,0.4], [0.0,0.0], [0.0,0.4]]
EXIT 28 SourceExit_0 [[100.0,100.0], [10.0,10.0], [40.0,40.0], [0.0,0.0], [0.0,0.0], [0.0,0.4]]
ENTRY 28 ContractDefinition_0 [[100.0,100.0], [10.0,10.0], [40.0,40.0], [0.0,0.0], [0.0,0.0], [0.0,0.0]]
EXIT 28 ContractDefinition_0 [[100.0,100.0], [10.0,10.0], [40.0,40.0], [0.0,0.0], [0.0,0.0], [0.0,0.0]]
ENTRY 28 VariableDeclaration_0 [[100.0,100.0], [10.0,10.0], [40.0,40.0], [0.0,0.0], [0.0,0.0], [0.0,0.0]]
EXIT 28 VariableDeclaration_0 [[100.0,100.0], [10.0,10.0], [40.0,40.0], [0.0,0.0], [0.0,0.0], [0.0,0.0]]
ENTRY 28 VariableDeclaration_1 [[100.0,100.0], [10.0,10.0], [40.0,40.0], [0.0,0.0], [0.0,0.0], [0.0,0.0]]
EXIT 28 VariableDeclaration_1 [[100.0,100.0], [10.0,10.0], [40.0,40.0], [0.0,0.0], [0.0,0.0], [0.0,0.0]]
ENTRY 28 VariableDeclaration_2 [[100.0,100.0], [10.0,10.0], [40.0,40.0], [0.0,0.0], [0.0,0.0], [0.0,0.0]]
EXIT 28 VariableDeclaration_2 [[100.0,100.0], [10.0,10.0], [40.0,40.0], [0.0,0.0], [0.0,0.0], [0.0,0.0]]
ENTRY 28 VariableDeclaration_3 [[100.0,100.0], [10.0,10.0], [40.0,40.0], [0.0,0.0], [0.0,0.0], [0.0,0.0]]
EXIT 28 VariableDeclaration_3 [[100.0,100.0], [10.0,10.0], [40.0,40.0], [0.0,0.0], [0.0,0.0], [0.0,0.0]]
ENTRY 28 VariableDeclaration_4 [[100.0,100.0], [10.0,10.0], [40.0,40.0], [0.0,0.0], [0.0,0.0], [0.0,0.0]]
EXIT 28 VariableDeclaration_4 [[100.0,100.0], [10.0,10.0], [40.0,40.0], [0.0,0.0], [0.0,0.0], [0.0,0.0]]
ENTRY 28 ModifierDefinition_0 [[100.0,100.0], [10.0,10.0], [40.0,40.0], [0.0,0.0], [0.0,0.0], [0.0,0.0]]
EXIT 28 ModifierDefinition_0 [[100.0,100.0], [10.0,10.0], [40.0,40.0], [0.0,0.0], [0.0,0.0], [0.0,0.0]]
ENTRY 28 FunctionDefinition_0 [[100.0,100.0], [10.0,10.0], [40.0,40.0], [0.0,0.0], [0.0,0.0], [0.0,0.0]]
EXIT 28 FunctionDefinition_0 [[100.0,100.0], [10.0,10.0], [40.0,40.0], [0.0,0.0], [0.0,0.0], [0.0,0.0]]
ENTRY 28 FunctionEntry_0 [[100.0,100.0], [10.0,10.0], [40.0,40.0], [0.0,0.0], [0.0,0.0], [0.0,0.0]]
EXIT 28 FunctionEntry_0 [[100.0,100.0], [10.0,10.0], [40.0,40.0], [0.0,0.0], [0.0,0.0], [0.0,0.0]]
ENTRY 28 VariableDeclarationStatement_0 [[100.0,100.0], [10.0,10.0], [40.0,40.0], [0.0,0.0], [0.0,0.0], [0.0,0.0]]
EXIT 28 VariableDeclarationStatement_0 [[100.0,100.0], [10.0,10.0], [40.0,40.0], [0.0,0.0], [0.0,0.0], [0.4,0.4]]
ENTRY 28 IfStatement_0 [[-10.400000000000004,100.0], [-0.0,20.399999999999988], [0.0,40.0], [0.0,0.0], [0.0,0.0], [-0.0,0.4]]
EXIT 28 IfStatement_0 [[1.0,-1.0], [1.0,-1.0], [1.0,-1.0], [1.0,-1.0], [1.0,-1.0], [1.0,-1.0]]
ENTRY 28 ExpressionStatement_0 [[-10.400000000000004,100.0], [-0.0,20.399999999999988], [0.0,40.0], [0.0,0.0], [0.0,0.0], [-0.0,0.4]]
EXIT 28 ExpressionStatement_0 [[-10.800000000000004,100.0], [-0.0,20.399999999999988], [0.0,40.0], [0.0,0.0], [0.0,0.0], [-0.0,0.4]]
ENTRY 28 ExpressionStatement_1 [[-10.800000000000004,100.0], [-0.0,20.399999999999988], [0.0,40.0], [0.0,0.0], [0.0,0.0], [-0.0,0.4]]
EXIT 28 ExpressionStatement_1 [[-10.800000000000004,100.0], [-0.0,20.799999999999986], [0.0,40.0], [0.0,0.0], [0.0,0.0], [-0.0,0.4]]
ENTRY 28 IfConditionJoin_0 [[-10.800000000000004,100.0], [-0.0,20.799999999999986], [0.0,40.0], [0.0,0.0], [0.0,0.0], [-0.0,0.4]]
EXIT 28 IfConditionJoin_0 [[-10.800000000000004,100.0], [-0.0,20.799999999999986], [0.0,40.0], [0.0,0.0], [0.0,0.0], [-0.0,0.4]]
ENTRY 28 ExpressionStatement_2 [[-10.800000000000004,100.0], [-0.0,20.799999999999986], [0.0,40.0], [0.0,0.0], [0.0,0.0], [-0.0,0.4]]
EXIT 28 ExpressionStatement_2 [[-10.800000000000004,100.0], [-0.0,20.799999999999986], [-0.0,0.4], [0.0,0.0], [0.0,0.0], [-0.0,0.4]]
ENTRY 28 ExpressionStatement_3 [[-10.800000000000004,100.0], [-0.0,20.799999999999986], [-0.0,0.4], [0.0,0.0], [0.0,0.0], [-0.0,0.4]]
EXIT 28 ExpressionStatement_3 [[-10.800000000000004,100.0], [-0.0,20.799999999999986], [-0.0,0.4], [-0.0,0.4], [0.0,0.0], [-0.0,0.4]]
ENTRY 28 Return_0 [[-10.800000000000004,100.0], [-0.0,20.799999999999986], [-0.0,0.4], [-0.0,0.4], [0.0,0.0], [-0.0,0.4]]
EXIT 28 Return_0 [[-10.800000000000004,100.0], [-0.0,20.799999999999986], [-0.0,0.4], [-0.0,0.4], [0.0,0.0], [-0.0,0.4]]
ENTRY 28 FunctionExit_0 [[-10.800000000000004,100.0], [-0.0,20.799999999999986], [-0.0,0.4], [-0.0,0.4], [0.0,0.0], [-0.0,0.4]]
EXIT 28 FunctionExit_0 [[-10.800000000000004,100.0], [-0.0,20.799999999999986], [-0.0,0.4], [-0.0,0.4], [0.0,0.0], [-0.0,0.4]]
ENTRY 29 SourceEntry_0 [[0.0,0.0], [0.0,0.0], [0.0,0.0], [0.0,0.0], [0.0,0.0], [0.0,0.0]]
EXIT 29 SourceEntry_0 [[100.0,100.0], [10.0,10.0], [40.0,40.0], [0.0,0.0], [0.0,0.0], [0.0,0.0]]
ENTRY 29 SourceUnit_0 [[100.0,100.0], [10.0,10.0], [40.0,40.0], [0.0,0.0], [0.0,0.0], [0.0,0.0]]
EXIT 29 SourceUnit_0 [[100.0,100.0], [10.0,10.0], [40.0,40.0], [0.0,0.0], [0.0,0.0], [0.0,0.0]]
ENTRY 29 PragmaDirective_0 [[100.0,100.0], [10.0,10.0], [40.0,40.0], [0.0,0.0], [0.0,0.0], [0.0,0.0]]
EXIT 29 PragmaDirective_0 [[100.0,100.0], [10.0,10.0], [40.0,40.0], [0.0,0.0], [0.0,0.0], [0.0,0.0]]
ENTRY 29 SourceExit_0 [[-10.800000000000004,100.0], [-0.0,20.799999999999986], [-0.0,40.0], [0.0,0.4], [0.0,0.0], [0.0,0.4]]
EXIT 29 SourceExit_0 [[100.0,100.0], [10.0,10.0], [40.0,40.0], [0.0,0.0], [0.0,0.0], [0.0,0.4]]
ENTRY 29 ContractDefinition_0 [[100.0,100.0], [10.0,10.0], [40.0,40.0], [0.0,0.0], [0.0,0.0], [0.0,0.0]]
EXIT 29 ContractDefinition_0 [[100.0,100.0], [10.0,10.0], [40.0,40.0], [0.0,0.0], [0.0,0.0], [0.0,0.0]]
ENTRY 29 VariableDeclaration_0 [[100.0,100.0], [10.0,10.0], [40.0,40.0], [0.0,0.0], [0.0,0.0], [0.0,0.0]]
EXIT 29 VariableDeclaration_0 [[100.0,100.0], [10.0,10.0], [40.0,40.0], [0.0,0.0], [0.0,0.0], [0.0,0.0]]
ENTRY 29 VariableDeclaration_1 [[100.0,100.0], [10.0,10.0], [40.0,40.0], [0.0,0.0], [0.0,0.0], [0.0,0.0]]
EXIT 29 VariableDeclaration_1 [[100.0,100.0], [10.0,10.0], [40.0,40.0], [0.0,0.0], [0.0,0.0], [0.0,0.0]]
ENTRY 29 VariableDeclaration_2 [[100.0,100.0], [10.0,10.0], [40.0,40.0], [0.0,0.0], [0.0,0.0], [0.0,0.0]]
EXIT 29 VariableDeclaration_2 [[100.0,100.0], [10.0,10.0], [40.0,40.0], [0.0,0.0], [0.0,0.0], [0.0,0.0]]
ENTRY 29 VariableDeclaration_3 [[100.0,100.0], [10.0,10.0], [40.0,40.0], [0.0,0.0], [0.0,0.0], [0.0,0.0]]
EXIT 29 VariableDeclaration_3 [[100.0,100.0], [10.0,10.0], [40.0,40.0], [0.0,0.0], [0.0,0.0], [0.0,0.0]]
ENTRY 29 VariableDeclaration_4 [[100.0,100.0], [10.0,10.0], [40.0,40.0], [0.0,0.0], [0.0,0.0], [0.0,0.0]]
EXIT 29 VariableDeclaration_4 [[100.0,100.0], [10.0,10.0], [40.0,40.0], [0.0,0.0], [0.0,0.0], [0.0,0.0]]
ENTRY 29 ModifierDefinition_0 [[100.0,100.0], [10.0,10.0], [40.0,40.0], [0.0,0.0], [0.0,0.0], [0.0,0.0]]
EXIT 29 ModifierDefinition_0 [[100.0,100.0], [10.0,10.0], [40.0,40.0], [0.0,0.0], [0.0,0.0], [0.0,0.0]]
ENTRY 29 FunctionDefinition_0 [[100.0,100.0], [10.0,10.0], [40.0,40.0], [0.0,0.0], [0.0,0.0], [0.0,0.0]]
EXIT 29 FunctionDefinition_0 [[100.0,100.0], [10.0,10.0], [40.0,40.0], [0.0,0.0], [0.0,0.0], [0.0,0.0]]
ENTRY 29 FunctionEntry_0 [[100.0,100.0], [10.0,10.0], [40.0,40.0], [0.0,0.0], [0.0,0.0], [0.0,0.0]]
EXIT 29 FunctionEntry_0 [[100.0,100.0], [10.0,10.0], [40.0,40.0], [0.0,0.0], [0.0,0.0], [0.0,0.0]]
ENTRY 29 VariableDeclarationStatement_0 [[100.0,100.0], [10.0,10.0], [40.0,40.0], [0.0,0.0], [0.0,0.0], [0.0,0.0]]
EXIT 29 VariableDeclarationStatement_0 [[100.0,100.0], [10.0,10.0], [40.0,40.0], [0.0,0.0], [0.0,0.0], [0.4,0.4]]
ENTRY 29 IfStatement_0 [[-10.800000000000004,100.0], [-0.0,20.799999999999986], [0.0,40.0], [0.0,0.0], [0.0,0.0], [-0.0,0.4]]
EXIT 29 IfStatement_0 [[1.0,-1.0], [1.0,-1.0], [1.0,-1.0], [1.0,-1.0], [1.0,-1.0], [1.0,-1.0]]
ENTRY 29 ExpressionStatement_0 [[-10.800000000000004,100.0], [-0.0,20.799999999999986], [0.0,40.0], [0.0,0.0], [0.0,0.0], [-0.0,0.4]]
EXIT 29 ExpressionStatement_0 [[-11.200000000000005,100.0], [-0.0,20.799999999999986], [0.0,40.0], [0.0,0.0], [0.0,0.0], [-0.0,0.4]]
ENTRY 29 ExpressionStatement_1 [[-11.200000000000005,100.0], [-0.0,20.799999999999986], [0.0,40.0], [0.0,0.0], [0.0,0.0], [-0.0,0.4]]
EXIT 29 ExpressionStatement_1 [[-11.200000000000005,100.0], [-0.0,21.199999999999985], [0.0,40.0], [0.0,0.0], [0.0,0.0], [-0.0,0.4]]
ENTRY 29 IfConditionJoin_0 [[-11.200000000000005,100.0], [-0.0,21.199999999999985], [0.0,40.0], [0.0,0.0], [0.0,0.0], [-0.0,0.4]]
EXIT 29 IfConditionJoin_0 [[-11.200000000000005,100.0], [-0.0,21.199999999999985], [0.0,40.0], [0.0,0.0], [0.0,0.0], [-0.0,0.4]]
ENTRY 29 ExpressionStatement_2 [[-11.200000000000005,100.0], [-0.0,21.199999999999985], [0.0,40.0], [0.0,0.0], [0.0,0.0], [-0.0,0.4]]
EXIT 29 ExpressionStatement_2 [[-11.200000000000005,100.0], [-0.0,21.199999999999985], [-0.0,0.4], [0.0,0.0], [0.0,0.0], [-0.0,0.4]]
ENTRY 29 ExpressionStatement_3 [[-11.200000000000005,100.0], [-0.0,21.199999999999985], [-0.0,0.4], [0.0,0.0], [0.0,0.0], [-0.0,0.4]]
EXIT 29 ExpressionStatement_3 [[-11.200000000000005,100.0], [-0.0,21.199999999999985], [-0.0,0.4], [-0.0,0.4], [0.0,0.0], [-0.0,0.4]]
ENTRY 29 Return_0 [[-11.200000000000005,100.0], [-0.0,21.199999999999985], [-0.0,0.4], [-0.0,0.4], [0.0,0.0], [-0.0,0.4]]
EXIT 29 Return_0 [[-11.200000000000005,100.0], [-0.0,21.199999999999985], [-0.0,0.4], [-0.0,0.4], [0.0,0.0], [-0.0,0.4]]
ENTRY 29 FunctionExit_0 [[-11.200000000000005,100.0], [-0.0,21.199999999999985], [-0.0,0.4], [-0.0,0.4], [0.0,0.0], [-0.0,0.4]]
EXIT 29 FunctionExit_0 [[-11.200000000000005,100.0], [-0.0,21.199999999999985], [-0.0,0.4], [-0.0,0.4], [0.0,0.0], [-0.0,0.4]]
ENTRY 30 SourceEntry_0 [[0.0,0.0], [0.0,0.0], [0.0,0.0], [0.0,0.0], [0.0,0.0], [0.0,0.0]]
EXIT 30 SourceEntry_0 [[100.0,100.0], [10.0,10.0], [40.0,40.0], [0.0,0.0], [0.0,0.0], [0.0,0.0]]
ENTRY 30 SourceUnit_0 [[100.0,100.0], [10.0,10.0], [40.0,40.0], [0.0,0.0], [0.0,0.0], [0.0,0.0]]
EXIT 30 SourceUnit_0 [[100.0,100.0], [10.0,10.0], [40.0,40.0], [0.0,0.0], [0.0,0.0], [0.0,0.0]]
ENTRY 30 PragmaDirective_0 [[100.0,100.0], [10.0,10.0], [40.0,40.0], [0.0,0.0], [0.0,0.0], [0.0,0.0]]
EXIT 30 PragmaDirective_0 [[100.0,100.0], [10.0,10.0], [40.0,40.0], [0.0,0.0], [0.0,0.0], [0.0,0.0]]
ENTRY 30 SourceExit_0 [[-11.200000000000005,100.0], [-0.0,21.199999999999985], [-0.0,40.0], [0.0,0.4], [0.0,0.0], [0.0,0.4]]
EXIT 30 SourceExit_0 [[100.0,100.0], [10.0,10.0], [40.0,40.0], [0.0,0.0], [0.0,0.0], [0.0,0.4]]
ENTRY 30 ContractDefinition_0 [[100.0,100.0], [10.0,10.0], [40.0,40.0], [0.0,0.0], [0.0,0.0], [0.0,0.0]]
EXIT 30 ContractDefinition_0 [[100.0,100.0], [10.0,10.0], [40.0,40.0], [0.0,0.0], [0.0,0.0], [0.0,0.0]]
ENTRY 30 VariableDeclaration_0 [[100.0,100.0], [10.0,10.0], [40.0,40.0], [0.0,0.0], [0.0,0.0], [0.0,0.0]]
EXIT 30 VariableDeclaration_0 [[100.0,100.0], [10.0,10.0], [40.0,40.0], [0.0,0.0], [0.0,0.0], [0.0,0.0]]
ENTRY 30 VariableDeclaration_1 [[100.0,100.0], [10.0,10.0], [40.0,40.0], [0.0,0.0], [0.0,0.0], [0.0,0.0]]
EXIT 30 VariableDeclaration_1 [[100.0,100.0], [10.0,10.0], [40.0,40.0], [0.0,0.0], [0.0,0.0], [0.0,0.0]]
ENTRY 30 VariableDeclaration_2 [[100.0,100.0], [10.0,10.0], [40.0,40.0], [0.0,0.0], [0.0,0.0], [0.0,0.0]]
EXIT 30 VariableDeclaration_2 [[100.0,100.0], [10.0,10.0], [40.0,40.0], [0.0,0.0], [0.0,0.0], [0.0,0.0]]
ENTRY 30 VariableDeclaration_3 [[100.0,100.0], [10.0,10.0], [40.0,40.0], [0.0,0.0], [0.0,0.0], [0.0,0.0]]
EXIT 30 VariableDeclaration_3 [[100.0,100.0], [10.0,10.0], [40.0,40.0], [0.0,0.0], [0.0,0.0], [0.0,0.0]]
ENTRY 30 VariableDeclaration_4 [[100.0,100.0], [10.0,10.0], [40.0,40.0], [0.0,0.0], [0.0,0.0], [0.0,0.0]]
EXIT 30 VariableDeclaration_4 [[100.0,100.0], [10.0,10.0], [40.0,40.0], [0.0,0.0], [0.0,0.0], [0.0,0.0]]
ENTRY 30 ModifierDefinition_0 [[100.0,100.0], [10.0,10.0], [40.0,40.0], [0.0,0.0], [0.0,0.0], [0.0,0.0]]
EXIT 30 ModifierDefinition_0 [[100.0,100.0], [10.0,10.0], [40.0,40.0], [0.0,0.0], [0.0,0.0], [0.0,0.0]]
ENTRY 30 FunctionDefinition_0 [[100.0,100.0], [10.0,10.0], [40.0,40.0], [0.0,0.0], [0.0,0.0], [0.0,0.0]]
EXIT 30 FunctionDefinition_0 [[100.0,100.0], [10.0,10.0], [40.0,40.0], [0.0,0.0], [0.0,0.0], [0.0,0.0]]
ENTRY 30 FunctionEntry_0 [[100.0,100.0], [10.0,10.0], [40.0,40.0], [0.0,0.0], [0.0,0.0], [0.0,0.0]]
EXIT 30 FunctionEntry_0 [[100.0,100.0], [10.0,10.0], [40.0,40.0], [0.0,0.0], [0.0,0.0], [0.0,0.0]]
ENTRY 30 VariableDeclarationStatement_0 [[100.0,100.0], [10.0,10.0], [40.0,40.0], [0.0,0.0], [0.0,0.0], [0.0,0.0]]
EXIT 30 VariableDeclarationStatement_0 [[100.0,100.0], [10.0,10.0], [40.0,40.0], [0.0,0.0], [0.0,0.0], [0.4,0.4]]
ENTRY 30 IfStatement_0 [[-11.200000000000005,100.0], [-0.0,21.199999999999985], [0.0,40.0], [0.0,0.0], [0.0,0.0], [-0.0,0.4]]
EXIT 30 IfStatement_0 [[1.0,-1.0], [1.0,-1.0], [1.0,-1.0], [1.0,-1.0], [1.0,-1.0], [1.0,-1.0]]
ENTRY 30 ExpressionStatement_0 [[-11.200000000000005,100.0], [-0.0,21.199999999999985], [0.0,40.0], [0.0,0.0], [0.0,0.0], [-0.0,0.4]]
EXIT 30 ExpressionStatement_0 [[-11.600000000000005,100.0], [-0.0,21.199999999999985], [0.0,40.0], [0.0,0.0], [0.0,0.0], [-0.0,0.4]]
ENTRY 30 ExpressionStatement_1 [[-11.600000000000005,100.0], [-0.0,21.199999999999985], [0.0,40.0], [0.0,0.0], [0.0,0.0], [-0.0,0.4]]
EXIT 30 ExpressionStatement_1 [[-11.600000000000005,100.0], [-0.0,21.599999999999984], [0.0,40.0], [0.0,0.0], [0.0,0.0], [-0.0,0.4]]
ENTRY 30 IfConditionJoin_0 [[-11.600000000000005,100.0], [-0.0,21.599999999999984], [0.0,40.0], [0.0,0.0], [0.0,0.0], [-0.0,0.4]]
EXIT 30 IfConditionJoin_0 [[-11.600000000000005,100.0], [-0.0,21.599999999999984], [0.0,40.0], [0.0,0.0], [0.0,0.0], [-0.0,0.4]]
ENTRY 30 ExpressionStatement_2 [[-11.600000000000005,100.0], [-0.0,21.599999999999984], [0.0,40.0], [0.0,0.0], [0.0,0.0], [-0.0,0.4]]
EXIT 30 ExpressionStatement_2 [[-11.600000000000005,100.0], [-0.0,21.599999999999984], [-0.0,0.4], [0.0,0.0], [0.0,0.0], [-0.0,0.4]]
ENTRY 30 ExpressionStatement_3 [[-11.600000000000005,100.0], [-0.0,21.599999999999984], [-0.0,0.4], [0.0,0.0], [0.0,0.0], [-0.0,0.4]]
EXIT 30 ExpressionStatement_3 [[-11.600000000000005,100.0], [-0.0,21.599999999999984], [-0.0,0.4], [-0.0,0.4], [0.0,0.0], [-0.0,0.4]]
ENTRY 30 Return_0 [[-11.600000000000005,100.0], [-0.0,21.599999999999984], [-0.0,0.4], [-0.0,0.4], [0.0,0.0], [-0.0,0.4]]
EXIT 30 Return_0 [[-11.600000000000005,100.0], [-0.0,21.599999999999984], [-0.0,0.4], [-0.0,0.4], [0.0,0.0], [-0.0,0.4]]
ENTRY 30 FunctionExit_0 [[-11.600000000000005,100.0], [-0.0,21.599999999999984], [-0.0,0.4], [-0.0,0.4], [0.0,0.0], [-0.0,0.4]]
EXIT 30 FunctionExit_0 [[-11.600000000000005,100.0], [-0.0,21.599999999999984], [-0.0,0.4], [-0.0,0.4], [0.0,0.0], [-0.0,0.4]]
ENTRY 31 SourceEntry_0 [[0.0,0.0], [0.0,0.0], [0.0,0.0], [0.0,0.0], [0.0,0.0], [0.0,0.0]]
EXIT 31 SourceEntry_0 [[100.0,100.0], [10.0,10.0], [40.0,40.0], [0.0,0.0], [0.0,0.0], [0.0,0.0]]
ENTRY 31 SourceUnit_0 [[100.0,100.0], [10.0,10.0], [40.0,40.0], [0.0,0.0], [0.0,0.0], [0.0,0.0]]
EXIT 31 SourceUnit_0 [[100.0,100.0], [10.0,10.0], [40.0,40.0], [0.0,0.0], [0.0,0.0], [0.0,0.0]]
ENTRY 31 PragmaDirective_0 [[100.0,100.0], [10.0,10.0], [40.0,40.0], [0.0,0.0], [0.0,0.0], [0.0,0.0]]
EXIT 31 PragmaDirective_0 [[100.0,100.0], [10.0,10.0], [40.0,40.0], [0.0,0.0], [0.0,0.0], [0.0,0.0]]
ENTRY 31 SourceExit_0 [[-11.600000000000005,100.0], [-0.0,21.599999999999984], [-0.0,40.0], [0.0,0.4], [0.0,0.0], [0.0,0.4]]
EXIT 31 SourceExit_0 [[100.0,100.0], [10.0,10.0], [40.0,40.0], [0.0,0.0], [0.0,0.0], [0.0,0.4]]
ENTRY 31 ContractDefinition_0 [[100.0,100.0], [10.0,10.0], [40.0,40.0], [0.0,0.0], [0.0,0.0], [0.0,0.0]]
EXIT 31 ContractDefinition_0 [[100.0,100.0], [10.0,10.0], [40.0,40.0], [0.0,0.0], [0.0,0.0], [0.0,0.0]]
ENTRY 31 VariableDeclaration_0 [[100.0,100.0], [10.0,10.0], [40.0,40.0], [0.0,0.0], [0.0,0.0], [0.0,0.0]]
EXIT 31 VariableDeclaration_0 [[100.0,100.0], [10.0,10.0], [40.0,40.0], [0.0,0.0], [0.0,0.0], [0.0,0.0]]
ENTRY 31 VariableDeclaration_1 [[100.0,100.0], [10.0,10.0], [40.0,40.0], [0.0,0.0], [0.0,0.0], [0.0,0.0]]
EXIT 31 VariableDeclaration_1 [[100.0,100.0], [10.0,10.0], [40.0,40.0], [0.0,0.0], [0.0,0.0], [0.0,0.0]]
ENTRY 31 VariableDeclaration_2 [[100.0,100.0], [10.0,10.0], [40.0,40.0], [0.0,0.0], [0.0,0.0], [0.0,0.0]]
EXIT 31 VariableDeclaration_2 [[100.0,100.0], [10.0,10.0], [40.0,40.0], [0.0,0.0], [0.0,0.0], [0.0,0.0]]
ENTRY 31 VariableDeclaration_3 [[100.0,100.0], [10.0,10.0], [40.0,40.0], [0.0,0.0], [0.0,0.0], [0.0,0.0]]
EXIT 31 VariableDeclaration_3 [[100.0,100.0], [10.0,10.0], [40.0,40.0], [0.0,0.0], [0.0,0.0], [0.0,0.0]]
ENTRY 31 VariableDeclaration_4 [[100.0,100.0], [10.0,10.0], [40.0,40.0], [0.0,0.0], [0.0,0.0], [0.0,0.0]]
EXIT 31 VariableDeclaration_4 [[100.0,100.0], [10.0,10.0], [40.0,40.0], [0.0,0.0], [0.0,0.0], [0.0,0.0]]
ENTRY 31 ModifierDefinition_0 [[100.0,100.0], [10.0,10.0], [40.0,40.0], [0.0,0.0], [0.0,0.0], [0.0,0.0]]
EXIT 31 ModifierDefinition_0 [[100.0,100.0], [10.0,10.0], [40.0,40.0], [0.0,0.0], [0.0,0.0], [0.0,0.0]]
ENTRY 31 FunctionDefinition_0 [[100.0,100.0], [10.0,10.0], [40.0,40.0], [0.0,0.0], [0.0,0.0], [0.0,0.0]]
EXIT 31 FunctionDefinition_0 [[100.0,100.0], [10.0,10.0], [40.0,40.0], [0.0,0.0], [0.0,0.0], [0.0,0.0]]
ENTRY 31 FunctionEntry_0 [[100.0,100.0], [10.0,10.0], [40.0,40.0], [0.0,0.0], [0.0,0.0], [0.0,0.0]]
EXIT 31 FunctionEntry_0 [[100.0,100.0], [10.0,10.0], [40.0,40.0], [0.0,0.0], [0.0,0.0], [0.0,0.0]]
ENTRY 31 VariableDeclarationStatement_0 [[100.0,100.0], [10.0,10.0], [40.0,40.0], [0.0,0.0], [0.0,0.0], [0.0,0.0]]
EXIT 31 VariableDeclarationStatement_0 [[100.0,100.0], [10.0,10.0], [40.0,40.0], [0.0,0.0], [0.0,0.0], [0.4,0.4]]
ENTRY 31 IfStatement_0 [[-11.600000000000005,100.0], [-0.0,21.599999999999984], [0.0,40.0], [0.0,0.0], [0.0,0.0], [-0.0,0.4]]
EXIT 31 IfStatement_0 [[1.0,-1.0], [1.0,-1.0], [1.0,-1.0], [1.0,-1.0], [1.0,-1.0], [1.0,-1.0]]
ENTRY 31 ExpressionStatement_0 [[-11.600000000000005,100.0], [-0.0,21.599999999999984], [0.0,40.0], [0.0,0.0], [0.0,0.0], [-0.0,0.4]]
EXIT 31 ExpressionStatement_0 [[-12.000000000000005,100.0], [-0.0,21.599999999999984], [0.0,40.0], [0.0,0.0], [0.0,0.0], [-0.0,0.4]]
ENTRY 31 ExpressionStatement_1 [[-12.000000000000005,100.0], [-0.0,21.599999999999984], [0.0,40.0], [0.0,0.0], [0.0,0.0], [-0.0,0.4]]
EXIT 31 ExpressionStatement_1 [[-12.000000000000005,100.0], [-0.0,21.999999999999982], [0.0,40.0], [0.0,0.0], [0.0,0.0], [-0.0,0.4]]
ENTRY 31 IfConditionJoin_0 [[-12.000000000000005,100.0], [-0.0,21.999999999999982], [0.0,40.0], [0.0,0.0], [0.0,0.0], [-0.0,0.4]]
EXIT 31 IfConditionJoin_0 [[-12.000000000000005,100.0], [-0.0,21.999999999999982], [0.0,40.0], [0.0,0.0], [0.0,0.0], [-0.0,0.4]]
ENTRY 31 ExpressionStatement_2 [[-12.000000000000005,100.0], [-0.0,21.999999999999982], [0.0,40.0], [0.0,0.0], [0.0,0.0], [-0.0,0.4]]
EXIT 31 ExpressionStatement_2 [[-12.000000000000005,100.0], [-0.0,21.999999999999982], [-0.0,0.4], [0.0,0.0], [0.0,0.0], [-0.0,0.4]]
ENTRY 31 ExpressionStatement_3 [[-12.000000000000005,100.0], [-0.0,21.999999999999982], [-0.0,0.4], [0.0,0.0], [0.0,0.0], [-0.0,0.4]]
EXIT 31 ExpressionStatement_3 [[-12.000000000000005,100.0], [-0.0,21.999999999999982], [-0.0,0.4], [-0.0,0.4], [0.0,0.0], [-0.0,0.4]]
ENTRY 31 Return_0 [[-12.000000000000005,100.0], [-0.0,21.999999999999982], [-0.0,0.4], [-0.0,0.4], [0.0,0.0], [-0.0,0.4]]
EXIT 31 Return_0 [[-12.000000000000005,100.0], [-0.0,21.999999999999982], [-0.0,0.4], [-0.0,0.4], [0.0,0.0], [-0.0,0.4]]
ENTRY 31 FunctionExit_0 [[-12.000000000000005,100.0], [-0.0,21.999999999999982], [-0.0,0.4], [-0.0,0.4], [0.0,0.0], [-0.0,0.4]]
EXIT 31 FunctionExit_0 [[-12.000000000000005,100.0], [-0.0,21.999999999999982], [-0.0,0.4], [-0.0,0.4], [0.0,0.0], [-0.0,0.4]]
ENTRY 32 SourceEntry_0 [[0.0,0.0], [0.0,0.0], [0.0,0.0], [0.0,0.0], [0.0,0.0], [0.0,0.0]]
EXIT 32 SourceEntry_0 [[100.0,100.0], [10.0,10.0], [40.0,40.0], [0.0,0.0], [0.0,0.0], [0.0,0.0]]
ENTRY 32 SourceUnit_0 [[100.0,100.0], [10.0,10.0], [40.0,40.0], [0.0,0.0], [0.0,0.0], [0.0,0.0]]
EXIT 32 SourceUnit_0 [[100.0,100.0], [10.0,10.0], [40.0,40.0], [0.0,0.0], [0.0,0.0], [0.0,0.0]]
ENTRY 32 PragmaDirective_0 [[100.0,100.0], [10.0,10.0], [40.0,40.0], [0.0,0.0], [0.0,0.0], [0.0,0.0]]
EXIT 32 PragmaDirective_0 [[100.0,100.0], [10.0,10.0], [40.0,40.0], [0.0,0.0], [0.0,0.0], [0.0,0.0]]
ENTRY 32 SourceExit_0 [[-12.000000000000005,100.0], [-0.0,21.999999999999982], [-0.0,40.0], [0.0,0.4], [0.0,0.0], [0.0,0.4]]
EXIT 32 SourceExit_0 [[100.0,100.0], [10.0,10.0], [40.0,40.0], [0.0,0.0], [0.0,0.0], [0.0,0.4]]
ENTRY 32 ContractDefinition_0 [[100.0,100.0], [10.0,10.0], [40.0,40.0], [0.0,0.0], [0.0,0.0], [0.0,0.0]]
EXIT 32 ContractDefinition_0 [[100.0,100.0], [10.0,10.0], [40.0,40.0], [0.0,0.0], [0.0,0.0], [0.0,0.0]]
ENTRY 32 VariableDeclaration_0 [[100.0,100.0], [10.0,10.0], [40.0,40.0], [0.0,0.0], [0.0,0.0], [0.0,0.0]]
EXIT 32 VariableDeclaration_0 [[100.0,100.0], [10.0,10.0], [40.0,40.0], [0.0,0.0], [0.0,0.0], [0.0,0.0]]
ENTRY 32 VariableDeclaration_1 [[100.0,100.0], [10.0,10.0], [40.0,40.0], [0.0,0.0], [0.0,0.0], [0.0,0.0]]
EXIT 32 VariableDeclaration_1 [[100.0,100.0], [10.0,10.0], [40.0,40.0], [0.0,0.0], [0.0,0.0], [0.0,0.0]]
ENTRY 32 VariableDeclaration_2 [[100.0,100.0], [10.0,10.0], [40.0,40.0], [0.0,0.0], [0.0,0.0], [0.0,0.0]]
EXIT 32 VariableDeclaration_2 [[100.0,100.0], [10.0,10.0], [40.0,40.0], [0.0,0.0], [0.0,0.0], [0.0,0.0]]
ENTRY 32 VariableDeclaration_3 [[100.0,100.0], [10.0,10.0], [40.0,40.0], [0.0,0.0], [0.0,0.0], [0.0,0.0]]
EXIT 32 VariableDeclaration_3 [[100.0,100.0], [10.0,10.0], [40.0,40.0], [0.0,0.0], [0.0,0.0], [0.0,0.0]]
ENTRY 32 VariableDeclaration_4 [[100.0,100.0], [10.0,10.0], [40.0,40.0], [0.0,0.0], [0.0,0.0], [0.0,0.0]]
EXIT 32 VariableDeclaration_4 [[100.0,100.0], [10.0,10.0], [40.0,40.0], [0.0,0.0], [0.0,0.0], [0.0,0.0]]
ENTRY 32 ModifierDefinition_0 [[100.0,100.0], [10.0,10.0], [40.0,40.0], [0.0,0.0], [0.0,0.0], [0.0,0.0]]
EXIT 32 ModifierDefinition_0 [[100.0,100.0], [10.0,10.0], [40.0,40.0], [0.0,0.0], [0.0,0.0], [0.0,0.0]]
ENTRY 32 FunctionDefinition_0 [[100.0,100.0], [10.0,10.0], [40.0,40.0], [0.0,0.0], [0.0,0.0], [0.0,0.0]]
EXIT 32 FunctionDefinition_0 [[100.0,100.0], [10.0,10.0], [40.0,40.0], [0.0,0.0], [0.0,0.0], [0.0,0.0]]
ENTRY 32 FunctionEntry_0 [[100.0,100.0], [10.0,10.0], [40.0,40.0], [0.0,0.0], [0.0,0.0], [0.0,0.0]]
EXIT 32 FunctionEntry_0 [[100.0,100.0], [10.0,10.0], [40.0,40.0], [0.0,0.0], [0.0,0.0], [0.0,0.0]]
ENTRY 32 VariableDeclarationStatement_0 [[100.0,100.0], [10.0,10.0], [40.0,40.0], [0.0,0.0], [0.0,0.0], [0.0,0.0]]
EXIT 32 VariableDeclarationStatement_0 [[100.0,100.0], [10.0,10.0], [40.0,40.0], [0.0,0.0], [0.0,0.0], [0.4,0.4]]
ENTRY 32 IfStatement_0 [[-12.000000000000005,100.0], [-0.0,21.999999999999982], [0.0,40.0], [0.0,0.0], [0.0,0.0], [-0.0,0.4]]
EXIT 32 IfStatement_0 [[1.0,-1.0], [1.0,-1.0], [1.0,-1.0], [1.0,-1.0], [1.0,-1.0], [1.0,-1.0]]
ENTRY 32 ExpressionStatement_0 [[-12.000000000000005,100.0], [-0.0,21.999999999999982], [0.0,40.0], [0.0,0.0], [0.0,0.0], [-0.0,0.4]]
EXIT 32 ExpressionStatement_0 [[-12.400000000000006,100.0], [-0.0,21.999999999999982], [0.0,40.0], [0.0,0.0], [0.0,0.0], [-0.0,0.4]]
ENTRY 32 ExpressionStatement_1 [[-12.400000000000006,100.0], [-0.0,21.999999999999982], [0.0,40.0], [0.0,0.0], [0.0,0.0], [-0.0,0.4]]
EXIT 32 ExpressionStatement_1 [[-12.400000000000006,100.0], [-0.0,22.39999999999998], [0.0,40.0], [0.0,0.0], [0.0,0.0], [-0.0,0.4]]
ENTRY 32 IfConditionJoin_0 [[-12.400000000000006,100.0], [-0.0,22.39999999999998], [0.0,40.0], [0.0,0.0], [0.0,0.0], [-0.0,0.4]]
EXIT 32 IfConditionJoin_0 [[-12.400000000000006,100.0], [-0.0,22.39999999999998], [0.0,40.0], [0.0,0.0], [0.0,0.0], [-0.0,0.4]]
ENTRY 32 ExpressionStatement_2 [[-12.400000000000006,100.0], [-0.0,22.39999999999998], [0.0,40.0], [0.0,0.0], [0.0,0.0], [-0.0,0.4]]
EXIT 32 ExpressionStatement_2 [[-12.400000000000006,100.0], [-0.0,22.39999999999998], [-0.0,0.4], [0.0,0.0], [0.0,0.0], [-0.0,0.4]]
ENTRY 32 ExpressionStatement_3 [[-12.400000000000006,100.0], [-0.0,22.39999999999998], [-0.0,0.4], [0.0,0.0], [0.0,0.0], [-0.0,0.4]]
EXIT 32 ExpressionStatement_3 [[-12.400000000000006,100.0], [-0.0,22.39999999999998], [-0.0,0.4], [-0.0,0.4], [0.0,0.0], [-0.0,0.4]]
ENTRY 32 Return_0 [[-12.400000000000006,100.0], [-0.0,22.39999999999998], [-0.0,0.4], [-0.0,0.4], [0.0,0.0], [-0.0,0.4]]
EXIT 32 Return_0 [[-12.400000000000006,100.0], [-0.0,22.39999999999998], [-0.0,0.4], [-0.0,0.4], [0.0,0.0], [-0.0,0.4]]
ENTRY 32 FunctionExit_0 [[-12.400000000000006,100.0], [-0.0,22.39999999999998], [-0.0,0.4], [-0.0,0.4], [0.0,0.0], [-0.0,0.4]]
EXIT 32 FunctionExit_0 [[-12.400000000000006,100.0], [-0.0,22.39999999999998], [-0.0,0.4], [-0.0,0.4], [0.0,0.0], [-0.0,0.4]]
ENTRY 33 SourceEntry_0 [[0.0,0.0], [0.0,0.0], [0.0,0.0], [0.0,0.0], [0.0,0.0], [0.0,0.0]]
EXIT 33 SourceEntry_0 [[100.0,100.0], [10.0,10.0], [40.0,40.0], [0.0,0.0], [0.0,0.0], [0.0,0.0]]
ENTRY 33 SourceUnit_0 [[100.0,100.0], [10.0,10.0], [40.0,40.0], [0.0,0.0], [0.0,0.0], [0.0,0.0]]
EXIT 33 SourceUnit_0 [[100.0,100.0], [10.0,10.0], [40.0,40.0], [0.0,0.0], [0.0,0.0], [0.0,0.0]]
ENTRY 33 PragmaDirective_0 [[100.0,100.0], [10.0,10.0], [40.0,40.0], [0.0,0.0], [0.0,0.0], [0.0,0.0]]
EXIT 33 PragmaDirective_0 [[100.0,100.0], [10.0,10.0], [40.0,40.0], [0.0,0.0], [0.0,0.0], [0.0,0.0]]
ENTRY 33 SourceExit_0 [[-12.400000000000006,100.0], [-0.0,22.39999999999998], [-0.0,40.0], [0.0,0.4], [0.0,0.0], [0.0,0.4]]
EXIT 33 SourceExit_0 [[100.0,100.0], [10.0,10.0], [40.0,40.0], [0.0,0.0], [0.0,0.0], [0.0,0.4]]
ENTRY 33 ContractDefinition_0 [[100.0,100.0], [10.0,10.0], [40.0,40.0], [0.0,0.0], [0.0,0.0], [0.0,0.0]]
EXIT 33 ContractDefinition_0 [[100.0,100.0], [10.0,10.0], [40.0,40.0], [0.0,0.0], [0.0,0.0], [0.0,0.0]]
ENTRY 33 VariableDeclaration_0 [[100.0,100.0], [10.0,10.0], [40.0,40.0], [0.0,0.0], [0.0,0.0], [0.0,0.0]]
EXIT 33 VariableDeclaration_0 [[100.0,100.0], [10.0,10.0], [40.0,40.0], [0.0,0.0], [0.0,0.0], [0.0,0.0]]
ENTRY 33 VariableDeclaration_1 [[100.0,100.0], [10.0,10.0], [40.0,40.0], [0.0,0.0], [0.0,0.0], [0.0,0.0]]
EXIT 33 VariableDeclaration_1 [[100.0,100.0], [10.0,10.0], [40.0,40.0], [0.0,0.0], [0.0,0.0], [0.0,0.0]]
ENTRY 33 VariableDeclaration_2 [[100.0,100.0], [10.0,10.0], [40.0,40.0], [0.0,0.0], [0.0,0.0], [0.0,0.0]]
EXIT 33 VariableDeclaration_2 [[100.0,100.0], [10.0,10.0], [40.0,40.0], [0.0,0.0], [0.0,0.0], [0.0,0.0]]
ENTRY 33 VariableDeclaration_3 [[100.0,100.0], [10.0,10.0], [40.0,40.0], [0.0,0.0], [0.0,0.0], [0.0,0.0]]
EXIT 33 VariableDeclaration_3 [[100.0,100.0], [10.0,10.0], [40.0,40.0], [0.0,0.0], [0.0,0.0], [0.0,0.0]]
ENTRY 33 VariableDeclaration_4 [[100.0,100.0], [10.0,10.0], [40.0,40.0], [0.0,0.0], [0.0,0.0], [0.0,0.0]]
EXIT 33 VariableDeclaration_4 [[100.0,100.0], [10.0,10.0], [40.0,40.0], [0.0,0.0], [0.0,0.0], [0.0,0.0]]
ENTRY 33 ModifierDefinition_0 [[100.0,100.0], [10.0,10.0], [40.0,40.0], [0.0,0.0], [0.0,0.0], [0.0,0.0]]
EXIT 33 ModifierDefinition_0 [[100.0,100.0], [10.0,10.0], [40.0,40.0], [0.0,0.0], [0.0,0.0], [0.0,0.0]]
ENTRY 33 FunctionDefinition_0 [[100.0,100.0], [10.0,10.0], [40.0,40.0], [0.0,0.0], [0.0,0.0], [0.0,0.0]]
EXIT 33 FunctionDefinition_0 [[100.0,100.0], [10.0,10.0], [40.0,40.0], [0.0,0.0], [0.0,0.0], [0.0,0.0]]
ENTRY 33 FunctionEntry_0 [[100.0,100.0], [10.0,10.0], [40.0,40.0], [0.0,0.0], [0.0,0.0], [0.0,0.0]]
EXIT 33 FunctionEntry_0 [[100.0,100.0], [10.0,10.0], [40.0,40.0], [0.0,0.0], [0.0,0.0], [0.0,0.0]]
ENTRY 33 VariableDeclarationStatement_0 [[100.0,100.0], [10.0,10.0], [40.0,40.0], [0.0,0.0], [0.0,0.0], [0.0,0.0]]
EXIT 33 VariableDeclarationStatement_0 [[100.0,100.0], [10.0,10.0], [40.0,40.0], [0.0,0.0], [0.0,0.0], [0.4,0.4]]
ENTRY 33 IfStatement_0 [[-12.400000000000006,100.0], [-0.0,22.39999999999998], [0.0,40.0], [0.0,0.0], [0.0,0.0], [-0.0,0.4]]
EXIT 33 IfStatement_0 [[1.0,-1.0], [1.0,-1.0], [1.0,-1.0], [1.0,-1.0], [1.0,-1.0], [1.0,-1.0]]
ENTRY 33 ExpressionStatement_0 [[-12.400000000000006,100.0], [-0.0,22.39999999999998], [0.0,40.0], [0.0,0.0], [0.0,0.0], [-0.0,0.4]]
EXIT 33 ExpressionStatement_0 [[-12.800000000000006,100.0], [-0.0,22.39999999999998], [0.0,40.0], [0.0,0.0], [0.0,0.0], [-0.0,0.4]]
ENTRY 33 ExpressionStatement_1 [[-12.800000000000006,100.0], [-0.0,22.39999999999998], [0.0,40.0], [0.0,0.0], [0.0,0.0], [-0.0,0.4]]
EXIT 33 ExpressionStatement_1 [[-12.800000000000006,100.0], [-0.0,22.79999999999998], [0.0,40.0], [0.0,0.0], [0.0,0.0], [-0.0,0.4]]
ENTRY 33 IfConditionJoin_0 [[-12.800000000000006,100.0], [-0.0,22.79999999999998], [0.0,40.0], [0.0,0.0], [0.0,0.0], [-0.0,0.4]]
EXIT 33 IfConditionJoin_0 [[-12.800000000000006,100.0], [-0.0,22.79999999999998], [0.0,40.0], [0.0,0.0], [0.0,0.0], [-0.0,0.4]]
ENTRY 33 ExpressionStatement_2 [[-12.800000000000006,100.0], [-0.0,22.79999999999998], [0.0,40.0], [0.0,0.0], [0.0,0.0], [-0.0,0.4]]
EXIT 33 ExpressionStatement_2 [[-12.800000000000006,100.0], [-0.0,22.79999999999998], [-0.0,0.4], [0.0,0.0], [0.0,0.0], [-0.0,0.4]]
ENTRY 33 ExpressionStatement_3 [[-12.800000000000006,100.0], [-0.0,22.79999999999998], [-0.0,0.4], [0.0,0.0], [0.0,0.0], [-0.0,0.4]]
EXIT 33 ExpressionStatement_3 [[-12.800000000000006,100.0], [-0.0,22.79999999999998], [-0.0,0.4], [-0.0,0.4], [0.0,0.0], [-0.0,0.4]]
ENTRY 33 Return_0 [[-12.800000000000006,100.0], [-0.0,22.79999999999998], [-0.0,0.4], [-0.0,0.4], [0.0,0.0], [-0.0,0.4]]
EXIT 33 Return_0 [[-12.800000000000006,100.0], [-0.0,22.79999999999998], [-0.0,0.4], [-0.0,0.4], [0.0,0.0], [-0.0,0.4]]
ENTRY 33 FunctionExit_0 [[-12.800000000000006,100.0], [-0.0,22.79999999999998], [-0.0,0.4], [-0.0,0.4], [0.0,0.0], [-0.0,0.4]]
EXIT 33 FunctionExit_0 [[-12.800000000000006,100.0], [-0.0,22.79999999999998], [-0.0,0.4], [-0.0,0.4], [0.0,0.0], [-0.0,0.4]]
ENTRY 34 SourceEntry_0 [[0.0,0.0], [0.0,0.0], [0.0,0.0], [0.0,0.0], [0.0,0.0], [0.0,0.0]]
EXIT 34 SourceEntry_0 [[100.0,100.0], [10.0,10.0], [40.0,40.0], [0.0,0.0], [0.0,0.0], [0.0,0.0]]
ENTRY 34 SourceUnit_0 [[100.0,100.0], [10.0,10.0], [40.0,40.0], [0.0,0.0], [0.0,0.0], [0.0,0.0]]
EXIT 34 SourceUnit_0 [[100.0,100.0], [10.0,10.0], [40.0,40.0], [0.0,0.0], [0.0,0.0], [0.0,0.0]]
ENTRY 34 PragmaDirective_0 [[100.0,100.0], [10.0,10.0], [40.0,40.0], [0.0,0.0], [0.0,0.0], [0.0,0.0]]
EXIT 34 PragmaDirective_0 [[100.0,100.0], [10.0,10.0], [40.0,40.0], [0.0,0.0], [0.0,0.0], [0.0,0.0]]
ENTRY 34 SourceExit_0 [[-12.800000000000006,100.0], [-0.0,22.79999999999998], [-0.0,40.0], [0.0,0.4], [0.0,0.0], [0.0,0.4]]
EXIT 34 SourceExit_0 [[100.0,100.0], [10.0,10.0], [40.0,40.0], [0.0,0.0], [0.0,0.0], [0.0,0.4]]
ENTRY 34 ContractDefinition_0 [[100.0,100.0], [10.0,10.0], [40.0,40.0], [0.0,0.0], [0.0,0.0], [0.0,0.0]]
EXIT 34 ContractDefinition_0 [[100.0,100.0], [10.0,10.0], [40.0,40.0], [0.0,0.0], [0.0,0.0], [0.0,0.0]]
ENTRY 34 VariableDeclaration_0 [[100.0,100.0], [10.0,10.0], [40.0,40.0], [0.0,0.0], [0.0,0.0], [0.0,0.0]]
EXIT 34 VariableDeclaration_0 [[100.0,100.0], [10.0,10.0], [40.0,40.0], [0.0,0.0], [0.0,0.0], [0.0,0.0]]
ENTRY 34 VariableDeclaration_1 [[100.0,100.0], [10.0,10.0], [40.0,40.0], [0.0,0.0], [0.0,0.0], [0.0,0.0]]
EXIT 34 VariableDeclaration_1 [[100.0,100.0], [10.0,10.0], [40.0,40.0], [0.0,0.0], [0.0,0.0], [0.0,0.0]]
ENTRY 34 VariableDeclaration_2 [[100.0,100.0], [10.0,10.0], [40.0,40.0], [0.0,0.0], [0.0,0.0], [0.0,0.0]]
EXIT 34 VariableDeclaration_2 [[100.0,100.0], [10.0,10.0], [40.0,40.0], [0.0,0.0], [0.0,0.0], [0.0,0.0]]
ENTRY 34 VariableDeclaration_3 [[100.0,100.0], [10.0,10.0], [40.0,40.0], [0.0,0.0], [0.0,0.0], [0.0,0.0]]
EXIT 34 VariableDeclaration_3 [[100.0,100.0], [10.0,10.0], [40.0,40.0], [0.0,0.0], [0.0,0.0], [0.0,0.0]]
ENTRY 34 VariableDeclaration_4 [[100.0,100.0], [10.0,10.0], [40.0,40.0], [0.0,0.0], [0.0,0.0], [0.0,0.0]]
EXIT 34 VariableDeclaration_4 [[100.0,100.0], [10.0,10.0], [40.0,40.0], [0.0,0.0], [0.0,0.0], [0.0,0.0]]
ENTRY 34 ModifierDefinition_0 [[100.0,100.0], [10.0,10.0], [40.0,40.0], [0.0,0.0], [0.0,0.0], [0.0,0.0]]
EXIT 34 ModifierDefinition_0 [[100.0,100.0], [10.0,10.0], [40.0,40.0], [0.0,0.0], [0.0,0.0], [0.0,0.0]]
ENTRY 34 FunctionDefinition_0 [[100.0,100.0], [10.0,10.0], [40.0,40.0], [0.0,0.0], [0.0,0.0], [0.0,0.0]]
EXIT 34 FunctionDefinition_0 [[100.0,100.0], [10.0,10.0], [40.0,40.0], [0.0,0.0], [0.0,0.0], [0.0,0.0]]
ENTRY 34 FunctionEntry_0 [[100.0,100.0], [10.0,10.0], [40.0,40.0], [0.0,0.0], [0.0,0.0], [0.0,0.0]]
EXIT 34 FunctionEntry_0 [[100.0,100.0], [10.0,10.0], [40.0,40.0], [0.0,0.0], [0.0,0.0], [0.0,0.0]]
ENTRY 34 VariableDeclarationStatement_0 [[100.0,100.0], [10.0,10.0], [40.0,40.0], [0.0,0.0], [0.0,0.0], [0.0,0.0]]
EXIT 34 VariableDeclarationStatement_0 [[100.0,100.0], [10.0,10.0], [40.0,40.0], [0.0,0.0], [0.0,0.0], [0.4,0.4]]
ENTRY 34 IfStatement_0 [[-12.800000000000006,100.0], [-0.0,22.79999999999998], [0.0,40.0], [0.0,0.0], [0.0,0.0], [-0.0,0.4]]
EXIT 34 IfStatement_0 [[1.0,-1.0], [1.0,-1.0], [1.0,-1.0], [1.0,-1.0], [1.0,-1.0], [1.0,-1.0]]
ENTRY 34 ExpressionStatement_0 [[-12.800000000000006,100.0], [-0.0,22.79999999999998], [0.0,40.0], [0.0,0.0], [0.0,0.0], [-0.0,0.4]]
EXIT 34 ExpressionStatement_0 [[-13.200000000000006,100.0], [-0.0,22.79999999999998], [0.0,40.0], [0.0,0.0], [0.0,0.0], [-0.0,0.4]]
ENTRY 34 ExpressionStatement_1 [[-13.200000000000006,100.0], [-0.0,22.79999999999998], [0.0,40.0], [0.0,0.0], [0.0,0.0], [-0.0,0.4]]
EXIT 34 ExpressionStatement_1 [[-13.200000000000006,100.0], [-0.0,23.199999999999978], [0.0,40.0], [0.0,0.0], [0.0,0.0], [-0.0,0.4]]
ENTRY 34 IfConditionJoin_0 [[-13.200000000000006,100.0], [-0.0,23.199999999999978], [0.0,40.0], [0.0,0.0], [0.0,0.0], [-0.0,0.4]]
EXIT 34 IfConditionJoin_0 [[-13.200000000000006,100.0], [-0.0,23.199999999999978], [0.0,40.0], [0.0,0.0], [0.0,0.0], [-0.0,0.4]]
ENTRY 34 ExpressionStatement_2 [[-13.200000000000006,100.0], [-0.0,23.199999999999978], [0.0,40.0], [0.0,0.0], [0.0,0.0], [-0.0,0.4]]
EXIT 34 ExpressionStatement_2 [[-13.200000000000006,100.0], [-0.0,23.199999999999978], [-0.0,0.4], [0.0,0.0], [0.0,0.0], [-0.0,0.4]]
ENTRY 34 ExpressionStatement_3 [[-13.200000000000006,100.0], [-0.0,23.199999999999978], [-0.0,0.4], [0.0,0.0], [0.0,0.0], [-0.0,0.4]]
EXIT 34 ExpressionStatement_3 [[-13.200000000000006,100.0], [-0.0,23.199999999999978], [-0.0,0.4], [-0.0,0.4], [0.0,0.0], [-0.0,0.4]]
ENTRY 34 Return_0 [[-13.200000000000006,100.0], [-0.0,23.199999999999978], [-0.0,0.4], [-0.0,0.4], [0.0,0.0], [-0.0,0.4]]
EXIT 34 Return_0 [[-13.200000000000006,100.0], [-0.0,23.199999999999978], [-0.0,0.4], [-0.0,0.4], [0.0,0.0], [-0.0,0.4]]
ENTRY 34 FunctionExit_0 [[-13.200000000000006,100.0], [-0.0,23.199999999999978], [-0.0,0.4], [-0.0,0.4], [0.0,0.0], [-0.0,0.4]]
EXIT 34 FunctionExit_0 [[-13.200000000000006,100.0], [-0.0,23.199999999999978], [-0.0,0.4], [-0.0,0.4], [0.0,0.0], [-0.0,0.4]]
ENTRY 35 SourceEntry_0 [[0.0,0.0], [0.0,0.0], [0.0,0.0], [0.0,0.0], [0.0,0.0], [0.0,0.0]]
EXIT 35 SourceEntry_0 [[100.0,100.0], [10.0,10.0], [40.0,40.0], [0.0,0.0], [0.0,0.0], [0.0,0.0]]
ENTRY 35 SourceUnit_0 [[100.0,100.0], [10.0,10.0], [40.0,40.0], [0.0,0.0], [0.0,0.0], [0.0,0.0]]
EXIT 35 SourceUnit_0 [[100.0,100.0], [10.0,10.0], [40.0,40.0], [0.0,0.0], [0.0,0.0], [0.0,0.0]]
ENTRY 35 PragmaDirective_0 [[100.0,100.0], [10.0,10.0], [40.0,40.0], [0.0,0.0], [0.0,0.0], [0.0,0.0]]
EXIT 35 PragmaDirective_0 [[100.0,100.0], [10.0,10.0], [40.0,40.0], [0.0,0.0], [0.0,0.0], [0.0,0.0]]
ENTRY 35 SourceExit_0 [[-13.200000000000006,100.0], [-0.0,23.199999999999978], [-0.0,40.0], [0.0,0.4], [0.0,0.0], [0.0,0.4]]
EXIT 35 SourceExit_0 [[100.0,100.0], [10.0,10.0], [40.0,40.0], [0.0,0.0], [0.0,0.0], [0.0,0.4]]
ENTRY 35 ContractDefinition_0 [[100.0,100.0], [10.0,10.0], [40.0,40.0], [0.0,0.0], [0.0,0.0], [0.0,0.0]]
EXIT 35 ContractDefinition_0 [[100.0,100.0], [10.0,10.0], [40.0,40.0], [0.0,0.0], [0.0,0.0], [0.0,0.0]]
ENTRY 35 VariableDeclaration_0 [[100.0,100.0], [10.0,10.0], [40.0,40.0], [0.0,0.0], [0.0,0.0], [0.0,0.0]]
EXIT 35 VariableDeclaration_0 [[100.0,100.0], [10.0,10.0], [40.0,40.0], [0.0,0.0], [0.0,0.0], [0.0,0.0]]
ENTRY 35 VariableDeclaration_1 [[100.0,100.0], [10.0,10.0], [40.0,40.0], [0.0,0.0], [0.0,0.0], [0.0,0.0]]
EXIT 35 VariableDeclaration_1 [[100.0,100.0], [10.0,10.0], [40.0,40.0], [0.0,0.0], [0.0,0.0], [0.0,0.0]]
ENTRY 35 VariableDeclaration_2 [[100.0,100.0], [10.0,10.0], [40.0,40.0], [0.0,0.0], [0.0,0.0], [0.0,0.0]]
EXIT 35 VariableDeclaration_2 [[100.0,100.0], [10.0,10.0], [40.0,40.0], [0.0,0.0], [0.0,0.0], [0.0,0.0]]
ENTRY 35 VariableDeclaration_3 [[100.0,100.0], [10.0,10.0], [40.0,40.0], [0.0,0.0], [0.0,0.0], [0.0,0.0]]
EXIT 35 VariableDeclaration_3 [[100.0,100.0], [10.0,10.0], [40.0,40.0], [0.0,0.0], [0.0,0.0], [0.0,0.0]]
ENTRY 35 VariableDeclaration_4 [[100.0,100.0], [10.0,10.0], [40.0,40.0], [0.0,0.0], [0.0,0.0], [0.0,0.0]]
EXIT 35 VariableDeclaration_4 [[100.0,100.0], [10.0,10.0], [40.0,40.0], [0.0,0.0], [0.0,0.0], [0.0,0.0]]
ENTRY 35 ModifierDefinition_0 [[100.0,100.0], [10.0,10.0], [40.0,40.0], [0.0,0.0], [0.0,0.0], [0.0,0.0]]
EXIT 35 ModifierDefinition_0 [[100.0,100.0], [10.0,10.0], [40.0,40.0], [0.0,0.0], [0.0,0.0], [0.0,0.0]]
ENTRY 35 FunctionDefinition_0 [[100.0,100.0], [10.0,10.0], [40.0,40.0], [0.0,0.0], [0.0,0.0], [0.0,0.0]]
EXIT 35 FunctionDefinition_0 [[100.0,100.0], [10.0,10.0], [40.0,40.0], [0.0,0.0], [0.0,0.0], [0.0,0.0]]
ENTRY 35 FunctionEntry_0 [[100.0,100.0], [10.0,10.0], [40.0,40.0], [0.0,0.0], [0.0,0.0], [0.0,0.0]]
EXIT 35 FunctionEntry_0 [[100.0,100.0], [10.0,10.0], [40.0,40.0], [0.0,0.0], [0.0,0.0], [0.0,0.0]]
ENTRY 35 VariableDeclarationStatement_0 [[100.0,100.0], [10.0,10.0], [40.0,40.0], [0.0,0.0], [0.0,0.0], [0.0,0.0]]
EXIT 35 VariableDeclarationStatement_0 [[100.0,100.0], [10.0,10.0], [40.0,40.0], [0.0,0.0], [0.0,0.0], [0.4,0.4]]
ENTRY 35 IfStatement_0 [[-13.200000000000006,100.0], [-0.0,23.199999999999978], [0.0,40.0], [0.0,0.0], [0.0,0.0], [-0.0,0.4]]
EXIT 35 IfStatement_0 [[1.0,-1.0], [1.0,-1.0], [1.0,-1.0], [1.0,-1.0], [1.0,-1.0], [1.0,-1.0]]
ENTRY 35 ExpressionStatement_0 [[-13.200000000000006,100.0], [-0.0,23.199999999999978], [0.0,40.0], [0.0,0.0], [0.0,0.0], [-0.0,0.4]]
EXIT 35 ExpressionStatement_0 [[-13.600000000000007,100.0], [-0.0,23.199999999999978], [0.0,40.0], [0.0,0.0], [0.0,0.0], [-0.0,0.4]]
ENTRY 35 ExpressionStatement_1 [[-13.600000000000007,100.0], [-0.0,23.199999999999978], [0.0,40.0], [0.0,0.0], [0.0,0.0], [-0.0,0.4]]
EXIT 35 ExpressionStatement_1 [[-13.600000000000007,100.0], [-0.0,23.599999999999977], [0.0,40.0], [0.0,0.0], [0.0,0.0], [-0.0,0.4]]
ENTRY 35 IfConditionJoin_0 [[-13.600000000000007,100.0], [-0.0,23.599999999999977], [0.0,40.0], [0.0,0.0], [0.0,0.0], [-0.0,0.4]]
EXIT 35 IfConditionJoin_0 [[-13.600000000000007,100.0], [-0.0,23.599999999999977], [0.0,40.0], [0.0,0.0], [0.0,0.0], [-0.0,0.4]]
ENTRY 35 ExpressionStatement_2 [[-13.600000000000007,100.0], [-0.0,23.599999999999977], [0.0,40.0], [0.0,0.0], [0.0,0.0], [-0.0,0.4]]
EXIT 35 ExpressionStatement_2 [[-13.600000000000007,100.0], [-0.0,23.599999999999977], [-0.0,0.4], [0.0,0.0], [0.0,0.0], [-0.0,0.4]]
ENTRY 35 ExpressionStatement_3 [[-13.600000000000007,100.0], [-0.0,23.599999999999977], [-0.0,0.4], [0.0,0.0], [0.0,0.0], [-0.0,0.4]]
EXIT 35 ExpressionStatement_3 [[-13.600000000000007,100.0], [-0.0,23.599999999999977], [-0.0,0.4], [-0.0,0.4], [0.0,0.0], [-0.0,0.4]]
ENTRY 35 Return_0 [[-13.600000000000007,100.0], [-0.0,23.599999999999977], [-0.0,0.4], [-0.0,0.4], [0.0,0.0], [-0.0,0.4]]
EXIT 35 Return_0 [[-13.600000000000007,100.0], [-0.0,23.599999999999977], [-0.0,0.4], [-0.0,0.4], [0.0,0.0], [-0.0,0.4]]
ENTRY 35 FunctionExit_0 [[-13.600000000000007,100.0], [-0.0,23.599999999999977], [-0.0,0.4], [-0.0,0.4], [0.0,0.0], [-0.0,0.4]]
EXIT 35 FunctionExit_0 [[-13.600000000000007,100.0], [-0.0,23.599999999999977], [-0.0,0.4], [-0.0,0.4], [0.0,0.0], [-0.0,0.4]]
ENTRY 36 SourceEntry_0 [[0.0,0.0], [0.0,0.0], [0.0,0.0], [0.0,0.0], [0.0,0.0], [0.0,0.0]]
EXIT 36 SourceEntry_0 [[100.0,100.0], [10.0,10.0], [40.0,40.0], [0.0,0.0], [0.0,0.0], [0.0,0.0]]
ENTRY 36 SourceUnit_0 [[100.0,100.0], [10.0,10.0], [40.0,40.0], [0.0,0.0], [0.0,0.0], [0.0,0.0]]
EXIT 36 SourceUnit_0 [[100.0,100.0], [10.0,10.0], [40.0,40.0], [0.0,0.0], [0.0,0.0], [0.0,0.0]]
ENTRY 36 PragmaDirective_0 [[100.0,100.0], [10.0,10.0], [40.0,40.0], [0.0,0.0], [0.0,0.0], [0.0,0.0]]
EXIT 36 PragmaDirective_0 [[100.0,100.0], [10.0,10.0], [40.0,40.0], [0.0,0.0], [0.0,0.0], [0.0,0.0]]
ENTRY 36 SourceExit_0 [[-13.600000000000007,100.0], [-0.0,23.599999999999977], [-0.0,40.0], [0.0,0.4], [0.0,0.0], [0.0,0.4]]
EXIT 36 SourceExit_0 [[100.0,100.0], [10.0,10.0], [40.0,40.0], [0.0,0.0], [0.0,0.0], [0.0,0.4]]
ENTRY 36 ContractDefinition_0 [[100.0,100.0], [10.0,10.0], [40.0,40.0], [0.0,0.0], [0.0,0.0], [0.0,0.0]]
EXIT 36 ContractDefinition_0 [[100.0,100.0], [10.0,10.0], [40.0,40.0], [0.0,0.0], [0.0,0.0], [0.0,0.0]]
ENTRY 36 VariableDeclaration_0 [[100.0,100.0], [10.0,10.0], [40.0,40.0], [0.0,0.0], [0.0,0.0], [0.0,0.0]]
EXIT 36 VariableDeclaration_0 [[100.0,100.0], [10.0,10.0], [40.0,40.0], [0.0,0.0], [0.0,0.0], [0.0,0.0]]
ENTRY 36 VariableDeclaration_1 [[100.0,100.0], [10.0,10.0], [40.0,40.0], [0.0,0.0], [0.0,0.0], [0.0,0.0]]
EXIT 36 VariableDeclaration_1 [[100.0,100.0], [10.0,10.0], [40.0,40.0], [0.0,0.0], [0.0,0.0], [0.0,0.0]]
ENTRY 36 VariableDeclaration_2 [[100.0,100.0], [10.0,10.0], [40.0,40.0], [0.0,0.0], [0.0,0.0], [0.0,0.0]]
EXIT 36 VariableDeclaration_2 [[100.0,100.0], [10.0,10.0], [40.0,40.0], [0.0,0.0], [0.0,0.0], [0.0,0.0]]
ENTRY 36 VariableDeclaration_3 [[100.0,100.0], [10.0,10.0], [40.0,40.0], [0.0,0.0], [0.0,0.0], [0.0,0.0]]
EXIT 36 VariableDeclaration_3 [[100.0,100.0], [10.0,10.0], [40.0,40.0], [0.0,0.0], [0.0,0.0], [0.0,0.0]]
ENTRY 36 VariableDeclaration_4 [[100.0,100.0], [10.0,10.0], [40.0,40.0], [0.0,0.0], [0.0,0.0], [0.0,0.0]]
EXIT 36 VariableDeclaration_4 [[100.0,100.0], [10.0,10.0], [40.0,40.0], [0.0,0.0], [0.0,0.0], [0.0,0.0]]
ENTRY 36 ModifierDefinition_0 [[100.0,100.0], [10.0,10.0], [40.0,40.0], [0.0,0.0], [0.0,0.0], [0.0,0.0]]
EXIT 36 ModifierDefinition_0 [[100.0,100.0], [10.0,10.0], [40.0,40.0], [0.0,0.0], [0.0,0.0], [0.0,0.0]]
ENTRY 36 FunctionDefinition_0 [[100.0,100.0], [10.0,10.0], [40.0,40.0], [0.0,0.0], [0.0,0.0], [0.0,0.0]]
EXIT 36 FunctionDefinition_0 [[100.0,100.0], [10.0,10.0], [40.0,40.0], [0.0,0.0], [0.0,0.0], [0.0,0.0]]
ENTRY 36 FunctionEntry_0 [[100.0,100.0], [10.0,10.0], [40.0,40.0], [0.0,0.0], [0.0,0.0], [0.0,0.0]]
EXIT 36 FunctionEntry_0 [[100.0,100.0], [10.0,10.0], [40.0,40.0], [0.0,0.0], [0.0,0.0], [0.0,0.0]]
ENTRY 36 VariableDeclarationStatement_0 [[100.0,100.0], [10.0,10.0], [40.0,40.0], [0.0,0.0], [0.0,0.0], [0.0,0.0]]
EXIT 36 VariableDeclarationStatement_0 [[100.0,100.0], [10.0,10.0], [40.0,40.0], [0.0,0.0], [0.0,0.0], [0.4,0.4]]
ENTRY 36 IfStatement_0 [[-13.600000000000007,100.0], [-0.0,23.599999999999977], [0.0,40.0], [0.0,0.0], [0.0,0.0], [-0.0,0.4]]
EXIT 36 IfStatement_0 [[1.0,-1.0], [1.0,-1.0], [1.0,-1.0], [1.0,-1.0], [1.0,-1.0], [1.0,-1.0]]
ENTRY 36 ExpressionStatement_0 [[-13.600000000000007,100.0], [-0.0,23.599999999999977], [0.0,40.0], [0.0,0.0], [0.0,0.0], [-0.0,0.4]]
EXIT 36 ExpressionStatement_0 [[-14.000000000000007,100.0], [-0.0,23.599999999999977], [0.0,40.0], [0.0,0.0], [0.0,0.0], [-0.0,0.4]]
ENTRY 36 ExpressionStatement_1 [[-14.000000000000007,100.0], [-0.0,23.599999999999977], [0.0,40.0], [0.0,0.0], [0.0,0.0], [-0.0,0.4]]
EXIT 36 ExpressionStatement_1 [[-14.000000000000007,100.0], [-0.0,23.999999999999975], [0.0,40.0], [0.0,0.0], [0.0,0.0], [-0.0,0.4]]
ENTRY 36 IfConditionJoin_0 [[-14.000000000000007,100.0], [-0.0,23.999999999999975], [0.0,40.0], [0.0,0.0], [0.0,0.0], [-0.0,0.4]]
EXIT 36 IfConditionJoin_0 [[-14.000000000000007,100.0], [-0.0,23.999999999999975], [0.0,40.0], [0.0,0.0], [0.0,0.0], [-0.0,0.4]]
ENTRY 36 ExpressionStatement_2 [[-14.000000000000007,100.0], [-0.0,23.999999999999975], [0.0,40.0], [0.0,0.0], [0.0,0.0], [-0.0,0.4]]
EXIT 36 ExpressionStatement_2 [[-14.000000000000007,100.0], [-0.0,23.999999999999975], [-0.0,0.4], [0.0,0.0], [0.0,0.0], [-0.0,0.4]]
ENTRY 36 ExpressionStatement_3 [[-14.000000000000007,100.0], [-0.0,23.999999999999975], [-0.0,0.4], [0.0,0.0], [0.0,0.0], [-0.0,0.4]]
EXIT 36 ExpressionStatement_3 [[-14.000000000000007,100.0], [-0.0,23.999999999999975], [-0.0,0.4], [-0.0,0.4], [0.0,0.0], [-0.0,0.4]]
ENTRY 36 Return_0 [[-14.000000000000007,100.0], [-0.0,23.999999999999975], [-0.0,0.4], [-0.0,0.4], [0.0,0.0], [-0.0,0.4]]
EXIT 36 Return_0 [[-14.000000000000007,100.0], [-0.0,23.999999999999975], [-0.0,0.4], [-0.0,0.4], [0.0,0.0], [-0.0,0.4]]
ENTRY 36 FunctionExit_0 [[-14.000000000000007,100.0], [-0.0,23.999999999999975], [-0.0,0.4], [-0.0,0.4], [0.0,0.0], [-0.0,0.4]]
EXIT 36 FunctionExit_0 [[-14.000000000000007,100.0], [-0.0,23.999999999999975], [-0.0,0.4], [-0.0,0.4], [0.0,0.0], [-0.0,0.4]]
ENTRY 37 SourceEntry_0 [[0.0,0.0], [0.0,0.0], [0.0,0.0], [0.0,0.0], [0.0,0.0], [0.0,0.0]]
EXIT 37 SourceEntry_0 [[100.0,100.0], [10.0,10.0], [40.0,40.0], [0.0,0.0], [0.0,0.0], [0.0,0.0]]
ENTRY 37 SourceUnit_0 [[100.0,100.0], [10.0,10.0], [40.0,40.0], [0.0,0.0], [0.0,0.0], [0.0,0.0]]
EXIT 37 SourceUnit_0 [[100.0,100.0], [10.0,10.0], [40.0,40.0], [0.0,0.0], [0.0,0.0], [0.0,0.0]]
ENTRY 37 PragmaDirective_0 [[100.0,100.0], [10.0,10.0], [40.0,40.0], [0.0,0.0], [0.0,0.0], [0.0,0.0]]
EXIT 37 PragmaDirective_0 [[100.0,100.0], [10.0,10.0], [40.0,40.0], [0.0,0.0], [0.0,0.0], [0.0,0.0]]
ENTRY 37 SourceExit_0 [[-14.000000000000007,100.0], [-0.0,23.999999999999975], [-0.0,40.0], [0.0,0.4], [0.0,0.0], [0.0,0.4]]
EXIT 37 SourceExit_0 [[100.0,100.0], [10.0,10.0], [40.0,40.0], [0.0,0.0], [0.0,0.0], [0.0,0.4]]
ENTRY 37 ContractDefinition_0 [[100.0,100.0], [10.0,10.0], [40.0,40.0], [0.0,0.0], [0.0,0.0], [0.0,0.0]]
EXIT 37 ContractDefinition_0 [[100.0,100.0], [10.0,10.0], [40.0,40.0], [0.0,0.0], [0.0,0.0], [0.0,0.0]]
ENTRY 37 VariableDeclaration_0 [[100.0,100.0], [10.0,10.0], [40.0,40.0], [0.0,0.0], [0.0,0.0], [0.0,0.0]]
EXIT 37 VariableDeclaration_0 [[100.0,100.0], [10.0,10.0], [40.0,40.0], [0.0,0.0], [0.0,0.0], [0.0,0.0]]
ENTRY 37 VariableDeclaration_1 [[100.0,100.0], [10.0,10.0], [40.0,40.0], [0.0,0.0], [0.0,0.0], [0.0,0.0]]
EXIT 37 VariableDeclaration_1 [[100.0,100.0], [10.0,10.0], [40.0,40.0], [0.0,0.0], [0.0,0.0], [0.0,0.0]]
ENTRY 37 VariableDeclaration_2 [[100.0,100.0], [10.0,10.0], [40.0,40.0], [0.0,0.0], [0.0,0.0], [0.0,0.0]]
EXIT 37 VariableDeclaration_2 [[100.0,100.0], [10.0,10.0], [40.0,40.0], [0.0,0.0], [0.0,0.0], [0.0,0.0]]
ENTRY 37 VariableDeclaration_3 [[100.0,100.0], [10.0,10.0], [40.0,40.0], [0.0,0.0], [0.0,0.0], [0.0,0.0]]
EXIT 37 VariableDeclaration_3 [[100.0,100.0], [10.0,10.0], [40.0,40.0], [0.0,0.0], [0.0,0.0], [0.0,0.0]]
ENTRY 37 VariableDeclaration_4 [[100.0,100.0], [10.0,10.0], [40.0,40.0], [0.0,0.0], [0.0,0.0], [0.0,0.0]]
EXIT 37 VariableDeclaration_4 [[100.0,100.0], [10.0,10.0], [40.0,40.0], [0.0,0.0], [0.0,0.0], [0.0,0.0]]
ENTRY 37 ModifierDefinition_0 [[100.0,100.0], [10.0,10.0], [40.0,40.0], [0.0,0.0], [0.0,0.0], [0.0,0.0]]
EXIT 37 ModifierDefinition_0 [[100.0,100.0], [10.0,10.0], [40.0,40.0], [0.0,0.0], [0.0,0.0], [0.0,0.0]]
ENTRY 37 FunctionDefinition_0 [[100.0,100.0], [10.0,10.0], [40.0,40.0], [0.0,0.0], [0.0,0.0], [0.0,0.0]]
EXIT 37 FunctionDefinition_0 [[100.0,100.0], [10.0,10.0], [40.0,40.0], [0.0,0.0], [0.0,0.0], [0.0,0.0]]
ENTRY 37 FunctionEntry_0 [[100.0,100.0], [10.0,10.0], [40.0,40.0], [0.0,0.0], [0.0,0.0], [0.0,0.0]]
EXIT 37 FunctionEntry_0 [[100.0,100.0], [10.0,10.0], [40.0,40.0], [0.0,0.0], [0.0,0.0], [0.0,0.0]]
ENTRY 37 VariableDeclarationStatement_0 [[100.0,100.0], [10.0,10.0], [40.0,40.0], [0.0,0.0], [0.0,0.0], [0.0,0.0]]
EXIT 37 VariableDeclarationStatement_0 [[100.0,100.0], [10.0,10.0], [40.0,40.0], [0.0,0.0], [0.0,0.0], [0.4,0.4]]
ENTRY 37 IfStatement_0 [[-14.000000000000007,100.0], [-0.0,23.999999999999975], [0.0,40.0], [0.0,0.0], [0.0,0.0], [-0.0,0.4]]
EXIT 37 IfStatement_0 [[1.0,-1.0], [1.0,-1.0], [1.0,-1.0], [1.0,-1.0], [1.0,-1.0], [1.0,-1.0]]
ENTRY 37 ExpressionStatement_0 [[-14.000000000000007,100.0], [-0.0,23.999999999999975], [0.0,40.0], [0.0,0.0], [0.0,0.0], [-0.0,0.4]]
EXIT 37 ExpressionStatement_0 [[-14.400000000000007,100.0], [-0.0,23.999999999999975], [0.0,40.0], [0.0,0.0], [0.0,0.0], [-0.0,0.4]]
ENTRY 37 ExpressionStatement_1 [[-14.400000000000007,100.0], [-0.0,23.999999999999975], [0.0,40.0], [0.0,0.0], [0.0,0.0], [-0.0,0.4]]
EXIT 37 ExpressionStatement_1 [[-14.400000000000007,100.0], [-0.0,24.399999999999974], [0.0,40.0], [0.0,0.0], [0.0,0.0], [-0.0,0.4]]
ENTRY 37 IfConditionJoin_0 [[-14.400000000000007,100.0], [-0.0,24.399999999999974], [0.0,40.0], [0.0,0.0], [0.0,0.0], [-0.0,0.4]]
EXIT 37 IfConditionJoin_0 [[-14.400000000000007,100.0], [-0.0,24.399999999999974], [0.0,40.0], [0.0,0.0], [0.0,0.0], [-0.0,0.4]]
ENTRY 37 ExpressionStatement_2 [[-14.400000000000007,100.0], [-0.0,24.399999999999974], [0.0,40.0], [0.0,0.0], [0.0,0.0], [-0.0,0.4]]
EXIT 37 ExpressionStatement_2 [[-14.400000000000007,100.0], [-0.0,24.399999999999974], [-0.0,0.4], [0.0,0.0], [0.0,0.0], [-0.0,0.4]]
ENTRY 37 ExpressionStatement_3 [[-14.400000000000007,100.0], [-0.0,24.399999999999974], [-0.0,0.4], [0.0,0.0], [0.0,0.0], [-0.0,0.4]]
EXIT 37 ExpressionStatement_3 [[-14.400000000000007,100.0], [-0.0,24.399999999999974], [-0.0,0.4], [-0.0,0.4], [0.0,0.0], [-0.0,0.4]]
ENTRY 37 Return_0 [[-14.400000000000007,100.0], [-0.0,24.399999999999974], [-0.0,0.4], [-0.0,0.4], [0.0,0.0], [-0.0,0.4]]
EXIT 37 Return_0 [[-14.400000000000007,100.0], [-0.0,24.399999999999974], [-0.0,0.4], [-0.0,0.4], [0.0,0.0], [-0.0,0.4]]
ENTRY 37 FunctionExit_0 [[-14.400000000000007,100.0], [-0.0,24.399999999999974], [-0.0,0.4], [-0.0,0.4], [0.0,0.0], [-0.0,0.4]]
EXIT 37 FunctionExit_0 [[-14.400000000000007,100.0], [-0.0,24.399999999999974], [-0.0,0.4], [-0.0,0.4], [0.0,0.0], [-0.0,0.4]]
ENTRY 38 SourceEntry_0 [[0.0,0.0], [0.0,0.0], [0.0,0.0], [0.0,0.0], [0.0,0.0], [0.0,0.0]]
EXIT 38 SourceEntry_0 [[100.0,100.0], [10.0,10.0], [40.0,40.0], [0.0,0.0], [0.0,0.0], [0.0,0.0]]
ENTRY 38 SourceUnit_0 [[100.0,100.0], [10.0,10.0], [40.0,40.0], [0.0,0.0], [0.0,0.0], [0.0,0.0]]
EXIT 38 SourceUnit_0 [[100.0,100.0], [10.0,10.0], [40.0,40.0], [0.0,0.0], [0.0,0.0], [0.0,0.0]]
ENTRY 38 PragmaDirective_0 [[100.0,100.0], [10.0,10.0], [40.0,40.0], [0.0,0.0], [0.0,0.0], [0.0,0.0]]
EXIT 38 PragmaDirective_0 [[100.0,100.0], [10.0,10.0], [40.0,40.0], [0.0,0.0], [0.0,0.0], [0.0,0.0]]
ENTRY 38 SourceExit_0 [[-14.400000000000007,100.0], [-0.0,24.399999999999974], [-0.0,40.0], [0.0,0.4], [0.0,0.0], [0.0,0.4]]
EXIT 38 SourceExit_0 [[100.0,100.0], [10.0,10.0], [40.0,40.0], [0.0,0.0], [0.0,0.0], [0.0,0.4]]
ENTRY 38 ContractDefinition_0 [[100.0,100.0], [10.0,10.0], [40.0,40.0], [0.0,0.0], [0.0,0.0], [0.0,0.0]]
EXIT 38 ContractDefinition_0 [[100.0,100.0], [10.0,10.0], [40.0,40.0], [0.0,0.0], [0.0,0.0], [0.0,0.0]]
ENTRY 38 VariableDeclaration_0 [[100.0,100.0], [10.0,10.0], [40.0,40.0], [0.0,0.0], [0.0,0.0], [0.0,0.0]]
EXIT 38 VariableDeclaration_0 [[100.0,100.0], [10.0,10.0], [40.0,40.0], [0.0,0.0], [0.0,0.0], [0.0,0.0]]
ENTRY 38 VariableDeclaration_1 [[100.0,100.0], [10.0,10.0], [40.0,40.0], [0.0,0.0], [0.0,0.0], [0.0,0.0]]
EXIT 38 VariableDeclaration_1 [[100.0,100.0], [10.0,10.0], [40.0,40.0], [0.0,0.0], [0.0,0.0], [0.0,0.0]]
ENTRY 38 VariableDeclaration_2 [[100.0,100.0], [10.0,10.0], [40.0,40.0], [0.0,0.0], [0.0,0.0], [0.0,0.0]]
EXIT 38 VariableDeclaration_2 [[100.0,100.0], [10.0,10.0], [40.0,40.0], [0.0,0.0], [0.0,0.0], [0.0,0.0]]
ENTRY 38 VariableDeclaration_3 [[100.0,100.0], [10.0,10.0], [40.0,40.0], [0.0,0.0], [0.0,0.0], [0.0,0.0]]
EXIT 38 VariableDeclaration_3 [[100.0,100.0], [10.0,10.0], [40.0,40.0], [0.0,0.0], [0.0,0.0], [0.0,0.0]]
ENTRY 38 VariableDeclaration_4 [[100.0,100.0], [10.0,10.0], [40.0,40.0], [0.0,0.0], [0.0,0.0], [0.0,0.0]]
EXIT 38 VariableDeclaration_4 [[100.0,100.0], [10.0,10.0], [40.0,40.0], [0.0,0.0], [0.0,0.0], [0.0,0.0]]
ENTRY 38 ModifierDefinition_0 [[100.0,100.0], [10.0,10.0], [40.0,40.0], [0.0,0.0], [0.0,0.0], [0.0,0.0]]
EXIT 38 ModifierDefinition_0 [[100.0,100.0], [10.0,10.0], [40.0,40.0], [0.0,0.0], [0.0,0.0], [0.0,0.0]]
ENTRY 38 FunctionDefinition_0 [[100.0,100.0], [10.0,10.0], [40.0,40.0], [0.0,0.0], [0.0,0.0], [0.0,0.0]]
EXIT 38 FunctionDefinition_0 [[100.0,100.0], [10.0,10.0], [40.0,40.0], [0.0,0.0], [0.0,0.0], [0.0,0.0]]
ENTRY 38 FunctionEntry_0 [[100.0,100.0], [10.0,10.0], [40.0,40.0], [0.0,0.0], [0.0,0.0], [0.0,0.0]]
EXIT 38 FunctionEntry_0 [[100.0,100.0], [10.0,10.0], [40.0,40.0], [0.0,0.0], [0.0,0.0], [0.0,0.0]]
ENTRY 38 VariableDeclarationStatement_0 [[100.0,100.0], [10.0,10.0], [40.0,40.0], [0.0,0.0], [0.0,0.0], [0.0,0.0]]
EXIT 38 VariableDeclarationStatement_0 [[100.0,100.0], [10.0,10.0], [40.0,40.0], [0.0,0.0], [0.0,0.0], [0.4,0.4]]
ENTRY 38 IfStatement_0 [[-14.400000000000007,100.0], [-0.0,24.399999999999974], [0.0,40.0], [0.0,0.0], [0.0,0.0], [-0.0,0.4]]
EXIT 38 IfStatement_0 [[1.0,-1.0], [1.0,-1.0], [1.0,-1.0], [1.0,-1.0], [1.0,-1.0], [1.0,-1.0]]
ENTRY 38 ExpressionStatement_0 [[-14.400000000000007,100.0], [-0.0,24.399999999999974], [0.0,40.0], [0.0,0.0], [0.0,0.0], [-0.0,0.4]]
EXIT 38 ExpressionStatement_0 [[-14.800000000000008,100.0], [-0.0,24.399999999999974], [0.0,40.0], [0.0,0.0], [0.0,0.0], [-0.0,0.4]]
ENTRY 38 ExpressionStatement_1 [[-14.800000000000008,100.0], [-0.0,24.399999999999974], [0.0,40.0], [0.0,0.0], [0.0,0.0], [-0.0,0.4]]
EXIT 38 ExpressionStatement_1 [[-14.800000000000008,100.0], [-0.0,24.799999999999972], [0.0,40.0], [0.0,0.0], [0.0,0.0], [-0.0,0.4]]
ENTRY 38 IfConditionJoin_0 [[-14.800000000000008,100.0], [-0.0,24.799999999999972], [0.0,40.0], [0.0,0.0], [0.0,0.0], [-0.0,0.4]]
EXIT 38 IfConditionJoin_0 [[-14.800000000000008,100.0], [-0.0,24.799999999999972], [0.0,40.0], [0.0,0.0], [0.0,0.0], [-0.0,0.4]]
ENTRY 38 ExpressionStatement_2 [[-14.800000000000008,100.0], [-0.0,24.799999999999972], [0.0,40.0], [0.0,0.0], [0.0,0.0], [-0.0,0.4]]
EXIT 38 ExpressionStatement_2 [[-14.800000000000008,100.0], [-0.0,24.799999999999972], [-0.0,0.4], [0.0,0.0], [0.0,0.0], [-0.0,0.4]]
ENTRY 38 ExpressionStatement_3 [[-14.800000000000008,100.0], [-0.0,24.799999999999972], [-0.0,0.4], [0.0,0.0], [0.0,0.0], [-0.0,0.4]]
EXIT 38 ExpressionStatement_3 [[-14.800000000000008,100.0], [-0.0,24.799999999999972], [-0.0,0.4], [-0.0,0.4], [0.0,0.0], [-0.0,0.4]]
ENTRY 38 Return_0 [[-14.800000000000008,100.0], [-0.0,24.799999999999972], [-0.0,0.4], [-0.0,0.4], [0.0,0.0], [-0.0,0.4]]
EXIT 38 Return_0 [[-14.800000000000008,100.0], [-0.0,24.799999999999972], [-0.0,0.4], [-0.0,0.4], [0.0,0.0], [-0.0,0.4]]
ENTRY 38 FunctionExit_0 [[-14.800000000000008,100.0], [-0.0,24.799999999999972], [-0.0,0.4], [-0.0,0.4], [0.0,0.0], [-0.0,0.4]]
EXIT 38 FunctionExit_0 [[-14.800000000000008,100.0], [-0.0,24.799999999999972], [-0.0,0.4], [-0.0,0.4], [0.0,0.0], [-0.0,0.4]]
ENTRY 39 SourceEntry_0 [[0.0,0.0], [0.0,0.0], [0.0,0.0], [0.0,0.0], [0.0,0.0], [0.0,0.0]]
EXIT 39 SourceEntry_0 [[100.0,100.0], [10.0,10.0], [40.0,40.0], [0.0,0.0], [0.0,0.0], [0.0,0.0]]
ENTRY 39 SourceUnit_0 [[100.0,100.0], [10.0,10.0], [40.0,40.0], [0.0,0.0], [0.0,0.0], [0.0,0.0]]
EXIT 39 SourceUnit_0 [[100.0,100.0], [10.0,10.0], [40.0,40.0], [0.0,0.0], [0.0,0.0], [0.0,0.0]]
ENTRY 39 PragmaDirective_0 [[100.0,100.0], [10.0,10.0], [40.0,40.0], [0.0,0.0], [0.0,0.0], [0.0,0.0]]
EXIT 39 PragmaDirective_0 [[100.0,100.0], [10.0,10.0], [40.0,40.0], [0.0,0.0], [0.0,0.0], [0.0,0.0]]
ENTRY 39 SourceExit_0 [[-14.800000000000008,100.0], [-0.0,24.799999999999972], [-0.0,40.0], [0.0,0.4], [0.0,0.0], [0.0,0.4]]
EXIT 39 SourceExit_0 [[100.0,100.0], [10.0,10.0], [40.0,40.0], [0.0,0.0], [0.0,0.0], [0.0,0.4]]
ENTRY 39 ContractDefinition_0 [[100.0,100.0], [10.0,10.0], [40.0,40.0], [0.0,0.0], [0.0,0.0], [0.0,0.0]]
EXIT 39 ContractDefinition_0 [[100.0,100.0], [10.0,10.0], [40.0,40.0], [0.0,0.0], [0.0,0.0], [0.0,0.0]]
ENTRY 39 VariableDeclaration_0 [[100.0,100.0], [10.0,10.0], [40.0,40.0], [0.0,0.0], [0.0,0.0], [0.0,0.0]]
EXIT 39 VariableDeclaration_0 [[100.0,100.0], [10.0,10.0], [40.0,40.0], [0.0,0.0], [0.0,0.0], [0.0,0.0]]
ENTRY 39 VariableDeclaration_1 [[100.0,100.0], [10.0,10.0], [40.0,40.0], [0.0,0.0], [0.0,0.0], [0.0,0.0]]
EXIT 39 VariableDeclaration_1 [[100.0,100.0], [10.0,10.0], [40.0,40.0], [0.0,0.0], [0.0,0.0], [0.0,0.0]]
ENTRY 39 VariableDeclaration_2 [[100.0,100.0], [10.0,10.0], [40.0,40.0], [0.0,0.0], [0.0,0.0], [0.0,0.0]]
EXIT 39 VariableDeclaration_2 [[100.0,100.0], [10.0,10.0], [40.0,40.0], [0.0,0.0], [0.0,0.0], [0.0,0.0]]
ENTRY 39 VariableDeclaration_3 [[100.0,100.0], [10.0,10.0], [40.0,40.0], [0.0,0.0], [0.0,0.0], [0.0,0.0]]
EXIT 39 VariableDeclaration_3 [[100.0,100.0], [10.0,10.0], [40.0,40.0], [0.0,0.0], [0.0,0.0], [0.0,0.0]]
ENTRY 39 VariableDeclaration_4 [[100.0,100.0], [10.0,10.0], [40.0,40.0], [0.0,0.0], [0.0,0.0], [0.0,0.0]]
EXIT 39 VariableDeclaration_4 [[100.0,100.0], [10.0,10.0], [40.0,40.0], [0.0,0.0], [0.0,0.0], [0.0,0.0]]
ENTRY 39 ModifierDefinition_0 [[100.0,100.0], [10.0,10.0], [40.0,40.0], [0.0,0.0], [0.0,0.0], [0.0,0.0]]
EXIT 39 ModifierDefinition_0 [[100.0,100.0], [10.0,10.0], [40.0,40.0], [0.0,0.0], [0.0,0.0], [0.0,0.0]]
ENTRY 39 FunctionDefinition_0 [[100.0,100.0], [10.0,10.0], [40.0,40.0], [0.0,0.0], [0.0,0.0], [0.0,0.0]]
EXIT 39 FunctionDefinition_0 [[100.0,100.0], [10.0,10.0], [40.0,40.0], [0.0,0.0], [0.0,0.0], [0.0,0.0]]
ENTRY 39 FunctionEntry_0 [[100.0,100.0], [10.0,10.0], [40.0,40.0], [0.0,0.0], [0.0,0.0], [0.0,0.0]]
EXIT 39 FunctionEntry_0 [[100.0,100.0], [10.0,10.0], [40.0,40.0], [0.0,0.0], [0.0,0.0], [0.0,0.0]]
ENTRY 39 VariableDeclarationStatement_0 [[100.0,100.0], [10.0,10.0], [40.0,40.0], [0.0,0.0], [0.0,0.0], [0.0,0.0]]
EXIT 39 VariableDeclarationStatement_0 [[100.0,100.0], [10.0,10.0], [40.0,40.0], [0.0,0.0], [0.0,0.0], [0.4,0.4]]
ENTRY 39 IfStatement_0 [[-14.800000000000008,100.0], [-0.0,24.799999999999972], [0.0,40.0], [0.0,0.0], [0.0,0.0], [-0.0,0.4]]
EXIT 39 IfStatement_0 [[1.0,-1.0], [1.0,-1.0], [1.0,-1.0], [1.0,-1.0], [1.0,-1.0], [1.0,-1.0]]
ENTRY 39 ExpressionStatement_0 [[-14.800000000000008,100.0], [-0.0,24.799999999999972], [0.0,40.0], [0.0,0.0], [0.0,0.0], [-0.0,0.4]]
EXIT 39 ExpressionStatement_0 [[-15.200000000000008,100.0], [-0.0,24.799999999999972], [0.0,40.0], [0.0,0.0], [0.0,0.0], [-0.0,0.4]]
ENTRY 39 ExpressionStatement_1 [[-15.200000000000008,100.0], [-0.0,24.799999999999972], [0.0,40.0], [0.0,0.0], [0.0,0.0], [-0.0,0.4]]
EXIT 39 ExpressionStatement_1 [[-15.200000000000008,100.0], [-0.0,25.19999999999997], [0.0,40.0], [0.0,0.0], [0.0,0.0], [-0.0,0.4]]
ENTRY 39 IfConditionJoin_0 [[-15.200000000000008,100.0], [-0.0,25.19999999999997], [0.0,40.0], [0.0,0.0], [0.0,0.0], [-0.0,0.4]]
EXIT 39 IfConditionJoin_0 [[-15.200000000000008,100.0], [-0.0,25.19999999999997], [0.0,40.0], [0.0,0.0], [0.0,0.0], [-0.0,0.4]]
ENTRY 39 ExpressionStatement_2 [[-15.200000000000008,100.0], [-0.0,25.19999999999997], [0.0,40.0], [0.0,0.0], [0.0,0.0], [-0.0,0.4]]
EXIT 39 ExpressionStatement_2 [[-15.200000000000008,100.0], [-0.0,25.19999999999997], [-0.0,0.4], [0.0,0.0], [0.0,0.0], [-0.0,0.4]]
ENTRY 39 ExpressionStatement_3 [[-15.200000000000008,100.0], [-0.0,25.19999999999997], [-0.0,0.4], [0.0,0.0], [0.0,0.0], [-0.0,0.4]]
EXIT 39 ExpressionStatement_3 [[-15.200000000000008,100.0], [-0.0,25.19999999999997], [-0.0,0.4], [-0.0,0.4], [0.0,0.0], [-0.0,0.4]]
ENTRY 39 Return_0 [[-15.200000000000008,100.0], [-0.0,25.19999999999997], [-0.0,0.4], [-0.0,0.4], [0.0,0.0], [-0.0,0.4]]
EXIT 39 Return_0 [[-15.200000000000008,100.0], [-0.0,25.19999999999997], [-0.0,0.4], [-0.0,0.4], [0.0,0.0], [-0.0,0.4]]
ENTRY 39 FunctionExit_0 [[-15.200000000000008,100.0], [-0.0,25.19999999999997], [-0.0,0.4], [-0.0,0.4], [0.0,0.0], [-0.0,0.4]]
EXIT 39 FunctionExit_0 [[-15.200000000000008,100.0], [-0.0,25.19999999999997], [-0.0,0.4], [-0.0,0.4], [0.0,0.0], [-0.0,0.4]]
ENTRY 40 SourceEntry_0 [[0.0,0.0], [0.0,0.0], [0.0,0.0], [0.0,0.0], [0.0,0.0], [0.0,0.0]]
EXIT 40 SourceEntry_0 [[100.0,100.0], [10.0,10.0], [40.0,40.0], [0.0,0.0], [0.0,0.0], [0.0,0.0]]
ENTRY 40 SourceUnit_0 [[100.0,100.0], [10.0,10.0], [40.0,40.0], [0.0,0.0], [0.0,0.0], [0.0,0.0]]
EXIT 40 SourceUnit_0 [[100.0,100.0], [10.0,10.0], [40.0,40.0], [0.0,0.0], [0.0,0.0], [0.0,0.0]]
ENTRY 40 PragmaDirective_0 [[100.0,100.0], [10.0,10.0], [40.0,40.0], [0.0,0.0], [0.0,0.0], [0.0,0.0]]
EXIT 40 PragmaDirective_0 [[100.0,100.0], [10.0,10.0], [40.0,40.0], [0.0,0.0], [0.0,0.0], [0.0,0.0]]
ENTRY 40 SourceExit_0 [[-15.200000000000008,100.0], [-0.0,25.19999999999997], [-0.0,40.0], [0.0,0.4], [0.0,0.0], [0.0,0.4]]
EXIT 40 SourceExit_0 [[100.0,100.0], [10.0,10.0], [40.0,40.0], [0.0,0.0], [0.0,0.0], [0.0,0.4]]
ENTRY 40 ContractDefinition_0 [[100.0,100.0], [10.0,10.0], [40.0,40.0], [0.0,0.0], [0.0,0.0], [0.0,0.0]]
EXIT 40 ContractDefinition_0 [[100.0,100.0], [10.0,10.0], [40.0,40.0], [0.0,0.0], [0.0,0.0], [0.0,0.0]]
ENTRY 40 VariableDeclaration_0 [[100.0,100.0], [10.0,10.0], [40.0,40.0], [0.0,0.0], [0.0,0.0], [0.0,0.0]]
EXIT 40 VariableDeclaration_0 [[100.0,100.0], [10.0,10.0], [40.0,40.0], [0.0,0.0], [0.0,0.0], [0.0,0.0]]
ENTRY 40 VariableDeclaration_1 [[100.0,100.0], [10.0,10.0], [40.0,40.0], [0.0,0.0], [0.0,0.0], [0.0,0.0]]
EXIT 40 VariableDeclaration_1 [[100.0,100.0], [10.0,10.0], [40.0,40.0], [0.0,0.0], [0.0,0.0], [0.0,0.0]]
ENTRY 40 VariableDeclaration_2 [[100.0,100.0], [10.0,10.0], [40.0,40.0], [0.0,0.0], [0.0,0.0], [0.0,0.0]]
EXIT 40 VariableDeclaration_2 [[100.0,100.0], [10.0,10.0], [40.0,40.0], [0.0,0.0], [0.0,0.0], [0.0,0.0]]
ENTRY 40 VariableDeclaration_3 [[100.0,100.0], [10.0,10.0], [40.0,40.0], [0.0,0.0], [0.0,0.0], [0.0,0.0]]
EXIT 40 VariableDeclaration_3 [[100.0,100.0], [10.0,10.0], [40.0,40.0], [0.0,0.0], [0.0,0.0], [0.0,0.0]]
ENTRY 40 VariableDeclaration_4 [[100.0,100.0], [10.0,10.0], [40.0,40.0], [0.0,0.0], [0.0,0.0], [0.0,0.0]]
EXIT 40 VariableDeclaration_4 [[100.0,100.0], [10.0,10.0], [40.0,40.0], [0.0,0.0], [0.0,0.0], [0.0,0.0]]
ENTRY 40 ModifierDefinition_0 [[100.0,100.0], [10.0,10.0], [40.0,40.0], [0.0,0.0], [0.0,0.0], [0.0,0.0]]
EXIT 40 ModifierDefinition_0 [[100.0,100.0], [10.0,10.0], [40.0,40.0], [0.0,0.0], [0.0,0.0], [0.0,0.0]]
ENTRY 40 FunctionDefinition_0 [[100.0,100.0], [10.0,10.0], [40.0,40.0], [0.0,0.0], [0.0,0.0], [0.0,0.0]]
EXIT 40 FunctionDefinition_0 [[100.0,100.0], [10.0,10.0], [40.0,40.0], [0.0,0.0], [0.0,0.0], [0.0,0.0]]
ENTRY 40 FunctionEntry_0 [[100.0,100.0], [10.0,10.0], [40.0,40.0], [0.0,0.0], [0.0,0.0], [0.0,0.0]]
EXIT 40 FunctionEntry_0 [[100.0,100.0], [10.0,10.0], [40.0,40.0], [0.0,0.0], [0.0,0.0], [0.0,0.0]]
ENTRY 40 VariableDeclarationStatement_0 [[100.0,100.0], [10.0,10.0], [40.0,40.0], [0.0,0.0], [0.0,0.0], [0.0,0.0]]
EXIT 40 VariableDeclarationStatement_0 [[100.0,100.0], [10.0,10.0], [40.0,40.0], [0.0,0.0], [0.0,0.0], [0.4,0.4]]
ENTRY 40 IfStatement_0 [[-15.200000000000008,100.0], [-0.0,25.19999999999997], [0.0,40.0], [0.0,0.0], [0.0,0.0], [-0.0,0.4]]
EXIT 40 IfStatement_0 [[1.0,-1.0], [1.0,-1.0], [1.0,-1.0], [1.0,-1.0], [1.0,-1.0], [1.0,-1.0]]
ENTRY 40 ExpressionStatement_0 [[-15.200000000000008,100.0], [-0.0,25.19999999999997], [0.0,40.0], [0.0,0.0], [0.0,0.0], [-0.0,0.4]]
EXIT 40 ExpressionStatement_0 [[-15.600000000000009,100.0], [-0.0,25.19999999999997], [0.0,40.0], [0.0,0.0], [0.0,0.0], [-0.0,0.4]]
ENTRY 40 ExpressionStatement_1 [[-15.600000000000009,100.0], [-0.0,25.19999999999997], [0.0,40.0], [0.0,0.0], [0.0,0.0], [-0.0,0.4]]
EXIT 40 ExpressionStatement_1 [[-15.600000000000009,100.0], [-0.0,25.59999999999997], [0.0,40.0], [0.0,0.0], [0.0,0.0], [-0.0,0.4]]
ENTRY 40 IfConditionJoin_0 [[-15.600000000000009,100.0], [-0.0,25.59999999999997], [0.0,40.0], [0.0,0.0], [0.0,0.0], [-0.0,0.4]]
EXIT 40 IfConditionJoin_0 [[-15.600000000000009,100.0], [-0.0,25.59999999999997], [0.0,40.0], [0.0,0.0], [0.0,0.0], [-0.0,0.4]]
ENTRY 40 ExpressionStatement_2 [[-15.600000000000009,100.0], [-0.0,25.59999999999997], [0.0,40.0], [0.0,0.0], [0.0,0.0], [-0.0,0.4]]
EXIT 40 ExpressionStatement_2 [[-15.600000000000009,100.0], [-0.0,25.59999999999997], [-0.0,0.4], [0.0,0.0], [0.0,0.0], [-0.0,0.4]]
ENTRY 40 ExpressionStatement_3 [[-15.600000000000009,100.0], [-0.0,25.59999999999997], [-0.0,0.4], [0.0,0.0], [0.0,0.0], [-0.0,0.4]]
EXIT 40 ExpressionStatement_3 [[-15.600000000000009,100.0], [-0.0,25.59999999999997], [-0.0,0.4], [-0.0,0.4], [0.0,0.0], [-0.0,0.4]]
ENTRY 40 Return_0 [[-15.600000000000009,100.0], [-0.0,25.59999999999997], [-0.0,0.4], [-0.0,0.4], [0.0,0.0], [-0.0,0.4]]
EXIT 40 Return_0 [[-15.600000000000009,100.0], [-0.0,25.59999999999997], [-0.0,0.4], [-0.0,0.4], [0.0,0.0], [-0.0,0.4]]
ENTRY 40 FunctionExit_0 [[-15.600000000000009,100.0], [-0.0,25.59999999999997], [-0.0,0.4], [-0.0,0.4], [0.0,0.0], [-0.0,0.4]]
EXIT 40 FunctionExit_0 [[-15.600000000000009,100.0], [-0.0,25.59999999999997], [-0.0,0.4], [-0.0,0.4], [0.0,0.0], [-0.0,0.4]]
ENTRY 41 SourceEntry_0 [[0.0,0.0], [0.0,0.0], [0.0,0.0], [0.0,0.0], [0.0,0.0], [0.0,0.0]]
EXIT 41 SourceEntry_0 [[100.0,100.0], [10.0,10.0], [40.0,40.0], [0.0,0.0], [0.0,0.0], [0.0,0.0]]
ENTRY 41 SourceUnit_0 [[100.0,100.0], [10.0,10.0], [40.0,40.0], [0.0,0.0], [0.0,0.0], [0.0,0.0]]
EXIT 41 SourceUnit_0 [[100.0,100.0], [10.0,10.0], [40.0,40.0], [0.0,0.0], [0.0,0.0], [0.0,0.0]]
ENTRY 41 PragmaDirective_0 [[100.0,100.0], [10.0,10.0], [40.0,40.0], [0.0,0.0], [0.0,0.0], [0.0,0.0]]
EXIT 41 PragmaDirective_0 [[100.0,100.0], [10.0,10.0], [40.0,40.0], [0.0,0.0], [0.0,0.0], [0.0,0.0]]
ENTRY 41 SourceExit_0 [[-15.600000000000009,100.0], [-0.0,25.59999999999997], [-0.0,40.0], [0.0,0.4], [0.0,0.0], [0.0,0.4]]
EXIT 41 SourceExit_0 [[100.0,100.0], [10.0,10.0], [40.0,40.0], [0.0,0.0], [0.0,0.0], [0.0,0.4]]
ENTRY 41 ContractDefinition_0 [[100.0,100.0], [10.0,10.0], [40.0,40.0], [0.0,0.0], [0.0,0.0], [0.0,0.0]]
EXIT 41 ContractDefinition_0 [[100.0,100.0], [10.0,10.0], [40.0,40.0], [0.0,0.0], [0.0,0.0], [0.0,0.0]]
ENTRY 41 VariableDeclaration_0 [[100.0,100.0], [10.0,10.0], [40.0,40.0], [0.0,0.0], [0.0,0.0], [0.0,0.0]]
EXIT 41 VariableDeclaration_0 [[100.0,100.0], [10.0,10.0], [40.0,40.0], [0.0,0.0], [0.0,0.0], [0.0,0.0]]
ENTRY 41 VariableDeclaration_1 [[100.0,100.0], [10.0,10.0], [40.0,40.0], [0.0,0.0], [0.0,0.0], [0.0,0.0]]
EXIT 41 VariableDeclaration_1 [[100.0,100.0], [10.0,10.0], [40.0,40.0], [0.0,0.0], [0.0,0.0], [0.0,0.0]]
ENTRY 41 VariableDeclaration_2 [[100.0,100.0], [10.0,10.0], [40.0,40.0], [0.0,0.0], [0.0,0.0], [0.0,0.0]]
EXIT 41 VariableDeclaration_2 [[100.0,100.0], [10.0,10.0], [40.0,40.0], [0.0,0.0], [0.0,0.0], [0.0,0.0]]
ENTRY 41 VariableDeclaration_3 [[100.0,100.0], [10.0,10.0], [40.0,40.0], [0.0,0.0], [0.0,0.0], [0.0,0.0]]
EXIT 41 VariableDeclaration_3 [[100.0,100.0], [10.0,10.0], [40.0,40.0], [0.0,0.0], [0.0,0.0], [0.0,0.0]]
ENTRY 41 VariableDeclaration_4 [[100.0,100.0], [10.0,10.0], [40.0,40.0], [0.0,0.0], [0.0,0.0], [0.0,0.0]]
EXIT 41 VariableDeclaration_4 [[100.0,100.0], [10.0,10.0], [40.0,40.0], [0.0,0.0], [0.0,0.0], [0.0,0.0]]
ENTRY 41 ModifierDefinition_0 [[100.0,100.0], [10.0,10.0], [40.0,40.0], [0.0,0.0], [0.0,0.0], [0.0,0.0]]
EXIT 41 ModifierDefinition_0 [[100.0,100.0], [10.0,10.0], [40.0,40.0], [0.0,0.0], [0.0,0.0], [0.0,0.0]]
ENTRY 41 FunctionDefinition_0 [[100.0,100.0], [10.0,10.0], [40.0,40.0], [0.0,0.0], [0.0,0.0], [0.0,0.0]]
EXIT 41 FunctionDefinition_0 [[100.0,100.0], [10.0,10.0], [40.0,40.0], [0.0,0.0], [0.0,0.0], [0.0,0.0]]
ENTRY 41 FunctionEntry_0 [[100.0,100.0], [10.0,10.0], [40.0,40.0], [0.0,0.0], [0.0,0.0], [0.0,0.0]]
EXIT 41 FunctionEntry_0 [[100.0,100.0], [10.0,10.0], [40.0,40.0], [0.0,0.0], [0.0,0.0], [0.0,0.0]]
ENTRY 41 VariableDeclarationStatement_0 [[100.0,100.0], [10.0,10.0], [40.0,40.0], [0.0,0.0], [0.0,0.0], [0.0,0.0]]
EXIT 41 VariableDeclarationStatement_0 [[100.0,100.0], [10.0,10.0], [40.0,40.0], [0.0,0.0], [0.0,0.0], [0.4,0.4]]
ENTRY 41 IfStatement_0 [[-15.600000000000009,100.0], [-0.0,25.59999999999997], [0.0,40.0], [0.0,0.0], [0.0,0.0], [-0.0,0.4]]
EXIT 41 IfStatement_0 [[1.0,-1.0], [1.0,-1.0], [1.0,-1.0], [1.0,-1.0], [1.0,-1.0], [1.0,-1.0]]
ENTRY 41 ExpressionStatement_0 [[-15.600000000000009,100.0], [-0.0,25.59999999999997], [0.0,40.0], [0.0,0.0], [0.0,0.0], [-0.0,0.4]]
EXIT 41 ExpressionStatement_0 [[-16.000000000000007,100.0], [-0.0,25.59999999999997], [0.0,40.0], [0.0,0.0], [0.0,0.0], [-0.0,0.4]]
ENTRY 41 ExpressionStatement_1 [[-16.000000000000007,100.0], [-0.0,25.59999999999997], [0.0,40.0], [0.0,0.0], [0.0,0.0], [-0.0,0.4]]
EXIT 41 ExpressionStatement_1 [[-16.000000000000007,100.0], [-0.0,25.999999999999968], [0.0,40.0], [0.0,0.0], [0.0,0.0], [-0.0,0.4]]
ENTRY 41 IfConditionJoin_0 [[-16.000000000000007,100.0], [-0.0,25.999999999999968], [0.0,40.0], [0.0,0.0], [0.0,0.0], [-0.0,0.4]]
EXIT 41 IfConditionJoin_0 [[-16.000000000000007,100.0], [-0.0,25.999999999999968], [0.0,40.0], [0.0,0.0], [0.0,0.0], [-0.0,0.4]]
ENTRY 41 ExpressionStatement_2 [[-16.000000000000007,100.0], [-0.0,25.999999999999968], [0.0,40.0], [0.0,0.0], [0.0,0.0], [-0.0,0.4]]
EXIT 41 ExpressionStatement_2 [[-16.000000000000007,100.0], [-0.0,25.999999999999968], [-0.0,0.4], [0.0,0.0], [0.0,0.0], [-0.0,0.4]]
ENTRY 41 ExpressionStatement_3 [[-16.000000000000007,100.0], [-0.0,25.999999999999968], [-0.0,0.4], [0.0,0.0], [0.0,0.0], [-0.0,0.4]]
EXIT 41 ExpressionStatement_3 [[-16.000000000000007,100.0], [-0.0,25.999999999999968], [-0.0,0.4], [-0.0,0.4], [0.0,0.0], [-0.0,0.4]]
ENTRY 41 Return_0 [[-16.000000000000007,100.0], [-0.0,25.999999999999968], [-0.0,0.4], [-0.0,0.4], [0.0,0.0], [-0.0,0.4]]
EXIT 41 Return_0 [[-16.000000000000007,100.0], [-0.0,25.999999999999968], [-0.0,0.4], [-0.0,0.4], [0.0,0.0], [-0.0,0.4]]
ENTRY 41 FunctionExit_0 [[-16.000000000000007,100.0], [-0.0,25.999999999999968], [-0.0,0.4], [-0.0,0.4], [0.0,0.0], [-0.0,0.4]]
EXIT 41 FunctionExit_0 [[-16.000000000000007,100.0], [-0.0,25.999999999999968], [-0.0,0.4], [-0.0,0.4], [0.0,0.0], [-0.0,0.4]]
ENTRY 42 SourceEntry_0 [[0.0,0.0], [0.0,0.0], [0.0,0.0], [0.0,0.0], [0.0,0.0], [0.0,0.0]]
EXIT 42 SourceEntry_0 [[100.0,100.0], [10.0,10.0], [40.0,40.0], [0.0,0.0], [0.0,0.0], [0.0,0.0]]
ENTRY 42 SourceUnit_0 [[100.0,100.0], [10.0,10.0], [40.0,40.0], [0.0,0.0], [0.0,0.0], [0.0,0.0]]
EXIT 42 SourceUnit_0 [[100.0,100.0], [10.0,10.0], [40.0,40.0], [0.0,0.0], [0.0,0.0], [0.0,0.0]]
ENTRY 42 PragmaDirective_0 [[100.0,100.0], [10.0,10.0], [40.0,40.0], [0.0,0.0], [0.0,0.0], [0.0,0.0]]
EXIT 42 PragmaDirective_0 [[100.0,100.0], [10.0,10.0], [40.0,40.0], [0.0,0.0], [0.0,0.0], [0.0,0.0]]
ENTRY 42 SourceExit_0 [[-16.000000000000007,100.0], [-0.0,25.999999999999968], [-0.0,40.0], [0.0,0.4], [0.0,0.0], [0.0,0.4]]
EXIT 42 SourceExit_0 [[100.0,100.0], [10.0,10.0], [40.0,40.0], [0.0,0.0], [0.0,0.0], [0.0,0.4]]
ENTRY 42 ContractDefinition_0 [[100.0,100.0], [10.0,10.0], [40.0,40.0], [0.0,0.0], [0.0,0.0], [0.0,0.0]]
EXIT 42 ContractDefinition_0 [[100.0,100.0], [10.0,10.0], [40.0,40.0], [0.0,0.0], [0.0,0.0], [0.0,0.0]]
ENTRY 42 VariableDeclaration_0 [[100.0,100.0], [10.0,10.0], [40.0,40.0], [0.0,0.0], [0.0,0.0], [0.0,0.0]]
EXIT 42 VariableDeclaration_0 [[100.0,100.0], [10.0,10.0], [40.0,40.0], [0.0,0.0], [0.0,0.0], [0.0,0.0]]
ENTRY 42 VariableDeclaration_1 [[100.0,100.0], [10.0,10.0], [40.0,40.0], [0.0,0.0], [0.0,0.0], [0.0,0.0]]
EXIT 42 VariableDeclaration_1 [[100.0,100.0], [10.0,10.0], [40.0,40.0], [0.0,0.0], [0.0,0.0], [0.0,0.0]]
ENTRY 42 VariableDeclaration_2 [[100.0,100.0], [10.0,10.0], [40.0,40.0], [0.0,0.0], [0.0,0.0], [0.0,0.0]]
EXIT 42 VariableDeclaration_2 [[100.0,100.0], [10.0,10.0], [40.0,40.0], [0.0,0.0], [0.0,0.0], [0.0,0.0]]
ENTRY 42 VariableDeclaration_3 [[100.0,100.0], [10.0,10.0], [40.0,40.0], [0.0,0.0], [0.0,0.0], [0.0,0.0]]
EXIT 42 VariableDeclaration_3 [[100.0,100.0], [10.0,10.0], [40.0,40.0], [0.0,0.0], [0.0,0.0], [0.0,0.0]]
ENTRY 42 VariableDeclaration_4 [[100.0,100.0], [10.0,10.0], [40.0,40.0], [0.0,0.0], [0.0,0.0], [0.0,0.0]]
EXIT 42 VariableDeclaration_4 [[100.0,100.0], [10.0,10.0], [40.0,40.0], [0.0,0.0], [0.0,0.0], [0.0,0.0]]
ENTRY 42 ModifierDefinition_0 [[100.0,100.0], [10.0,10.0], [40.0,40.0], [0.0,0.0], [0.0,0.0], [0.0,0.0]]
EXIT 42 ModifierDefinition_0 [[100.0,100.0], [10.0,10.0], [40.0,40.0], [0.0,0.0], [0.0,0.0], [0.0,0.0]]
ENTRY 42 FunctionDefinition_0 [[100.0,100.0], [10.0,10.0], [40.0,40.0], [0.0,0.0], [0.0,0.0], [0.0,0.0]]
EXIT 42 FunctionDefinition_0 [[100.0,100.0], [10.0,10.0], [40.0,40.0], [0.0,0.0], [0.0,0.0], [0.0,0.0]]
ENTRY 42 FunctionEntry_0 [[100.0,100.0], [10.0,10.0], [40.0,40.0], [0.0,0.0], [0.0,0.0], [0.0,0.0]]
EXIT 42 FunctionEntry_0 [[100.0,100.0], [10.0,10.0], [40.0,40.0], [0.0,0.0], [0.0,0.0], [0.0,0.0]]
ENTRY 42 VariableDeclarationStatement_0 [[100.0,100.0], [10.0,10.0], [40.0,40.0], [0.0,0.0], [0.0,0.0], [0.0,0.0]]
EXIT 42 VariableDeclarationStatement_0 [[100.0,100.0], [10.0,10.0], [40.0,40.0], [0.0,0.0], [0.0,0.0], [0.4,0.4]]
ENTRY 42 IfStatement_0 [[-16.000000000000007,100.0], [-0.0,25.999999999999968], [0.0,40.0], [0.0,0.0], [0.0,0.0], [-0.0,0.4]]
EXIT 42 IfStatement_0 [[1.0,-1.0], [1.0,-1.0], [1.0,-1.0], [1.0,-1.0], [1.0,-1.0], [1.0,-1.0]]
ENTRY 42 ExpressionStatement_0 [[-16.000000000000007,100.0], [-0.0,25.999999999999968], [0.0,40.0], [0.0,0.0], [0.0,0.0], [-0.0,0.4]]
EXIT 42 ExpressionStatement_0 [[-16.400000000000006,100.0], [-0.0,25.999999999999968], [0.0,40.0], [0.0,0.0], [0.0,0.0], [-0.0,0.4]]
ENTRY 42 ExpressionStatement_1 [[-16.400000000000006,100.0], [-0.0,25.999999999999968], [0.0,40.0], [0.0,0.0], [0.0,0.0], [-0.0,0.4]]
EXIT 42 ExpressionStatement_1 [[-16.400000000000006,100.0], [-0.0,26.399999999999967], [0.0,40.0], [0.0,0.0], [0.0,0.0], [-0.0,0.4]]
ENTRY 42 IfConditionJoin_0 [[-16.400000000000006,100.0], [-0.0,26.399999999999967], [0.0,40.0], [0.0,0.0], [0.0,0.0], [-0.0,0.4]]
EXIT 42 IfConditionJoin_0 [[-16.400000000000006,100.0], [-0.0,26.399999999999967], [0.0,40.0], [0.0,0.0], [0.0,0.0], [-0.0,0.4]]
ENTRY 42 ExpressionStatement_2 [[-16.400000000000006,100.0], [-0.0,26.399999999999967], [0.0,40.0], [0.0,0.0], [0.0,0.0], [-0.0,0.4]]
EXIT 42 ExpressionStatement_2 [[-16.400000000000006,100.0], [-0.0,26.399999999999967], [-0.0,0.4], [0.0,0.0], [0.0,0.0], [-0.0,0.4]]
ENTRY 42 ExpressionStatement_3 [[-16.400000000000006,100.0], [-0.0,26.399999999999967], [-0.0,0.4], [0.0,0.0], [0.0,0.0], [-0.0,0.4]]
EXIT 42 ExpressionStatement_3 [[-16.400000000000006,100.0], [-0.0,26.399999999999967], [-0.0,0.4], [-0.0,0.4], [0.0,0.0], [-0.0,0.4]]
ENTRY 42 Return_0 [[-16.400000000000006,100.0], [-0.0,26.399999999999967], [-0.0,0.4], [-0.0,0.4], [0.0,0.0], [-0.0,0.4]]
EXIT 42 Return_0 [[-16.400000000000006,100.0], [-0.0,26.399999999999967], [-0.0,0.4], [-0.0,0.4], [0.0,0.0], [-0.0,0.4]]
ENTRY 42 FunctionExit_0 [[-16.400000000000006,100.0], [-0.0,26.399999999999967], [-0.0,0.4], [-0.0,0.4], [0.0,0.0], [-0.0,0.4]]
EXIT 42 FunctionExit_0 [[-16.400000000000006,100.0], [-0.0,26.399999999999967], [-0.0,0.4], [-0.0,0.4], [0.0,0.0], [-0.0,0.4]]
ENTRY 43 SourceEntry_0 [[0.0,0.0], [0.0,0.0], [0.0,0.0], [0.0,0.0], [0.0,0.0], [0.0,0.0]]
EXIT 43 SourceEntry_0 [[100.0,100.0], [10.0,10.0], [40.0,40.0], [0.0,0.0], [0.0,0.0], [0.0,0.0]]
ENTRY 43 SourceUnit_0 [[100.0,100.0], [10.0,10.0], [40.0,40.0], [0.0,0.0], [0.0,0.0], [0.0,0.0]]
EXIT 43 SourceUnit_0 [[100.0,100.0], [10.0,10.0], [40.0,40.0], [0.0,0.0], [0.0,0.0], [0.0,0.0]]
ENTRY 43 PragmaDirective_0 [[100.0,100.0], [10.0,10.0], [40.0,40.0], [0.0,0.0], [0.0,0.0], [0.0,0.0]]
EXIT 43 PragmaDirective_0 [[100.0,100.0], [10.0,10.0], [40.0,40.0], [0.0,0.0], [0.0,0.0], [0.0,0.0]]
ENTRY 43 SourceExit_0 [[-16.400000000000006,100.0], [-0.0,26.399999999999967], [-0.0,40.0], [0.0,0.4], [0.0,0.0], [0.0,0.4]]
EXIT 43 SourceExit_0 [[100.0,100.0], [10.0,10.0], [40.0,40.0], [0.0,0.0], [0.0,0.0], [0.0,0.4]]
ENTRY 43 ContractDefinition_0 [[100.0,100.0], [10.0,10.0], [40.0,40.0], [0.0,0.0], [0.0,0.0], [0.0,0.0]]
EXIT 43 ContractDefinition_0 [[100.0,100.0], [10.0,10.0], [40.0,40.0], [0.0,0.0], [0.0,0.0], [0.0,0.0]]
ENTRY 43 VariableDeclaration_0 [[100.0,100.0], [10.0,10.0], [40.0,40.0], [0.0,0.0], [0.0,0.0], [0.0,0.0]]
EXIT 43 VariableDeclaration_0 [[100.0,100.0], [10.0,10.0], [40.0,40.0], [0.0,0.0], [0.0,0.0], [0.0,0.0]]
ENTRY 43 VariableDeclaration_1 [[100.0,100.0], [10.0,10.0], [40.0,40.0], [0.0,0.0], [0.0,0.0], [0.0,0.0]]
EXIT 43 VariableDeclaration_1 [[100.0,100.0], [10.0,10.0], [40.0,40.0], [0.0,0.0], [0.0,0.0], [0.0,0.0]]
ENTRY 43 VariableDeclaration_2 [[100.0,100.0], [10.0,10.0], [40.0,40.0], [0.0,0.0], [0.0,0.0], [0.0,0.0]]
EXIT 43 VariableDeclaration_2 [[100.0,100.0], [10.0,10.0], [40.0,40.0], [0.0,0.0], [0.0,0.0], [0.0,0.0]]
ENTRY 43 VariableDeclaration_3 [[100.0,100.0], [10.0,10.0], [40.0,40.0], [0.0,0.0], [0.0,0.0], [0.0,0.0]]
EXIT 43 VariableDeclaration_3 [[100.0,100.0], [10.0,10.0], [40.0,40.0], [0.0,0.0], [0.0,0.0], [0.0,0.0]]
ENTRY 43 VariableDeclaration_4 [[100.0,100.0], [10.0,10.0], [40.0,40.0], [0.0,0.0], [0.0,0.0], [0.0,0.0]]
EXIT 43 VariableDeclaration_4 [[100.0,100.0], [10.0,10.0], [40.0,40.0], [0.0,0.0], [0.0,0.0], [0.0,0.0]]
ENTRY 43 ModifierDefinition_0 [[100.0,100.0], [10.0,10.0], [40.0,40.0], [0.0,0.0], [0.0,0.0], [0.0,0.0]]
EXIT 43 ModifierDefinition_0 [[100.0,100.0], [10.0,10.0], [40.0,40.0], [0.0,0.0], [0.0,0.0], [0.0,0.0]]
ENTRY 43 FunctionDefinition_0 [[100.0,100.0], [10.0,10.0], [40.0,40.0], [0.0,0.0], [0.0,0.0], [0.0,0.0]]
EXIT 43 FunctionDefinition_0 [[100.0,100.0], [10.0,10.0], [40.0,40.0], [0.0,0.0], [0.0,0.0], [0.0,0.0]]
ENTRY 43 FunctionEntry_0 [[100.0,100.0], [10.0,10.0], [40.0,40.0], [0.0,0.0], [0.0,0.0], [0.0,0.0]]
EXIT 43 FunctionEntry_0 [[100.0,100.0], [10.0,10.0], [40.0,40.0], [0.0,0.0], [0.0,0.0], [0.0,0.0]]
ENTRY 43 VariableDeclarationStatement_0 [[100.0,100.0], [10.0,10.0], [40.0,40.0], [0.0,0.0], [0.0,0.0], [0.0,0.0]]
EXIT 43 VariableDeclarationStatement_0 [[100.0,100.0], [10.0,10.0], [40.0,40.0], [0.0,0.0], [0.0,0.0], [0.4,0.4]]
ENTRY 43 IfStatement_0 [[-16.400000000000006,100.0], [-0.0,26.399999999999967], [0.0,40.0], [0.0,0.0], [0.0,0.0], [-0.0,0.4]]
EXIT 43 IfStatement_0 [[1.0,-1.0], [1.0,-1.0], [1.0,-1.0], [1.0,-1.0], [1.0,-1.0], [1.0,-1.0]]
ENTRY 43 ExpressionStatement_0 [[-16.400000000000006,100.0], [-0.0,26.399999999999967], [0.0,40.0], [0.0,0.0], [0.0,0.0], [-0.0,0.4]]
EXIT 43 ExpressionStatement_0 [[-16.800000000000004,100.0], [-0.0,26.399999999999967], [0.0,40.0], [0.0,0.0], [0.0,0.0], [-0.0,0.4]]
ENTRY 43 ExpressionStatement_1 [[-16.800000000000004,100.0], [-0.0,26.399999999999967], [0.0,40.0], [0.0,0.0], [0.0,0.0], [-0.0,0.4]]
EXIT 43 ExpressionStatement_1 [[-16.800000000000004,100.0], [-0.0,26.799999999999965], [0.0,40.0], [0.0,0.0], [0.0,0.0], [-0.0,0.4]]
ENTRY 43 IfConditionJoin_0 [[-16.800000000000004,100.0], [-0.0,26.799999999999965], [0.0,40.0], [0.0,0.0], [0.0,0.0], [-0.0,0.4]]
EXIT 43 IfConditionJoin_0 [[-16.800000000000004,100.0], [-0.0,26.799999999999965], [0.0,40.0], [0.0,0.0], [0.0,0.0], [-0.0,0.4]]
ENTRY 43 ExpressionStatement_2 [[-16.800000000000004,100.0], [-0.0,26.799999999999965], [0.0,40.0], [0.0,0.0], [0.0,0.0], [-0.0,0.4]]
EXIT 43 ExpressionStatement_2 [[-16.800000000000004,100.0], [-0.0,26.799999999999965], [-0.0,0.4], [0.0,0.0], [0.0,0.0], [-0.0,0.4]]
ENTRY 43 ExpressionStatement_3 [[-16.800000000000004,100.0], [-0.0,26.799999999999965], [-0.0,0.4], [0.0,0.0], [0.0,0.0], [-0.0,0.4]]
EXIT 43 ExpressionStatement_3 [[-16.800000000000004,100.0], [-0.0,26.799999999999965], [-0.0,0.4], [-0.0,0.4], [0.0,0.0], [-0.0,0.4]]
ENTRY 43 Return_0 [[-16.800000000000004,100.0], [-0.0,26.799999999999965], [-0.0,0.4], [-0.0,0.4], [0.0,0.0], [-0.0,0.4]]
EXIT 43 Return_0 [[-16.800000000000004,100.0], [-0.0,26.799999999999965], [-0.0,0.4], [-0.0,0.4], [0.0,0.0], [-0.0,0.4]]
ENTRY 43 FunctionExit_0 [[-16.800000000000004,100.0], [-0.0,26.799999999999965], [-0.0,0.4], [-0.0,0.4], [0.0,0.0], [-0.0,0.4]]
EXIT 43 FunctionExit_0 [[-16.800000000000004,100.0], [-0.0,26.799999999999965], [-0.0,0.4], [-0.0,0.4], [0.0,0.0], [-0.0,0.4]]
ENTRY 44 SourceEntry_0 [[0.0,0.0], [0.0,0.0], [0.0,0.0], [0.0,0.0], [0.0,0.0], [0.0,0.0]]
EXIT 44 SourceEntry_0 [[100.0,100.0], [10.0,10.0], [40.0,40.0], [0.0,0.0], [0.0,0.0], [0.0,0.0]]
ENTRY 44 SourceUnit_0 [[100.0,100.0], [10.0,10.0], [40.0,40.0], [0.0,0.0], [0.0,0.0], [0.0,0.0]]
EXIT 44 SourceUnit_0 [[100.0,100.0], [10.0,10.0], [40.0,40.0], [0.0,0.0], [0.0,0.0], [0.0,0.0]]
ENTRY 44 PragmaDirective_0 [[100.0,100.0], [10.0,10.0], [40.0,40.0], [0.0,0.0], [0.0,0.0], [0.0,0.0]]
EXIT 44 PragmaDirective_0 [[100.0,100.0], [10.0,10.0], [40.0,40.0], [0.0,0.0], [0.0,0.0], [0.0,0.0]]
ENTRY 44 SourceExit_0 [[-16.800000000000004,100.0], [-0.0,26.799999999999965], [-0.0,40.0], [0.0,0.4], [0.0,0.0], [0.0,0.4]]
EXIT 44 SourceExit_0 [[100.0,100.0], [10.0,10.0], [40.0,40.0], [0.0,0.0], [0.0,0.0], [0.0,0.4]]
ENTRY 44 ContractDefinition_0 [[100.0,100.0], [10.0,10.0], [40.0,40.0], [0.0,0.0], [0.0,0.0], [0.0,0.0]]
EXIT 44 ContractDefinition_0 [[100.0,100.0], [10.0,10.0], [40.0,40.0], [0.0,0.0], [0.0,0.0], [0.0,0.0]]
ENTRY 44 VariableDeclaration_0 [[100.0,100.0], [10.0,10.0], [40.0,40.0], [0.0,0.0], [0.0,0.0], [0.0,0.0]]
EXIT 44 VariableDeclaration_0 [[100.0,100.0], [10.0,10.0], [40.0,40.0], [0.0,0.0], [0.0,0.0], [0.0,0.0]]
ENTRY 44 VariableDeclaration_1 [[100.0,100.0], [10.0,10.0], [40.0,40.0], [0.0,0.0], [0.0,0.0], [0.0,0.0]]
EXIT 44 VariableDeclaration_1 [[100.0,100.0], [10.0,10.0], [40.0,40.0], [0.0,0.0], [0.0,0.0], [0.0,0.0]]
ENTRY 44 VariableDeclaration_2 [[100.0,100.0], [10.0,10.0], [40.0,40.0], [0.0,0.0], [0.0,0.0], [0.0,0.0]]
EXIT 44 VariableDeclaration_2 [[100.0,100.0], [10.0,10.0], [40.0,40.0], [0.0,0.0], [0.0,0.0], [0.0,0.0]]
ENTRY 44 VariableDeclaration_3 [[100.0,100.0], [10.0,10.0], [40.0,40.0], [0.0,0.0], [0.0,0.0], [0.0,0.0]]
EXIT 44 VariableDeclaration_3 [[100.0,100.0], [10.0,10.0], [40.0,40.0], [0.0,0.0], [0.0,0.0], [0.0,0.0]]
ENTRY 44 VariableDeclaration_4 [[100.0,100.0], [10.0,10.0], [40.0,40.0], [0.0,0.0], [0.0,0.0], [0.0,0.0]]
EXIT 44 VariableDeclaration_4 [[100.0,100.0], [10.0,10.0], [40.0,40.0], [0.0,0.0], [0.0,0.0], [0.0,0.0]]
ENTRY 44 ModifierDefinition_0 [[100.0,100.0], [10.0,10.0], [40.0,40.0], [0.0,0.0], [0.0,0.0], [0.0,0.0]]
EXIT 44 ModifierDefinition_0 [[100.0,100.0], [10.0,10.0], [40.0,40.0], [0.0,0.0], [0.0,0.0], [0.0,0.0]]
ENTRY 44 FunctionDefinition_0 [[100.0,100.0], [10.0,10.0], [40.0,40.0], [0.0,0.0], [0.0,0.0], [0.0,0.0]]
EXIT 44 FunctionDefinition_0 [[100.0,100.0], [10.0,10.0], [40.0,40.0], [0.0,0.0], [0.0,0.0], [0.0,0.0]]
ENTRY 44 FunctionEntry_0 [[100.0,100.0], [10.0,10.0], [40.0,40.0], [0.0,0.0], [0.0,0.0], [0.0,0.0]]
EXIT 44 FunctionEntry_0 [[100.0,100.0], [10.0,10.0], [40.0,40.0], [0.0,0.0], [0.0,0.0], [0.0,0.0]]
ENTRY 44 VariableDeclarationStatement_0 [[100.0,100.0], [10.0,10.0], [40.0,40.0], [0.0,0.0], [0.0,0.0], [0.0,0.0]]
EXIT 44 VariableDeclarationStatement_0 [[100.0,100.0], [10.0,10.0], [40.0,40.0], [0.0,0.0], [0.0,0.0], [0.4,0.4]]
ENTRY 44 IfStatement_0 [[-16.800000000000004,100.0], [-0.0,26.799999999999965], [0.0,40.0], [0.0,0.0], [0.0,0.0], [-0.0,0.4]]
EXIT 44 IfStatement_0 [[1.0,-1.0], [1.0,-1.0], [1.0,-1.0], [1.0,-1.0], [1.0,-1.0], [1.0,-1.0]]
ENTRY 44 ExpressionStatement_0 [[-16.800000000000004,100.0], [-0.0,26.799999999999965], [0.0,40.0], [0.0,0.0], [0.0,0.0], [-0.0,0.4]]
EXIT 44 ExpressionStatement_0 [[-17.200000000000003,100.0], [-0.0,26.799999999999965], [0.0,40.0], [0.0,0.0], [0.0,0.0], [-0.0,0.4]]
ENTRY 44 ExpressionStatement_1 [[-17.200000000000003,100.0], [-0.0,26.799999999999965], [0.0,40.0], [0.0,0.0], [0.0,0.0], [-0.0,0.4]]
EXIT 44 ExpressionStatement_1 [[-17.200000000000003,100.0], [-0.0,27.199999999999964], [0.0,40.0], [0.0,0.0], [0.0,0.0], [-0.0,0.4]]
ENTRY 44 IfConditionJoin_0 [[-17.200000000000003,100.0], [-0.0,27.199999999999964], [0.0,40.0], [0.0,0.0], [0.0,0.0], [-0.0,0.4]]
EXIT 44 IfConditionJoin_0 [[-17.200000000000003,100.0], [-0.0,27.199999999999964], [0.0,40.0], [0.0,0.0], [0.0,0.0], [-0.0,0.4]]
ENTRY 44 ExpressionStatement_2 [[-17.200000000000003,100.0], [-0.0,27.199999999999964], [0.0,40.0], [0.0,0.0], [0.0,0.0], [-0.0,0.4]]
EXIT 44 ExpressionStatement_2 [[-17.200000000000003,100.0], [-0.0,27.199999999999964], [-0.0,0.4], [0.0,0.0], [0.0,0.0], [-0.0,0.4]]
ENTRY 44 ExpressionStatement_3 [[-17.200000000000003,100.0], [-0.0,27.199999999999964], [-0.0,0.4], [0.0,0.0], [0.0,0.0], [-0.0,0.4]]
EXIT 44 ExpressionStatement_3 [[-17.200000000000003,100.0], [-0.0,27.199999999999964], [-0.0,0.4], [-0.0,0.4], [0.0,0.0], [-0.0,0.4]]
ENTRY 44 Return_0 [[-17.200000000000003,100.0], [-0.0,27.199999999999964], [-0.0,0.4], [-0.0,0.4], [0.0,0.0], [-0.0,0.4]]
EXIT 44 Return_0 [[-17.200000000000003,100.0], [-0.0,27.199999999999964], [-0.0,0.4], [-0.0,0.4], [0.0,0.0], [-0.0,0.4]]
ENTRY 44 FunctionExit_0 [[-17.200000000000003,100.0], [-0.0,27.199999999999964], [-0.0,0.4], [-0.0,0.4], [0.0,0.0], [-0.0,0.4]]
EXIT 44 FunctionExit_0 [[-17.200000000000003,100.0], [-0.0,27.199999999999964], [-0.0,0.4], [-0.0,0.4], [0.0,0.0], [-0.0,0.4]]
ENTRY 45 SourceEntry_0 [[0.0,0.0], [0.0,0.0], [0.0,0.0], [0.0,0.0], [0.0,0.0], [0.0,0.0]]
EXIT 45 SourceEntry_0 [[100.0,100.0], [10.0,10.0], [40.0,40.0], [0.0,0.0], [0.0,0.0], [0.0,0.0]]
ENTRY 45 SourceUnit_0 [[100.0,100.0], [10.0,10.0], [40.0,40.0], [0.0,0.0], [0.0,0.0], [0.0,0.0]]
EXIT 45 SourceUnit_0 [[100.0,100.0], [10.0,10.0], [40.0,40.0], [0.0,0.0], [0.0,0.0], [0.0,0.0]]
ENTRY 45 PragmaDirective_0 [[100.0,100.0], [10.0,10.0], [40.0,40.0], [0.0,0.0], [0.0,0.0], [0.0,0.0]]
EXIT 45 PragmaDirective_0 [[100.0,100.0], [10.0,10.0], [40.0,40.0], [0.0,0.0], [0.0,0.0], [0.0,0.0]]
ENTRY 45 SourceExit_0 [[-17.200000000000003,100.0], [-0.0,27.199999999999964], [-0.0,40.0], [0.0,0.4], [0.0,0.0], [0.0,0.4]]
EXIT 45 SourceExit_0 [[100.0,100.0], [10.0,10.0], [40.0,40.0], [0.0,0.0], [0.0,0.0], [0.0,0.4]]
ENTRY 45 ContractDefinition_0 [[100.0,100.0], [10.0,10.0], [40.0,40.0], [0.0,0.0], [0.0,0.0], [0.0,0.0]]
EXIT 45 ContractDefinition_0 [[100.0,100.0], [10.0,10.0], [40.0,40.0], [0.0,0.0], [0.0,0.0], [0.0,0.0]]
ENTRY 45 VariableDeclaration_0 [[100.0,100.0], [10.0,10.0], [40.0,40.0], [0.0,0.0], [0.0,0.0], [0.0,0.0]]
EXIT 45 VariableDeclaration_0 [[100.0,100.0], [10.0,10.0], [40.0,40.0], [0.0,0.0], [0.0,0.0], [0.0,0.0]]
ENTRY 45 VariableDeclaration_1 [[100.0,100.0], [10.0,10.0], [40.0,40.0], [0.0,0.0], [0.0,0.0], [0.0,0.0]]
EXIT 45 VariableDeclaration_1 [[100.0,100.0], [10.0,10.0], [40.0,40.0], [0.0,0.0], [0.0,0.0], [0.0,0.0]]
ENTRY 45 VariableDeclaration_2 [[100.0,100.0], [10.0,10.0], [40.0,40.0], [0.0,0.0], [0.0,0.0], [0.0,0.0]]
EXIT 45 VariableDeclaration_2 [[100.0,100.0], [10.0,10.0], [40.0,40.0], [0.0,0.0], [0.0,0.0], [0.0,0.0]]
ENTRY 45 VariableDeclaration_3 [[100.0,100.0], [10.0,10.0], [40.0,40.0], [0.0,0.0], [0.0,0.0], [0.0,0.0]]
EXIT 45 VariableDeclaration_3 [[100.0,100.0], [10.0,10.0], [40.0,40.0], [0.0,0.0], [0.0,0.0], [0.0,0.0]]
ENTRY 45 VariableDeclaration_4 [[100.0,100.0], [10.0,10.0], [40.0,40.0], [0.0,0.0], [0.0,0.0], [0.0,0.0]]
EXIT 45 VariableDeclaration_4 [[100.0,100.0], [10.0,10.0], [40.0,40.0], [0.0,0.0], [0.0,0.0], [0.0,0.0]]
ENTRY 45 ModifierDefinition_0 [[100.0,100.0], [10.0,10.0], [40.0,40.0], [0.0,0.0], [0.0,0.0], [0.0,0.0]]
EXIT 45 ModifierDefinition_0 [[100.0,100.0], [10.0,10.0], [40.0,40.0], [0.0,0.0], [0.0,0.0], [0.0,0.0]]
ENTRY 45 FunctionDefinition_0 [[100.0,100.0], [10.0,10.0], [40.0,40.0], [0.0,0.0], [0.0,0.0], [0.0,0.0]]
EXIT 45 FunctionDefinition_0 [[100.0,100.0], [10.0,10.0], [40.0,40.0], [0.0,0.0], [0.0,0.0], [0.0,0.0]]
ENTRY 45 FunctionEntry_0 [[100.0,100.0], [10.0,10.0], [40.0,40.0], [0.0,0.0], [0.0,0.0], [0.0,0.0]]
EXIT 45 FunctionEntry_0 [[100.0,100.0], [10.0,10.0], [40.0,40.0], [0.0,0.0], [0.0,0.0], [0.0,0.0]]
ENTRY 45 VariableDeclarationStatement_0 [[100.0,100.0], [10.0,10.0], [40.0,40.0], [0.0,0.0], [0.0,0.0], [0.0,0.0]]
EXIT 45 VariableDeclarationStatement_0 [[100.0,100.0], [10.0,10.0], [40.0,40.0], [0.0,0.0], [0.0,0.0], [0.4,0.4]]
ENTRY 45 IfStatement_0 [[-17.200000000000003,100.0], [-0.0,27.199999999999964], [0.0,40.0], [0.0,0.0], [0.0,0.0], [-0.0,0.4]]
EXIT 45 IfStatement_0 [[1.0,-1.0], [1.0,-1.0], [1.0,-1.0], [1.0,-1.0], [1.0,-1.0], [1.0,-1.0]]
ENTRY 45 ExpressionStatement_0 [[-17.200000000000003,100.0], [-0.0,27.199999999999964], [0.0,40.0], [0.0,0.0], [0.0,0.0], [-0.0,0.4]]
EXIT 45 ExpressionStatement_0 [[-17.6,100.0], [-0.0,27.199999999999964], [0.0,40.0], [0.0,0.0], [0.0,0.0], [-0.0,0.4]]
ENTRY 45 ExpressionStatement_1 [[-17.6,100.0], [-0.0,27.199999999999964], [0.0,40.0], [0.0,0.0], [0.0,0.0], [-0.0,0.4]]
EXIT 45 ExpressionStatement_1 [[-17.6,100.0], [-0.0,27.599999999999962], [0.0,40.0], [0.0,0.0], [0.0,0.0], [-0.0,0.4]]
ENTRY 45 IfConditionJoin_0 [[-17.6,100.0], [-0.0,27.599999999999962], [0.0,40.0], [0.0,0.0], [0.0,0.0], [-0.0,0.4]]
EXIT 45 IfConditionJoin_0 [[-17.6,100.0], [-0.0,27.599999999999962], [0.0,40.0], [0.0,0.0], [0.0,0.0], [-0.0,0.4]]
ENTRY 45 ExpressionStatement_2 [[-17.6,100.0], [-0.0,27.599999999999962], [0.0,40.0], [0.0,0.0], [0.0,0.0], [-0.0,0.4]]
EXIT 45 ExpressionStatement_2 [[-17.6,100.0], [-0.0,27.599999999999962], [-0.0,0.4], [0.0,0.0], [0.0,0.0], [-0.0,0.4]]
ENTRY 45 ExpressionStatement_3 [[-17.6,100.0], [-0.0,27.599999999999962], [-0.0,0.4], [0.0,0.0], [0.0,0.0], [-0.0,0.4]]
EXIT 45 ExpressionStatement_3 [[-17.6,100.0], [-0.0,27.599999999999962], [-0.0,0.4], [-0.0,0.4], [0.0,0.0], [-0.0,0.4]]
ENTRY 45 Return_0 [[-17.6,100.0], [-0.0,27.599999999999962], [-0.0,0.4], [-0.0,0.4], [0.0,0.0], [-0.0,0.4]]
EXIT 45 Return_0 [[-17.6,100.0], [-0.0,27.599999999999962], [-0.0,0.4], [-0.0,0.4], [0.0,0.0], [-0.0,0.4]]
ENTRY 45 FunctionExit_0 [[-17.6,100.0], [-0.0,27.599999999999962], [-0.0,0.4], [-0.0,0.4], [0.0,0.0], [-0.0,0.4]]
EXIT 45 FunctionExit_0 [[-17.6,100.0], [-0.0,27.599999999999962], [-0.0,0.4], [-0.0,0.4], [0.0,0.0], [-0.0,0.4]]
ENTRY 46 SourceEntry_0 [[0.0,0.0], [0.0,0.0], [0.0,0.0], [0.0,0.0], [0.0,0.0], [0.0,0.0]]
EXIT 46 SourceEntry_0 [[100.0,100.0], [10.0,10.0], [40.0,40.0], [0.0,0.0], [0.0,0.0], [0.0,0.0]]
ENTRY 46 SourceUnit_0 [[100.0,100.0], [10.0,10.0], [40.0,40.0], [0.0,0.0], [0.0,0.0], [0.0,0.0]]
EXIT 46 SourceUnit_0 [[100.0,100.0], [10.0,10.0], [40.0,40.0], [0.0,0.0], [0.0,0.0], [0.0,0.0]]
ENTRY 46 PragmaDirective_0 [[100.0,100.0], [10.0,10.0], [40.0,40.0], [0.0,0.0], [0.0,0.0], [0.0,0.0]]
EXIT 46 PragmaDirective_0 [[100.0,100.0], [10.0,10.0], [40.0,40.0], [0.0,0.0], [0.0,0.0], [0.0,0.0]]
ENTRY 46 SourceExit_0 [[-17.6,100.0], [-0.0,27.599999999999962], [-0.0,40.0], [0.0,0.4], [0.0,0.0], [0.0,0.4]]
EXIT 46 SourceExit_0 [[100.0,100.0], [10.0,10.0], [40.0,40.0], [0.0,0.0], [0.0,0.0], [0.0,0.4]]
ENTRY 46 ContractDefinition_0 [[100.0,100.0], [10.0,10.0], [40.0,40.0], [0.0,0.0], [0.0,0.0], [0.0,0.0]]
EXIT 46 ContractDefinition_0 [[100.0,100.0], [10.0,10.0], [40.0,40.0], [0.0,0.0], [0.0,0.0], [0.0,0.0]]
ENTRY 46 VariableDeclaration_0 [[100.0,100.0], [10.0,10.0], [40.0,40.0], [0.0,0.0], [0.0,0.0], [0.0,0.0]]
EXIT 46 VariableDeclaration_0 [[100.0,100.0], [10.0,10.0], [40.0,40.0], [0.0,0.0], [0.0,0.0], [0.0,0.0]]
ENTRY 46 VariableDeclaration_1 [[100.0,100.0], [10.0,10.0], [40.0,40.0], [0.0,0.0], [0.0,0.0], [0.0,0.0]]
EXIT 46 VariableDeclaration_1 [[100.0,100.0], [10.0,10.0], [40.0,40.0], [0.0,0.0], [0.0,0.0], [0.0,0.0]]
ENTRY 46 VariableDeclaration_2 [[100.0,100.0], [10.0,10.0], [40.0,40.0], [0.0,0.0], [0.0,0.0], [0.0,0.0]]
EXIT 46 VariableDeclaration_2 [[100.0,100.0], [10.0,10.0], [40.0,40.0], [0.0,0.0], [0.0,0.0], [0.0,0.0]]
ENTRY 46 VariableDeclaration_3 [[100.0,100.0], [10.0,10.0], [40.0,40.0], [0.0,0.0], [0.0,0.0], [0.0,0.0]]
EXIT 46 VariableDeclaration_3 [[100.0,100.0], [10.0,10.0], [40.0,40.0], [0.0,0.0], [0.0,0.0], [0.0,0.0]]
ENTRY 46 VariableDeclaration_4 [[100.0,100.0], [10.0,10.0], [40.0,40.0], [0.0,0.0], [0.0,0.0], [0.0,0.0]]
EXIT 46 VariableDeclaration_4 [[100.0,100.0], [10.0,10.0], [40.0,40.0], [0.0,0.0], [0.0,0.0], [0.0,0.0]]
ENTRY 46 ModifierDefinition_0 [[100.0,100.0], [10.0,10.0], [40.0,40.0], [0.0,0.0], [0.0,0.0], [0.0,0.0]]
EXIT 46 ModifierDefinition_0 [[100.0,100.0], [10.0,10.0], [40.0,40.0], [0.0,0.0], [0.0,0.0], [0.0,0.0]]
ENTRY 46 FunctionDefinition_0 [[100.0,100.0], [10.0,10.0], [40.0,40.0], [0.0,0.0], [0.0,0.0], [0.0,0.0]]
EXIT 46 FunctionDefinition_0 [[100.0,100.0], [10.0,10.0], [40.0,40.0], [0.0,0.0], [0.0,0.0], [0.0,0.0]]
ENTRY 46 FunctionEntry_0 [[100.0,100.0], [10.0,10.0], [40.0,40.0], [0.0,0.0], [0.0,0.0], [0.0,0.0]]
EXIT 46 FunctionEntry_0 [[100.0,100.0], [10.0,10.0], [40.0,40.0], [0.0,0.0], [0.0,0.0], [0.0,0.0]]
ENTRY 46 VariableDeclarationStatement_0 [[100.0,100.0], [10.0,10.0], [40.0,40.0], [0.0,0.0], [0.0,0.0], [0.0,0.0]]
EXIT 46 VariableDeclarationStatement_0 [[100.0,100.0], [10.0,10.0], [40.0,40.0], [0.0,0.0], [0.0,0.0], [0.4,0.4]]
ENTRY 46 IfStatement_0 [[-17.6,100.0], [-0.0,27.599999999999962], [0.0,40.0], [0.0,0.0], [0.0,0.0], [-0.0,0.4]]
EXIT 46 IfStatement_0 [[1.0,-1.0], [1.0,-1.0], [1.0,-1.0], [1.0,-1.0], [1.0,-1.0], [1.0,-1.0]]
ENTRY 46 ExpressionStatement_0 [[-17.6,100.0], [-0.0,27.599999999999962], [0.0,40.0], [0.0,0.0], [0.0,0.0], [-0.0,0.4]]
EXIT 46 ExpressionStatement_0 [[-18.0,100.0], [-0.0,27.599999999999962], [0.0,40.0], [0.0,0.0], [0.0,0.0], [-0.0,0.4]]
ENTRY 46 ExpressionStatement_1 [[-18.0,100.0], [-0.0,27.599999999999962], [0.0,40.0], [0.0,0.0], [0.0,0.0], [-0.0,0.4]]
EXIT 46 ExpressionStatement_1 [[-18.0,100.0], [-0.0,27.99999999999996], [0.0,40.0], [0.0,0.0], [0.0,0.0], [-0.0,0.4]]
ENTRY 46 IfConditionJoin_0 [[-18.0,100.0], [-0.0,27.99999999999996], [0.0,40.0], [0.0,0.0], [0.0,0.0], [-0.0,0.4]]
EXIT 46 IfConditionJoin_0 [[-18.0,100.0], [-0.0,27.99999999999996], [0.0,40.0], [0.0,0.0], [0.0,0.0], [-0.0,0.4]]
ENTRY 46 ExpressionStatement_2 [[-18.0,100.0], [-0.0,27.99999999999996], [0.0,40.0], [0.0,0.0], [0.0,0.0], [-0.0,0.4]]
EXIT 46 ExpressionStatement_2 [[-18.0,100.0], [-0.0,27.99999999999996], [-0.0,0.4], [0.0,0.0], [0.0,0.0], [-0.0,0.4]]
ENTRY 46 ExpressionStatement_3 [[-18.0,100.0], [-0.0,27.99999999999996], [-0.0,0.4], [0.0,0.0], [0.0,0.0], [-0.0,0.4]]
EXIT 46 ExpressionStatement_3 [[-18.0,100.0], [-0.0,27.99999999999996], [-0.0,0.4], [-0.0,0.4], [0.0,0.0], [-0.0,0.4]]
ENTRY 46 Return_0 [[-18.0,100.0], [-0.0,27.99999999999996], [-0.0,0.4], [-0.0,0.4], [0.0,0.0], [-0.0,0.4]]
EXIT 46 Return_0 [[-18.0,100.0], [-0.0,27.99999999999996], [-0.0,0.4], [-0.0,0.4], [0.0,0.0], [-0.0,0.4]]
ENTRY 46 FunctionExit_0 [[-18.0,100.0], [-0.0,27.99999999999996], [-0.0,0.4], [-0.0,0.4], [0.0,0.0], [-0.0,0.4]]
EXIT 46 FunctionExit_0 [[-18.0,100.0], [-0.0,27.99999999999996], [-0.0,0.4], [-0.0,0.4], [0.0,0.0], [-0.0,0.4]]
ENTRY 47 SourceEntry_0 [[0.0,0.0], [0.0,0.0], [0.0,0.0], [0.0,0.0], [0.0,0.0], [0.0,0.0]]
EXIT 47 SourceEntry_0 [[100.0,100.0], [10.0,10.0], [40.0,40.0], [0.0,0.0], [0.0,0.0], [0.0,0.0]]
ENTRY 47 SourceUnit_0 [[100.0,100.0], [10.0,10.0], [40.0,40.0], [0.0,0.0], [0.0,0.0], [0.0,0.0]]
EXIT 47 SourceUnit_0 [[100.0,100.0], [10.0,10.0], [40.0,40.0], [0.0,0.0], [0.0,0.0], [0.0,0.0]]
ENTRY 47 PragmaDirective_0 [[100.0,100.0], [10.0,10.0], [40.0,40.0], [0.0,0.0], [0.0,0.0], [0.0,0.0]]
EXIT 47 PragmaDirective_0 [[100.0,100.0], [10.0,10.0], [40.0,40.0], [0.0,0.0], [0.0,0.0], [0.0,0.0]]
ENTRY 47 SourceExit_0 [[-18.0,100.0], [-0.0,27.99999999999996], [-0.0,40.0], [0.0,0.4], [0.0,0.0], [0.0,0.4]]
EXIT 47 SourceExit_0 [[100.0,100.0], [10.0,10.0], [40.0,40.0], [0.0,0.0], [0.0,0.0], [0.0,0.4]]
ENTRY 47 ContractDefinition_0 [[100.0,100.0], [10.0,10.0], [40.0,40.0], [0.0,0.0], [0.0,0.0], [0.0,0.0]]
EXIT 47 ContractDefinition_0 [[100.0,100.0], [10.0,10.0], [40.0,40.0], [0.0,0.0], [0.0,0.0], [0.0,0.0]]
ENTRY 47 VariableDeclaration_0 [[100.0,100.0], [10.0,10.0], [40.0,40.0], [0.0,0.0], [0.0,0.0], [0.0,0.0]]
EXIT 47 VariableDeclaration_0 [[100.0,100.0], [10.0,10.0], [40.0,40.0], [0.0,0.0], [0.0,0.0], [0.0,0.0]]
ENTRY 47 VariableDeclaration_1 [[100.0,100.0], [10.0,10.0], [40.0,40.0], [0.0,0.0], [0.0,0.0], [0.0,0.0]]
EXIT 47 VariableDeclaration_1 [[100.0,100.0], [10.0,10.0], [40.0,40.0], [0.0,0.0], [0.0,0.0], [0.0,0.0]]
ENTRY 47 VariableDeclaration_2 [[100.0,100.0], [10.0,10.0], [40.0,40.0], [0.0,0.0], [0.0,0.0], [0.0,0.0]]
EXIT 47 VariableDeclaration_2 [[100.0,100.0], [10.0,10.0], [40.0,40.0], [0.0,0.0], [0.0,0.0], [0.0,0.0]]
ENTRY 47 VariableDeclaration_3 [[100.0,100.0], [10.0,10.0], [40.0,40.0], [0.0,0.0], [0.0,0.0], [0.0,0.0]]
EXIT 47 VariableDeclaration_3 [[100.0,100.0], [10.0,10.0], [40.0,40.0], [0.0,0.0], [0.0,0.0], [0.0,0.0]]
ENTRY 47 VariableDeclaration_4 [[100.0,100.0], [10.0,10.0], [40.0,40.0], [0.0,0.0], [0.0,0.0], [0.0,0.0]]
EXIT 47 VariableDeclaration_4 [[100.0,100.0], [10.0,10.0], [40.0,40.0], [0.0,0.0], [0.0,0.0], [0.0,0.0]]
ENTRY 47 ModifierDefinition_0 [[100.0,100.0], [10.0,10.0], [40.0,40.0], [0.0,0.0], [0.0,0.0], [0.0,0.0]]
EXIT 47 ModifierDefinition_0 [[100.0,100.0], [10.0,10.0], [40.0,40.0], [0.0,0.0], [0.0,0.0], [0.0,0.0]]
ENTRY 47 FunctionDefinition_0 [[100.0,100.0], [10.0,10.0], [40.0,40.0], [0.0,0.0], [0.0,0.0], [0.0,0.0]]
EXIT 47 FunctionDefinition_0 [[100.0,100.0], [10.0,10.0], [40.0,40.0], [0.0,0.0], [0.0,0.0], [0.0,0.0]]
ENTRY 47 FunctionEntry_0 [[100.0,100.0], [10.0,10.0], [40.0,40.0], [0.0,0.0], [0.0,0.0], [0.0,0.0]]
EXIT 47 FunctionEntry_0 [[100.0,100.0], [10.0,10.0], [40.0,40.0], [0.0,0.0], [0.0,0.0], [0.0,0.0]]
ENTRY 47 VariableDeclarationStatement_0 [[100.0,100.0], [10.0,10.0], [40.0,40.0], [0.0,0.0], [0.0,0.0], [0.0,0.0]]
EXIT 47 VariableDeclarationStatement_0 [[100.0,100.0], [10.0,10.0], [40.0,40.0], [0.0,0.0], [0.0,0.0], [0.4,0.4]]
ENTRY 47 IfStatement_0 [[-18.0,100.0], [-0.0,27.99999999999996], [0.0,40.0], [0.0,0.0], [0.0,0.0], [-0.0,0.4]]
EXIT 47 IfStatement_0 [[1.0,-1.0], [1.0,-1.0], [1.0,-1.0], [1.0,-1.0], [1.0,-1.0], [1.0,-1.0]]
ENTRY 47 ExpressionStatement_0 [[-18.0,100.0], [-0.0,27.99999999999996], [0.0,40.0], [0.0,0.0], [0.0,0.0], [-0.0,0.4]]
EXIT 47 ExpressionStatement_0 [[-18.4,100.0], [-0.0,27.99999999999996], [0.0,40.0], [0.0,0.0], [0.0,0.0], [-0.0,0.4]]
ENTRY 47 ExpressionStatement_1 [[-18.4,100.0], [-0.0,27.99999999999996], [0.0,40.0], [0.0,0.0], [0.0,0.0], [-0.0,0.4]]
EXIT 47 ExpressionStatement_1 [[-18.4,100.0], [-0.0,28.39999999999996], [0.0,40.0], [0.0,0.0], [0.0,0.0], [-0.0,0.4]]
ENTRY 47 IfConditionJoin_0 [[-18.4,100.0], [-0.0,28.39999999999996], [0.0,40.0], [0.0,0.0], [0.0,0.0], [-0.0,0.4]]
EXIT 47 IfConditionJoin_0 [[-18.4,100.0], [-0.0,28.39999999999996], [0.0,40.0], [0.0,0.0], [0.0,0.0], [-0.0,0.4]]
ENTRY 47 ExpressionStatement_2 [[-18.4,100.0], [-0.0,28.39999999999996], [0.0,40.0], [0.0,0.0], [0.0,0.0], [-0.0,0.4]]
EXIT 47 ExpressionStatement_2 [[-18.4,100.0], [-0.0,28.39999999999996], [-0.0,0.4], [0.0,0.0], [0.0,0.0], [-0.0,0.4]]
ENTRY 47 ExpressionStatement_3 [[-18.4,100.0], [-0.0,28.39999999999996], [-0.0,0.4], [0.0,0.0], [0.0,0.0], [-0.0,0.4]]
EXIT 47 ExpressionStatement_3 [[-18.4,100.0], [-0.0,28.39999999999996], [-0.0,0.4], [-0.0,0.4], [0.0,0.0], [-0.0,0.4]]
ENTRY 47 Return_0 [[-18.4,100.0], [-0.0,28.39999999999996], [-0.0,0.4], [-0.0,0.4], [0.0,0.0], [-0.0,0.4]]
EXIT 47 Return_0 [[-18.4,100.0], [-0.0,28.39999999999996], [-0.0,0.4], [-0.0,0.4], [0.0,0.0], [-0.0,0.4]]
ENTRY 47 FunctionExit_0 [[-18.4,100.0], [-0.0,28.39999999999996], [-0.0,0.4], [-0.0,0.4], [0.0,0.0], [-0.0,0.4]]
EXIT 47 FunctionExit_0 [[-18.4,100.0], [-0.0,28.39999999999996], [-0.0,0.4], [-0.0,0.4], [0.0,0.0], [-0.0,0.4]]
ENTRY 48 SourceEntry_0 [[0.0,0.0], [0.0,0.0], [0.0,0.0], [0.0,0.0], [0.0,0.0], [0.0,0.0]]
EXIT 48 SourceEntry_0 [[100.0,100.0], [10.0,10.0], [40.0,40.0], [0.0,0.0], [0.0,0.0], [0.0,0.0]]
ENTRY 48 SourceUnit_0 [[100.0,100.0], [10.0,10.0], [40.0,40.0], [0.0,0.0], [0.0,0.0], [0.0,0.0]]
EXIT 48 SourceUnit_0 [[100.0,100.0], [10.0,10.0], [40.0,40.0], [0.0,0.0], [0.0,0.0], [0.0,0.0]]
ENTRY 48 PragmaDirective_0 [[100.0,100.0], [10.0,10.0], [40.0,40.0], [0.0,0.0], [0.0,0.0], [0.0,0.0]]
EXIT 48 PragmaDirective_0 [[100.0,100.0], [10.0,10.0], [40.0,40.0], [0.0,0.0], [0.0,0.0], [0.0,0.0]]
ENTRY 48 SourceExit_0 [[-18.4,100.0], [-0.0,28.39999999999996], [-0.0,40.0], [0.0,0.4], [0.0,0.0], [0.0,0.4]]
EXIT 48 SourceExit_0 [[100.0,100.0], [10.0,10.0], [40.0,40.0], [0.0,0.0], [0.0,0.0], [0.0,0.4]]
ENTRY 48 ContractDefinition_0 [[100.0,100.0], [10.0,10.0], [40.0,40.0], [0.0,0.0], [0.0,0.0], [0.0,0.0]]
EXIT 48 ContractDefinition_0 [[100.0,100.0], [10.0,10.0], [40.0,40.0], [0.0,0.0], [0.0,0.0], [0.0,0.0]]
ENTRY 48 VariableDeclaration_0 [[100.0,100.0], [10.0,10.0], [40.0,40.0], [0.0,0.0], [0.0,0.0], [0.0,0.0]]
EXIT 48 VariableDeclaration_0 [[100.0,100.0], [10.0,10.0], [40.0,40.0], [0.0,0.0], [0.0,0.0], [0.0,0.0]]
ENTRY 48 VariableDeclaration_1 [[100.0,100.0], [10.0,10.0], [40.0,40.0], [0.0,0.0], [0.0,0.0], [0.0,0.0]]
EXIT 48 VariableDeclaration_1 [[100.0,100.0], [10.0,10.0], [40.0,40.0], [0.0,0.0], [0.0,0.0], [0.0,0.0]]
ENTRY 48 VariableDeclaration_2 [[100.0,100.0], [10.0,10.0], [40.0,40.0], [0.0,0.0], [0.0,0.0], [0.0,0.0]]
EXIT 48 VariableDeclaration_2 [[100.0,100.0], [10.0,10.0], [40.0,40.0], [0.0,0.0], [0.0,0.0], [0.0,0.0]]
ENTRY 48 VariableDeclaration_3 [[100.0,100.0], [10.0,10.0], [40.0,40.0], [0.0,0.0], [0.0,0.0], [0.0,0.0]]
EXIT 48 VariableDeclaration_3 [[100.0,100.0], [10.0,10.0], [40.0,40.0], [0.0,0.0], [0.0,0.0], [0.0,0.0]]
ENTRY 48 VariableDeclaration_4 [[100.0,100.0], [10.0,10.0], [40.0,40.0], [0.0,0.0], [0.0,0.0], [0.0,0.0]]
EXIT 48 VariableDeclaration_4 [[100.0,100.0], [10.0,10.0], [40.0,40.0], [0.0,0.0], [0.0,0.0], [0.0,0.0]]
ENTRY 48 ModifierDefinition_0 [[100.0,100.0], [10.0,10.0], [40.0,40.0], [0.0,0.0], [0.0,0.0], [0.0,0.0]]
EXIT 48 ModifierDefinition_0 [[100.0,100.0], [10.0,10.0], [40.0,40.0], [0.0,0.0], [0.0,0.0], [0.0,0.0]]
ENTRY 48 FunctionDefinition_0 [[100.0,100.0], [10.0,10.0], [40.0,40.0], [0.0,0.0], [0.0,0.0], [0.0,0.0]]
EXIT 48 FunctionDefinition_0 [[100.0,100.0], [10.0,10.0], [40.0,40.0], [0.0,0.0], [0.0,0.0], [0.0,0.0]]
ENTRY 48 FunctionEntry_0 [[100.0,100.0], [10.0,10.0], [40.0,40.0], [0.0,0.0], [0.0,0.0], [0.0,0.0]]
EXIT 48 FunctionEntry_0 [[100.0,100.0], [10.0,10.0], [40.0,40.0], [0.0,0.0], [0.0,0.0], [0.0,0.0]]
ENTRY 48 VariableDeclarationStatement_0 [[100.0,100.0], [10.0,10.0], [40.0,40.0], [0.0,0.0], [0.0,0.0], [0.0,0.0]]
EXIT 48 VariableDeclarationStatement_0 [[100.0,100.0], [10.0,10.0], [40.0,40.0], [0.0,0.0], [0.0,0.0], [0.4,0.4]]
ENTRY 48 IfStatement_0 [[-18.4,100.0], [-0.0,28.39999999999996], [0.0,40.0], [0.0,0.0], [0.0,0.0], [-0.0,0.4]]
EXIT 48 IfStatement_0 [[1.0,-1.0], [1.0,-1.0], [1.0,-1.0], [1.0,-1.0], [1.0,-1.0], [1.0,-1.0]]
ENTRY 48 ExpressionStatement_0 [[-18.4,100.0], [-0.0,28.39999999999996], [0.0,40.0], [0.0,0.0], [0.0,0.0], [-0.0,0.4]]
EXIT 48 ExpressionStatement_0 [[-18.799999999999997,100.0], [-0.0,28.39999999999996], [0.0,40.0], [0.0,0.0], [0.0,0.0], [-0.0,0.4]]
ENTRY 48 ExpressionStatement_1 [[-18.799999999999997,100.0], [-0.0,28.39999999999996], [0.0,40.0], [0.0,0.0], [0.0,0.0], [-0.0,0.4]]
EXIT 48 ExpressionStatement_1 [[-18.799999999999997,100.0], [-0.0,28.799999999999958], [0.0,40.0], [0.0,0.0], [0.0,0.0], [-0.0,0.4]]
ENTRY 48 IfConditionJoin_0 [[-18.799999999999997,100.0], [-0.0,28.799999999999958], [0.0,40.0], [0.0,0.0], [0.0,0.0], [-0.0,0.4]]
EXIT 48 IfConditionJoin_0 [[-18.799999999999997,100.0], [-0.0,28.799999999999958], [0.0,40.0], [0.0,0.0], [0.0,0.0], [-0.0,0.4]]
ENTRY 48 ExpressionStatement_2 [[-18.799999999999997,100.0], [-0.0,28.799999999999958], [0.0,40.0], [0.0,0.0], [0.0,0.0], [-0.0,0.4]]
EXIT 48 ExpressionStatement_2 [[-18.799999999999997,100.0], [-0.0,28.799999999999958], [-0.0,0.4], [0.0,0.0], [0.0,0.0], [-0.0,0.4]]
ENTRY 48 ExpressionStatement_3 [[-18.799999999999997,100.0], [-0.0,28.799999999999958], [-0.0,0.4], [0.0,0.0], [0.0,0.0], [-0.0,0.4]]
EXIT 48 ExpressionStatement_3 [[-18.799999999999997,100.0], [-0.0,28.799999999999958], [-0.0,0.4], [-0.0,0.4], [0.0,0.0], [-0.0,0.4]]
ENTRY 48 Return_0 [[-18.799999999999997,100.0], [-0.0,28.799999999999958], [-0.0,0.4], [-0.0,0.4], [0.0,0.0], [-0.0,0.4]]
EXIT 48 Return_0 [[-18.799999999999997,100.0], [-0.0,28.799999999999958], [-0.0,0.4], [-0.0,0.4], [0.0,0.0], [-0.0,0.4]]
ENTRY 48 FunctionExit_0 [[-18.799999999999997,100.0], [-0.0,28.799999999999958], [-0.0,0.4], [-0.0,0.4], [0.0,0.0], [-0.0,0.4]]
EXIT 48 FunctionExit_0 [[-18.799999999999997,100.0], [-0.0,28.799999999999958], [-0.0,0.4], [-0.0,0.4], [0.0,0.0], [-0.0,0.4]]
ENTRY 49 SourceEntry_0 [[0.0,0.0], [0.0,0.0], [0.0,0.0], [0.0,0.0], [0.0,0.0], [0.0,0.0]]
EXIT 49 SourceEntry_0 [[100.0,100.0], [10.0,10.0], [40.0,40.0], [0.0,0.0], [0.0,0.0], [0.0,0.0]]
ENTRY 49 SourceUnit_0 [[100.0,100.0], [10.0,10.0], [40.0,40.0], [0.0,0.0], [0.0,0.0], [0.0,0.0]]
EXIT 49 SourceUnit_0 [[100.0,100.0], [10.0,10.0], [40.0,40.0], [0.0,0.0], [0.0,0.0], [0.0,0.0]]
ENTRY 49 PragmaDirective_0 [[100.0,100.0], [10.0,10.0], [40.0,40.0], [0.0,0.0], [0.0,0.0], [0.0,0.0]]
EXIT 49 PragmaDirective_0 [[100.0,100.0], [10.0,10.0], [40.0,40.0], [0.0,0.0], [0.0,0.0], [0.0,0.0]]
ENTRY 49 SourceExit_0 [[-18.799999999999997,100.0], [-0.0,28.799999999999958], [-0.0,40.0], [0.0,0.4], [0.0,0.0], [0.0,0.4]]
EXIT 49 SourceExit_0 [[100.0,100.0], [10.0,10.0], [40.0,40.0], [0.0,0.0], [0.0,0.0], [0.0,0.4]]
ENTRY 49 ContractDefinition_0 [[100.0,100.0], [10.0,10.0], [40.0,40.0], [0.0,0.0], [0.0,0.0], [0.0,0.0]]
EXIT 49 ContractDefinition_0 [[100.0,100.0], [10.0,10.0], [40.0,40.0], [0.0,0.0], [0.0,0.0], [0.0,0.0]]
ENTRY 49 VariableDeclaration_0 [[100.0,100.0], [10.0,10.0], [40.0,40.0], [0.0,0.0], [0.0,0.0], [0.0,0.0]]
EXIT 49 VariableDeclaration_0 [[100.0,100.0], [10.0,10.0], [40.0,40.0], [0.0,0.0], [0.0,0.0], [0.0,0.0]]
ENTRY 49 VariableDeclaration_1 [[100.0,100.0], [10.0,10.0], [40.0,40.0], [0.0,0.0], [0.0,0.0], [0.0,0.0]]
EXIT 49 VariableDeclaration_1 [[100.0,100.0], [10.0,10.0], [40.0,40.0], [0.0,0.0], [0.0,0.0], [0.0,0.0]]
ENTRY 49 VariableDeclaration_2 [[100.0,100.0], [10.0,10.0], [40.0,40.0], [0.0,0.0], [0.0,0.0], [0.0,0.0]]
EXIT 49 VariableDeclaration_2 [[100.0,100.0], [10.0,10.0], [40.0,40.0], [0.0,0.0], [0.0,0.0], [0.0,0.0]]
ENTRY 49 VariableDeclaration_3 [[100.0,100.0], [10.0,10.0], [40.0,40.0], [0.0,0.0], [0.0,0.0], [0.0,0.0]]
EXIT 49 VariableDeclaration_3 [[100.0,100.0], [10.0,10.0], [40.0,40.0], [0.0,0.0], [0.0,0.0], [0.0,0.0]]
ENTRY 49 VariableDeclaration_4 [[100.0,100.0], [10.0,10.0], [40.0,40.0], [0.0,0.0], [0.0,0.0], [0.0,0.0]]
EXIT 49 VariableDeclaration_4 [[100.0,100.0], [10.0,10.0], [40.0,40.0], [0.0,0.0], [0.0,0.0], [0.0,0.0]]
ENTRY 49 ModifierDefinition_0 [[100.0,100.0], [10.0,10.0], [40.0,40.0], [0.0,0.0], [0.0,0.0], [0.0,0.0]]
EXIT 49 ModifierDefinition_0 [[100.0,100.0], [10.0,10.0], [40.0,40.0], [0.0,0.0], [0.0,0.0], [0.0,0.0]]
ENTRY 49 FunctionDefinition_0 [[100.0,100.0], [10.0,10.0], [40.0,40.0], [0.0,0.0], [0.0,0.0], [0.0,0.0]]
EXIT 49 FunctionDefinition_0 [[100.0,100.0], [10.0,10.0], [40.0,40.0], [0.0,0.0], [0.0,0.0], [0.0,0.0]]
ENTRY 49 FunctionEntry_0 [[100.0,100.0], [10.0,10.0], [40.0,40.0], [0.0,0.0], [0.0,0.0], [0.0,0.0]]
EXIT 49 FunctionEntry_0 [[100.0,100.0], [10.0,10.0], [40.0,40.0], [0.0,0.0], [0.0,0.0], [0.0,0.0]]
ENTRY 49 VariableDeclarationStatement_0 [[100.0,100.0], [10.0,10.0], [40.0,40.0], [0.0,0.0], [0.0,0.0], [0.0,0.0]]
EXIT 49 VariableDeclarationStatement_0 [[100.0,100.0], [10.0,10.0], [40.0,40.0], [0.0,0.0], [0.0,0.0], [0.4,0.4]]
ENTRY 49 IfStatement_0 [[-18.799999999999997,100.0], [-0.0,28.799999999999958], [0.0,40.0], [0.0,0.0], [0.0,0.0], [-0.0,0.4]]
EXIT 49 IfStatement_0 [[1.0,-1.0], [1.0,-1.0], [1.0,-1.0], [1.0,-1.0], [1.0,-1.0], [1.0,-1.0]]
ENTRY 49 ExpressionStatement_0 [[-18.799999999999997,100.0], [-0.0,28.799999999999958], [0.0,40.0], [0.0,0.0], [0.0,0.0], [-0.0,0.4]]
EXIT 49 ExpressionStatement_0 [[-19.199999999999996,100.0], [-0.0,28.799999999999958], [0.0,40.0], [0.0,0.0], [0.0,0.0], [-0.0,0.4]]
ENTRY 49 ExpressionStatement_1 [[-19.199999999999996,100.0], [-0.0,28.799999999999958], [0.0,40.0], [0.0,0.0], [0.0,0.0], [-0.0,0.4]]
EXIT 49 ExpressionStatement_1 [[-19.199999999999996,100.0], [-0.0,29.199999999999957], [0.0,40.0], [0.0,0.0], [0.0,0.0], [-0.0,0.4]]
ENTRY 49 IfConditionJoin_0 [[-19.199999999999996,100.0], [-0.0,29.199999999999957], [0.0,40.0], [0.0,0.0], [0.0,0.0], [-0.0,0.4]]
EXIT 49 IfConditionJoin_0 [[-19.199999999999996,100.0], [-0.0,29.199999999999957], [0.0,40.0], [0.0,0.0], [0.0,0.0], [-0.0,0.4]]
ENTRY 49 ExpressionStatement_2 [[-19.199999999999996,100.0], [-0.0,29.199999999999957], [0.0,40.0], [0.0,0.0], [0.0,0.0], [-0.0,0.4]]
EXIT 49 ExpressionStatement_2 [[-19.199999999999996,100.0], [-0.0,29.199999999999957], [-0.0,0.4], [0.0,0.0], [0.0,0.0], [-0.0,0.4]]
ENTRY 49 ExpressionStatement_3 [[-19.199999999999996,100.0], [-0.0,29.199999999999957], [-0.0,0.4], [0.0,0.0], [0.0,0.0], [-0.0,0.4]]
EXIT 49 ExpressionStatement_3 [[-19.199999999999996,100.0], [-0.0,29.199999999999957], [-0.0,0.4], [-0.0,0.4], [0.0,0.0], [-0.0,0.4]]
ENTRY 49 Return_0 [[-19.199999999999996,100.0], [-0.0,29.199999999999957], [-0.0,0.4], [-0.0,0.4], [0.0,0.0], [-0.0,0.4]]
EXIT 49 Return_0 [[-19.199999999999996,100.0], [-0.0,29.199999999999957], [-0.0,0.4], [-0.0,0.4], [0.0,0.0], [-0.0,0.4]]
ENTRY 49 FunctionExit_0 [[-19.199999999999996,100.0], [-0.0,29.199999999999957], [-0.0,0.4], [-0.0,0.4], [0.0,0.0], [-0.0,0.4]]
EXIT 49 FunctionExit_0 [[-19.199999999999996,100.0], [-0.0,29.199999999999957], [-0.0,0.4], [-0.0,0.4], [0.0,0.0], [-0.0,0.4]]
ENTRY 50 SourceEntry_0 [[0.0,0.0], [0.0,0.0], [0.0,0.0], [0.0,0.0], [0.0,0.0], [0.0,0.0]]
EXIT 50 SourceEntry_0 [[100.0,100.0], [10.0,10.0], [40.0,40.0], [0.0,0.0], [0.0,0.0], [0.0,0.0]]
ENTRY 50 SourceUnit_0 [[100.0,100.0], [10.0,10.0], [40.0,40.0], [0.0,0.0], [0.0,0.0], [0.0,0.0]]
EXIT 50 SourceUnit_0 [[100.0,100.0], [10.0,10.0], [40.0,40.0], [0.0,0.0], [0.0,0.0], [0.0,0.0]]
ENTRY 50 PragmaDirective_0 [[100.0,100.0], [10.0,10.0], [40.0,40.0], [0.0,0.0], [0.0,0.0], [0.0,0.0]]
EXIT 50 PragmaDirective_0 [[100.0,100.0], [10.0,10.0], [40.0,40.0], [0.0,0.0], [0.0,0.0], [0.0,0.0]]
ENTRY 50 SourceExit_0 [[-19.199999999999996,100.0], [-0.0,29.199999999999957], [-0.0,40.0], [0.0,0.4], [0.0,0.0], [0.0,0.4]]
EXIT 50 SourceExit_0 [[100.0,100.0], [10.0,10.0], [40.0,40.0], [0.0,0.0], [0.0,0.0], [0.0,0.4]]
ENTRY 50 ContractDefinition_0 [[100.0,100.0], [10.0,10.0], [40.0,40.0], [0.0,0.0], [0.0,0.0], [0.0,0.0]]
EXIT 50 ContractDefinition_0 [[100.0,100.0], [10.0,10.0], [40.0,40.0], [0.0,0.0], [0.0,0.0], [0.0,0.0]]
ENTRY 50 VariableDeclaration_0 [[100.0,100.0], [10.0,10.0], [40.0,40.0], [0.0,0.0], [0.0,0.0], [0.0,0.0]]
EXIT 50 VariableDeclaration_0 [[100.0,100.0], [10.0,10.0], [40.0,40.0], [0.0,0.0], [0.0,0.0], [0.0,0.0]]
ENTRY 50 VariableDeclaration_1 [[100.0,100.0], [10.0,10.0], [40.0,40.0], [0.0,0.0], [0.0,0.0], [0.0,0.0]]
EXIT 50 VariableDeclaration_1 [[100.0,100.0], [10.0,10.0], [40.0,40.0], [0.0,0.0], [0.0,0.0], [0.0,0.0]]
ENTRY 50 VariableDeclaration_2 [[100.0,100.0], [10.0,10.0], [40.0,40.0], [0.0,0.0], [0.0,0.0], [0.0,0.0]]
EXIT 50 VariableDeclaration_2 [[100.0,100.0], [10.0,10.0], [40.0,40.0], [0.0,0.0], [0.0,0.0], [0.0,0.0]]
ENTRY 50 VariableDeclaration_3 [[100.0,100.0], [10.0,10.0], [40.0,40.0], [0.0,0.0], [0.0,0.0], [0.0,0.0]]
EXIT 50 VariableDeclaration_3 [[100.0,100.0], [10.0,10.0], [40.0,40.0], [0.0,0.0], [0.0,0.0], [0.0,0.0]]
ENTRY 50 VariableDeclaration_4 [[100.0,100.0], [10.0,10.0], [40.0,40.0], [0.0,0.0], [0.0,0.0], [0.0,0.0]]
EXIT 50 VariableDeclaration_4 [[100.0,100.0], [10.0,10.0], [40.0,40.0], [0.0,0.0], [0.0,0.0], [0.0,0.0]]
ENTRY 50 ModifierDefinition_0 [[100.0,100.0], [10.0,10.0], [40.0,40.0], [0.0,0.0], [0.0,0.0], [0.0,0.0]]
EXIT 50 ModifierDefinition_0 [[100.0,100.0], [10.0,10.0], [40.0,40.0], [0.0,0.0], [0.0,0.0], [0.0,0.0]]
ENTRY 50 FunctionDefinition_0 [[100.0,100.0], [10.0,10.0], [40.0,40.0], [0.0,0.0], [0.0,0.0], [0.0,0.0]]
EXIT 50 FunctionDefinition_0 [[100.0,100.0], [10.0,10.0], [40.0,40.0], [0.0,0.0], [0.0,0.0], [0.0,0.0]]
ENTRY 50 FunctionEntry_0 [[100.0,100.0], [10.0,10.0], [40.0,40.0], [0.0,0.0], [0.0,0.0], [0.0,0.0]]
EXIT 50 FunctionEntry_0 [[100.0,100.0], [10.0,10.0], [40.0,40.0], [0.0,0.0], [0.0,0.0], [0.0,0.0]]
ENTRY 50 VariableDeclarationStatement_0 [[100.0,100.0], [10.0,10.0], [40.0,40.0], [0.0,0.0], [0.0,0.0], [0.0,0.0]]
EXIT 50 VariableDeclarationStatement_0 [[100.0,100.0], [10.0,10.0], [40.0,40.0], [0.0,0.0], [0.0,0.0], [0.4,0.4]]
ENTRY 50 IfStatement_0 [[-19.199999999999996,100.0], [-0.0,29.199999999999957], [0.0,40.0], [0.0,0.0], [0.0,0.0], [-0.0,0.4]]
EXIT 50 IfStatement_0 [[1.0,-1.0], [1.0,-1.0], [1.0,-1.0], [1.0,-1.0], [1.0,-1.0], [1.0,-1.0]]
ENTRY 50 ExpressionStatement_0 [[-19.199999999999996,100.0], [-0.0,29.199999999999957], [0.0,40.0], [0.0,0.0], [0.0,0.0], [-0.0,0.4]]
EXIT 50 ExpressionStatement_0 [[-19.599999999999994,100.0], [-0.0,29.199999999999957], [0.0,40.0], [0.0,0.0], [0.0,0.0], [-0.0,0.4]]
ENTRY 50 ExpressionStatement_1 [[-19.599999999999994,100.0], [-0.0,29.199999999999957], [0.0,40.0], [0.0,0.0], [0.0,0.0], [-0.0,0.4]]
EXIT 50 ExpressionStatement_1 [[-19.599999999999994,100.0], [-0.0,29.599999999999955], [0.0,40.0], [0.0,0.0], [0.0,0.0], [-0.0,0.4]]
ENTRY 50 IfConditionJoin_0 [[-19.599999999999994,100.0], [-0.0,29.599999999999955], [0.0,40.0], [0.0,0.0], [0.0,0.0], [-0.0,0.4]]
EXIT 50 IfConditionJoin_0 [[-19.599999999999994,100.0], [-0.0,29.599999999999955], [0.0,40.0], [0.0,0.0], [0.0,0.0], [-0.0,0.4]]
ENTRY 50 ExpressionStatement_2 [[-19.599999999999994,100.0], [-0.0,29.599999999999955], [0.0,40.0], [0.0,0.0], [0.0,0.0], [-0.0,0.4]]
EXIT 50 ExpressionStatement_2 [[-19.599999999999994,100.0], [-0.0,29.599999999999955], [-0.0,0.4], [0.0,0.0], [0.0,0.0], [-0.0,0.4]]
ENTRY 50 ExpressionStatement_3 [[-19.599999999999994,100.0], [-0.0,29.599999999999955], [-0.0,0.4], [0.0,0.0], [0.0,0.0], [-0.0,0.4]]
EXIT 50 ExpressionStatement_3 [[-19.599999999999994,100.0], [-0.0,29.599999999999955], [-0.0,0.4], [-0.0,0.4], [0.0,0.0], [-0.0,0.4]]
ENTRY 50 Return_0 [[-19.599999999999994,100.0], [-0.0,29.599999999999955], [-0.0,0.4], [-0.0,0.4], [0.0,0.0], [-0.0,0.4]]
EXIT 50 Return_0 [[-19.599999999999994,100.0], [-0.0,29.599999999999955], [-0.0,0.4], [-0.0,0.4], [0.0,0.0], [-0.0,0.4]]
ENTRY 50 FunctionExit_0 [[-19.599999999999994,100.0], [-0.0,29.599999999999955], [-0.0,0.4], [-0.0,0.4], [0.0,0.0], [-0.0,0.4]]
EXIT 50 FunctionExit_0 [[-19.599999999999994,100.0], [-0.0,29.599999999999955], [-0.0,0.4], [-0.0,0.4], [0.0,0.0], [-0.0,0.4]]

===== OVERFLOW / UNDERFLOW (Box domain, original source) =====
