dataset,contract,domain,rep,total_s,fixpoint_s,encoded,status
qian,18430,Box,1,0.19,0.0215,True,OK
qian,18430,Box,2,0.2,0.0166,True,OK
qian,18430,Box,3,0.21,0.0234,True,OK
qian,18430,Octagon,1,0.21,0.0,True,OK
qian,18430,Octagon,2,0.21,0.0,True,OK
qian,18430,Octagon,3,0.21,0.0,True,OK
qian,18430,Polka,1,0.2,0.0,True,OK
qian,18430,Polka,2,0.18,0.0,True,OK
qian,18430,Polka,3,0.2,0.0,True,OK
qian,18438,Box,1,0.57,0.0,False,OK
qian,18510,Box,1,10.95,10.163,True,OK
qian,18510,Box,2,10.95,10.1746,True,OK
qian,18510,Box,3,10.93,10.1658,True,OK
qian,18510,Octagon,1,11.39,10.5523,True,OK
qian,18510,Octagon,2,11.41,10.5529,True,OK
qian,18510,Octagon,3,11.35,10.5016,True,OK
qian,18510,Polka,1,11.11,10.3097,True,OK
qian,18510,Polka,2,11.15,10.3475,True,OK
qian,18510,Polka,3,11.13,10.3245,True,OK
qian,18771,Box,1,10.5,10.1434,True,OK
qian,18771,Box,2,10.51,10.1493,True,OK
qian,18771,Box,3,10.51,10.1528,True,OK
qian,18771,Octagon,1,10.69,10.3187,True,OK
qian,18771,Octagon,2,10.68,10.3012,True,OK
qian,18771,Octagon,3,10.71,10.3045,True,OK
qian,18771,Polka,1,10.59,10.2219,True,OK
qian,18771,Polka,2,10.63,10.243,True,OK
qian,18771,Polka,3,10.6,10.2169,True,OK
qian,19128,Box,1,0.18,0.0138,True,OK
qian,19128,Box,2,0.17,0.0134,True,OK
qian,19128,Box,3,0.19,0.0132,True,OK
qian,19128,Octagon,1,0.17,0.0125,True,OK
qian,19128,Octagon,2,0.18,0.024,True,OK
qian,19128,Octagon,3,0.18,0.0142,True,OK
qian,19128,Polka,1,0.17,0.0127,True,OK
qian,19128,Polka,2,0.17,0.0123,True,OK
qian,19128,Polka,3,0.17,0.0127,True,OK
qian,19129,Box,1,0.17,0.0139,True,OK
qian,19129,Box,2,0.17,0.0137,True,OK
qian,19129,Box,3,0.18,0.0104,True,OK
qian,19129,Octagon,1,0.18,0.0131,True,OK
qian,19129,Octagon,2,0.17,0.0146,True,OK
qian,19129,Octagon,3,0.2,0.0126,True,OK
qian,19129,Polka,1,0.17,0.0125,True,OK
qian,19129,Polka,2,0.19,0.0139,True,OK
qian,19129,Polka,3,0.16,0.0127,True,OK
qian,19925,Box,1,0.68,0.0,False,ERR
qian,21241,Box,1,0.77,0.0,False,OK
qian,21697,Box,1,1.19,0.833,True,OK
qian,21697,Box,2,1.17,0.8247,True,OK
qian,21697,Box,3,1.17,0.8242,True,OK
qian,21697,Octagon,1,1.18,0.0,True,OK
qian,21697,Octagon,2,1.19,0.0,True,OK
qian,21697,Octagon,3,1.18,0.0,True,OK
qian,21697,Polka,1,1.17,0.0,True,OK
qian,21697,Polka,2,1.19,0.0,True,OK
qian,21697,Polka,3,1.17,0.0,True,OK
qian,21886,Box,1,0.99,0.6253,True,OK
qian,21886,Box,2,0.99,0.635,True,OK
qian,21886,Box,3,1.0,0.6367,True,OK
qian,21886,Octagon,1,1.0,0.6405,True,OK
qian,21886,Octagon,2,0.99,0.6338,True,OK
qian,21886,Octagon,3,0.99,0.6309,True,OK
qian,21886,Polka,1,1.0,0.6383,True,OK
qian,21886,Polka,2,0.99,0.6311,True,OK
qian,21886,Polka,3,0.99,0.6372,True,OK
qian,22075,Box,1,1.81,0.8386,True,OK
qian,22075,Box,2,1.83,0.8459,True,OK
qian,22075,Box,3,1.8,0.8379,True,OK
qian,22075,Octagon,1,1.89,0.875,True,OK
qian,22075,Octagon,2,1.89,0.8645,True,OK
qian,22075,Octagon,3,1.9,0.8699,True,OK
qian,22075,Polka,1,1.82,0.8467,True,OK
qian,22075,Polka,2,1.82,0.8381,True,OK
qian,22075,Polka,3,1.82,0.847,True,OK
qian,22635,Box,1,0.88,0.0,False,ERR
qian,22636,Box,1,0.9,0.0,False,ERR
qian,23792,Box,1,1.59,0.8388,True,OK
qian,23792,Box,2,1.59,0.8377,True,OK
qian,23792,Box,3,1.59,0.8343,True,OK
qian,23792,Octagon,1,1.59,0.0,True,OK
qian,23792,Octagon,2,1.6,0.0,True,OK
qian,23792,Octagon,3,1.59,0.0,True,OK
qian,23792,Polka,1,1.58,0.0,True,OK
qian,23792,Polka,2,1.59,0.0,True,OK
qian,23792,Polka,3,1.6,0.0,True,OK
qian,23793,Box,1,1.59,0.8392,True,OK
qian,23793,Box,2,1.59,0.8301,True,OK
qian,23793,Box,3,1.6,0.8407,True,OK
qian,23793,Octagon,1,1.61,0.0,True,OK
qian,23793,Octagon,2,1.6,0.0,True,OK
qian,23793,Octagon,3,1.6,0.0,True,OK
qian,23793,Polka,1,1.59,0.0,True,OK
qian,23793,Polka,2,1.6,0.0,True,OK
qian,23793,Polka,3,1.61,0.0,True,OK
qian,24196,Box,1,10.52,10.1334,True,OK
qian,24196,Box,2,10.49,10.1329,True,OK
qian,24196,Box,3,10.49,10.1419,True,OK
qian,24196,Octagon,1,10.69,10.2946,True,OK
qian,24196,Octagon,2,10.66,10.2959,True,OK
qian,24196,Octagon,3,10.67,10.2837,True,OK
qian,24196,Polka,1,10.59,10.2278,True,OK
qian,24196,Polka,2,10.57,10.1928,True,OK
qian,24196,Polka,3,10.58,10.1954,True,OK
qian,24369,Box,1,0.35,0.0,False,OK
qian,24648,Box,1,10.91,10.1406,True,OK
qian,24648,Box,2,10.93,10.1381,True,OK
qian,24648,Box,3,10.89,10.1268,True,OK
qian,24648,Octagon,1,11.05,10.2769,True,OK
qian,24648,Octagon,2,11.09,10.275,True,OK
qian,24648,Octagon,3,11.09,10.3057,True,OK
qian,24648,Polka,1,11.03,10.2161,True,OK
qian,24648,Polka,2,11.01,10.194,True,OK
qian,24648,Polka,3,11.02,10.1847,True,OK
qian,24649,Box,1,10.97,10.1678,True,OK
qian,24649,Box,2,10.93,10.159,True,OK
qian,24649,Box,3,10.92,10.1554,True,OK
qian,24649,Octagon,1,11.21,10.3647,True,OK
qian,24649,Octagon,2,11.23,10.3757,True,OK
qian,24649,Octagon,3,11.23,10.3911,True,OK
qian,24649,Polka,1,11.07,10.2643,True,OK
qian,24649,Polka,2,11.11,10.282,True,OK
qian,24649,Polka,3,11.12,10.333,True,OK
qian,25808,Box,1,1.8,0.8318,True,OK
qian,25808,Box,2,1.8,0.8423,True,OK
qian,25808,Box,3,1.81,0.841,True,OK
qian,25808,Octagon,1,1.82,0.853,True,OK
qian,25808,Octagon,2,1.84,0.856,True,OK
qian,25808,Octagon,3,1.84,0.8552,True,OK
qian,25808,Polka,1,1.82,0.8414,True,OK
qian,25808,Polka,2,1.81,0.8462,True,OK
qian,25808,Polka,3,1.83,0.8494,True,OK
qian,26188,Box,1,1.61,0.8222,True,OK
qian,26188,Box,2,1.6,0.8334,True,OK
qian,26188,Box,3,1.61,0.8233,True,OK
qian,26188,Octagon,1,1.58,0.0,True,OK
qian,26188,Octagon,2,1.59,0.0,True,OK
qian,26188,Octagon,3,1.59,0.0,True,OK
qian,26188,Polka,1,1.59,0.0,True,OK
qian,26188,Polka,2,1.6,0.0,True,OK
qian,26188,Polka,3,1.63,0.0,True,OK
qian,26743,Box,1,10.95,10.1653,True,OK
qian,26743,Box,2,10.96,10.1638,True,OK
qian,26743,Box,3,10.95,10.1578,True,OK
qian,26743,Octagon,1,11.32,10.4817,True,OK
qian,26743,Octagon,2,11.26,10.4041,True,OK
qian,26743,Octagon,3,11.26,10.4238,True,OK
qian,26743,Polka,1,11.11,10.3485,True,OK
qian,26743,Polka,2,11.12,10.33,True,OK
qian,26743,Polka,3,11.08,10.2853,True,OK
qian,27121,Box,1,0.68,0.0,False,ERR
qian,27159,Box,1,0.58,0.0,False,OK
qian,27164,Box,1,10.9,10.1369,True,OK
qian,27164,Box,2,10.91,10.1467,True,OK
qian,27164,Box,3,10.91,10.148,True,OK
qian,27164,Octagon,1,11.1,10.3225,True,OK
qian,27164,Octagon,2,11.09,10.305,True,OK
qian,27164,Octagon,3,11.11,10.3176,True,OK
qian,27164,Polka,1,11.05,10.251,True,OK
qian,27164,Polka,2,11.07,10.2468,True,OK
qian,27164,Polka,3,11.05,10.2704,True,OK
qian,27263,Box,1,10.93,10.1621,True,OK
qian,27263,Box,2,10.92,10.1505,True,OK
qian,27263,Box,3,10.91,10.1481,True,OK
qian,27263,Octagon,1,11.1,10.3321,True,OK
qian,27263,Octagon,2,11.14,10.3511,True,OK
qian,27263,Octagon,3,11.11,10.3107,True,OK
qian,27263,Polka,1,11.12,10.304,True,OK
qian,27263,Polka,2,11.08,10.2601,True,OK
qian,27263,Polka,3,11.08,10.274,True,OK
qian,27327,Box,1,10.49,10.1393,True,OK
qian,27327,Box,2,10.51,10.1454,True,OK
qian,27327,Box,3,10.52,10.1258,True,OK
qian,27327,Octagon,1,10.69,10.3251,True,OK
qian,27327,Octagon,2,10.67,10.3034,True,OK
qian,27327,Octagon,3,10.65,10.294,True,OK
qian,27327,Polka,1,10.58,10.2247,True,OK
qian,27327,Polka,2,10.58,10.2123,True,OK
qian,27327,Polka,3,10.58,10.2245,True,OK
qian,27334,Box,1,0.68,0.0,False,ERR
qian,27603,Box,1,0.77,0.0,False,OK
qian,28974,Box,1,1.38,0.8313,True,OK
qian,28974,Box,2,1.4,0.8262,True,OK
qian,28974,Box,3,1.39,0.828,True,OK
qian,28974,Octagon,1,1.38,0.0,True,OK
qian,28974,Octagon,2,1.39,0.0,True,OK
qian,28974,Octagon,3,1.39,0.0,True,OK
qian,28974,Polka,1,1.38,0.0,True,OK
qian,28974,Polka,2,1.4,0.0,True,OK
qian,28974,Polka,3,1.39,0.0,True,OK
qian,29090,Box,1,10.95,10.1731,True,OK
qian,29090,Box,2,10.92,10.1447,True,OK
qian,29090,Box,3,10.92,10.1521,True,OK
qian,29090,Octagon,1,11.22,10.4224,True,OK
qian,29090,Octagon,2,11.25,10.408,True,OK
qian,29090,Octagon,3,11.21,10.3816,True,OK
qian,29090,Polka,1,11.05,10.2788,True,OK
qian,29090,Polka,2,11.06,10.2798,True,OK
qian,29090,Polka,3,11.09,10.3109,True,OK
qian,29130,Box,1,0.97,0.6215,True,OK
qian,29130,Box,2,0.99,0.6255,True,OK
qian,29130,Box,3,0.97,0.6227,True,OK
qian,29130,Octagon,1,1.0,0.6449,True,OK
qian,29130,Octagon,2,1.0,0.6403,True,OK
qian,29130,Octagon,3,1.01,0.641,True,OK
qian,29130,Polka,1,1.0,0.6377,True,OK
qian,29130,Polka,2,1.0,0.6371,True,OK
qian,29130,Polka,3,0.98,0.6319,True,OK
qian,29154,Box,1,10.51,10.1518,True,OK
qian,29154,Box,2,10.5,10.1489,True,OK
qian,29154,Box,3,10.51,10.1481,True,OK
qian,29154,Octagon,1,10.66,10.284,True,OK
qian,29154,Octagon,2,10.67,10.2974,True,OK
qian,29154,Octagon,3,10.69,10.2912,True,OK
qian,29154,Polka,1,10.6,10.216,True,OK
qian,29154,Polka,2,10.57,10.2127,True,OK
qian,29154,Polka,3,10.63,10.226,True,OK
qian,29590,Box,1,1.4,0.6304,True,OK
qian,29590,Box,2,1.43,0.636,True,OK
qian,29590,Box,3,1.41,0.6307,True,OK
qian,29590,Octagon,1,1.41,0.6436,True,OK
qian,29590,Octagon,2,1.45,0.661,True,OK
qian,29590,Octagon,3,1.41,0.64,True,OK
qian,29590,Polka,1,1.4,0.6423,True,OK
qian,29590,Polka,2,1.43,0.6462,True,OK
qian,29590,Polka,3,1.42,0.6414,True,OK
qian,29948,Box,1,0.68,0.0,False,ERR
qian,29983,Box,1,10.72,10.1515,True,OK
qian,29983,Box,2,10.74,10.1673,True,OK
qian,29983,Box,3,10.7,10.1401,True,OK
qian,29983,Octagon,1,11.01,10.3847,True,OK
qian,29983,Octagon,2,11.01,10.3874,True,OK
qian,29983,Octagon,3,10.96,10.3599,True,OK
qian,29983,Polka,1,10.87,10.3124,True,OK
qian,29983,Polka,2,10.9,10.3296,True,OK
qian,29983,Polka,3,10.89,10.3021,True,OK
qian,3,Box,1,10.97,10.1767,True,OK
qian,3,Box,2,10.96,10.1683,True,OK
qian,3,Box,3,10.97,10.1833,True,OK
qian,3,Octagon,1,11.44,10.5624,True,OK
qian,3,Octagon,2,11.4,10.4805,True,OK
qian,3,Octagon,3,11.44,10.5105,True,OK
qian,3,Polka,1,11.28,10.4501,True,OK
qian,3,Polka,2,11.24,10.3943,True,OK
qian,3,Polka,3,11.25,10.3968,True,OK
qian,30046,Box,1,0.69,0.0,False,ERR
qian,30101,Box,1,10.91,10.1362,True,OK
qian,30101,Box,2,10.88,10.1174,True,OK
qian,30101,Box,3,10.91,10.1278,True,OK
qian,30101,Octagon,1,11.21,10.351,True,OK
qian,30101,Octagon,2,11.21,10.3665,True,OK
qian,30101,Octagon,3,11.21,10.3767,True,OK
qian,30101,Polka,1,11.03,10.2423,True,OK
qian,30101,Polka,2,11.04,10.2325,True,OK
qian,30101,Polka,3,11.08,10.2985,True,OK
qian,30102,Box,1,10.95,10.1759,True,OK
qian,30102,Box,2,10.94,10.1573,True,OK
qian,30102,Box,3,10.94,10.1508,True,OK
qian,30102,Octagon,1,11.4,10.509,True,OK
qian,30102,Octagon,2,11.44,10.538,True,OK
qian,30102,Octagon,3,11.34,10.4479,True,OK
qian,30102,Polka,1,11.1,10.323,True,OK
qian,30102,Polka,2,11.13,10.3431,True,OK
qian,30102,Polka,3,11.15,10.3456,True,OK
qian,30254,Box,1,10.69,10.1284,True,OK
qian,30254,Box,2,10.7,10.1352,True,OK
qian,30254,Box,3,10.7,10.1291,True,OK
qian,30254,Octagon,1,11.05,10.4213,True,OK
qian,30254,Octagon,2,11.0,10.3332,True,OK
qian,30254,Octagon,3,11.04,10.3675,True,OK
qian,30254,Polka,1,10.85,10.2685,True,OK
qian,30254,Polka,2,10.84,10.245,True,OK
qian,30254,Polka,3,10.87,10.2768,True,OK
qian,30255,Box,1,0.58,0.0,False,OK
qian,30337,Box,1,1.62,0.8382,True,OK
qian,30337,Box,2,1.6,0.8269,True,OK
qian,30337,Box,3,1.6,0.8398,True,OK
qian,30337,Octagon,1,1.67,0.8593,True,OK
qian,30337,Octagon,2,1.67,0.8586,True,OK
qian,30337,Octagon,3,1.7,0.8894,True,OK
qian,30337,Polka,1,1.6,0.8426,True,OK
qian,30337,Polka,2,1.62,0.8457,True,OK
qian,30337,Polka,3,1.61,0.8382,True,OK
qian,30338,Box,1,1.63,0.8403,True,OK
qian,30338,Box,2,1.62,0.8381,True,OK
qian,30338,Box,3,1.61,0.8344,True,OK
qian,30338,Octagon,1,1.67,0.8898,True,OK
qian,30338,Octagon,2,1.68,0.8936,True,OK
qian,30338,Octagon,3,1.71,0.9148,True,OK
qian,30338,Polka,1,1.61,0.8425,True,OK
qian,30338,Polka,2,1.61,0.8471,True,OK
qian,30338,Polka,3,1.61,0.8367,True,OK
qian,30460,Box,1,0.57,0.0,False,OK
qian,31237,Box,1,10.48,10.1161,True,OK
qian,31237,Box,2,10.56,10.1556,True,OK
qian,31237,Box,3,10.5,10.1237,True,OK
qian,31237,Octagon,1,10.69,10.2999,True,OK
qian,31237,Octagon,2,10.66,10.2924,True,OK
qian,31237,Octagon,3,10.71,10.3114,True,OK
qian,31237,Polka,1,10.6,10.2324,True,OK
qian,31237,Polka,2,10.63,10.2106,True,OK
qian,31237,Polka,3,10.59,10.2331,True,OK
qian,31238,Box,1,0.6,0.0,False,OK
qian,31497,Box,1,0.76,0.0,False,OK
qian,31565,Box,1,10.91,10.1356,True,OK
qian,31565,Box,2,10.92,10.1412,True,OK
qian,31565,Box,3,10.91,10.1479,True,OK
qian,31565,Octagon,1,11.16,10.3305,True,OK
qian,31565,Octagon,2,11.2,10.3894,True,OK
qian,31565,Octagon,3,11.17,10.3498,True,OK
qian,31565,Polka,1,11.01,10.2102,True,OK
qian,31565,Polka,2,11.04,10.23,True,OK
qian,31565,Polka,3,11.01,10.2352,True,OK
qian,31759,Box,1,10.49,10.1292,True,OK
qian,31759,Box,2,10.48,10.1212,True,OK
qian,31759,Box,3,10.48,10.1227,True,OK
qian,31759,Octagon,1,10.67,10.2976,True,OK
qian,31759,Octagon,2,10.68,10.2966,True,OK
qian,31759,Octagon,3,10.64,10.2778,True,OK
qian,31759,Polka,1,10.6,10.21,True,OK
qian,31759,Polka,2,10.63,10.2308,True,OK
qian,31759,Polka,3,10.59,10.1968,True,OK
qian,32522,Box,1,0.98,0.6256,True,OK
qian,32522,Box,2,0.99,0.6217,True,OK
qian,32522,Box,3,0.99,0.6241,True,OK
qian,32522,Octagon,1,1.2,0.8423,True,OK
qian,32522,Octagon,2,1.2,0.8456,True,OK
qian,32522,Octagon,3,1.2,0.8413,True,OK
qian,32522,Polka,1,1.18,0.8276,True,OK
qian,32522,Polka,2,1.18,0.8316,True,OK
qian,32522,Polka,3,1.19,0.84,True,OK
qian,33450,Box,1,0.67,0.0,False,ERR
qian,33512,Box,1,0.76,0.0,False,OK
qian,34432,Box,1,0.78,0.0,False,OK
qian,34526,Box,1,0.59,0.0,False,OK
qian,34668,Box,1,1.41,0.6368,True,OK
qian,34668,Box,2,1.4,0.6349,True,OK
qian,34668,Box,3,1.42,0.632,True,OK
qian,34668,Octagon,1,1.67,0.8519,True,OK
qian,34668,Octagon,2,1.65,0.8549,True,OK
qian,34668,Octagon,3,1.65,0.8541,True,OK
qian,34668,Polka,1,1.61,0.8386,True,OK
qian,34668,Polka,2,1.6,0.8344,True,OK
qian,34668,Polka,3,1.6,0.8444,True,OK
qian,34904,Box,1,0.68,0.0,False,ERR
qian,35208,Box,1,1.39,0.6237,True,OK
qian,35208,Box,2,1.39,0.6282,True,OK
qian,35208,Box,3,1.39,0.6351,True,OK
qian,35208,Octagon,1,1.61,0.8427,True,OK
qian,35208,Octagon,2,1.6,0.8424,True,OK
qian,35208,Octagon,3,1.63,0.8576,True,OK
qian,35208,Polka,1,1.6,0.8405,True,OK
qian,35208,Polka,2,1.6,0.8364,True,OK
qian,35208,Polka,3,1.61,0.8356,True,OK
qian,35661,Box,1,10.93,10.1506,True,OK
qian,35661,Box,2,10.92,10.1459,True,OK
qian,35661,Box,3,10.94,10.1606,True,OK
qian,35661,Octagon,1,11.2,10.3708,True,OK
qian,35661,Octagon,2,11.22,10.3731,True,OK
qian,35661,Octagon,3,11.23,10.4077,True,OK
qian,35661,Polka,1,11.13,10.3381,True,OK
qian,35661,Polka,2,11.12,10.3027,True,OK
qian,35661,Polka,3,11.11,10.2828,True,OK
qian,35662,Box,1,11.19,10.1899,True,OK
qian,35662,Box,2,11.16,10.1813,True,OK
qian,35662,Box,3,11.17,10.1855,True,OK
qian,35662,Octagon,1,11.8,10.7908,True,OK
qian,35662,Octagon,2,11.91,10.9016,True,OK
qian,35662,Octagon,3,11.79,10.7586,True,OK
qian,35662,Polka,1,11.42,10.4302,True,OK
qian,35662,Polka,2,11.47,10.4472,True,OK
qian,35662,Polka,3,11.53,10.4825,True,OK
qian,35713,Box,1,0.57,0.0,False,OK
qian,35714,Box,1,0.59,0.0,False,OK
qian,35806,Box,1,0.67,0.0,False,ERR
qian,35807,Box,1,0.67,0.0,False,ERR
qian,35878,Box,1,0.59,0.0,False,OK
qian,35951,Box,1,0.57,0.0,False,OK
qian,36456,Box,1,10.49,10.1218,True,OK
qian,36456,Box,2,10.51,10.1327,True,OK
qian,36456,Box,3,10.48,10.1201,True,OK
qian,36456,Octagon,1,10.64,10.2616,True,OK
qian,36456,Octagon,2,10.68,10.2919,True,OK
qian,36456,Octagon,3,10.66,10.2724,True,OK
qian,36456,Polka,1,10.62,10.1994,True,OK
qian,36456,Polka,2,10.61,10.1966,True,OK
qian,36456,Polka,3,10.62,10.2219,True,OK
qian,36481,Box,1,0.21,0.0013,True,OK
qian,36481,Box,2,0.22,0.0013,True,OK
qian,36481,Box,3,0.2,0.0021,True,OK
qian,36481,Octagon,1,0.2,0.0029,True,OK
qian,36481,Octagon,2,0.22,0.0015,True,OK
qian,36481,Octagon,3,0.21,0.0018,True,OK
qian,36481,Polka,1,0.2,0.0026,True,OK
qian,36481,Polka,2,0.22,0.0026,True,OK
qian,36481,Polka,3,0.22,0.006,True,OK
qian,36563,Box,1,10.48,10.124,True,OK
qian,36563,Box,2,10.5,10.1414,True,OK
qian,36563,Box,3,10.49,10.1173,True,OK
qian,36563,Octagon,1,10.67,10.2834,True,OK
qian,36563,Octagon,2,10.65,10.2782,True,OK
qian,36563,Octagon,3,10.65,10.2804,True,OK
qian,36563,Polka,1,10.59,10.188,True,OK
qian,36563,Polka,2,10.61,10.2282,True,OK
qian,36563,Polka,3,10.59,10.2099,True,OK
qian,36668,Box,1,10.75,10.1644,True,OK
qian,36668,Box,2,10.74,10.1667,True,OK
qian,36668,Box,3,10.75,10.1698,True,OK
qian,36668,Octagon,1,11.2,10.5231,True,OK
qian,36668,Octagon,2,11.19,10.4637,True,OK
qian,36668,Octagon,3,11.23,10.5628,True,OK
qian,36668,Polka,1,10.91,10.318,True,OK
qian,36668,Polka,2,10.89,10.3043,True,OK
qian,36668,Polka,3,10.94,10.3298,True,OK
qian,36836,Box,1,0.88,0.0,False,ERR
qian,37474,Box,1,10.49,10.1238,True,OK
qian,37474,Box,2,10.49,10.1295,True,OK
qian,37474,Box,3,10.49,10.1172,True,OK
qian,37474,Octagon,1,10.68,10.2702,True,OK
qian,37474,Octagon,2,10.65,10.2663,True,OK
qian,37474,Octagon,3,10.68,10.3035,True,OK
qian,37474,Polka,1,10.64,10.2258,True,OK
qian,37474,Polka,2,10.64,10.2219,True,OK
qian,37474,Polka,3,10.58,10.1803,True,OK
qian,37499,Box,1,0.25,0.0,False,ERR
qian,37645,Box,1,0.56,0.0,False,OK
qian,37646,Box,1,0.61,0.0,False,OK
qian,37676,Box,1,1.19,0.8193,True,OK
qian,37676,Box,2,1.18,0.8201,True,OK
qian,37676,Box,3,1.18,0.824,True,OK
qian,37676,Octagon,1,1.18,0.0,True,OK
qian,37676,Octagon,2,1.17,0.0,True,OK
qian,37676,Octagon,3,1.19,0.0,True,OK
qian,37676,Polka,1,1.21,0.0,True,OK
qian,37676,Polka,2,1.19,0.0,True,OK
qian,37676,Polka,3,1.19,0.0,True,OK
qian,37708,Box,1,10.97,10.1569,True,OK
qian,37708,Box,2,10.93,10.1615,True,OK
qian,37708,Box,3,10.94,10.1696,True,OK
qian,37708,Octagon,1,11.65,10.8282,True,OK
qian,37708,Octagon,2,11.61,10.7344,True,OK
qian,37708,Octagon,3,11.54,10.7282,True,OK
qian,37708,Polka,1,11.13,10.3273,True,OK
qian,37708,Polka,2,11.15,10.3416,True,OK
qian,37708,Polka,3,11.11,10.3301,True,OK
qian,37836,Box,1,0.56,0.0,False,OK
qian,37891,Box,1,10.93,10.1549,True,OK
qian,37891,Box,2,10.93,10.1602,True,OK
qian,37891,Box,3,10.92,10.1478,True,OK
qian,37891,Octagon,1,11.34,10.4771,True,OK
qian,37891,Octagon,2,11.36,10.4771,True,OK
qian,37891,Octagon,3,11.36,10.5249,True,OK
qian,37891,Polka,1,11.13,10.3336,True,OK
qian,37891,Polka,2,11.11,10.3412,True,OK
qian,37891,Polka,3,11.07,10.2798,True,OK
qian,38057,Box,1,1.61,0.8361,True,OK
qian,38057,Box,2,1.61,0.8361,True,OK
qian,38057,Box,3,1.6,0.837,True,OK
qian,38057,Octagon,1,1.62,0.0,True,OK
qian,38057,Octagon,2,1.62,0.0,True,OK
qian,38057,Octagon,3,1.59,0.0,True,OK
qian,38057,Polka,1,1.63,0.0,True,OK
qian,38057,Polka,2,1.64,0.0,True,OK
qian,38057,Polka,3,1.6,0.0,True,OK
qian,38250,Box,1,0.59,0.0,False,OK
qian,38420,Box,1,1.01,0.0,False,OK
qian,38543,Box,1,10.52,10.1301,True,OK
qian,38543,Box,2,10.48,10.1149,True,OK
qian,38543,Box,3,10.49,10.1192,True,OK
qian,38543,Octagon,1,10.69,10.2917,True,OK
qian,38543,Octagon,2,10.68,10.2814,True,OK
qian,38543,Octagon,3,10.72,10.3192,True,OK
qian,38543,Polka,1,10.59,10.2007,True,OK
qian,38543,Polka,2,10.61,10.1993,True,OK
qian,38543,Polka,3,10.62,10.216,True,OK
qian,38651,Box,1,0.16,0.0128,True,OK
qian,38651,Box,2,0.16,0.0124,True,OK
qian,38651,Box,3,0.17,0.0127,True,OK
qian,38651,Octagon,1,0.18,0.0136,True,OK
qian,38651,Octagon,2,0.18,0.0161,True,OK
qian,38651,Octagon,3,0.17,0.0145,True,OK
qian,38651,Polka,1,0.17,0.0135,True,OK
qian,38651,Polka,2,0.17,0.0135,True,OK
qian,38651,Polka,3,0.17,0.0121,True,OK
qian,38828,Box,1,0.19,0.014,True,OK
qian,38828,Box,2,0.18,0.0142,True,OK
qian,38828,Box,3,0.18,0.0131,True,OK
qian,38828,Octagon,1,0.18,0.0149,True,OK
qian,38828,Octagon,2,0.17,0.0133,True,OK
qian,38828,Octagon,3,0.18,0.013,True,OK
qian,38828,Polka,1,0.18,0.0128,True,OK
qian,38828,Polka,2,0.16,0.0133,True,OK
qian,38828,Polka,3,0.17,0.0136,True,OK
qian,38876,Box,1,0.98,0.0,False,OK
qian,38888,Box,1,0.57,0.0,False,OK
qian,39032,Box,1,10.49,10.1354,True,OK
qian,39032,Box,2,10.49,10.1306,True,OK
qian,39032,Box,3,10.5,10.1309,True,OK
qian,39032,Octagon,1,10.63,10.2752,True,OK
qian,39032,Octagon,2,10.66,10.2816,True,OK
qian,39032,Octagon,3,10.79,10.4031,True,OK
qian,39032,Polka,1,10.57,10.1892,True,OK
qian,39032,Polka,2,10.61,10.1861,True,OK
qian,39032,Polka,3,10.54,10.1779,True,OK
qian,39151,Box,1,10.7,10.1298,True,OK
qian,39151,Box,2,10.72,10.1414,True,OK
qian,39151,Box,3,10.72,10.1363,True,OK
qian,39151,Octagon,1,11.03,10.3838,True,OK
qian,39151,Octagon,2,10.99,10.3705,True,OK
qian,39151,Octagon,3,10.99,10.3546,True,OK
qian,39151,Polka,1,10.87,10.2953,True,OK
qian,39151,Polka,2,10.89,10.2758,True,OK
qian,39151,Polka,3,10.9,10.2844,True,OK
qian,39199,Box,1,1.4,0.8317,True,OK
qian,39199,Box,2,1.38,0.8226,True,OK
qian,39199,Box,3,1.38,0.8256,True,OK
qian,39199,Octagon,1,1.38,0.0,True,OK
qian,39199,Octagon,2,1.38,0.0,True,OK
qian,39199,Octagon,3,1.39,0.0,True,OK
qian,39199,Polka,1,1.39,0.0,True,OK
qian,39199,Polka,2,1.39,0.0,True,OK
qian,39199,Polka,3,1.39,0.0,True,OK
qian,39248,Box,1,1.63,0.8402,True,OK
qian,39248,Box,2,1.62,0.8304,True,OK
qian,39248,Box,3,1.63,0.8354,True,OK
qian,39248,Octagon,1,1.62,0.0,True,OK
qian,39248,Octagon,2,1.63,0.0,True,OK
qian,39248,Octagon,3,1.6,0.0,True,OK
qian,39248,Polka,1,1.6,0.0,True,OK
qian,39248,Polka,2,1.6,0.0,True,OK
qian,39248,Polka,3,1.6,0.0,True,OK
qian,39268,Box,1,1.4,0.8252,True,OK
qian,39268,Box,2,1.39,0.824,True,OK
qian,39268,Box,3,1.39,0.8253,True,OK
qian,39268,Octagon,1,1.43,0.0,True,OK
qian,39268,Octagon,2,1.4,0.0,True,OK
qian,39268,Octagon,3,1.4,0.0,True,OK
qian,39268,Polka,1,1.4,0.0,True,OK
qian,39268,Polka,2,1.38,0.0,True,OK
qian,39268,Polka,3,1.39,0.0,True,OK
qian,39327,Box,1,1.83,1.0393,True,OK
qian,39327,Box,2,1.81,1.0389,True,OK
qian,39327,Box,3,1.82,1.0402,True,OK
qian,39327,Octagon,1,1.82,0.0,True,OK
qian,39327,Octagon,2,1.82,0.0,True,OK
qian,39327,Octagon,3,1.81,0.0,True,OK
qian,39327,Polka,1,1.81,0.0,True,OK
qian,39327,Polka,2,1.82,0.0,True,OK
qian,39327,Polka,3,1.82,0.0,True,OK
qian,39341,Box,1,10.49,10.1268,True,OK
qian,39341,Box,2,10.52,10.1286,True,OK
qian,39341,Box,3,10.49,10.1172,True,OK
qian,39341,Octagon,1,10.64,10.276,True,OK
qian,39341,Octagon,2,10.64,10.2688,True,OK
qian,39341,Octagon,3,10.63,10.2723,True,OK
qian,39341,Polka,1,10.61,10.2107,True,OK
qian,39341,Polka,2,10.59,10.1779,True,OK
qian,39341,Polka,3,10.55,10.1828,True,OK
qian,39644,Box,1,1.6,0.8328,True,OK
qian,39644,Box,2,1.61,0.8353,True,OK
qian,39644,Box,3,1.61,0.8305,True,OK
qian,39644,Octagon,1,1.6,0.0,True,OK
qian,39644,Octagon,2,1.6,0.0,True,OK
qian,39644,Octagon,3,1.6,0.0,True,OK
qian,39644,Polka,1,1.62,0.0,True,OK
qian,39644,Polka,2,1.61,0.0,True,OK
qian,39644,Polka,3,1.61,0.0,True,OK
qian,39664,Box,1,0.6,0.0,False,OK
qian,39684,Box,1,0.47,0.0,False,ERR
qian,39705,Box,1,0.46,0.0,False,ERR
qian,39749,Box,1,0.88,0.0,False,ERR
qian,39750,Box,1,0.89,0.0,False,ERR
qian,39777,Box,1,0.48,0.0,False,ERR
qian,39817,Box,1,10.48,10.1234,True,OK
qian,39817,Box,2,10.48,10.1219,True,OK
qian,39817,Box,3,10.49,10.1257,True,OK
qian,39817,Octagon,1,10.66,10.2879,True,OK
qian,39817,Octagon,2,10.67,10.2969,True,OK
qian,39817,Octagon,3,10.69,10.2867,True,OK
qian,39817,Polka,1,10.58,10.2204,True,OK
qian,39817,Polka,2,10.6,10.1993,True,OK
qian,39817,Polka,3,10.58,10.2132,True,OK
qian,39867,Box,1,0.68,0.0,False,ERR
qian,39912,Box,1,0.78,0.0,False,OK
qian,39934,Box,1,0.79,0.0,False,OK
qian,4,Box,1,10.93,10.1361,True,OK
qian,4,Box,2,10.93,10.1543,True,OK
qian,4,Box,3,10.96,10.1688,True,OK
qian,4,Octagon,1,11.16,10.3414,True,OK
qian,4,Octagon,2,11.15,10.3412,True,OK
qian,4,Octagon,3,11.16,10.3263,True,OK
qian,4,Polka,1,11.06,10.2775,True,OK
qian,4,Polka,2,11.1,10.2894,True,OK
qian,4,Polka,3,11.09,10.2658,True,OK
qian,40090,Box,1,0.47,0.0,False,ERR
qian,40092,Box,1,1.61,0.8348,True,OK
qian,40092,Box,2,1.6,0.8337,True,OK
qian,40092,Box,3,1.62,0.8358,True,OK
qian,40092,Octagon,1,1.71,0.9371,True,OK
qian,40092,Octagon,2,1.71,0.8997,True,OK
qian,40092,Octagon,3,1.71,0.8968,True,OK
qian,40092,Polka,1,1.61,0.8416,True,OK
qian,40092,Polka,2,1.63,0.85,True,OK
qian,40092,Polka,3,1.62,0.8489,True,OK
qian,40203,Box,1,10.5,10.1413,True,OK
qian,40203,Box,2,10.48,10.1301,True,OK
qian,40203,Box,3,10.49,10.1335,True,OK
qian,40203,Octagon,1,10.65,10.2908,True,OK
qian,40203,Octagon,2,10.67,10.2773,True,OK
qian,40203,Octagon,3,10.7,10.3108,True,OK
qian,40203,Polka,1,10.62,10.2229,True,OK
qian,40203,Polka,2,10.64,10.2181,True,OK
qian,40203,Polka,3,10.63,10.2258,True,OK
qian,40242,Box,1,10.5,10.1334,True,OK
qian,40242,Box,2,10.48,10.1225,True,OK
qian,40242,Box,3,10.47,10.1051,True,OK
qian,40242,Octagon,1,10.66,10.2937,True,OK
qian,40242,Octagon,2,10.68,10.2858,True,OK
qian,40242,Octagon,3,10.64,10.2611,True,OK
qian,40242,Polka,1,10.57,10.1748,True,OK
qian,40242,Polka,2,10.58,10.19,True,OK
qian,40242,Polka,3,10.57,10.2036,True,OK
qian,40249,Box,1,0.58,0.0,False,OK
qian,40299,Box,1,0.57,0.0,False,OK
qian,40336,Box,1,10.96,10.1842,True,OK
qian,40336,Box,2,10.95,10.1799,True,OK
qian,40336,Box,3,10.94,10.1722,True,OK
qian,40336,Octagon,1,11.8,10.9118,True,OK
qian,40336,Octagon,2,11.77,10.9711,True,OK
qian,40336,Octagon,3,11.84,10.9612,True,OK
qian,40336,Polka,1,11.22,10.4462,True,OK
qian,40336,Polka,2,11.2,10.4144,True,OK
qian,40336,Polka,3,11.14,10.3301,True,OK
qian,40340,Box,1,0.68,0.0,False,ERR
qian,40342,Box,1,0.67,0.0,False,ERR
qian,40353,Box,1,0.59,0.0,False,OK
qian,40357,Box,1,0.66,0.0,False,ERR
qian,40366,Box,1,1.19,0.8286,True,OK
qian,40366,Box,2,1.18,0.8291,True,OK
qian,40366,Box,3,1.18,0.8219,True,OK
qian,40366,Octagon,1,1.18,0.0,True,OK
qian,40366,Octagon,2,1.19,0.0,True,OK
qian,40366,Octagon,3,1.18,0.0,True,OK
qian,40366,Polka,1,1.18,0.0,True,OK
qian,40366,Polka,2,1.17,0.0,True,OK
qian,40366,Polka,3,1.18,0.0,True,OK
qian,40413,Box,1,0.67,0.0,False,ERR
qian,40425,Box,1,1.4,0.8229,True,OK
qian,40425,Box,2,1.39,0.832,True,OK
qian,40425,Box,3,1.4,0.836,True,OK
qian,40425,Octagon,1,1.4,0.0,True,OK
qian,40425,Octagon,2,1.4,0.0,True,OK
qian,40425,Octagon,3,1.4,0.0,True,OK
qian,40425,Polka,1,1.4,0.0,True,OK
qian,40425,Polka,2,1.41,0.0,True,OK
qian,40425,Polka,3,1.4,0.0,True,OK
qian,40500,Box,1,0.26,0.0,False,ERR
qian,40720,Box,1,10.53,10.1406,True,OK
qian,40720,Box,2,10.5,10.134,True,OK
qian,40720,Box,3,10.52,10.1316,True,OK
qian,40720,Octagon,1,10.71,10.3201,True,OK
qian,40720,Octagon,2,10.66,10.2919,True,OK
qian,40720,Octagon,3,10.68,10.2853,True,OK
qian,40720,Polka,1,10.65,10.2831,True,OK
qian,40720,Polka,2,10.6,10.199,True,OK
qian,40720,Polka,3,10.63,10.2103,True,OK
qian,40733,Box,1,1.59,0.8239,True,OK
qian,40733,Box,2,1.61,0.8374,True,OK
qian,40733,Box,3,1.58,0.8251,True,OK
qian,40733,Octagon,1,1.61,0.85,True,OK
qian,40733,Octagon,2,1.61,0.8387,True,OK
qian,40733,Octagon,3,1.61,0.8485,True,OK
qian,40733,Polka,1,1.62,0.8428,True,OK
qian,40733,Polka,2,1.6,0.8314,True,OK
qian,40733,Polka,3,1.61,0.8306,True,OK
qian,40734,Box,1,10.88,10.1146,True,OK
qian,40734,Box,2,10.88,10.1311,True,OK
qian,40734,Box,3,10.89,10.1236,True,OK
qian,40734,Octagon,1,11.15,10.3284,True,OK
qian,40734,Octagon,2,11.14,10.3164,True,OK
qian,40734,Octagon,3,11.19,10.3362,True,OK
qian,40734,Polka,1,11.03,10.2542,True,OK
qian,40734,Polka,2,11.0,10.2364,True,OK
qian,40734,Polka,3,11.02,10.2103,True,OK
qian,40737,Box,1,10.87,10.1124,True,OK
qian,40737,Box,2,10.89,10.124,True,OK
qian,40737,Box,3,10.88,10.1131,True,OK
qian,40737,Octagon,1,11.11,10.3081,True,OK
qian,40737,Octagon,2,11.17,10.359,True,OK
qian,40737,Octagon,3,11.18,10.3383,True,OK
qian,40737,Polka,1,11.01,10.2052,True,OK
qian,40737,Polka,2,11.02,10.231,True,OK
qian,40737,Polka,3,11.0,10.2123,True,OK
qian,40741,Box,1,0.79,0.0,False,OK
qian,40750,Box,1,0.58,0.0,False,OK
qian,40751,Box,1,10.91,10.1257,True,OK
qian,40751,Box,2,10.89,10.1115,True,OK
qian,40751,Box,3,10.89,10.1181,True,OK
qian,40751,Octagon,1,11.13,10.3185,True,OK
qian,40751,Octagon,2,11.15,10.3289,True,OK
qian,40751,Octagon,3,11.15,10.3351,True,OK
qian,40751,Polka,1,11.02,10.2374,True,OK
qian,40751,Polka,2,11.02,10.2654,True,OK
qian,40751,Polka,3,11.11,10.2294,True,OK
qian,40752,Box,1,1.59,0.8268,True,OK
qian,40752,Box,2,1.6,0.8273,True,OK
qian,40752,Box,3,1.6,0.8401,True,OK
qian,40752,Octagon,1,1.62,0.8472,True,OK
qian,40752,Octagon,2,1.64,0.8515,True,OK
qian,40752,Octagon,3,1.6,0.8421,True,OK
qian,40752,Polka,1,1.63,0.8424,True,OK
qian,40752,Polka,2,1.6,0.8408,True,OK
qian,40752,Polka,3,1.61,0.8308,True,OK
qian,40759,Box,1,10.9,10.1296,True,OK
qian,40759,Box,2,10.88,10.1096,True,OK
qian,40759,Box,3,10.88,10.1056,True,OK
qian,40759,Octagon,1,11.2,10.3483,True,OK
qian,40759,Octagon,2,11.14,10.3193,True,OK
qian,40759,Octagon,3,11.18,10.3357,True,OK
qian,40759,Polka,1,10.99,10.2186,True,OK
qian,40759,Polka,2,11.0,10.2197,True,OK
qian,40759,Polka,3,10.99,10.2215,True,OK
qian,40760,Box,1,0.77,0.0,False,OK
qian,40763,Box,1,10.88,10.119,True,OK
qian,40763,Box,2,10.89,10.1267,True,OK
qian,40763,Box,3,10.9,10.1383,True,OK
qian,40763,Octagon,1,11.27,10.3748,True,OK
qian,40763,Octagon,2,11.09,10.2974,True,OK
qian,40763,Octagon,3,11.06,10.2764,True,OK
qian,40763,Polka,1,11.02,10.2186,True,OK
qian,40763,Polka,2,11.0,10.2042,True,OK
qian,40763,Polka,3,11.05,10.2034,True,OK
qian,40766,Box,1,0.57,0.0,False,OK
qian,40768,Box,1,0.66,0.0,False,ERR
qian,40771,Box,1,10.93,10.1647,True,OK
qian,40771,Box,2,10.95,10.1623,True,OK
qian,40771,Box,3,10.93,10.165,True,OK
qian,40771,Octagon,1,11.92,11.1065,True,OK
qian,40771,Octagon,2,11.78,10.9792,True,OK
qian,40771,Octagon,3,11.82,10.9323,True,OK
qian,40771,Polka,1,11.18,10.3798,True,OK
qian,40771,Polka,2,11.21,10.4164,True,OK
qian,40771,Polka,3,11.22,10.3995,True,OK
qian,40774,Box,1,0.99,0.6253,True,OK
qian,40774,Box,2,0.99,0.6245,True,OK
qian,40774,Box,3,1.0,0.6339,True,OK
qian,40774,Octagon,1,1.03,0.644,True,OK
qian,40774,Octagon,2,1.03,0.6473,True,OK
qian,40774,Octagon,3,1.0,0.6379,True,OK
qian,40774,Polka,1,1.01,0.6366,True,OK
qian,40774,Polka,2,1.0,0.6358,True,OK
qian,40774,Polka,3,1.0,0.6364,True,OK
qian,40778,Box,1,0.77,0.0,False,OK
qian,40782,Box,1,1.61,0.8378,True,OK
qian,40782,Box,2,1.6,0.835,True,OK
qian,40782,Box,3,1.61,0.8404,True,OK
qian,40782,Octagon,1,1.61,0.8494,True,OK
qian,40782,Octagon,2,1.61,0.8475,True,OK
qian,40782,Octagon,3,1.61,0.8472,True,OK
qian,40782,Polka,1,1.61,0.8364,True,OK
qian,40782,Polka,2,1.61,0.8444,True,OK
qian,40782,Polka,3,1.62,0.841,True,OK
qian,40783,Box,1,1.62,0.8369,True,OK
qian,40783,Box,2,1.61,0.8414,True,OK
qian,40783,Box,3,1.6,0.8291,True,OK
qian,40783,Octagon,1,1.65,0.8684,True,OK
qian,40783,Octagon,2,1.62,0.8579,True,OK
qian,40783,Octagon,3,1.62,0.8515,True,OK
qian,40783,Polka,1,1.62,0.8475,True,OK
qian,40783,Polka,2,1.63,0.8454,True,OK
qian,40783,Polka,3,1.61,0.8518,True,OK
qian,40786,Box,1,1.6,0.8359,True,OK
qian,40786,Box,2,1.61,0.8384,True,OK
qian,40786,Box,3,1.61,0.8279,True,OK
qian,40786,Octagon,1,1.67,0.8835,True,OK
qian,40786,Octagon,2,1.66,0.859,True,OK
qian,40786,Octagon,3,1.67,0.8803,True,OK
qian,40786,Polka,1,1.62,0.8465,True,OK
qian,40786,Polka,2,1.61,0.8351,True,OK
qian,40786,Polka,3,1.61,0.8405,True,OK
qian,40788,Box,1,10.92,10.1466,True,OK
qian,40788,Box,2,10.92,10.1471,True,OK
qian,40788,Box,3,10.93,10.1526,True,OK
qian,40788,Octagon,1,11.31,10.4503,True,OK
qian,40788,Octagon,2,11.32,10.4538,True,OK
qian,40788,Octagon,3,11.32,10.4552,True,OK
qian,40788,Polka,1,11.07,10.302,True,OK
qian,40788,Polka,2,11.07,10.2916,True,OK
qian,40788,Polka,3,11.09,10.2975,True,OK
qian,50000,Box,1,0.36,0.0,False,OK
qian,50001,Box,1,0.98,0.623,True,OK
qian,50001,Box,2,0.98,0.6232,True,OK
qian,50001,Box,3,0.99,0.6235,True,OK
qian,50001,Octagon,1,1.0,0.6403,True,OK
qian,50001,Octagon,2,0.99,0.6392,True,OK
qian,50001,Octagon,3,0.98,0.6289,True,OK
qian,50001,Polka,1,0.98,0.6245,True,OK
qian,50001,Polka,2,0.98,0.6294,True,OK
qian,50001,Polka,3,0.98,0.6273,True,OK
qian,50007,Box,1,10.99,10.2039,True,OK
qian,50007,Box,2,10.96,10.1885,True,OK
qian,50007,Box,3,10.96,10.1832,True,OK
qian,50007,Octagon,1,1.7,0.9117,True,OK
qian,50007,Octagon,2,1.72,0.9137,True,OK
qian,50007,Octagon,3,1.72,0.9394,True,OK
qian,50007,Polka,1,11.2,10.4062,True,OK
qian,50007,Polka,2,11.18,10.3763,True,OK
qian,50007,Polka,3,11.17,10.3587,True,OK
qian,50025,Box,1,10.94,10.1714,True,OK
qian,50025,Box,2,10.92,10.1459,True,OK
qian,50025,Box,3,10.93,10.1526,True,OK
qian,50025,Octagon,1,11.24,10.3716,True,OK
qian,50025,Octagon,2,11.19,10.3639,True,OK
qian,50025,Octagon,3,11.21,10.3822,True,OK
qian,50025,Polka,1,11.07,10.287,True,OK
qian,50025,Polka,2,11.09,10.3018,True,OK
qian,50025,Polka,3,11.08,10.2923,True,OK
qian,50026,Box,1,10.94,10.16,True,OK
qian,50026,Box,2,10.93,10.1486,True,OK
qian,50026,Box,3,10.93,10.1552,True,OK
qian,50026,Octagon,1,11.34,10.4666,True,OK
qian,50026,Octagon,2,11.36,10.4759,True,OK
qian,50026,Octagon,3,11.43,10.6075,True,OK
qian,50026,Polka,1,11.13,10.3432,True,OK
qian,50026,Polka,2,11.09,10.2905,True,OK
qian,50026,Polka,3,11.11,10.3197,True,OK
qian,50027,Box,1,0.46,0.0,False,ERR
qian,50028,Box,1,0.46,0.0,False,ERR
qian,50029,Box,1,10.95,10.1849,True,OK
qian,50029,Box,2,10.95,10.1802,True,OK
qian,50029,Box,3,10.97,10.182,True,OK
qian,50029,Octagon,1,11.52,10.7237,True,OK
qian,50029,Octagon,2,11.55,10.7548,True,OK
qian,50029,Octagon,3,11.58,10.775,True,OK
qian,50029,Polka,1,11.18,10.3795,True,OK
qian,50029,Polka,2,11.15,10.3488,True,OK
qian,50029,Polka,3,11.16,10.3762,True,OK
qian,50030,Box,1,10.92,10.1595,True,OK
qian,50030,Box,2,10.92,10.157,True,OK
qian,50030,Box,3,10.92,10.1489,True,OK
qian,50030,Octagon,1,11.33,10.475,True,OK
qian,50030,Octagon,2,11.35,10.4849,True,OK
qian,50030,Octagon,3,11.31,10.4538,True,OK
qian,50030,Polka,1,11.08,10.2984,True,OK
qian,50030,Polka,2,11.04,10.273,True,OK
qian,50030,Polka,3,11.1,10.3273,True,OK
qian,50031,Box,1,1.61,0.841,True,OK
qian,50031,Box,2,1.61,0.8401,True,OK
qian,50031,Box,3,1.6,0.8253,True,OK
qian,50031,Octagon,1,1.61,0.0,True,OK
qian,50031,Octagon,2,1.6,0.0,True,OK
qian,50031,Octagon,3,1.61,0.0,True,OK
qian,50031,Polka,1,1.6,0.0,True,OK
qian,50031,Polka,2,1.6,0.0,True,OK
qian,50031,Polka,3,1.6,0.0,True,OK
qian,50032,Box,1,11.18,10.1906,True,OK
qian,50032,Box,2,11.19,10.192,True,OK
qian,50032,Box,3,11.18,10.1981,True,OK
qian,50032,Octagon,1,11.85,10.8436,True,OK
qian,50032,Octagon,2,11.84,10.8381,True,OK
qian,50032,Octagon,3,11.84,10.8362,True,OK
qian,50032,Polka,1,11.51,10.4879,True,OK
qian,50032,Polka,2,11.46,10.4465,True,OK
qian,50032,Polka,3,11.51,10.4774,True,OK
qian,50033,Box,1,0.56,0.0,False,OK
qian,50034,Box,1,0.58,0.0,False,OK
qian,50035,Box,1,10.74,10.1553,True,OK
qian,50035,Box,2,10.73,10.1582,True,OK
qian,50035,Box,3,10.72,10.1504,True,OK
qian,50035,Octagon,1,11.01,10.3688,True,OK
qian,50035,Octagon,2,11.05,10.4167,True,OK
qian,50035,Octagon,3,11.02,10.3719,True,OK
qian,50035,Polka,1,10.86,10.2949,True,OK
qian,50035,Polka,2,10.89,10.3173,True,OK
qian,50035,Polka,3,10.88,10.294,True,OK
qian,50036,Box,1,10.91,10.1444,True,OK
qian,50036,Box,2,10.92,10.1545,True,OK
qian,50036,Box,3,10.93,10.1558,True,OK
qian,50036,Octagon,1,11.21,10.3827,True,OK
qian,50036,Octagon,2,11.21,10.372,True,OK
qian,50036,Octagon,3,11.22,10.3795,True,OK
qian,50036,Polka,1,11.12,10.317,True,OK
qian,50036,Polka,2,11.1,10.3332,True,OK
qian,50036,Polka,3,11.09,10.3065,True,OK
qian,18509,Box,1,10.92,10.1544,True,OK
qian,18509,Box,2,10.91,10.1506,True,OK
qian,18509,Box,3,10.95,10.1566,True,OK
qian,18509,Octagon,1,11.19,10.3716,True,OK
qian,18509,Octagon,2,11.21,10.3792,True,OK
qian,18509,Octagon,3,11.16,10.3238,True,OK
qian,18509,Polka,1,11.09,10.3126,True,OK
qian,18509,Polka,2,11.08,10.2926,True,OK
qian,18509,Polka,3,11.05,10.2762,True,OK
qian,22074,Box,1,1.81,0.8354,True,OK
qian,22074,Box,2,1.8,0.8406,True,OK
qian,22074,Box,3,1.81,0.838,True,OK
qian,22074,Octagon,1,1.82,0.8473,True,OK
qian,22074,Octagon,2,1.81,0.8455,True,OK
qian,22074,Octagon,3,1.84,0.8616,True,OK
qian,22074,Polka,1,1.81,0.8463,True,OK
qian,22074,Polka,2,1.82,0.8344,True,OK
qian,22074,Polka,3,1.81,0.8389,True,OK
qian,22247,Box,1,10.9,10.1361,True,OK
qian,22247,Box,2,10.91,10.1306,True,OK
qian,22247,Box,3,10.9,10.1317,True,OK
qian,22247,Octagon,1,11.07,10.2962,True,OK
qian,22247,Octagon,2,11.06,10.2677,True,OK
qian,22247,Octagon,3,11.07,10.2862,True,OK
qian,22247,Polka,1,11.01,10.2101,True,OK
qian,22247,Polka,2,11.02,10.2059,True,OK
qian,22247,Polka,3,11.04,10.2429,True,OK
qian,22416,Box,1,10.89,10.1298,True,OK
qian,22416,Box,2,10.91,10.1328,True,OK
qian,22416,Box,3,10.89,10.1341,True,OK
qian,22416,Octagon,1,11.1,10.2859,True,OK
qian,22416,Octagon,2,11.07,10.2916,True,OK
qian,22416,Octagon,3,11.1,10.3121,True,OK
qian,22416,Polka,1,11.01,10.2065,True,OK
qian,22416,Polka,2,11.01,10.2208,True,OK
qian,22416,Polka,3,11.03,10.2335,True,OK
qian,24161,Box,1,10.69,10.1244,True,OK
qian,24161,Box,2,10.69,10.1226,True,OK
qian,24161,Box,3,10.69,10.1221,True,OK
qian,24161,Octagon,1,10.88,10.3087,True,OK
qian,24161,Octagon,2,10.88,10.2792,True,OK
qian,24161,Octagon,3,10.88,10.3142,True,OK
qian,24161,Polka,1,10.8,10.1854,True,OK
qian,24161,Polka,2,10.8,10.2075,True,OK
qian,24161,Polka,3,10.79,10.2224,True,OK
qian,26523,Box,1,1.41,0.6279,True,OK
qian,26523,Box,2,1.42,0.6369,True,OK
qian,26523,Box,3,1.4,0.6236,True,OK
qian,26523,Octagon,1,1.61,0.8453,True,OK
qian,26523,Octagon,2,1.64,0.8569,True,OK
qian,26523,Octagon,3,1.62,0.8543,True,OK
qian,26523,Polka,1,1.62,0.8479,True,OK
qian,26523,Polka,2,1.61,0.8353,True,OK
qian,26523,Polka,3,1.61,0.8463,True,OK
qian,26742,Box,1,10.93,10.1445,True,OK
qian,26742,Box,2,10.9,10.1369,True,OK
qian,26742,Box,3,10.91,10.1452,True,OK
qian,26742,Octagon,1,11.1,10.3202,True,OK
qian,26742,Octagon,2,11.13,10.3265,True,OK
qian,26742,Octagon,3,11.14,10.3549,True,OK
qian,26742,Polka,1,11.02,10.2069,True,OK
qian,26742,Polka,2,11.05,10.2662,True,OK
qian,26742,Polka,3,11.01,10.2427,True,OK
qian,29089,Box,1,10.9,10.1305,True,OK
qian,29089,Box,2,10.9,10.1389,True,OK
qian,29089,Box,3,10.9,10.1379,True,OK
qian,29089,Octagon,1,11.07,10.3122,True,OK
qian,29089,Octagon,2,11.07,10.2945,True,OK
qian,29089,Octagon,3,11.06,10.273,True,OK
qian,29089,Polka,1,11.02,10.2111,True,OK
qian,29089,Polka,2,11.03,10.2145,True,OK
qian,29089,Polka,3,11.03,10.2348,True,OK
qian,37707,Box,1,10.93,10.1492,True,OK
qian,37707,Box,2,10.93,10.1471,True,OK
qian,37707,Box,3,10.94,10.1638,True,OK
qian,37707,Octagon,1,11.35,10.4754,True,OK
qian,37707,Octagon,2,11.32,10.4465,True,OK
qian,37707,Octagon,3,11.31,10.4518,True,OK
qian,37707,Polka,1,11.1,10.3134,True,OK
qian,37707,Polka,2,11.1,10.3214,True,OK
qian,37707,Polka,3,11.13,10.3519,True,OK
qian,39019,Box,1,1.82,0.8333,True,OK
qian,39019,Box,2,1.81,0.8386,True,OK
qian,39019,Box,3,1.82,0.8416,True,OK
qian,39019,Octagon,1,1.94,0.9511,True,OK
qian,39019,Octagon,2,1.97,0.9497,True,OK
qian,39019,Octagon,3,1.9,0.8894,True,OK
qian,39019,Polka,1,1.83,0.8511,True,OK
qian,39019,Polka,2,1.83,0.8535,True,OK
qian,39019,Polka,3,1.82,0.8426,True,OK
qian,39269,Box,1,1.62,0.8415,True,OK
qian,39269,Box,2,1.62,0.8407,True,OK
qian,39269,Box,3,1.62,0.8311,True,OK
qian,39269,Octagon,1,1.63,0.0,True,OK
qian,39269,Octagon,2,1.61,0.0,True,OK
qian,39269,Octagon,3,1.64,0.0,True,OK
qian,39269,Polka,1,1.59,0.0,True,OK
qian,39269,Polka,2,1.62,0.0,True,OK
qian,39269,Polka,3,1.63,0.0,True,OK
qian,39778,Box,1,1.22,0.6395,True,OK
qian,39778,Box,2,1.22,0.6408,True,OK
qian,39778,Box,3,1.21,0.6334,True,OK
qian,39778,Octagon,1,1.56,0.9651,True,OK
qian,39778,Octagon,2,1.54,0.9306,True,OK
qian,39778,Octagon,3,1.53,0.9179,True,OK
qian,39778,Polka,1,1.44,0.8486,True,OK
qian,39778,Polka,2,1.42,0.8531,True,OK
qian,39778,Polka,3,1.43,0.8481,True,OK
qian,39866,Box,1,0.68,0.0,False,ERR
qian,40415,Box,1,10.93,10.1612,True,OK
qian,40415,Box,2,10.92,10.1523,True,OK
qian,40415,Box,3,10.94,10.1605,True,OK
qian,40415,Octagon,1,11.87,10.9721,True,OK
qian,40415,Octagon,2,11.94,11.0591,True,OK
qian,40415,Octagon,3,11.89,11.0018,True,OK
qian,40415,Polka,1,11.17,10.36,True,OK
qian,40415,Polka,2,11.22,10.3916,True,OK
qian,40415,Polka,3,11.24,10.4277,True,OK
qian,40499,Box,1,10.89,10.1157,True,OK
qian,40499,Box,2,10.92,10.1205,True,OK
qian,40499,Box,3,10.9,10.129,True,OK
qian,40499,Octagon,1,11.07,10.283,True,OK
qian,40499,Octagon,2,11.07,10.2914,True,OK
qian,40499,Octagon,3,11.09,10.2833,True,OK
qian,40499,Polka,1,11.0,10.1883,True,OK
qian,40499,Polka,2,11.03,10.2039,True,OK
qian,40499,Polka,3,11.04,10.2052,True,OK
qian,40732,Box,1,10.68,10.1225,True,OK
qian,40732,Box,2,10.68,10.117,True,OK
qian,40732,Box,3,10.69,10.1283,True,OK
qian,40732,Octagon,1,10.84,10.2555,True,OK
qian,40732,Octagon,2,10.88,10.2817,True,OK
qian,40732,Octagon,3,10.88,10.2925,True,OK
qian,40732,Polka,1,10.79,10.2081,True,OK
qian,40732,Polka,2,10.79,10.2032,True,OK
qian,40732,Polka,3,10.79,10.1956,True,OK
qian,40735,Box,1,10.69,10.1279,True,OK
qian,40735,Box,2,10.69,10.1344,True,OK
qian,40735,Box,3,10.69,10.1197,True,OK
qian,40735,Octagon,1,10.84,10.271,True,OK
qian,40735,Octagon,2,10.87,10.2707,True,OK
qian,40735,Octagon,3,10.85,10.2589,True,OK
qian,40735,Polka,1,10.79,10.2018,True,OK
qian,40735,Polka,2,10.8,10.2085,True,OK
qian,40735,Polka,3,10.81,10.2067,True,OK
qian,40736,Box,1,11.14,10.1538,True,OK
qian,40736,Box,2,11.13,10.1462,True,OK
qian,40736,Box,3,11.14,10.1552,True,OK
qian,40736,Octagon,1,11.44,10.3981,True,OK
qian,40736,Octagon,2,11.4,10.3575,True,OK
qian,40736,Octagon,3,11.43,10.3908,True,OK
qian,40736,Polka,1,11.28,10.2913,True,OK
qian,40736,Polka,2,11.28,10.3044,True,OK
qian,40736,Polka,3,11.27,10.2926,True,OK
qian,40742,Box,1,10.66,10.1089,True,OK
qian,40742,Box,2,10.7,10.1379,True,OK
qian,40742,Box,3,10.7,10.1316,True,OK
qian,40742,Octagon,1,10.87,10.2887,True,OK
qian,40742,Octagon,2,10.87,10.2891,True,OK
qian,40742,Octagon,3,10.87,10.3012,True,OK
qian,40742,Polka,1,10.77,10.172,True,OK
qian,40742,Polka,2,10.76,10.1961,True,OK
qian,40742,Polka,3,10.77,10.2065,True,OK
qian,40745,Box,1,10.91,10.137,True,OK
qian,40745,Box,2,10.89,10.1349,True,OK
qian,40745,Box,3,10.91,10.1348,True,OK
qian,40745,Octagon,1,11.08,10.3097,True,OK
qian,40745,Octagon,2,11.06,10.2811,True,OK
qian,40745,Octagon,3,11.06,10.2694,True,OK
qian,40745,Polka,1,11.05,10.2427,True,OK
qian,40745,Polka,2,11.01,10.2305,True,OK
qian,40745,Polka,3,11.02,10.2479,True,OK
qian,40746,Box,1,1.61,0.8354,True,OK
qian,40746,Box,2,1.61,0.8373,True,OK
qian,40746,Box,3,1.61,0.8407,True,OK
qian,40746,Octagon,1,1.61,0.8446,True,OK
qian,40746,Octagon,2,1.61,0.8431,True,OK
qian,40746,Octagon,3,1.61,0.8488,True,OK
qian,40746,Polka,1,1.6,0.8369,True,OK
qian,40746,Polka,2,1.6,0.8363,True,OK
qian,40746,Polka,3,1.66,0.888,True,OK
qian,40747,Box,1,11.14,10.1642,True,OK
qian,40747,Box,2,11.17,10.1598,True,OK
qian,40747,Box,3,11.15,10.1608,True,OK
qian,40747,Octagon,1,11.57,10.4881,True,OK
qian,40747,Octagon,2,11.5,10.4503,True,OK
qian,40747,Octagon,3,11.5,10.4989,True,OK
qian,40747,Polka,1,11.3,10.3107,True,OK
qian,40747,Polka,2,11.36,10.3757,True,OK
qian,40747,Polka,3,11.32,10.3386,True,OK
qian,40748,Box,1,10.91,10.1185,True,OK
qian,40748,Box,2,10.92,10.1303,True,OK
qian,40748,Box,3,10.89,10.1179,True,OK
qian,40748,Octagon,1,11.13,10.315,True,OK
qian,40748,Octagon,2,11.07,10.3012,True,OK
qian,40748,Octagon,3,11.09,10.2917,True,OK
qian,40748,Polka,1,10.99,10.1893,True,OK
qian,40748,Polka,2,11.03,10.2199,True,OK
qian,40748,Polka,3,11.03,10.2176,True,OK
qian,40749,Box,1,10.68,10.115,True,OK
qian,40749,Box,2,10.69,10.1307,True,OK
qian,40749,Box,3,10.69,10.1307,True,OK
qian,40749,Octagon,1,10.83,10.2703,True,OK
qian,40749,Octagon,2,10.88,10.2777,True,OK
qian,40749,Octagon,3,10.86,10.2748,True,OK
qian,40749,Polka,1,10.81,10.1883,True,OK
qian,40749,Polka,2,10.81,10.2046,True,OK
qian,40749,Polka,3,10.78,10.2048,True,OK
qian,40753,Box,1,10.71,10.1392,True,OK
qian,40753,Box,2,10.69,10.1185,True,OK
qian,40753,Box,3,10.69,10.1198,True,OK
qian,40753,Octagon,1,10.88,10.2803,True,OK
qian,40753,Octagon,2,10.85,10.2525,True,OK
qian,40753,Octagon,3,10.88,10.2781,True,OK
qian,40753,Polka,1,10.78,10.2066,True,OK
qian,40753,Polka,2,10.78,10.1926,True,OK
qian,40753,Polka,3,10.8,10.1993,True,OK
qian,40755,Box,1,10.88,10.1139,True,OK
qian,40755,Box,2,10.89,10.1065,True,OK
qian,40755,Box,3,10.9,10.1327,True,OK
qian,40755,Octagon,1,11.11,10.2906,True,OK
qian,40755,Octagon,2,11.15,10.3348,True,OK
qian,40755,Octagon,3,11.14,10.3233,True,OK
qian,40755,Polka,1,10.98,10.212,True,OK
qian,40755,Polka,2,11.03,10.2299,True,OK
qian,40755,Polka,3,11.02,10.2455,True,OK
qian,40756,Box,1,10.92,10.1441,True,OK
qian,40756,Box,2,10.92,10.1353,True,OK
qian,40756,Box,3,10.91,10.1349,True,OK
qian,40756,Octagon,1,11.05,10.2684,True,OK
qian,40756,Octagon,2,11.07,10.2707,True,OK
qian,40756,Octagon,3,11.1,10.3081,True,OK
qian,40756,Polka,1,11.04,10.2059,True,OK
qian,40756,Polka,2,11.03,10.2253,True,OK
qian,40756,Polka,3,11.0,10.215,True,OK
qian,40757,Box,1,10.67,10.1094,True,OK
qian,40757,Box,2,10.69,10.119,True,OK
qian,40757,Box,3,10.68,10.1216,True,OK
qian,40757,Octagon,1,10.85,10.2711,True,OK
qian,40757,Octagon,2,11.1,10.4425,True,OK
qian,40757,Octagon,3,11.21,10.4729,True,OK
qian,40757,Polka,1,10.92,10.1961,True,OK
qian,40757,Polka,2,10.8,10.1827,True,OK
qian,40757,Polka,3,10.76,10.1647,True,OK
qian,40758,Box,1,10.88,10.1177,True,OK
qian,40758,Box,2,10.89,10.1192,True,OK
qian,40758,Box,3,10.89,10.121,True,OK
qian,40758,Octagon,1,11.09,10.3144,True,OK
qian,40758,Octagon,2,11.04,10.2763,True,OK
qian,40758,Octagon,3,11.09,10.2725,True,OK
qian,40758,Polka,1,11.03,10.209,True,OK
qian,40758,Polka,2,11.02,10.1981,True,OK
qian,40758,Polka,3,11.02,10.2019,True,OK
qian,40761,Box,1,10.69,10.1211,True,OK
qian,40761,Box,2,10.71,10.1199,True,OK
qian,40761,Box,3,10.68,10.1137,True,OK
qian,40761,Octagon,1,10.94,10.3326,True,OK
qian,40761,Octagon,2,10.97,10.3243,True,OK
qian,40761,Octagon,3,10.97,10.3359,True,OK
qian,40761,Polka,1,10.82,10.2185,True,OK
qian,40761,Polka,2,10.78,10.2236,True,OK
qian,40761,Polka,3,10.79,10.2196,True,OK
qian,40762,Box,1,10.88,10.1202,True,OK
qian,40762,Box,2,10.92,10.1343,True,OK
qian,40762,Box,3,10.94,10.1523,True,OK
qian,40762,Octagon,1,11.07,10.2636,True,OK
qian,40762,Octagon,2,11.08,10.3045,True,OK
qian,40762,Octagon,3,11.11,10.3096,True,OK
qian,40762,Polka,1,11.03,10.2208,True,OK
qian,40762,Polka,2,11.25,10.362,True,OK
qian,40762,Polka,3,11.36,10.3793,True,OK
qian,40765,Box,1,11.2,10.2694,True,OK
qian,40765,Box,2,11.13,10.2311,True,OK
qian,40765,Box,3,11.17,10.2543,True,OK
qian,40765,Octagon,1,11.5,10.5788,True,OK
qian,40765,Octagon,2,11.55,10.6091,True,OK
qian,40765,Octagon,3,11.53,10.6033,True,OK
qian,40765,Polka,1,11.37,10.403,True,OK
qian,40765,Polka,2,11.48,10.4684,True,OK
qian,40765,Polka,3,11.42,10.4397,True,OK
qian,40770,Box,1,11.19,10.2723,True,OK
qian,40770,Box,2,11.2,10.2724,True,OK
qian,40770,Box,3,11.18,10.2626,True,OK
qian,40770,Octagon,1,11.81,10.767,True,OK
qian,40770,Octagon,2,11.82,10.7726,True,OK
qian,40770,Octagon,3,11.67,10.6311,True,OK
qian,40770,Polka,1,11.51,10.5667,True,OK
qian,40770,Polka,2,11.45,10.4604,True,OK
qian,40770,Polka,3,11.49,10.5348,True,OK
qian,40772,Box,1,1.56,0.8492,True,OK
qian,40772,Box,2,1.54,0.8422,True,OK
qian,40772,Box,3,1.55,0.8505,True,OK
qian,40772,Octagon,1,1.6,0.8855,True,OK
qian,40772,Octagon,2,1.58,0.8727,True,OK
qian,40772,Octagon,3,1.6,0.8831,True,OK
qian,40772,Polka,1,1.58,0.8711,True,OK
qian,40772,Polka,2,1.56,0.8691,True,OK
qian,40772,Polka,3,1.53,0.8456,True,OK
qian,40775,Box,1,1.75,0.8577,True,OK
qian,40775,Box,2,1.76,0.8471,True,OK
qian,40775,Box,3,1.76,0.8426,True,OK
qian,40775,Octagon,1,1.74,0.0,True,OK
qian,40775,Octagon,2,1.78,0.0,True,OK
qian,40775,Octagon,3,1.74,0.0,True,OK
qian,40775,Polka,1,1.74,0.0,True,OK
qian,40775,Polka,2,1.75,0.0,True,OK
qian,40775,Polka,3,1.77,0.0,True,OK
qian,40776,Box,1,11.19,10.2613,True,OK
qian,40776,Box,2,11.18,10.2646,True,OK
qian,40776,Box,3,11.11,10.1997,True,OK
qian,40776,Octagon,1,11.58,10.614,True,OK
qian,40776,Octagon,2,11.53,10.5727,True,OK
qian,40776,Octagon,3,11.51,10.5591,True,OK
qian,40776,Polka,1,11.4,10.4125,True,OK
qian,40776,Polka,2,11.39,10.4287,True,OK
qian,40776,Polka,3,11.4,10.4163,True,OK
qian,40777,Box,1,10.95,10.2382,True,OK
qian,40777,Box,2,10.87,10.213,True,OK
qian,40777,Box,3,10.94,10.236,True,OK
qian,40777,Octagon,1,11.36,10.5975,True,OK
qian,40777,Octagon,2,11.27,10.5363,True,OK
qian,40777,Octagon,3,11.35,10.611,True,OK
qian,40777,Polka,1,11.11,10.3945,True,OK
qian,40777,Polka,2,11.13,10.4192,True,OK
qian,40777,Polka,3,11.1,10.3919,True,OK
qian,40779,Box,1,10.95,10.2299,True,OK
qian,40779,Box,2,10.93,10.2194,True,OK
qian,40779,Box,3,10.94,10.2337,True,OK
qian,40779,Octagon,1,11.27,10.5526,True,OK
qian,40779,Octagon,2,11.26,10.5045,True,OK
qian,40779,Octagon,3,11.34,10.6046,True,OK
qian,40779,Polka,1,11.09,10.3757,True,OK
qian,40779,Polka,2,11.11,10.3973,True,OK
qian,40779,Polka,3,11.09,10.3772,True,OK
qian,40780,Box,1,11.16,10.2502,True,OK
qian,40780,Box,2,11.18,10.2565,True,OK
qian,40780,Box,3,11.17,10.2471,True,OK
qian,40780,Octagon,1,11.46,10.5329,True,OK
qian,40780,Octagon,2,11.5,10.5696,True,OK
qian,40780,Octagon,3,11.54,10.6088,True,OK
qian,40780,Polka,1,11.4,10.3851,True,OK
qian,40780,Polka,2,11.43,10.4121,True,OK
qian,40780,Polka,3,11.43,10.4591,True,OK
qian,40781,Box,1,1.74,0.8606,True,OK
qian,40781,Box,2,1.74,0.8649,True,OK
qian,40781,Box,3,1.76,0.8722,True,OK
qian,40781,Octagon,1,1.81,0.8935,True,OK
qian,40781,Octagon,2,1.81,0.8917,True,OK
qian,40781,Octagon,3,1.8,0.888,True,OK
qian,40781,Polka,1,1.75,0.8711,True,OK
qian,40781,Polka,2,1.79,0.8764,True,OK
qian,40781,Polka,3,1.81,0.8836,True,OK
qian,40784,Box,1,11.23,10.3065,True,OK
qian,40784,Box,2,11.25,10.3016,True,OK
qian,40784,Box,3,11.25,10.3316,True,OK
qian,40784,Octagon,1,11.75,10.7114,True,OK
qian,40784,Octagon,2,11.99,10.912,True,OK
qian,40784,Octagon,3,11.89,10.8424,True,OK
qian,40784,Polka,1,11.57,10.6257,True,OK
qian,40784,Polka,2,11.56,10.5895,True,OK
qian,40784,Polka,3,11.55,10.5949,True,OK
qian,40785,Box,1,11.04,10.2984,True,OK
qian,40785,Box,2,10.99,10.2953,True,OK
qian,40785,Box,3,10.99,10.299,True,OK
qian,40785,Octagon,1,11.61,10.7322,True,OK
qian,40785,Octagon,2,11.69,10.8512,True,OK
qian,40785,Octagon,3,11.59,10.7579,True,OK
qian,40785,Polka,1,11.26,10.5682,True,OK
qian,40785,Polka,2,11.33,10.5967,True,OK
qian,40785,Polka,3,11.33,10.5826,True,OK
qian,40787,Box,1,11.05,10.3293,True,OK
qian,40787,Box,2,11.06,10.322,True,OK
qian,40787,Box,3,11.03,10.3053,True,OK
qian,40787,Octagon,1,11.63,10.7332,True,OK
qian,40787,Octagon,2,11.69,10.8078,True,OK
qian,40787,Octagon,3,11.75,10.8828,True,OK
qian,40787,Polka,1,11.42,10.6258,True,OK
qian,40787,Polka,2,11.37,10.6328,True,OK
qian,40787,Polka,3,11.4,10.6622,True,OK
qian,40789,Box,1,11.0,10.2748,True,OK
qian,40789,Box,2,11.0,10.2777,True,OK
qian,40789,Box,3,10.96,10.2594,True,OK
qian,40789,Octagon,1,11.6,10.7528,True,OK
qian,40789,Octagon,2,11.59,10.7517,True,OK
qian,40789,Octagon,3,11.5,10.6567,True,OK
qian,40789,Polka,1,11.34,10.5634,True,OK
qian,40789,Polka,2,11.26,10.448,True,OK
qian,40789,Polka,3,11.27,10.4619,True,OK
qian,50002,Box,1,10.99,10.1458,True,OK
qian,50002,Box,2,10.99,10.1518,True,OK
qian,50002,Box,3,11.0,10.1628,True,OK
qian,50002,Octagon,1,11.19,10.3606,True,OK
qian,50002,Octagon,2,11.2,10.3715,True,OK
qian,50002,Octagon,3,11.15,10.2524,True,OK
qian,50002,Polka,1,11.08,10.23,True,OK
qian,50002,Polka,2,11.11,10.2653,True,OK
qian,50002,Polka,3,11.05,10.2495,True,OK
qian,50003,Box,1,10.92,10.1332,True,OK
qian,50003,Box,2,10.92,10.1358,True,OK
qian,50003,Box,3,10.97,10.1514,True,OK
qian,50003,Octagon,1,11.19,10.3674,True,OK
qian,50003,Octagon,2,11.2,10.3435,True,OK
qian,50003,Octagon,3,11.17,10.3282,True,OK
qian,50003,Polka,1,11.1,10.2802,True,OK
qian,50003,Polka,2,11.11,10.2768,True,OK
qian,50003,Polka,3,11.07,10.234,True,OK
qian,50005,Box,1,10.92,10.1335,True,OK
qian,50005,Box,2,10.95,10.1457,True,OK
qian,50005,Box,3,10.93,10.1348,True,OK
qian,50005,Octagon,1,11.11,10.3173,True,OK
qian,50005,Octagon,2,11.13,10.3333,True,OK
qian,50005,Octagon,3,11.18,10.3134,True,OK
qian,50005,Polka,1,11.06,10.2671,True,OK
qian,50005,Polka,2,11.14,10.2653,True,OK
qian,50005,Polka,3,11.1,10.231,True,OK
qian,50006,Box,1,10.99,10.1797,True,OK
qian,50006,Box,2,11.0,10.1679,True,OK
qian,50006,Box,3,10.98,10.1793,True,OK
qian,50006,Octagon,1,11.96,11.0409,True,OK
qian,50006,Octagon,2,12.08,11.1357,True,OK
qian,50006,Octagon,3,11.97,11.0489,True,OK
qian,50006,Polka,1,11.28,10.4328,True,OK
qian,50006,Polka,2,11.28,10.4534,True,OK
qian,50006,Polka,3,11.23,10.4012,True,OK
qian,50008,Box,1,10.95,10.1542,True,OK
qian,50008,Box,2,10.94,10.1366,True,OK
qian,50008,Box,3,10.94,10.1464,True,OK
qian,50008,Octagon,1,11.44,10.6059,True,OK
qian,50008,Octagon,2,11.41,10.4843,True,OK
qian,50008,Octagon,3,11.43,10.53,True,OK
qian,50008,Polka,1,11.12,10.3051,True,OK
qian,50008,Polka,2,11.18,10.3448,True,OK
qian,50008,Polka,3,11.16,10.3075,True,OK
qian,50009,Box,1,1.87,0.8473,True,OK
qian,50009,Box,2,1.87,0.8486,True,OK
qian,50009,Box,3,1.86,0.8464,True,OK
qian,50009,Octagon,1,1.86,0.0,True,OK
qian,50009,Octagon,2,1.86,0.0,True,OK
qian,50009,Octagon,3,1.88,0.0,True,OK
qian,50009,Polka,1,1.87,0.0,True,OK
qian,50009,Polka,2,1.89,0.0,True,OK
qian,50009,Polka,3,1.87,0.0,True,OK
qian,50010,Box,1,10.91,10.1334,True,OK
qian,50010,Box,2,10.92,10.1276,True,OK
qian,50010,Box,3,10.91,10.1269,True,OK
qian,50010,Octagon,1,11.09,10.2735,True,OK
qian,50010,Octagon,2,11.14,10.3125,True,OK
qian,50010,Octagon,3,11.12,10.2994,True,OK
qian,50010,Polka,1,11.07,10.2294,True,OK
qian,50010,Polka,2,11.08,10.2294,True,OK
qian,50010,Polka,3,11.08,10.2248,True,OK
qian,50011,Box,1,0.69,0.0,False,ERR
qian,50012,Box,1,0.8,0.0,False,OK
qian,50013,Box,1,0.9,0.0,False,ERR
qian,50014,Box,1,10.92,10.1241,True,OK
qian,50014,Box,2,11.0,10.166,True,OK
qian,50014,Box,3,10.93,10.1274,True,OK
qian,50014,Octagon,1,11.13,10.3157,True,OK
qian,50014,Octagon,2,11.09,10.2927,True,OK
qian,50014,Octagon,3,11.15,10.3255,True,OK
qian,50014,Polka,1,11.05,10.215,True,OK
qian,50014,Polka,2,11.04,10.2033,True,OK
qian,50014,Polka,3,11.06,10.2316,True,OK
qian,50015,Box,1,10.97,10.1492,True,OK
qian,50015,Box,2,10.92,10.1253,True,OK
qian,50015,Box,3,10.92,10.1204,True,OK
qian,50015,Octagon,1,11.2,10.3476,True,OK
qian,50015,Octagon,2,11.22,10.3762,True,OK
qian,50015,Octagon,3,11.22,10.3668,True,OK
qian,50015,Polka,1,11.06,10.2443,True,OK
qian,50015,Polka,2,11.03,10.2417,True,OK
qian,50015,Polka,3,11.05,10.2492,True,OK
qian,50016,Box,1,1.62,0.8372,True,OK
qian,50016,Box,2,1.66,0.8431,True,OK
qian,50016,Box,3,1.62,0.8295,True,OK
qian,50016,Octagon,1,1.72,0.8865,True,OK
qian,50016,Octagon,2,1.67,0.8683,True,OK
qian,50016,Octagon,3,1.66,0.8568,True,OK
qian,50016,Polka,1,1.63,0.8364,True,OK
qian,50016,Polka,2,1.64,0.8463,True,OK
qian,50016,Polka,3,1.65,0.8517,True,OK
qian,50017,Box,1,10.93,10.1314,True,OK
qian,50017,Box,2,10.93,10.1236,True,OK
qian,50017,Box,3,10.96,10.1289,True,OK
qian,50017,Octagon,1,11.24,10.3572,True,OK
qian,50017,Octagon,2,11.25,10.398,True,OK
qian,50017,Octagon,3,11.22,10.3817,True,OK
qian,50017,Polka,1,11.09,10.2381,True,OK
qian,50017,Polka,2,11.08,10.2777,True,OK
qian,50017,Polka,3,11.12,10.321,True,OK
qian,50018,Box,1,10.95,10.1533,True,OK
qian,50018,Box,2,10.99,10.1572,True,OK
qian,50018,Box,3,10.94,10.1385,True,OK
qian,50018,Octagon,1,11.26,10.4009,True,OK
qian,50018,Octagon,2,11.26,10.3935,True,OK
qian,50018,Octagon,3,11.31,10.4124,True,OK
qian,50018,Polka,1,11.18,10.3877,True,OK
qian,50018,Polka,2,11.18,10.3656,True,OK
qian,50018,Polka,3,11.14,10.3296,True,OK
qian,50019,Box,1,0.26,0.023,True,OK
qian,50019,Box,2,0.25,0.0232,True,OK
qian,50019,Box,3,0.28,0.0233,True,OK
qian,50019,Octagon,1,0.28,0.0246,True,OK
qian,50019,Octagon,2,0.27,0.0228,True,OK
qian,50019,Octagon,3,0.28,0.0287,True,OK
qian,50019,Polka,1,0.25,0.0215,True,OK
qian,50019,Polka,2,0.29,0.028,True,OK
qian,50019,Polka,3,0.28,0.0228,True,OK
qian,50020,Box,1,0.88,0.0,False,ERR
qian,50021,Box,1,10.95,10.1393,True,OK
qian,50021,Box,2,10.96,10.1611,True,OK
qian,50021,Box,3,10.95,10.1562,True,OK
qian,50021,Octagon,1,11.44,10.5404,True,OK
qian,50021,Octagon,2,11.38,10.4723,True,OK
qian,50021,Octagon,3,11.44,10.5249,True,OK
qian,50021,Polka,1,11.23,10.406,True,OK
qian,50021,Polka,2,11.15,10.3171,True,OK
qian,50021,Polka,3,11.15,10.3365,True,OK
qian,50022,Box,1,1.61,0.8359,True,OK
qian,50022,Box,2,1.63,0.838,True,OK
qian,50022,Box,3,1.63,0.8411,True,OK
qian,50022,Octagon,1,1.64,0.0,True,OK
qian,50022,Octagon,2,1.63,0.0,True,OK
qian,50022,Octagon,3,1.63,0.0,True,OK
qian,50022,Polka,1,1.64,0.0,True,OK
qian,50022,Polka,2,1.64,0.0,True,OK
qian,50022,Polka,3,1.63,0.0,True,OK
qian,50023,Box,1,0.91,0.0,False,ERR
qian,50024,Box,1,1.61,0.8266,True,OK
qian,50024,Box,2,1.62,0.8333,True,OK
qian,50024,Box,3,1.61,0.8274,True,OK
qian,50024,Octagon,1,1.64,0.8423,True,OK
qian,50024,Octagon,2,1.61,0.8402,True,OK
qian,50024,Octagon,3,1.65,0.8504,True,OK
qian,50024,Polka,1,1.65,0.8338,True,OK
qian,50024,Polka,2,1.63,0.8331,True,OK
qian,50024,Polka,3,1.62,0.8431,True,OK
qian,1,Box,1,0.79,0.0,False,OK
qian,10146,Box,1,0.99,0.0,False,OK
qian,10971,Box,1,0.47,0.0,False,ERR
qian,11243,Box,1,0.61,0.201,True,OK
qian,11243,Box,2,0.6,0.2019,True,OK
qian,11243,Box,3,0.59,0.2017,True,OK
qian,11243,Octagon,1,0.62,0.202,True,OK
qian,11243,Octagon,2,0.62,0.2014,True,OK
qian,11243,Octagon,3,0.6,0.2022,True,OK
qian,11243,Polka,1,0.59,0.2014,True,OK
qian,11243,Polka,2,0.59,0.2016,True,OK
qian,11243,Polka,3,0.61,0.2024,True,OK
qian,11323,Box,1,1.82,0.807,True,OK
qian,11323,Box,2,1.84,0.808,True,OK
qian,11323,Box,3,1.82,0.8083,True,OK
qian,11323,Octagon,1,1.83,0.8126,True,OK
qian,11323,Octagon,2,1.83,0.8101,True,OK
qian,11323,Octagon,3,1.83,0.8106,True,OK
qian,11323,Polka,1,1.82,0.8096,True,OK
qian,11323,Polka,2,1.82,0.8084,True,OK
qian,11323,Polka,3,1.82,0.8119,True,OK
qian,11931,Box,1,1.42,0.6051,True,OK
qian,11931,Box,2,1.41,0.6051,True,OK
qian,11931,Box,3,1.42,0.605,True,OK
qian,11931,Octagon,1,1.44,0.6079,True,OK
qian,11931,Octagon,2,1.42,0.6053,True,OK
qian,11931,Octagon,3,1.42,0.6063,True,OK
qian,11931,Polka,1,1.41,0.6057,True,OK
qian,11931,Polka,2,1.41,0.607,True,OK
qian,11931,Polka,3,1.41,0.6094,True,OK
qian,124,Box,1,0.6,0.0,False,OK
qian,1246,Box,1,0.78,0.0,False,OK
qian,1288,Box,1,1.02,0.4045,True,OK
qian,1288,Box,2,1.02,0.4052,True,OK
qian,1288,Box,3,1.02,0.4049,True,OK
qian,1288,Octagon,1,1.01,0.4067,True,OK
qian,1288,Octagon,2,1.02,0.4073,True,OK
qian,1288,Octagon,3,1.03,0.4071,True,OK
qian,1288,Polka,1,1.03,0.4085,True,OK
qian,1288,Polka,2,1.03,0.4097,True,OK
qian,1288,Polka,3,1.02,0.4064,True,OK
qian,134,Box,1,0.82,0.0,False,OK
qian,135,Box,1,0.82,0.0,False,OK
qian,136,Box,1,0.99,0.0,False,OK
qian,1430,Box,1,1.0,0.6247,True,OK
qian,1430,Box,2,1.0,0.6278,True,OK
qian,1430,Box,3,1.01,0.6334,True,OK
qian,1430,Octagon,1,1.03,0.6292,True,OK
qian,1430,Octagon,2,1.02,0.6343,True,OK
qian,1430,Octagon,3,1.01,0.6309,True,OK
qian,1430,Polka,1,1.02,0.6437,True,OK
qian,1430,Polka,2,1.02,0.639,True,OK
qian,1430,Polka,3,1.01,0.6297,True,OK
qian,14351,Box,1,0.8,0.0,False,OK
qian,14353,Box,1,0.58,0.0,False,OK
qian,14381,Box,1,0.79,0.0,False,OK
qian,14620,Box,1,1.01,0.6354,True,OK
qian,14620,Box,2,1.01,0.6254,True,OK
qian,14620,Box,3,1.02,0.6256,True,OK
qian,14620,Octagon,1,1.22,0.8478,True,OK
qian,14620,Octagon,2,1.22,0.8414,True,OK
qian,14620,Octagon,3,1.21,0.8389,True,OK
qian,14620,Polka,1,1.23,0.8344,True,OK
qian,14620,Polka,2,1.23,0.8418,True,OK
qian,14620,Polka,3,1.23,0.8479,True,OK
qian,15,Box,1,0.35,0.0,False,OK
qian,16018,Box,1,0.57,0.0,False,OK
qian,1631,Box,1,0.61,0.0,False,OK
qian,16521,Box,1,0.58,0.0,False,OK
qian,16643,Box,1,0.48,0.0,False,ERR
qian,1668,Box,1,0.57,0.0,False,OK
qian,169,Box,1,1.01,0.4054,True,OK
qian,169,Box,2,1.01,0.4059,True,OK
qian,169,Box,3,1.06,0.405,True,OK
qian,169,Octagon,1,1.03,0.4065,True,OK
qian,169,Octagon,2,1.02,0.4061,True,OK
qian,169,Octagon,3,1.02,0.4086,True,OK
qian,169,Polka,1,1.01,0.4097,True,OK
qian,169,Polka,2,1.02,0.4062,True,OK
qian,169,Polka,3,1.0,0.4051,True,OK
qian,16925,Box,1,10.72,10.1255,True,OK
qian,16925,Box,2,10.71,10.1188,True,OK
qian,16925,Box,3,10.7,10.1181,True,OK
qian,16925,Octagon,1,10.86,10.2887,True,OK
qian,16925,Octagon,2,10.9,10.3155,True,OK
qian,16925,Octagon,3,11.01,10.3973,True,OK
qian,16925,Polka,1,10.8,10.1848,True,OK
qian,16925,Polka,2,10.8,10.2109,True,OK
qian,16925,Polka,3,10.82,10.2284,True,OK
qian,17043,Box,1,10.71,10.115,True,OK
qian,17043,Box,2,10.7,10.1162,True,OK
qian,17043,Box,3,10.71,10.1229,True,OK
qian,17043,Octagon,1,10.95,10.3452,True,OK
qian,17043,Octagon,2,10.9,10.2998,True,OK
qian,17043,Octagon,3,10.86,10.298,True,OK
qian,17043,Polka,1,10.83,10.2485,True,OK
qian,17043,Polka,2,10.82,10.2096,True,OK
qian,17043,Polka,3,10.82,10.2266,True,OK
qian,176,Box,1,0.47,0.0,False,ERR
qian,177,Box,1,0.7,0.0,False,ERR
qian,17829,Box,1,10.92,10.1267,True,OK
qian,17829,Box,2,10.94,10.1309,True,OK
qian,17829,Box,3,10.95,10.1624,True,OK
qian,17829,Octagon,1,11.27,10.4293,True,OK
qian,17829,Octagon,2,11.22,10.3659,True,OK
qian,17829,Octagon,3,11.78,10.7648,True,OK
qian,17829,Polka,1,11.48,10.4776,True,OK
qian,17829,Polka,2,11.7,10.7044,True,OK
qian,17829,Polka,3,11.66,10.6246,True,OK
qian,19128,Box,1,0.18,0.0138,True,OK
qian,19128,Box,2,0.17,0.0134,True,OK
qian,19128,Box,3,0.19,0.0132,True,OK
qian,19128,Octagon,1,0.17,0.0125,True,OK
qian,19128,Octagon,2,0.18,0.024,True,OK
qian,19128,Octagon,3,0.18,0.0142,True,OK
qian,19128,Polka,1,0.17,0.0127,True,OK
qian,19128,Polka,2,0.17,0.0123,True,OK
qian,19128,Polka,3,0.17,0.0127,True,OK
qian,2000,Box,1,1.06,0.0,False,OK
qian,2051,Box,1,1.65,0.6106,True,OK
qian,2051,Box,2,1.63,0.6103,True,OK
qian,2051,Box,3,1.62,0.6098,True,OK
qian,2051,Octagon,1,1.64,0.6204,True,OK
qian,2051,Octagon,2,1.62,0.6415,True,OK
qian,2051,Octagon,3,1.63,0.6191,True,OK
qian,2051,Polka,1,1.65,0.615,True,OK
qian,2051,Polka,2,1.67,0.6145,True,OK
qian,2051,Polka,3,1.61,0.6137,True,OK
qian,21393,Box,1,1.21,0.4075,True,OK
qian,21393,Box,2,1.2,0.4075,True,OK
qian,21393,Box,3,1.26,0.4076,True,OK
qian,21393,Octagon,1,1.24,0.412,True,OK
qian,21393,Octagon,2,1.25,0.4124,True,OK
qian,21393,Octagon,3,1.21,0.4089,True,OK
qian,21393,Polka,1,1.19,0.4118,True,OK
qian,21393,Polka,2,1.23,0.4124,True,OK
qian,21393,Polka,3,1.23,0.4122,True,OK
qian,21404,Box,1,1.23,0.4076,True,OK
qian,21404,Box,2,1.23,0.4078,True,OK
qian,21404,Box,3,1.18,0.4079,True,OK
qian,21404,Octagon,1,1.15,0.4118,True,OK
qian,21404,Octagon,2,1.18,0.4118,True,OK
qian,21404,Octagon,3,1.18,0.4117,True,OK
qian,21404,Polka,1,1.16,0.4117,True,OK
qian,21404,Polka,2,1.19,0.4118,True,OK
qian,21404,Polka,3,1.19,0.4127,True,OK
qian,2307,Box,1,10.82,10.2773,True,OK
qian,2307,Box,2,10.81,10.2602,True,OK
qian,2307,Box,3,10.82,10.2589,True,OK
qian,2307,Octagon,1,11.3,10.6947,True,OK
qian,2307,Octagon,2,11.27,10.6778,True,OK
qian,2307,Octagon,3,11.35,10.7186,True,OK
qian,2307,Polka,1,11.15,10.5369,True,OK
qian,2307,Polka,2,11.12,10.4293,True,OK
qian,2307,Polka,3,11.09,10.4668,True,OK
qian,2397,Box,1,1.02,0.0,False,OK
qian,26742,Box,1,10.93,10.1445,True,OK
qian,26742,Box,2,10.9,10.1369,True,OK
qian,26742,Box,3,10.91,10.1452,True,OK
qian,26742,Octagon,1,11.1,10.3202,True,OK
qian,26742,Octagon,2,11.13,10.3265,True,OK
qian,26742,Octagon,3,11.14,10.3549,True,OK
qian,26742,Polka,1,11.02,10.2069,True,OK
qian,26742,Polka,2,11.05,10.2662,True,OK
qian,26742,Polka,3,11.01,10.2427,True,OK
qian,30101,Box,1,10.91,10.1362,True,OK
qian,30101,Box,2,10.88,10.1174,True,OK
qian,30101,Box,3,10.91,10.1278,True,OK
qian,30101,Octagon,1,11.21,10.351,True,OK
qian,30101,Octagon,2,11.21,10.3665,True,OK
qian,30101,Octagon,3,11.21,10.3767,True,OK
qian,30101,Polka,1,11.03,10.2423,True,OK
qian,30101,Polka,2,11.04,10.2325,True,OK
qian,30101,Polka,3,11.08,10.2985,True,OK
qian,30396,Box,1,1.25,0.4077,True,OK
qian,30396,Box,2,1.24,0.4083,True,OK
qian,30396,Box,3,1.25,0.4083,True,OK
qian,30396,Octagon,1,1.28,0.4376,True,OK
qian,30396,Octagon,2,1.28,0.4166,True,OK
qian,30396,Octagon,3,1.24,0.4178,True,OK
qian,30396,Polka,1,1.33,0.4149,True,OK
qian,30396,Polka,2,1.31,0.4124,True,OK
qian,30396,Polka,3,1.38,0.4121,True,OK
qian,30813,Box,1,1.02,0.0,False,OK
qian,30815,Box,1,1.2,0.0,False,OK
qian,318,Box,1,2.07,1.2501,True,OK
qian,318,Box,2,2.08,1.2598,True,OK
qian,318,Box,3,2.09,1.2619,True,OK
qian,318,Octagon,1,2.08,0.411,True,OK
qian,318,Octagon,2,2.1,0.4255,True,OK
qian,318,Octagon,3,2.08,0.4098,True,OK
qian,318,Polka,1,2.08,0.4108,True,OK
qian,318,Polka,2,2.1,0.4316,True,OK
qian,318,Polka,3,2.06,0.4329,True,OK
qian,3185,Box,1,0.53,0.0,False,OK
qian,3211,Box,1,0.79,0.0,False,ERR
qian,32175,Box,1,2.05,0.8153,True,OK
qian,32175,Box,2,2.09,0.8136,True,OK
qian,32175,Box,3,2.07,0.8146,True,OK
qian,32175,Octagon,1,2.08,0.8213,True,OK
qian,32175,Octagon,2,2.1,0.8239,True,OK
qian,32175,Octagon,3,2.11,0.8205,True,OK
qian,32175,Polka,1,2.07,0.8221,True,OK
qian,32175,Polka,2,2.12,0.8296,True,OK
qian,32175,Polka,3,2.06,0.8471,True,OK
qian,3270,Box,1,0.79,0.0,False,OK
qian,339,Box,1,1.19,0.4054,True,OK
qian,339,Box,2,1.18,0.4052,True,OK
qian,339,Box,3,1.23,0.4059,True,OK
qian,339,Octagon,1,1.26,0.4102,True,OK
qian,339,Octagon,2,1.19,0.4095,True,OK
qian,339,Octagon,3,1.24,0.41,True,OK
qian,339,Polka,1,1.2,0.4115,True,OK
qian,339,Polka,2,1.17,0.409,True,OK
qian,339,Polka,3,1.15,0.411,True,OK
qian,34442,Box,1,1.62,0.6127,True,OK
qian,34442,Box,2,1.7,0.6139,True,OK
qian,34442,Box,3,1.65,0.6129,True,OK
qian,34442,Octagon,1,1.75,0.6731,True,OK
qian,34442,Octagon,2,1.77,0.6833,True,OK
qian,34442,Octagon,3,1.77,0.6676,True,OK
qian,34442,Polka,1,1.75,0.6518,True,OK
qian,34442,Polka,2,1.74,0.6323,True,OK
qian,34442,Polka,3,1.73,0.6263,True,OK
qian,35285,Box,1,0.83,0.0,False,OK
qian,3654,Box,1,0.84,0.0,False,OK
qian,37891,Box,1,10.93,10.1549,True,OK
qian,37891,Box,2,10.93,10.1602,True,OK
qian,37891,Box,3,10.92,10.1478,True,OK
qian,37891,Octagon,1,11.34,10.4771,True,OK
qian,37891,Octagon,2,11.36,10.4771,True,OK
qian,37891,Octagon,3,11.36,10.5249,True,OK
qian,37891,Polka,1,11.13,10.3336,True,OK
qian,37891,Polka,2,11.11,10.3412,True,OK
qian,37891,Polka,3,11.07,10.2798,True,OK
qian,38925,Box,1,0.58,0.0,False,ERR
qian,39095,Box,1,1.32,0.0,False,OK
qian,39559,Box,1,1.04,0.0,False,OK
qian,39583,Box,1,1.03,0.0,False,OK
qian,400,Box,1,1.71,0.6128,True,OK
qian,400,Box,2,1.65,0.6129,True,OK
qian,400,Box,3,1.74,0.6126,True,OK
qian,400,Octagon,1,1.74,0.6206,True,OK
qian,400,Octagon,2,1.67,0.6208,True,OK
qian,400,Octagon,3,1.64,0.6199,True,OK
qian,400,Polka,1,1.67,0.6167,True,OK
qian,400,Polka,2,1.64,0.617,True,OK
qian,400,Polka,3,1.66,0.6167,True,OK
qian,40252,Box,1,0.77,0.0,False,OK
qian,44,Box,1,1.23,0.4072,True,OK
qian,44,Box,2,1.25,0.4069,True,OK
qian,44,Box,3,1.2,0.4087,True,OK
qian,44,Octagon,1,1.25,0.4129,True,OK
qian,44,Octagon,2,1.24,0.4123,True,OK
qian,44,Octagon,3,1.25,0.4126,True,OK
qian,44,Polka,1,1.27,0.4133,True,OK
qian,44,Polka,2,1.27,0.4129,True,OK
qian,44,Polka,3,1.27,0.4136,True,OK
qian,4474,Box,1,1.23,0.4066,True,OK
qian,4474,Box,2,1.24,0.4054,True,OK
qian,4474,Box,3,1.22,0.4056,True,OK
qian,4474,Octagon,1,1.27,0.4118,True,OK
qian,4474,Octagon,2,1.2,0.4102,True,OK
qian,4474,Octagon,3,1.2,0.4099,True,OK
qian,4474,Polka,1,1.23,0.4101,True,OK
qian,4474,Polka,2,1.25,0.4121,True,OK
qian,4474,Polka,3,1.26,0.4104,True,OK
qian,4523,Box,1,1.75,0.6176,True,OK
qian,4523,Box,2,1.72,0.6162,True,OK
qian,4523,Box,3,1.75,0.6389,True,OK
qian,4523,Octagon,1,1.77,0.6441,True,OK
qian,4523,Octagon,2,1.76,0.6636,True,OK
qian,4523,Octagon,3,1.73,0.6417,True,OK
qian,4523,Polka,1,1.69,0.6239,True,OK
qian,4523,Polka,2,1.7,0.646,True,OK
qian,4523,Polka,3,1.7,0.6244,True,OK
qian,4598,Box,1,0.93,0.0,False,OK
qian,4926,Box,1,1.62,0.6109,True,OK
qian,4926,Box,2,1.6,0.6108,True,OK
qian,4926,Box,3,1.63,0.6118,True,OK
qian,4926,Octagon,1,1.67,0.6189,True,OK
qian,4926,Octagon,2,1.63,0.6198,True,OK
qian,4926,Octagon,3,1.65,0.6188,True,OK
qian,4926,Polka,1,1.64,0.6165,True,OK
qian,4926,Polka,2,1.62,0.6168,True,OK
qian,4926,Polka,3,1.67,0.6169,True,OK
qian,496,Box,1,0.77,0.0,False,OK
qian,4993,Box,1,0.71,0.0,False,OK
qian,50215,Box,1,1.21,0.4075,True,OK
qian,50215,Box,2,1.17,0.4074,True,OK
qian,50215,Box,3,1.17,0.4074,True,OK
qian,50215,Octagon,1,1.26,0.4116,True,OK
qian,50215,Octagon,2,1.21,0.411,True,OK
qian,50215,Octagon,3,1.24,0.4117,True,OK
qian,50215,Polka,1,1.25,0.4117,True,OK
qian,50215,Polka,2,1.23,0.4128,True,OK
qian,50215,Polka,3,1.26,0.4127,True,OK
qian,50217,Box,1,0.77,0.0,False,ERR
qian,50221,Box,1,0.76,0.0,False,OK
qian,50330,Box,1,1.05,0.0,False,OK
qian,50331,Box,1,1.71,0.6146,True,OK
qian,50331,Box,2,1.65,0.6147,True,OK
qian,50331,Box,3,1.68,0.6136,True,OK
qian,50331,Octagon,1,1.7,0.6261,True,OK
qian,50331,Octagon,2,1.71,0.6226,True,OK
qian,50331,Octagon,3,1.7,0.6251,True,OK
qian,50331,Polka,1,1.7,0.6207,True,OK
qian,50331,Polka,2,1.71,0.6205,True,OK
qian,50331,Polka,3,1.71,0.6221,True,OK
qian,50336,Box,1,1.09,0.0,False,OK
qian,50337,Box,1,0.99,0.0,False,OK
qian,50338,Box,1,0.98,0.0,False,OK
qian,50339,Box,1,0.76,0.0,False,OK
qian,50440,Box,1,0.94,0.0,False,OK
qian,50441,Box,1,1.75,0.622,True,OK
qian,50441,Box,2,1.73,0.6391,True,OK
qian,50441,Box,3,1.69,0.6378,True,OK
qian,50441,Octagon,1,1.78,0.7007,True,OK
qian,50441,Octagon,2,1.81,0.7199,True,OK
qian,50441,Octagon,3,1.77,0.7196,True,OK
qian,50441,Polka,1,1.7,0.635,True,OK
qian,50441,Polka,2,1.7,0.6406,True,OK
qian,50441,Polka,3,1.69,0.6373,True,OK
qian,50442,Box,1,1.0,0.0,False,ERR
qian,50444,Box,1,1.01,0.0,False,OK
qian,50445,Box,1,1.65,0.6141,True,OK
qian,50445,Box,2,1.64,0.614,True,OK
qian,50445,Box,3,1.62,0.614,True,OK
qian,50445,Octagon,1,1.67,0.6254,True,OK
qian,50445,Octagon,2,1.66,0.6264,True,OK
qian,50445,Octagon,3,1.65,0.6447,True,OK
qian,50445,Polka,1,1.6,0.6209,True,OK
qian,50445,Polka,2,1.65,0.6216,True,OK
qian,50445,Polka,3,1.68,0.6214,True,OK
qian,50446,Box,1,1.01,0.0,False,OK
qian,50447,Box,1,2.02,0.8158,True,OK
qian,50447,Box,2,2.03,0.8135,True,OK
qian,50447,Box,3,2.01,0.8137,True,OK
qian,50447,Octagon,1,2.05,0.8439,True,OK
qian,50447,Octagon,2,2.03,0.8453,True,OK
qian,50447,Octagon,3,2.04,0.8463,True,OK
qian,50447,Polka,1,2.05,0.8247,True,OK
qian,50447,Polka,2,2.06,0.8232,True,OK
qian,50447,Polka,3,2.05,0.8234,True,OK
qian,50449,Box,1,1.72,0.6206,True,OK
qian,50449,Box,2,1.73,0.6183,True,OK
qian,50449,Box,3,1.72,0.6209,True,OK
qian,50449,Octagon,1,1.78,0.6559,True,OK
qian,50449,Octagon,2,1.77,0.6557,True,OK
qian,50449,Octagon,3,1.75,0.6553,True,OK
qian,50449,Polka,1,1.74,0.6354,True,OK
qian,50449,Polka,2,1.72,0.6341,True,OK
qian,50449,Polka,3,1.7,0.6355,True,OK
qian,50550,Box,1,0.97,0.0,False,OK
qian,50551,Box,1,0.97,0.0,False,OK
qian,50553,Box,1,1.66,0.6155,True,OK
qian,50553,Box,2,1.67,0.6132,True,OK
qian,50553,Box,3,1.64,0.6136,True,OK
qian,50553,Octagon,1,1.71,0.6274,True,OK
qian,50553,Octagon,2,1.7,0.6426,True,OK
qian,50553,Octagon,3,1.65,0.6144,True,OK
qian,50553,Polka,1,1.62,0.6147,True,OK
qian,50553,Polka,2,1.6,0.6197,True,OK
qian,50553,Polka,3,1.6,0.6161,True,OK
qian,50554,Box,1,1.09,0.0,False,OK
qian,50555,Box,1,0.9,0.0,False,OK
qian,50557,Box,1,1.57,0.6222,True,OK
qian,50557,Box,2,1.61,0.6213,True,OK
qian,50557,Box,3,1.56,0.6229,True,OK
qian,50557,Octagon,1,1.57,0.6347,True,OK
qian,50557,Octagon,2,1.59,0.6467,True,OK
qian,50557,Octagon,3,1.6,0.6554,True,OK
qian,50557,Polka,1,1.57,0.6369,True,OK
qian,50557,Polka,2,1.58,0.6335,True,OK
qian,50557,Polka,3,1.63,0.6238,True,OK
qian,50558,Box,1,1.5,0.6099,True,OK
qian,50558,Box,2,1.52,0.6205,True,OK
qian,50558,Box,3,1.53,0.6302,True,OK
qian,50558,Octagon,1,1.57,0.6459,True,OK
qian,50558,Octagon,2,1.51,0.625,True,OK
qian,50558,Octagon,3,1.54,0.626,True,OK
qian,50558,Polka,1,1.51,0.6189,True,OK
qian,50558,Polka,2,1.54,0.629,True,OK
qian,50558,Polka,3,1.51,0.6172,True,OK
qian,50559,Box,1,0.83,0.0,False,OK
qian,50660,Box,1,1.45,0.6298,True,OK
qian,50660,Box,2,1.48,0.6479,True,OK
qian,50660,Box,3,1.45,0.644,True,OK
qian,50660,Octagon,1,1.77,0.879,True,OK
qian,50660,Octagon,2,1.82,0.9432,True,OK
qian,50660,Octagon,3,1.72,0.8514,True,OK
qian,50660,Polka,1,1.68,0.8485,True,OK
qian,50660,Polka,2,1.7,0.8613,True,OK
qian,50660,Polka,3,1.69,0.8569,True,OK
qian,50661,Box,1,0.87,0.0,False,OK
qian,50662,Box,1,1.52,0.6506,True,OK
qian,50662,Box,2,1.48,0.6455,True,OK
qian,50662,Box,3,1.51,0.6525,True,OK
qian,50662,Octagon,1,1.79,0.8983,True,OK
qian,50662,Octagon,2,1.83,0.9581,True,OK
qian,50662,Octagon,3,1.8,0.892,True,OK
qian,50662,Polka,1,1.74,0.8797,True,OK
qian,50662,Polka,2,1.73,0.8645,True,OK
qian,50662,Polka,3,1.71,0.856,True,OK
qian,50663,Box,1,1.1,0.0,False,OK
qian,50664,Box,1,1.55,0.6104,True,OK
qian,50664,Box,2,1.54,0.6117,True,OK
qian,50664,Box,3,1.54,0.6138,True,OK
qian,50664,Octagon,1,1.54,0.632,True,OK
qian,50664,Octagon,2,1.54,0.6318,True,OK
qian,50664,Octagon,3,1.58,0.6627,True,OK
qian,50664,Polka,1,1.55,0.6272,True,OK
qian,50664,Polka,2,1.59,0.6254,True,OK
qian,50664,Polka,3,1.57,0.6236,True,OK
qian,50665,Box,1,0.83,0.0,False,OK
qian,50666,Box,1,0.83,0.0,False,OK
qian,50668,Box,1,1.1,0.0,False,OK
qian,50669,Box,1,0.85,0.0,False,OK
qian,50770,Box,1,1.04,0.0,False,OK
qian,50771,Box,1,11.12,10.2624,True,OK
qian,50771,Box,2,11.14,10.2558,True,OK
qian,50771,Box,3,11.17,10.2945,True,OK
qian,50771,Octagon,1,1.9,1.04,True,OK
qian,50771,Octagon,2,1.89,1.001,True,OK
qian,50771,Octagon,3,1.89,1.0051,True,OK
qian,50771,Polka,1,11.55,10.6553,True,OK
qian,50771,Polka,2,11.52,10.5983,True,OK
qian,50771,Polka,3,11.5,10.5851,True,OK
qian,50773,Box,1,0.87,0.0,False,OK
qian,50774,Box,1,11.1,10.2392,True,OK
qian,50774,Box,2,11.05,10.1955,True,OK
qian,50774,Box,3,11.01,10.1817,True,OK
qian,50774,Octagon,1,11.42,10.506,True,OK
qian,50774,Octagon,2,11.45,10.5003,True,OK
qian,50774,Octagon,3,11.51,10.5802,True,OK
qian,50774,Polka,1,11.24,10.3977,True,OK
qian,50774,Polka,2,11.24,10.3811,True,OK
qian,50774,Polka,3,11.26,10.4047,True,OK
qian,50775,Box,1,10.96,10.1473,True,OK
qian,50775,Box,2,10.99,10.1649,True,OK
qian,50775,Box,3,10.95,10.1531,True,OK
qian,50775,Octagon,1,11.22,10.3652,True,OK
qian,50775,Octagon,2,11.23,10.3756,True,OK
qian,50775,Octagon,3,11.25,10.3925,True,OK
qian,50775,Polka,1,11.15,10.2688,True,OK
qian,50775,Polka,2,11.14,10.2723,True,OK
qian,50775,Polka,3,11.14,10.2698,True,OK
qian,50776,Box,1,0.7,0.0,False,ERR
qian,50777,Box,1,0.8,0.0,False,OK
qian,50778,Box,1,0.85,0.0,False,OK
qian,50779,Box,1,10.98,10.1575,True,OK
qian,50779,Box,2,10.98,10.1547,True,OK
qian,50779,Box,3,10.98,10.1601,True,OK
qian,50779,Octagon,1,11.25,10.3626,True,OK
qian,50779,Octagon,2,11.24,10.368,True,OK
qian,50779,Octagon,3,11.24,10.3749,True,OK
qian,50779,Polka,1,11.16,10.3331,True,OK
qian,50779,Polka,2,11.16,10.2818,True,OK
qian,50779,Polka,3,11.15,10.3199,True,OK
qian,50780,Box,1,10.97,10.1593,True,OK
qian,50780,Box,2,10.95,10.1395,True,OK
qian,50780,Box,3,10.98,10.1579,True,OK
qian,50780,Octagon,1,11.18,10.3789,True,OK
qian,50780,Octagon,2,11.19,10.3265,True,OK
qian,50780,Octagon,3,11.2,10.3654,True,OK
qian,50780,Polka,1,11.16,10.2929,True,OK
qian,50780,Polka,2,11.2,10.3353,True,OK
qian,50780,Polka,3,11.14,10.3231,True,OK
qian,50781,Box,1,10.95,10.1464,True,OK
qian,50781,Box,2,10.97,10.1516,True,OK
qian,50781,Box,3,10.98,10.1738,True,OK
qian,50781,Octagon,1,11.21,10.3583,True,OK
qian,50781,Octagon,2,11.36,10.5123,True,OK
qian,50781,Octagon,3,11.24,10.3587,True,OK
qian,50781,Polka,1,11.15,10.3269,True,OK
qian,50781,Polka,2,11.15,10.276,True,OK
qian,50781,Polka,3,11.14,10.3119,True,OK
qian,50782,Box,1,11.02,10.1957,True,OK
qian,50782,Box,2,11.02,10.1928,True,OK
qian,50782,Box,3,11.03,10.2104,True,OK
qian,50782,Octagon,1,11.5,10.5549,True,OK
qian,50782,Octagon,2,11.49,10.5465,True,OK
qian,50782,Octagon,3,11.44,10.5125,True,OK
qian,50782,Polka,1,11.34,10.4935,True,OK
qian,50782,Polka,2,11.23,10.3883,True,OK
qian,50782,Polka,3,11.23,10.3826,True,OK
qian,50783,Box,1,10.99,10.1617,True,OK
qian,50783,Box,2,11.0,10.1609,True,OK
qian,50783,Box,3,10.97,10.1608,True,OK
qian,50783,Octagon,1,11.26,10.3936,True,OK
qian,50783,Octagon,2,11.23,10.3722,True,OK
qian,50783,Octagon,3,11.2,10.3469,True,OK
qian,50783,Polka,1,11.13,10.3146,True,OK
qian,50783,Polka,2,11.14,10.3101,True,OK
qian,50783,Polka,3,11.17,10.3179,True,OK
qian,50784,Box,1,1.03,0.0,False,OK
qian,50785,Box,1,0.8,0.0,False,OK
qian,50786,Box,1,10.96,10.1712,True,OK
qian,50786,Box,2,10.98,10.1645,True,OK
qian,50786,Box,3,10.98,10.1858,True,OK
qian,50786,Octagon,1,11.48,10.6666,True,OK
qian,50786,Octagon,2,11.47,10.6628,True,OK
qian,50786,Octagon,3,11.46,10.6507,True,OK
qian,50786,Polka,1,11.2,10.3649,True,OK
qian,50786,Polka,2,11.16,10.3699,True,OK
qian,50786,Polka,3,11.16,10.3323,True,OK
qian,50787,Box,1,0.59,0.0,False,OK
qian,50788,Box,1,0.7,0.0,False,ERR
qian,50789,Box,1,1.02,0.0,False,OK
qian,50791,Box,1,10.96,10.1631,True,OK
qian,50791,Box,2,10.96,10.1809,True,OK
qian,50791,Box,3,10.97,10.1949,True,OK
qian,50791,Octagon,1,12.24,11.2451,True,OK
qian,50791,Octagon,2,12.18,11.2763,True,OK
qian,50791,Octagon,3,12.16,11.2966,True,OK
qian,50791,Polka,1,11.34,10.511,True,OK
qian,50791,Polka,2,11.26,10.4238,True,OK
qian,50791,Polka,3,11.3,10.4706,True,OK
qian,50792,Box,1,11.15,10.1693,True,OK
qian,50792,Box,2,11.15,10.1701,True,OK
qian,50792,Box,3,11.13,10.1701,True,OK
qian,50792,Octagon,1,11.53,10.454,True,OK
qian,50792,Octagon,2,11.56,10.4717,True,OK
qian,50792,Octagon,3,11.59,10.5056,True,OK
qian,50792,Polka,1,11.33,10.3363,True,OK
qian,50792,Polka,2,11.37,10.3751,True,OK
qian,50792,Polka,3,11.32,10.3136,True,OK
qian,50793,Box,1,0.77,0.0,False,OK
qian,50794,Box,1,0.68,0.0,False,ERR
qian,50795,Box,1,0.76,0.0,False,OK
qian,50798,Box,1,10.91,10.1394,True,OK
qian,50798,Box,2,10.92,10.1457,True,OK
qian,50798,Box,3,10.91,10.1499,True,OK
qian,50798,Octagon,1,11.07,10.2675,True,OK
qian,50798,Octagon,2,11.13,10.3142,True,OK
qian,50798,Octagon,3,11.13,10.3131,True,OK
qian,50798,Polka,1,11.07,10.245,True,OK
qian,50798,Polka,2,11.04,10.2239,True,OK
qian,50798,Polka,3,11.06,10.2225,True,OK
qian,538,Box,1,1.0,0.4023,True,OK
qian,538,Box,2,0.98,0.4036,True,OK
qian,538,Box,3,1.0,0.4027,True,OK
qian,538,Octagon,1,1.0,0.4072,True,OK
qian,538,Octagon,2,0.98,0.4045,True,OK
qian,538,Octagon,3,0.98,0.4084,True,OK
qian,538,Polka,1,1.0,0.4047,True,OK
qian,538,Polka,2,0.99,0.4073,True,OK
qian,538,Polka,3,0.99,0.4046,True,OK
qian,5629,Box,1,1.41,0.6327,True,OK
qian,5629,Box,2,1.42,0.6377,True,OK
qian,5629,Box,3,1.42,0.6245,True,OK
qian,5629,Octagon,1,1.42,0.6446,True,OK
qian,5629,Octagon,2,1.42,0.6486,True,OK
qian,5629,Octagon,3,1.42,0.6436,True,OK
qian,5629,Polka,1,1.42,0.6344,True,OK
qian,5629,Polka,2,1.41,0.6364,True,OK
qian,5629,Polka,3,1.42,0.6388,True,OK
qian,6192,Box,1,0.57,0.0,False,OK
qian,625,Box,1,1.4,0.6066,True,OK
qian,625,Box,2,1.4,0.6048,True,OK
qian,625,Box,3,1.48,0.607,True,OK
qian,625,Octagon,1,1.41,0.6122,True,OK
qian,625,Octagon,2,1.41,0.6111,True,OK
qian,625,Octagon,3,1.43,0.6096,True,OK
qian,625,Polka,1,1.41,0.6109,True,OK
qian,625,Polka,2,1.41,0.6104,True,OK
qian,625,Polka,3,1.43,0.6085,True,OK
qian,649,Box,1,1.42,0.6091,True,OK
qian,649,Box,2,1.42,0.6091,True,OK
qian,649,Box,3,1.43,0.6106,True,OK
qian,649,Octagon,1,1.42,0.6209,True,OK
qian,649,Octagon,2,1.43,0.6169,True,OK
qian,649,Octagon,3,1.42,0.6207,True,OK
qian,649,Polka,1,1.42,0.6174,True,OK
qian,649,Polka,2,1.42,0.6193,True,OK
qian,649,Polka,3,1.43,0.6189,True,OK
qian,650,Box,1,0.57,0.0,False,OK
qian,666,Box,1,1.4,0.6073,True,OK
qian,666,Box,2,1.41,0.6063,True,OK
qian,666,Box,3,1.39,0.607,True,OK
qian,666,Octagon,1,1.4,0.6078,True,OK
qian,666,Octagon,2,1.38,0.6079,True,OK
qian,666,Octagon,3,1.39,0.6082,True,OK
qian,666,Polka,1,1.41,0.6091,True,OK
qian,666,Polka,2,1.4,0.608,True,OK
qian,666,Polka,3,1.4,0.6108,True,OK
qian,737,Box,1,0.77,0.0,False,OK
qian,738,Box,1,0.78,0.0,False,OK
qian,740,Box,1,0.96,0.0,False,OK
qian,7570,Box,1,1.81,0.8089,True,OK
qian,7570,Box,2,1.81,0.8087,True,OK
qian,7570,Box,3,1.81,0.8093,True,OK
qian,7570,Octagon,1,1.83,0.827,True,OK
qian,7570,Octagon,2,1.83,0.8272,True,OK
qian,7570,Octagon,3,1.82,0.814,True,OK
qian,7570,Polka,1,1.81,0.8181,True,OK
qian,7570,Polka,2,1.81,0.8197,True,OK
qian,7570,Polka,3,1.81,0.8107,True,OK
qian,797,Box,1,1.8,0.8095,True,OK
qian,797,Box,2,1.81,0.8074,True,OK
qian,797,Box,3,1.81,0.8076,True,OK
qian,797,Octagon,1,1.8,0.8122,True,OK
qian,797,Octagon,2,1.8,0.8091,True,OK
qian,797,Octagon,3,1.81,0.8101,True,OK
qian,797,Polka,1,1.81,0.8128,True,OK
qian,797,Polka,2,1.82,0.8128,True,OK
qian,797,Polka,3,1.8,0.811,True,OK
qian,8026,Box,1,0.56,0.0,False,OK
qian,8342,Box,1,1.17,0.8228,True,OK
qian,8342,Box,2,1.17,0.8218,True,OK
qian,8342,Box,3,1.17,0.8212,True,OK
qian,8342,Octagon,1,1.18,0.0,True,OK
qian,8342,Octagon,2,1.16,0.0,True,OK
qian,8342,Octagon,3,1.16,0.0,True,OK
qian,8342,Polka,1,1.17,0.0,True,OK
qian,8342,Polka,2,1.17,0.0,True,OK
qian,8342,Polka,3,1.16,0.0,True,OK
qian,84,Box,1,1.4,0.6058,True,OK
qian,84,Box,2,1.4,0.6075,True,OK
qian,84,Box,3,1.4,0.6079,True,OK
qian,84,Octagon,1,1.4,0.6143,True,OK
qian,84,Octagon,2,1.4,0.6195,True,OK
qian,84,Octagon,3,1.41,0.6153,True,OK
qian,84,Polka,1,1.41,0.6112,True,OK
qian,84,Polka,2,1.41,0.612,True,OK
qian,84,Polka,3,1.39,0.612,True,OK
qian,883,Box,1,0.57,0.2015,True,OK
qian,883,Box,2,0.56,0.2018,True,OK
qian,883,Box,3,0.56,0.2013,True,OK
qian,883,Octagon,1,0.57,0.2019,True,OK
qian,883,Octagon,2,0.57,0.2023,True,OK
qian,883,Octagon,3,0.56,0.2024,True,OK
qian,883,Polka,1,0.56,0.2018,True,OK
qian,883,Polka,2,0.58,0.203,True,OK
qian,883,Polka,3,0.58,0.202,True,OK
qian,8872,Box,1,10.95,10.1786,True,OK
qian,8872,Box,2,10.94,10.1704,True,OK
qian,8872,Box,3,10.96,10.1852,True,OK
qian,8872,Octagon,1,11.77,10.969,True,OK
qian,8872,Octagon,2,11.85,10.971,True,OK
qian,8872,Octagon,3,11.79,10.9011,True,OK
qian,8872,Polka,1,11.17,10.3678,True,OK
qian,8872,Polka,2,11.2,10.3712,True,OK
qian,8872,Polka,3,11.18,10.3743,True,OK
qian,9428,Box,1,0.8,0.0,False,OK
qian,10369,Box,1,1.84,0.8093,True,OK
qian,10369,Box,2,1.87,0.824,True,OK
qian,10369,Box,3,1.84,0.8077,True,OK
qian,10369,Octagon,1,1.83,0.82,True,OK
qian,10369,Octagon,2,1.87,0.8335,True,OK
qian,10369,Octagon,3,1.85,0.8348,True,OK
qian,10369,Polka,1,1.83,0.8132,True,OK
qian,10369,Polka,2,1.87,0.8363,True,OK
qian,10369,Polka,3,1.83,0.8219,True,OK
qian,1115,Box,1,1.48,0.6069,True,OK
qian,1115,Box,2,1.43,0.6098,True,OK
qian,1115,Box,3,1.4,0.6056,True,OK
qian,1115,Octagon,1,1.43,0.6105,True,OK
qian,1115,Octagon,2,1.43,0.613,True,OK
qian,1115,Octagon,3,1.44,0.6154,True,OK
qian,1115,Polka,1,1.41,0.6111,True,OK
qian,1115,Polka,2,1.41,0.6133,True,OK
qian,1115,Polka,3,1.42,0.6091,True,OK
qian,1183,Box,1,1.42,0.6066,True,OK
qian,1183,Box,2,1.42,0.6062,True,OK
qian,1183,Box,3,1.41,0.6056,True,OK
qian,1183,Octagon,1,1.44,0.6116,True,OK
qian,1183,Octagon,2,1.47,0.626,True,OK
qian,1183,Octagon,3,1.44,0.6149,True,OK
qian,1183,Polka,1,1.4,0.6115,True,OK
qian,1183,Polka,2,1.43,0.6205,True,OK
qian,1183,Polka,3,1.44,0.6142,True,OK
qian,12292,Box,1,1.81,0.8095,True,OK
qian,12292,Box,2,1.81,0.8061,True,OK
qian,12292,Box,3,1.82,0.8061,True,OK
qian,12292,Octagon,1,1.81,0.8139,True,OK
qian,12292,Octagon,2,1.82,0.8127,True,OK
qian,12292,Octagon,3,1.83,0.8157,True,OK
qian,12292,Polka,1,1.8,0.8138,True,OK
qian,12292,Polka,2,1.81,0.8117,True,OK
qian,12292,Polka,3,1.81,0.8141,True,OK
qian,12321,Box,1,1.84,0.8081,True,OK
qian,12321,Box,2,1.81,0.8137,True,OK
qian,12321,Box,3,1.83,0.8142,True,OK
qian,12321,Octagon,1,1.82,0.8285,True,OK
qian,12321,Octagon,2,1.84,0.8202,True,OK
qian,12321,Octagon,3,1.83,0.8375,True,OK
qian,12321,Polka,1,1.81,0.8165,True,OK
qian,12321,Polka,2,1.81,0.82,True,OK
qian,12321,Polka,3,1.81,0.8149,True,OK
qian,12894,Box,1,1.39,0.6053,True,OK
qian,12894,Box,2,1.4,0.6055,True,OK
qian,12894,Box,3,1.39,0.6057,True,OK
qian,12894,Octagon,1,1.43,0.6192,True,OK
qian,12894,Octagon,2,1.42,0.6239,True,OK
qian,12894,Octagon,3,1.41,0.6232,True,OK
qian,12894,Polka,1,1.4,0.6109,True,OK
qian,12894,Polka,2,1.41,0.6107,True,OK
qian,12894,Polka,3,1.4,0.6109,True,OK
qian,12998,Box,1,1.41,0.6077,True,OK
qian,12998,Box,2,1.41,0.607,True,OK
qian,12998,Box,3,1.41,0.6069,True,OK
qian,12998,Octagon,1,1.43,0.6129,True,OK
qian,12998,Octagon,2,1.43,0.6111,True,OK
qian,12998,Octagon,3,1.45,0.6161,True,OK
qian,12998,Polka,1,1.43,0.6156,True,OK
qian,12998,Polka,2,1.44,0.6098,True,OK
qian,12998,Polka,3,1.42,0.6099,True,OK
qian,1313,Box,1,0.58,0.0,False,OK
qian,1319,Box,1,1.85,0.806,True,OK
qian,1319,Box,2,1.87,0.8116,True,OK
qian,1319,Box,3,1.82,0.8076,True,OK
qian,1319,Octagon,1,1.81,0.8216,True,OK
qian,1319,Octagon,2,1.82,0.8255,True,OK
qian,1319,Octagon,3,1.84,0.8163,True,OK
qian,1319,Polka,1,1.82,0.8179,True,OK
qian,1319,Polka,2,1.81,0.8138,True,OK
qian,1319,Polka,3,1.8,0.818,True,OK
qian,13371,Box,1,1.41,0.6053,True,OK
qian,13371,Box,2,1.4,0.6075,True,OK
qian,13371,Box,3,1.4,0.6078,True,OK
qian,13371,Octagon,1,1.44,0.6358,True,OK
qian,13371,Octagon,2,1.43,0.626,True,OK
qian,13371,Octagon,3,1.42,0.6156,True,OK
qian,13371,Polka,1,1.43,0.6105,True,OK
qian,13371,Polka,2,1.44,0.6274,True,OK
qian,13371,Polka,3,1.41,0.6113,True,OK
qian,14284,Box,1,1.0,0.0,False,OK
qian,14711,Box,1,1.83,0.8119,True,OK
qian,14711,Box,2,1.83,0.8119,True,OK
qian,14711,Box,3,1.84,0.8126,True,OK
qian,14711,Octagon,1,1.88,0.8378,True,OK
qian,14711,Octagon,2,1.87,0.8299,True,OK
qian,14711,Octagon,3,1.88,0.8299,True,OK
qian,14711,Polka,1,1.82,0.8181,True,OK
qian,14711,Polka,2,1.83,0.8222,True,OK
qian,14711,Polka,3,1.84,0.8206,True,OK
qian,14994,Box,1,10.91,10.1404,True,OK
qian,14994,Box,2,10.94,10.1413,True,OK
qian,14994,Box,3,10.94,10.1562,True,OK
qian,14994,Octagon,1,1.66,0.879,True,OK
qian,14994,Octagon,2,1.68,0.8636,True,OK
qian,14994,Octagon,3,1.67,0.8598,True,OK
qian,14994,Polka,1,11.08,10.2927,True,OK
qian,14994,Polka,2,11.08,10.3,True,OK
qian,14994,Polka,3,11.12,10.323,True,OK
qian,1533,Box,1,1.85,0.8124,True,OK
qian,1533,Box,2,1.82,0.8145,True,OK
qian,1533,Box,3,1.82,0.8105,True,OK
qian,1533,Octagon,1,1.84,0.8398,True,OK
qian,1533,Octagon,2,1.84,0.8238,True,OK
qian,1533,Octagon,3,1.86,0.8252,True,OK
qian,1533,Polka,1,1.85,0.8134,True,OK
qian,1533,Polka,2,1.84,0.8154,True,OK
qian,1533,Polka,3,1.88,0.8349,True,OK
qian,16957,Box,1,1.42,0.6071,True,OK
qian,16957,Box,2,1.43,0.6111,True,OK
qian,16957,Box,3,1.43,0.6207,True,OK
qian,16957,Octagon,1,1.43,0.6198,True,OK
qian,16957,Octagon,2,1.43,0.6177,True,OK
qian,16957,Octagon,3,1.44,0.6252,True,OK
qian,16957,Polka,1,1.44,0.6268,True,OK
qian,16957,Polka,2,1.42,0.6195,True,OK
qian,16957,Polka,3,1.43,0.6215,True,OK
qian,170,Box,1,1.41,0.607,True,OK
qian,170,Box,2,1.41,0.6064,True,OK
qian,170,Box,3,1.41,0.6058,True,OK
qian,170,Octagon,1,1.44,0.6243,True,OK
qian,170,Octagon,2,1.42,0.6141,True,OK
qian,170,Octagon,3,1.42,0.612,True,OK
qian,170,Polka,1,1.41,0.6105,True,OK
qian,170,Polka,2,1.44,0.6295,True,OK
qian,170,Polka,3,1.41,0.6091,True,OK
qian,17401,Box,1,1.43,0.6103,True,OK
qian,17401,Box,2,1.42,0.6092,True,OK
qian,17401,Box,3,1.41,0.6091,True,OK
qian,17401,Octagon,1,1.44,0.6201,True,OK
qian,17401,Octagon,2,1.43,0.6176,True,OK
qian,17401,Octagon,3,1.44,0.6214,True,OK
qian,17401,Polka,1,1.44,0.6138,True,OK
qian,17401,Polka,2,1.43,0.6158,True,OK
qian,17401,Polka,3,1.43,0.615,True,OK
qian,1813,Box,1,1.4,0.605,True,OK
qian,1813,Box,2,1.38,0.6068,True,OK
qian,1813,Box,3,1.39,0.6069,True,OK
qian,1813,Octagon,1,1.4,0.6108,True,OK
qian,1813,Octagon,2,1.4,0.6081,True,OK
qian,1813,Octagon,3,1.39,0.6079,True,OK
qian,1813,Polka,1,1.4,0.6123,True,OK
qian,1813,Polka,2,1.39,0.6091,True,OK
qian,1813,Polka,3,1.39,0.6075,True,OK
qian,1825,Box,1,0.99,0.0,False,OK
qian,18509,Box,1,10.92,10.1544,True,OK
qian,18509,Box,2,10.91,10.1506,True,OK
qian,18509,Box,3,10.95,10.1566,True,OK
qian,18509,Octagon,1,11.19,10.3716,True,OK
qian,18509,Octagon,2,11.21,10.3792,True,OK
qian,18509,Octagon,3,11.16,10.3238,True,OK
qian,18509,Polka,1,11.09,10.3126,True,OK
qian,18509,Polka,2,11.08,10.2926,True,OK
qian,18509,Polka,3,11.05,10.2762,True,OK
qian,19925,Box,1,0.68,0.0,False,ERR
qian,2,Box,1,0.8,0.0,False,OK
qian,211,Box,1,0.9,0.0,False,ERR
qian,21162,Box,1,1.4,0.6045,True,OK
qian,21162,Box,2,1.39,0.606,True,OK
qian,21162,Box,3,1.38,0.6064,True,OK
qian,21162,Octagon,1,1.39,0.6057,True,OK
qian,21162,Octagon,2,1.4,0.6055,True,OK
qian,21162,Octagon,3,1.45,0.6065,True,OK
qian,21162,Polka,1,1.4,0.6074,True,OK
qian,21162,Polka,2,1.41,0.6059,True,OK
qian,21162,Polka,3,1.39,0.607,True,OK
qian,21241,Box,1,0.77,0.0,False,OK
qian,22074,Box,1,1.81,0.8354,True,OK
qian,22074,Box,2,1.8,0.8406,True,OK
qian,22074,Box,3,1.81,0.838,True,OK
qian,22074,Octagon,1,1.82,0.8473,True,OK
qian,22074,Octagon,2,1.81,0.8455,True,OK
qian,22074,Octagon,3,1.84,0.8616,True,OK
qian,22074,Polka,1,1.81,0.8463,True,OK
qian,22074,Polka,2,1.82,0.8344,True,OK
qian,22074,Polka,3,1.81,0.8389,True,OK
qian,2253,Box,1,1.42,0.6102,True,OK
qian,2253,Box,2,1.42,0.6064,True,OK
qian,2253,Box,3,1.41,0.6057,True,OK
qian,2253,Octagon,1,1.41,0.6111,True,OK
qian,2253,Octagon,2,1.4,0.6106,True,OK
qian,2253,Octagon,3,1.41,0.6162,True,OK
qian,2253,Polka,1,1.4,0.6114,True,OK
qian,2253,Polka,2,1.41,0.6112,True,OK
qian,2253,Polka,3,1.41,0.6106,True,OK
qian,23792,Box,1,1.59,0.8388,True,OK
qian,23792,Box,2,1.59,0.8377,True,OK
qian,23792,Box,3,1.59,0.8343,True,OK
qian,23792,Octagon,1,1.59,0.0,True,OK
qian,23792,Octagon,2,1.6,0.0,True,OK
qian,23792,Octagon,3,1.59,0.0,True,OK
qian,23792,Polka,1,1.58,0.0,True,OK
qian,23792,Polka,2,1.59,0.0,True,OK
qian,23792,Polka,3,1.6,0.0,True,OK
qian,2399,Box,1,1.43,0.6099,True,OK
qian,2399,Box,2,1.43,0.6115,True,OK
qian,2399,Box,3,1.42,0.6096,True,OK
qian,2399,Octagon,1,1.44,0.6182,True,OK
qian,2399,Octagon,2,1.44,0.6315,True,OK
qian,2399,Octagon,3,1.47,0.6225,True,OK
qian,2399,Polka,1,1.45,0.6288,True,OK
qian,2399,Polka,2,1.44,0.6138,True,OK
qian,2399,Polka,3,1.46,0.6175,True,OK
qian,2563,Box,1,1.45,0.6072,True,OK
qian,2563,Box,2,1.43,0.6077,True,OK
qian,2563,Box,3,1.42,0.6074,True,OK
qian,2563,Octagon,1,1.42,0.6197,True,OK
qian,2563,Octagon,2,1.42,0.6153,True,OK
qian,2563,Octagon,3,1.42,0.628,True,OK
qian,2563,Polka,1,1.43,0.6137,True,OK
qian,2563,Polka,2,1.44,0.613,True,OK
qian,2563,Polka,3,1.43,0.6129,True,OK
qian,29089,Box,1,10.9,10.1305,True,OK
qian,29089,Box,2,10.9,10.1389,True,OK
qian,29089,Box,3,10.9,10.1379,True,OK
qian,29089,Octagon,1,11.07,10.3122,True,OK
qian,29089,Octagon,2,11.07,10.2945,True,OK
qian,29089,Octagon,3,11.06,10.273,True,OK
qian,29089,Polka,1,11.02,10.2111,True,OK
qian,29089,Polka,2,11.03,10.2145,True,OK
qian,29089,Polka,3,11.03,10.2348,True,OK
qian,29409,Box,1,0.78,0.0,False,OK
qian,3,Box,1,10.97,10.1767,True,OK
qian,3,Box,2,10.96,10.1683,True,OK
qian,3,Box,3,10.97,10.1833,True,OK
qian,3,Octagon,1,11.44,10.5624,True,OK
qian,3,Octagon,2,11.4,10.4805,True,OK
qian,3,Octagon,3,11.44,10.5105,True,OK
qian,3,Polka,1,11.28,10.4501,True,OK
qian,3,Polka,2,11.24,10.3943,True,OK
qian,3,Polka,3,11.25,10.3968,True,OK
qian,35358,Box,1,0.57,0.0,False,OK
qian,3543,Box,1,1.41,0.6118,True,OK
qian,3543,Box,2,1.43,0.6109,True,OK
qian,3543,Box,3,1.43,0.6113,True,OK
qian,3543,Octagon,1,1.45,0.6177,True,OK
qian,3543,Octagon,2,1.42,0.617,True,OK
qian,3543,Octagon,3,1.42,0.6164,True,OK
qian,3543,Polka,1,1.43,0.6214,True,OK
qian,3543,Polka,2,1.43,0.6193,True,OK
qian,3543,Polka,3,1.42,0.6113,True,OK
qian,3554,Box,1,1.4,0.6075,True,OK
qian,3554,Box,2,1.41,0.6069,True,OK
qian,3554,Box,3,1.4,0.6057,True,OK
qian,3554,Octagon,1,1.41,0.6139,True,OK
qian,3554,Octagon,2,1.41,0.6143,True,OK
qian,3554,Octagon,3,1.4,0.6102,True,OK
qian,3554,Polka,1,1.39,0.6106,True,OK
qian,3554,Polka,2,1.42,0.6133,True,OK
qian,3554,Polka,3,1.42,0.6098,True,OK
qian,35806,Box,1,0.67,0.0,False,ERR
qian,36481,Box,1,0.21,0.0013,True,OK
qian,36481,Box,2,0.22,0.0013,True,OK
qian,36481,Box,3,0.2,0.0021,True,OK
qian,36481,Octagon,1,0.2,0.0029,True,OK
qian,36481,Octagon,2,0.22,0.0015,True,OK
qian,36481,Octagon,3,0.21,0.0018,True,OK
qian,36481,Polka,1,0.2,0.0026,True,OK
qian,36481,Polka,2,0.22,0.0026,True,OK
qian,36481,Polka,3,0.22,0.006,True,OK
qian,3702,Box,1,1.41,0.6111,True,OK
qian,3702,Box,2,1.41,0.6072,True,OK
qian,3702,Box,3,1.45,0.6191,True,OK
qian,3702,Octagon,1,1.43,0.6259,True,OK
qian,3702,Octagon,2,1.43,0.6202,True,OK
qian,3702,Octagon,3,1.46,0.6172,True,OK
qian,3702,Polka,1,1.42,0.6115,True,OK
qian,3702,Polka,2,1.43,0.6248,True,OK
qian,3702,Polka,3,1.44,0.6171,True,OK
qian,38057,Box,1,1.61,0.8361,True,OK
qian,38057,Box,2,1.61,0.8361,True,OK
qian,38057,Box,3,1.6,0.837,True,OK
qian,38057,Octagon,1,1.62,0.0,True,OK
qian,38057,Octagon,2,1.62,0.0,True,OK
qian,38057,Octagon,3,1.59,0.0,True,OK
qian,38057,Polka,1,1.63,0.0,True,OK
qian,38057,Polka,2,1.64,0.0,True,OK
qian,38057,Polka,3,1.6,0.0,True,OK
qian,39019,Box,1,1.82,0.8333,True,OK
qian,39019,Box,2,1.81,0.8386,True,OK
qian,39019,Box,3,1.82,0.8416,True,OK
qian,39019,Octagon,1,1.94,0.9511,True,OK
qian,39019,Octagon,2,1.97,0.9497,True,OK
qian,39019,Octagon,3,1.9,0.8894,True,OK
qian,39019,Polka,1,1.83,0.8511,True,OK
qian,39019,Polka,2,1.83,0.8535,True,OK
qian,39019,Polka,3,1.82,0.8426,True,OK
qian,39866,Box,1,0.68,0.0,False,ERR
qian,4,Box,1,10.93,10.1361,True,OK
qian,4,Box,2,10.93,10.1543,True,OK
qian,4,Box,3,10.96,10.1688,True,OK
qian,4,Octagon,1,11.16,10.3414,True,OK
qian,4,Octagon,2,11.15,10.3412,True,OK
qian,4,Octagon,3,11.16,10.3263,True,OK
qian,4,Polka,1,11.06,10.2775,True,OK
qian,4,Polka,2,11.1,10.2894,True,OK
qian,4,Polka,3,11.09,10.2658,True,OK
qian,40005,Box,1,1.91,0.8121,True,OK
qian,40005,Box,2,1.83,0.8105,True,OK
qian,40005,Box,3,1.83,0.8178,True,OK
qian,40005,Octagon,1,1.84,0.8201,True,OK
qian,40005,Octagon,2,1.86,0.8307,True,OK
qian,40005,Octagon,3,1.84,0.819,True,OK
qian,40005,Polka,1,1.83,0.8155,True,OK
qian,40005,Polka,2,1.84,0.8247,True,OK
qian,40005,Polka,3,1.84,0.8195,True,OK
qian,40249,Box,1,0.58,0.0,False,OK
qian,40336,Box,1,10.96,10.1842,True,OK
qian,40336,Box,2,10.95,10.1799,True,OK
qian,40336,Box,3,10.94,10.1722,True,OK
qian,40336,Octagon,1,11.8,10.9118,True,OK
qian,40336,Octagon,2,11.77,10.9711,True,OK
qian,40336,Octagon,3,11.84,10.9612,True,OK
qian,40336,Polka,1,11.22,10.4462,True,OK
qian,40336,Polka,2,11.2,10.4144,True,OK
qian,40336,Polka,3,11.14,10.3301,True,OK
qian,40353,Box,1,0.59,0.0,False,OK
qian,40415,Box,1,10.93,10.1612,True,OK
qian,40415,Box,2,10.92,10.1523,True,OK
qian,40415,Box,3,10.94,10.1605,True,OK
qian,40415,Octagon,1,11.87,10.9721,True,OK
qian,40415,Octagon,2,11.94,11.0591,True,OK
qian,40415,Octagon,3,11.89,11.0018,True,OK
qian,40415,Polka,1,11.17,10.36,True,OK
qian,40415,Polka,2,11.22,10.3916,True,OK
qian,40415,Polka,3,11.24,10.4277,True,OK
qian,40736,Box,1,11.14,10.1538,True,OK
qian,40736,Box,2,11.13,10.1462,True,OK
qian,40736,Box,3,11.14,10.1552,True,OK
qian,40736,Octagon,1,11.44,10.3981,True,OK
qian,40736,Octagon,2,11.4,10.3575,True,OK
qian,40736,Octagon,3,11.43,10.3908,True,OK
qian,40736,Polka,1,11.28,10.2913,True,OK
qian,40736,Polka,2,11.28,10.3044,True,OK
qian,40736,Polka,3,11.27,10.2926,True,OK
qian,40745,Box,1,10.91,10.137,True,OK
qian,40745,Box,2,10.89,10.1349,True,OK
qian,40745,Box,3,10.91,10.1348,True,OK
qian,40745,Octagon,1,11.08,10.3097,True,OK
qian,40745,Octagon,2,11.06,10.2811,True,OK
qian,40745,Octagon,3,11.06,10.2694,True,OK
qian,40745,Polka,1,11.05,10.2427,True,OK
qian,40745,Polka,2,11.01,10.2305,True,OK
qian,40745,Polka,3,11.02,10.2479,True,OK
qian,40746,Box,1,1.61,0.8354,True,OK
qian,40746,Box,2,1.61,0.8373,True,OK
qian,40746,Box,3,1.61,0.8407,True,OK
qian,40746,Octagon,1,1.61,0.8446,True,OK
qian,40746,Octagon,2,1.61,0.8431,True,OK
qian,40746,Octagon,3,1.61,0.8488,True,OK
qian,40746,Polka,1,1.6,0.8369,True,OK
qian,40746,Polka,2,1.6,0.8363,True,OK
qian,40746,Polka,3,1.66,0.888,True,OK
qian,40747,Box,1,11.14,10.1642,True,OK
qian,40747,Box,2,11.17,10.1598,True,OK
qian,40747,Box,3,11.15,10.1608,True,OK
qian,40747,Octagon,1,11.57,10.4881,True,OK
qian,40747,Octagon,2,11.5,10.4503,True,OK
qian,40747,Octagon,3,11.5,10.4989,True,OK
qian,40747,Polka,1,11.3,10.3107,True,OK
qian,40747,Polka,2,11.36,10.3757,True,OK
qian,40747,Polka,3,11.32,10.3386,True,OK
qian,40754,Box,1,11.11,10.1337,True,OK
qian,40754,Box,2,11.12,10.1388,True,OK
qian,40754,Box,3,11.1,10.1331,True,OK
qian,40754,Octagon,1,11.41,10.3534,True,OK
qian,40754,Octagon,2,11.43,10.3888,True,OK
qian,40754,Octagon,3,11.39,10.3323,True,OK
qian,40754,Polka,1,11.28,10.2955,True,OK
qian,40754,Polka,2,11.31,10.3138,True,OK
qian,40754,Polka,3,11.3,10.3134,True,OK
qian,40756,Box,1,10.92,10.1441,True,OK
qian,40756,Box,2,10.92,10.1353,True,OK
qian,40756,Box,3,10.91,10.1349,True,OK
qian,40756,Octagon,1,11.05,10.2684,True,OK
qian,40756,Octagon,2,11.07,10.2707,True,OK
qian,40756,Octagon,3,11.1,10.3081,True,OK
qian,40756,Polka,1,11.04,10.2059,True,OK
qian,40756,Polka,2,11.03,10.2253,True,OK
qian,40756,Polka,3,11.0,10.215,True,OK
qian,40780,Box,1,11.16,10.2502,True,OK
qian,40780,Box,2,11.18,10.2565,True,OK
qian,40780,Box,3,11.17,10.2471,True,OK
qian,40780,Octagon,1,11.46,10.5329,True,OK
qian,40780,Octagon,2,11.5,10.5696,True,OK
qian,40780,Octagon,3,11.54,10.6088,True,OK
qian,40780,Polka,1,11.4,10.3851,True,OK
qian,40780,Polka,2,11.43,10.4121,True,OK
qian,40780,Polka,3,11.43,10.4591,True,OK
qian,419,Box,1,0.77,0.0,False,OK
qian,42,Box,1,0.75,0.0,False,OK
qian,4832,Box,1,1.4,0.6382,True,OK
qian,4832,Box,2,1.42,0.627,True,OK
qian,4832,Box,3,1.4,0.6337,True,OK
qian,4832,Octagon,1,1.62,0.8561,True,OK
qian,4832,Octagon,2,1.63,0.8529,True,OK
qian,4832,Octagon,3,1.62,0.8617,True,OK
qian,4832,Polka,1,1.61,0.8373,True,OK
qian,4832,Polka,2,1.61,0.8418,True,OK
qian,4832,Polka,3,1.59,0.8361,True,OK
qian,5,Box,1,0.76,0.0,False,OK
qian,50002,Box,1,10.99,10.1458,True,OK
qian,50002,Box,2,10.99,10.1518,True,OK
qian,50002,Box,3,11.0,10.1628,True,OK
qian,50002,Octagon,1,11.19,10.3606,True,OK
qian,50002,Octagon,2,11.2,10.3715,True,OK
qian,50002,Octagon,3,11.15,10.2524,True,OK
qian,50002,Polka,1,11.08,10.23,True,OK
qian,50002,Polka,2,11.11,10.2653,True,OK
qian,50002,Polka,3,11.05,10.2495,True,OK
qian,50010,Box,1,10.91,10.1334,True,OK
qian,50010,Box,2,10.92,10.1276,True,OK
qian,50010,Box,3,10.91,10.1269,True,OK
qian,50010,Octagon,1,11.09,10.2735,True,OK
qian,50010,Octagon,2,11.14,10.3125,True,OK
qian,50010,Octagon,3,11.12,10.2994,True,OK
qian,50010,Polka,1,11.07,10.2294,True,OK
qian,50010,Polka,2,11.08,10.2294,True,OK
qian,50010,Polka,3,11.08,10.2248,True,OK
qian,50036,Box,1,10.91,10.1444,True,OK
qian,50036,Box,2,10.92,10.1545,True,OK
qian,50036,Box,3,10.93,10.1558,True,OK
qian,50036,Octagon,1,11.21,10.3827,True,OK
qian,50036,Octagon,2,11.21,10.372,True,OK
qian,50036,Octagon,3,11.22,10.3795,True,OK
qian,50036,Polka,1,11.12,10.317,True,OK
qian,50036,Polka,2,11.1,10.3332,True,OK
qian,50036,Polka,3,11.09,10.3065,True,OK
qian,50062,Box,1,1.44,0.6086,True,OK
qian,50062,Box,2,1.41,0.6091,True,OK
qian,50062,Box,3,1.41,0.6098,True,OK
qian,50062,Octagon,1,1.44,0.6299,True,OK
qian,50062,Octagon,2,1.42,0.6218,True,OK
qian,50062,Octagon,3,1.44,0.6388,True,OK
qian,50062,Polka,1,1.43,0.6151,True,OK
qian,50062,Polka,2,1.43,0.6138,True,OK
qian,50062,Polka,3,1.44,0.6275,True,OK
qian,50219,Box,1,1.42,0.608,True,OK
qian,50219,Box,2,1.4,0.6067,True,OK
qian,50219,Box,3,1.41,0.6109,True,OK
qian,50219,Octagon,1,1.41,0.6167,True,OK
qian,50219,Octagon,2,1.41,0.6164,True,OK
qian,50219,Octagon,3,1.41,0.6213,True,OK
qian,50219,Polka,1,1.41,0.6116,True,OK
qian,50219,Polka,2,1.42,0.6244,True,OK
qian,50219,Polka,3,1.4,0.6134,True,OK
qian,50799,Box,1,1.4,0.6068,True,OK
qian,50799,Box,2,1.4,0.6077,True,OK
qian,50799,Box,3,1.4,0.6063,True,OK
qian,50799,Octagon,1,1.44,0.6358,True,OK
qian,50799,Octagon,2,1.42,0.6219,True,OK
qian,50799,Octagon,3,1.42,0.6278,True,OK
qian,50799,Polka,1,1.4,0.6121,True,OK
qian,50799,Polka,2,1.41,0.6224,True,OK
qian,50799,Polka,3,1.41,0.61,True,OK
qian,5142,Box,1,1.42,0.6062,True,OK
qian,5142,Box,2,1.42,0.608,True,OK
qian,5142,Box,3,1.42,0.6066,True,OK
qian,5142,Octagon,1,1.43,0.6156,True,OK
qian,5142,Octagon,2,1.46,0.6333,True,OK
qian,5142,Octagon,3,1.43,0.6213,True,OK
qian,5142,Polka,1,1.43,0.6234,True,OK
qian,5142,Polka,2,1.43,0.6123,True,OK
qian,5142,Polka,3,1.41,0.6092,True,OK
qian,595,Box,1,1.42,0.6069,True,OK
qian,595,Box,2,1.4,0.6068,True,OK
qian,595,Box,3,1.41,0.6086,True,OK
qian,595,Octagon,1,1.41,0.6111,True,OK
qian,595,Octagon,2,1.42,0.6104,True,OK
qian,595,Octagon,3,1.4,0.6114,True,OK
qian,595,Polka,1,1.42,0.6135,True,OK
qian,595,Polka,2,1.4,0.609,True,OK
qian,595,Polka,3,1.41,0.6096,True,OK
qian,6272,Box,1,0.81,0.0,False,OK
qian,6603,Box,1,10.91,10.1323,True,OK
qian,6603,Box,2,10.94,10.1377,True,OK
qian,6603,Box,3,10.91,10.1394,True,OK
qian,6603,Octagon,1,11.08,10.3041,True,OK
qian,6603,Octagon,2,11.1,10.2974,True,OK
qian,6603,Octagon,3,11.08,10.2782,True,OK
qian,6603,Polka,1,11.0,10.198,True,OK
qian,6603,Polka,2,11.03,10.2117,True,OK
qian,6603,Polka,3,11.05,10.2288,True,OK
qian,6606,Box,1,10.89,10.1197,True,OK
qian,6606,Box,2,10.89,10.128,True,OK
qian,6606,Box,3,10.86,10.1134,True,OK
qian,6606,Octagon,1,11.11,10.3053,True,OK
qian,6606,Octagon,2,11.08,10.2834,True,OK
qian,6606,Octagon,3,11.08,10.2783,True,OK
qian,6606,Polka,1,10.99,10.2013,True,OK
qian,6606,Polka,2,11.02,10.2213,True,OK
qian,6606,Polka,3,11.0,10.2177,True,OK
qian,711,Box,1,1.44,0.6096,True,OK
qian,711,Box,2,1.4,0.6053,True,OK
qian,711,Box,3,1.4,0.6047,True,OK
qian,711,Octagon,1,1.42,0.6098,True,OK
qian,711,Octagon,2,1.4,0.6083,True,OK
qian,711,Octagon,3,1.41,0.6067,True,OK
qian,711,Polka,1,1.43,0.6075,True,OK
qian,711,Polka,2,1.42,0.6147,True,OK
qian,711,Polka,3,1.42,0.609,True,OK
qian,7134,Box,1,1.42,0.6124,True,OK
qian,7134,Box,2,1.42,0.6082,True,OK
qian,7134,Box,3,1.41,0.6072,True,OK
qian,7134,Octagon,1,1.44,0.6162,True,OK
qian,7134,Octagon,2,1.43,0.6246,True,OK
qian,7134,Octagon,3,1.43,0.6153,True,OK
qian,7134,Polka,1,1.45,0.6123,True,OK
qian,7134,Polka,2,1.42,0.6113,True,OK
qian,7134,Polka,3,1.44,0.6289,True,OK
qian,7330,Box,1,1.41,0.6085,True,OK
qian,7330,Box,2,1.42,0.6134,True,OK
qian,7330,Box,3,1.43,0.6172,True,OK
qian,7330,Octagon,1,1.43,0.6254,True,OK
qian,7330,Octagon,2,1.43,0.6138,True,OK
qian,7330,Octagon,3,1.43,0.6139,True,OK
qian,7330,Polka,1,1.42,0.6185,True,OK
qian,7330,Polka,2,1.44,0.6161,True,OK
qian,7330,Polka,3,1.44,0.6118,True,OK
qian,7593,Box,1,0.23,0.0023,True,OK
qian,7593,Box,2,0.22,0.0016,True,OK
qian,7593,Box,3,0.21,0.0017,True,OK
qian,7593,Octagon,1,0.22,0.003,True,OK
qian,7593,Octagon,2,0.24,0.0015,True,OK
qian,7593,Octagon,3,0.23,0.0036,True,OK
qian,7593,Polka,1,0.2,0.0028,True,OK
qian,7593,Polka,2,0.21,0.0017,True,OK
qian,7593,Polka,3,0.21,0.0017,True,OK
qian,8606,Box,1,1.42,0.6072,True,OK
qian,8606,Box,2,1.43,0.6065,True,OK
qian,8606,Box,3,1.47,0.606,True,OK
qian,8606,Octagon,1,1.43,0.622,True,OK
qian,8606,Octagon,2,1.44,0.6247,True,OK
qian,8606,Octagon,3,1.43,0.6149,True,OK
qian,8606,Polka,1,1.46,0.6116,True,OK
qian,8606,Polka,2,1.41,0.6162,True,OK
qian,8606,Polka,3,1.42,0.6101,True,OK
qian,9208,Box,1,1.45,0.6109,True,OK
qian,9208,Box,2,1.4,0.6063,True,OK
qian,9208,Box,3,1.44,0.6081,True,OK
qian,9208,Octagon,1,1.42,0.618,True,OK
qian,9208,Octagon,2,1.43,0.6273,True,OK
qian,9208,Octagon,3,1.43,0.6142,True,OK
qian,9208,Polka,1,1.41,0.6105,True,OK
qian,9208,Polka,2,1.43,0.6161,True,OK
qian,9208,Polka,3,1.42,0.61,True,OK
qian,9230,Box,1,1.43,0.6063,True,OK
qian,9230,Box,2,1.4,0.6074,True,OK
qian,9230,Box,3,1.41,0.6072,True,OK
qian,9230,Octagon,1,1.42,0.6161,True,OK
qian,9230,Octagon,2,1.42,0.6113,True,OK
qian,9230,Octagon,3,1.42,0.6133,True,OK
qian,9230,Polka,1,1.45,0.6097,True,OK
qian,9230,Polka,2,1.43,0.611,True,OK
qian,9230,Polka,3,1.43,0.6118,True,OK
qian,948,Box,1,1.8,0.81,True,OK
qian,948,Box,2,1.8,0.8072,True,OK
qian,948,Box,3,1.83,0.8085,True,OK
qian,948,Octagon,1,1.83,0.8211,True,OK
qian,948,Octagon,2,1.8,0.8134,True,OK
qian,948,Octagon,3,1.85,0.8312,True,OK
qian,948,Polka,1,1.83,0.8133,True,OK
qian,948,Polka,2,1.83,0.8084,True,OK
qian,948,Polka,3,1.83,0.8111,True,OK
qian,9850,Box,1,1.39,0.606,True,OK
qian,9850,Box,2,1.39,0.605,True,OK
qian,9850,Box,3,1.39,0.6049,True,OK
qian,9850,Octagon,1,1.38,0.61,True,OK
qian,9850,Octagon,2,1.39,0.6074,True,OK
qian,9850,Octagon,3,1.41,0.6077,True,OK
qian,9850,Polka,1,1.42,0.607,True,OK
qian,9850,Polka,2,1.4,0.6066,True,OK
qian,9850,Polka,3,1.4,0.6082,True,OK
qian,10233,Box,1,0.57,0.0,False,OK
qian,10342,Box,1,0.79,0.0,False,OK
qian,10547,Box,1,0.77,0.0,False,OK
qian,10855,Box,1,0.76,0.0,False,OK
qian,11159,Box,1,0.77,0.0,False,OK
qian,11330,Box,1,0.76,0.0,False,OK
qian,11346,Box,1,0.58,0.0,False,OK
qian,11798,Box,1,0.79,0.0,False,OK
qian,1181,Box,1,0.57,0.0,False,OK
qian,11964,Box,1,0.7,0.0,False,ERR
qian,12044,Box,1,0.8,0.0,False,OK
qian,12115,Box,1,0.37,0.0,False,OK
qian,12460,Box,1,0.77,0.0,False,OK
qian,12688,Box,1,0.76,0.0,False,OK
qian,12689,Box,1,0.78,0.0,False,OK
qian,12715,Box,1,0.58,0.0,False,OK
qian,12856,Box,1,0.6,0.0,False,OK
qian,13069,Box,1,0.97,0.0,False,OK
qian,1313,Box,1,0.58,0.0,False,OK
qian,13283,Box,1,0.79,0.0,False,OK
qian,13657,Box,1,0.79,0.0,False,OK
qian,14381,Box,1,0.79,0.0,False,OK
qian,14439,Box,1,0.58,0.0,False,OK
qian,14634,Box,1,0.18,0.0,False,OK
qian,14997,Box,1,1.43,0.6051,True,OK
qian,14997,Box,2,1.41,0.6071,True,OK
qian,14997,Box,3,1.4,0.6062,True,OK
qian,14997,Octagon,1,1.41,0.6142,True,OK
qian,14997,Octagon,2,1.41,0.6123,True,OK
qian,14997,Octagon,3,1.43,0.613,True,OK
qian,14997,Polka,1,1.43,0.6102,True,OK
qian,14997,Polka,2,1.4,0.6105,True,OK
qian,14997,Polka,3,1.41,0.61,True,OK
qian,15566,Box,1,0.77,0.0,False,OK
qian,15671,Box,1,0.56,0.0,False,OK
qian,15822,Box,1,0.68,0.0,False,ERR
qian,16018,Box,1,0.57,0.0,False,OK
qian,16521,Box,1,0.58,0.0,False,OK
qian,1667,Box,1,0.56,0.0,False,OK
qian,16957,Box,1,1.42,0.6071,True,OK
qian,16957,Box,2,1.43,0.6111,True,OK
qian,16957,Box,3,1.43,0.6207,True,OK
qian,16957,Octagon,1,1.43,0.6198,True,OK
qian,16957,Octagon,2,1.43,0.6177,True,OK
qian,16957,Octagon,3,1.44,0.6252,True,OK
qian,16957,Polka,1,1.44,0.6268,True,OK
qian,16957,Polka,2,1.42,0.6195,True,OK
qian,16957,Polka,3,1.43,0.6215,True,OK
qian,177,Box,1,0.7,0.0,False,ERR
qian,17806,Box,1,1.45,0.6069,True,OK
qian,17806,Box,2,1.48,0.6095,True,OK
qian,17806,Box,3,1.41,0.6095,True,OK
qian,17806,Octagon,1,1.42,0.622,True,OK
qian,17806,Octagon,2,1.42,0.6212,True,OK
qian,17806,Octagon,3,1.43,0.6266,True,OK
qian,17806,Polka,1,1.42,0.6155,True,OK
qian,17806,Polka,2,1.42,0.6229,True,OK
qian,17806,Polka,3,1.43,0.6183,True,OK
qian,17816,Box,1,1.43,0.6107,True,OK
qian,17816,Box,2,1.41,0.608,True,OK
qian,17816,Box,3,1.45,0.6109,True,OK
qian,17816,Octagon,1,1.41,0.615,True,OK
qian,17816,Octagon,2,1.42,0.6157,True,OK
qian,17816,Octagon,3,1.41,0.6193,True,OK
qian,17816,Polka,1,1.41,0.6156,True,OK
qian,17816,Polka,2,1.41,0.6128,True,OK
qian,17816,Polka,3,1.41,0.6142,True,OK
qian,1824,Box,1,0.99,0.0,False,OK
qian,1851,Box,1,0.98,0.0,False,OK
qian,19294,Box,1,0.78,0.0,False,OK
qian,19692,Box,1,1.4,0.6077,True,OK
qian,19692,Box,2,1.4,0.6065,True,OK
qian,19692,Box,3,1.42,0.6067,True,OK
qian,19692,Octagon,1,1.42,0.6116,True,OK
qian,19692,Octagon,2,1.42,0.6133,True,OK
qian,19692,Octagon,3,1.43,0.6287,True,OK
qian,19692,Polka,1,1.41,0.6145,True,OK
qian,19692,Polka,2,1.4,0.6084,True,OK
qian,19692,Polka,3,1.4,0.6132,True,OK
qian,20888,Box,1,1.4,0.6077,True,OK
qian,20888,Box,2,1.43,0.6087,True,OK
qian,20888,Box,3,1.41,0.6085,True,OK
qian,20888,Octagon,1,1.43,0.6124,True,OK
qian,20888,Octagon,2,1.41,0.6111,True,OK
qian,20888,Octagon,3,1.41,0.621,True,OK
qian,20888,Polka,1,1.42,0.613,True,OK
qian,20888,Polka,2,1.41,0.6145,True,OK
qian,20888,Polka,3,1.42,0.613,True,OK
qian,20930,Box,1,0.99,0.0,False,OK
qian,21162,Box,1,1.4,0.6045,True,OK
qian,21162,Box,2,1.39,0.606,True,OK
qian,21162,Box,3,1.38,0.6064,True,OK
qian,21162,Octagon,1,1.39,0.6057,True,OK
qian,21162,Octagon,2,1.4,0.6055,True,OK
qian,21162,Octagon,3,1.45,0.6065,True,OK
qian,21162,Polka,1,1.4,0.6074,True,OK
qian,21162,Polka,2,1.41,0.6059,True,OK
qian,21162,Polka,3,1.39,0.607,True,OK
qian,22155,Box,1,0.57,0.0,False,OK
qian,22256,Box,1,0.78,0.0,False,OK
qian,22272,Box,1,1.0,0.0,False,OK
qian,22734,Box,1,1.42,0.6065,True,OK
qian,22734,Box,2,1.4,0.6072,True,OK
qian,22734,Box,3,1.39,0.6045,True,OK
qian,22734,Octagon,1,1.41,0.6186,True,OK
qian,22734,Octagon,2,1.41,0.6132,True,OK
qian,22734,Octagon,3,1.41,0.6142,True,OK
qian,22734,Polka,1,1.4,0.6099,True,OK
qian,22734,Polka,2,1.42,0.6078,True,OK
qian,22734,Polka,3,1.43,0.6091,True,OK
qian,28101,Box,1,1.45,0.6094,True,OK
qian,28101,Box,2,1.41,0.6091,True,OK
qian,28101,Box,3,1.41,0.609,True,OK
qian,28101,Octagon,1,1.44,0.6244,True,OK
qian,28101,Octagon,2,1.42,0.6272,True,OK
qian,28101,Octagon,3,1.43,0.6236,True,OK
qian,28101,Polka,1,1.42,0.613,True,OK
qian,28101,Polka,2,1.42,0.613,True,OK
qian,28101,Polka,3,1.42,0.6244,True,OK
qian,29084,Box,1,0.77,0.0,False,OK
qian,29409,Box,1,0.78,0.0,False,OK
qian,30343,Box,1,0.59,0.0,False,OK
qian,30507,Box,1,0.77,0.0,False,OK
qian,30813,Box,1,1.02,0.0,False,OK
qian,30925,Box,1,0.79,0.0,False,OK
qian,30939,Box,1,0.69,0.0,False,ERR
qian,30963,Box,1,0.67,0.0,False,ERR
qian,30976,Box,1,0.77,0.0,False,OK
qian,31551,Box,1,0.57,0.0,False,OK
qian,31867,Box,1,0.77,0.0,False,OK
qian,31892,Box,1,0.78,0.0,False,OK
qian,33217,Box,1,0.68,0.0,False,ERR
qian,33575,Box,1,0.8,0.0,False,OK
qian,33638,Box,1,0.78,0.0,False,OK
qian,33711,Box,1,0.79,0.0,False,OK
qian,33974,Box,1,1.83,0.8198,True,OK
qian,33974,Box,2,1.81,0.8103,True,OK
qian,33974,Box,3,1.84,0.8119,True,OK
qian,33974,Octagon,1,1.84,0.8238,True,OK
qian,33974,Octagon,2,1.85,0.8297,True,OK
qian,33974,Octagon,3,1.85,0.8391,True,OK
qian,33974,Polka,1,1.84,0.8229,True,OK
qian,33974,Polka,2,1.84,0.8207,True,OK
qian,33974,Polka,3,1.84,0.8205,True,OK
qian,34068,Box,1,0.58,0.0,False,OK
qian,34272,Box,1,0.57,0.0,False,OK
qian,34442,Box,1,1.62,0.6127,True,OK
qian,34442,Box,2,1.7,0.6139,True,OK
qian,34442,Box,3,1.65,0.6129,True,OK
qian,34442,Octagon,1,1.75,0.6731,True,OK
qian,34442,Octagon,2,1.77,0.6833,True,OK
qian,34442,Octagon,3,1.77,0.6676,True,OK
qian,34442,Polka,1,1.75,0.6518,True,OK
qian,34442,Polka,2,1.74,0.6323,True,OK
qian,34442,Polka,3,1.73,0.6263,True,OK
qian,34575,Box,1,1.41,0.6072,True,OK
qian,34575,Box,2,1.41,0.6092,True,OK
qian,34575,Box,3,1.42,0.6101,True,OK
qian,34575,Octagon,1,1.41,0.6169,True,OK
qian,34575,Octagon,2,1.43,0.622,True,OK
qian,34575,Octagon,3,1.43,0.6244,True,OK
qian,34575,Polka,1,1.42,0.6122,True,OK
qian,34575,Polka,2,1.4,0.612,True,OK
qian,34575,Polka,3,1.41,0.6131,True,OK
qian,34725,Box,1,0.77,0.0,False,OK
qian,35257,Box,1,0.69,0.0,False,ERR
qian,35268,Box,1,0.99,0.0,False,OK
qian,35322,Box,1,1.03,0.0,False,OK
qian,35358,Box,1,0.57,0.0,False,OK
qian,3554,Box,1,1.4,0.6075,True,OK
qian,3554,Box,2,1.41,0.6069,True,OK
qian,3554,Box,3,1.4,0.6057,True,OK
qian,3554,Octagon,1,1.41,0.6139,True,OK
qian,3554,Octagon,2,1.41,0.6143,True,OK
qian,3554,Octagon,3,1.4,0.6102,True,OK
qian,3554,Polka,1,1.39,0.6106,True,OK
qian,3554,Polka,2,1.42,0.6133,True,OK
qian,3554,Polka,3,1.42,0.6098,True,OK
qian,3555,Box,1,1.39,0.6034,True,OK
qian,3555,Box,2,1.39,0.6039,True,OK
qian,3555,Box,3,1.39,0.6047,True,OK
qian,3555,Octagon,1,1.41,0.6056,True,OK
qian,3555,Octagon,2,1.39,0.6077,True,OK
qian,3555,Octagon,3,1.4,0.6072,True,OK
qian,3555,Polka,1,1.39,0.6054,True,OK
qian,3555,Polka,2,1.4,0.6075,True,OK
qian,3555,Polka,3,1.4,0.6067,True,OK
qian,35551,Box,1,0.77,0.0,False,OK
qian,35897,Box,1,0.8,0.0,False,OK
qian,36451,Box,1,0.67,0.0,False,ERR
qian,36737,Box,1,0.79,0.0,False,OK
qian,36852,Box,1,1.44,0.6098,True,OK
qian,36852,Box,2,1.45,0.6081,True,OK
qian,36852,Box,3,1.45,0.6112,True,OK
qian,36852,Octagon,1,1.46,0.627,True,OK
qian,36852,Octagon,2,1.47,0.6323,True,OK
qian,36852,Octagon,3,1.45,0.6273,True,OK
qian,36852,Polka,1,1.46,0.6148,True,OK
qian,36852,Polka,2,1.47,0.6174,True,OK
qian,36852,Polka,3,1.46,0.6156,True,OK
qian,37017,Box,1,1.02,0.0,False,OK
qian,37274,Box,1,1.44,0.6123,True,OK
qian,37274,Box,2,1.44,0.606,True,OK
qian,37274,Box,3,1.41,0.6065,True,OK
qian,37274,Octagon,1,1.45,0.6327,True,OK
qian,37274,Octagon,2,1.49,0.6247,True,OK
qian,37274,Octagon,3,1.46,0.6509,True,OK
qian,37274,Polka,1,1.43,0.6276,True,OK
qian,37274,Polka,2,1.43,0.6135,True,OK
qian,37274,Polka,3,1.43,0.6133,True,OK
qian,37390,Box,1,1.43,0.6063,True,OK
qian,37390,Box,2,1.4,0.6063,True,OK
qian,37390,Box,3,1.41,0.6065,True,OK
qian,37390,Octagon,1,1.41,0.6088,True,OK
qian,37390,Octagon,2,1.43,0.6095,True,OK
qian,37390,Octagon,3,1.4,0.6116,True,OK
qian,37390,Polka,1,1.4,0.6104,True,OK
qian,37390,Polka,2,1.41,0.6081,True,OK
qian,37390,Polka,3,1.41,0.6094,True,OK
qian,37514,Box,1,1.21,0.0,False,OK
qian,37683,Box,1,1.45,0.6082,True,OK
qian,37683,Box,2,1.44,0.6122,True,OK
qian,37683,Box,3,1.43,0.6147,True,OK
qian,37683,Octagon,1,1.42,0.6152,True,OK
qian,37683,Octagon,2,1.43,0.6152,True,OK
qian,37683,Octagon,3,1.42,0.6147,True,OK
qian,37683,Polka,1,1.42,0.6138,True,OK
qian,37683,Polka,2,1.44,0.6234,True,OK
qian,37683,Polka,3,1.45,0.6141,True,OK
qian,37684,Box,1,0.58,0.0,False,OK
qian,3772,Box,1,0.78,0.0,False,OK
qian,38096,Box,1,1.42,0.6081,True,OK
qian,38096,Box,2,1.43,0.6093,True,OK
qian,38096,Box,3,1.43,0.6109,True,OK
qian,38096,Octagon,1,1.44,0.6204,True,OK
qian,38096,Octagon,2,1.45,0.6327,True,OK
qian,38096,Octagon,3,1.43,0.6158,True,OK
qian,38096,Polka,1,1.43,0.6165,True,OK
qian,38096,Polka,2,1.43,0.6271,True,OK
qian,38096,Polka,3,1.43,0.6151,True,OK
qian,38239,Box,1,0.99,0.0,False,OK
qian,38709,Box,1,0.81,0.0,False,OK
qian,38727,Box,1,0.79,0.0,False,OK
qian,38888,Box,1,0.57,0.0,False,OK
qian,38925,Box,1,0.58,0.0,False,ERR
qian,38983,Box,1,0.78,0.0,False,OK
qian,39091,Box,1,1.0,0.0,False,OK
qian,39095,Box,1,1.32,0.0,False,OK
qian,39114,Box,1,0.67,0.0,False,ERR
qian,39425,Box,1,0.79,0.0,False,OK
qian,3952,Box,1,0.68,0.0,False,ERR
qian,39559,Box,1,1.04,0.0,False,OK
qian,39583,Box,1,1.03,0.0,False,OK
qian,39631,Box,1,0.77,0.0,False,OK
qian,39845,Box,1,0.68,0.0,False,ERR
qian,40154,Box,1,1.43,0.6064,True,OK
qian,40154,Box,2,1.41,0.6084,True,OK
qian,40154,Box,3,1.4,0.6049,True,OK
qian,40154,Octagon,1,1.41,0.6183,True,OK
qian,40154,Octagon,2,1.41,0.6154,True,OK
qian,40154,Octagon,3,1.41,0.6208,True,OK
qian,40154,Polka,1,1.4,0.6089,True,OK
qian,40154,Polka,2,1.41,0.6085,True,OK
qian,40154,Polka,3,1.4,0.6099,True,OK
qian,40155,Box,1,0.59,0.0,False,OK
qian,40252,Box,1,0.77,0.0,False,OK
qian,40419,Box,1,0.8,0.0,False,OK
qian,40497,Box,1,0.78,0.0,False,OK
qian,40535,Box,1,0.81,0.0,False,OK
qian,40539,Box,1,0.8,0.0,False,OK
qian,40587,Box,1,0.8,0.0,False,OK
qian,40665,Box,1,0.77,0.0,False,OK
qian,40735,Box,1,10.69,10.1279,True,OK
qian,40735,Box,2,10.69,10.1344,True,OK
qian,40735,Box,3,10.69,10.1197,True,OK
qian,40735,Octagon,1,10.84,10.271,True,OK
qian,40735,Octagon,2,10.87,10.2707,True,OK
qian,40735,Octagon,3,10.85,10.2589,True,OK
qian,40735,Polka,1,10.79,10.2018,True,OK
qian,40735,Polka,2,10.8,10.2085,True,OK
qian,40735,Polka,3,10.81,10.2067,True,OK
qian,40737,Box,1,10.87,10.1124,True,OK
qian,40737,Box,2,10.89,10.124,True,OK
qian,40737,Box,3,10.88,10.1131,True,OK
qian,40737,Octagon,1,11.11,10.3081,True,OK
qian,40737,Octagon,2,11.17,10.359,True,OK
qian,40737,Octagon,3,11.18,10.3383,True,OK
qian,40737,Polka,1,11.01,10.2052,True,OK
qian,40737,Polka,2,11.02,10.231,True,OK
qian,40737,Polka,3,11.0,10.2123,True,OK
qian,40739,Box,1,0.56,0.0,False,OK
qian,40740,Box,1,1.41,0.6091,True,OK
qian,40740,Box,2,1.43,0.6063,True,OK
qian,40740,Box,3,1.42,0.6074,True,OK
qian,40740,Octagon,1,1.41,0.6128,True,OK
qian,40740,Octagon,2,1.41,0.6149,True,OK
qian,40740,Octagon,3,1.42,0.6277,True,OK
qian,40740,Polka,1,1.42,0.6145,True,OK
qian,40740,Polka,2,1.4,0.6095,True,OK
qian,40740,Polka,3,1.42,0.6079,True,OK
qian,40741,Box,1,0.79,0.0,False,OK
qian,40742,Box,1,10.66,10.1089,True,OK
qian,40742,Box,2,10.7,10.1379,True,OK
qian,40742,Box,3,10.7,10.1316,True,OK
qian,40742,Octagon,1,10.87,10.2887,True,OK
qian,40742,Octagon,2,10.87,10.2891,True,OK
qian,40742,Octagon,3,10.87,10.3012,True,OK
qian,40742,Polka,1,10.77,10.172,True,OK
qian,40742,Polka,2,10.76,10.1961,True,OK
qian,40742,Polka,3,10.77,10.2065,True,OK
qian,40743,Box,1,0.96,0.0,False,OK
qian,40744,Box,1,1.42,0.6065,True,OK
qian,40744,Box,2,1.41,0.6065,True,OK
qian,40744,Box,3,1.43,0.6078,True,OK
qian,40744,Octagon,1,1.45,0.6163,True,OK
qian,40744,Octagon,2,1.42,0.6176,True,OK
qian,40744,Octagon,3,1.42,0.6199,True,OK
qian,40744,Polka,1,1.43,0.6143,True,OK
qian,40744,Polka,2,1.42,0.6136,True,OK
qian,40744,Polka,3,1.43,0.6248,True,OK
qian,40747,Box,1,11.14,10.1642,True,OK
qian,40747,Box,2,11.17,10.1598,True,OK
qian,40747,Box,3,11.15,10.1608,True,OK
qian,40747,Octagon,1,11.57,10.4881,True,OK
qian,40747,Octagon,2,11.5,10.4503,True,OK
qian,40747,Octagon,3,11.5,10.4989,True,OK
qian,40747,Polka,1,11.3,10.3107,True,OK
qian,40747,Polka,2,11.36,10.3757,True,OK
qian,40747,Polka,3,11.32,10.3386,True,OK
qian,40756,Box,1,10.92,10.1441,True,OK
qian,40756,Box,2,10.92,10.1353,True,OK
qian,40756,Box,3,10.91,10.1349,True,OK
qian,40756,Octagon,1,11.05,10.2684,True,OK
qian,40756,Octagon,2,11.07,10.2707,True,OK
qian,40756,Octagon,3,11.1,10.3081,True,OK
qian,40756,Polka,1,11.04,10.2059,True,OK
qian,40756,Polka,2,11.03,10.2253,True,OK
qian,40756,Polka,3,11.0,10.215,True,OK
qian,419,Box,1,0.77,0.0,False,OK
qian,42,Box,1,0.75,0.0,False,OK
qian,4587,Box,1,0.77,0.0,False,OK
qian,4588,Box,1,0.78,0.0,False,OK
qian,4717,Box,1,0.57,0.0,False,OK
qian,4882,Box,1,0.89,0.0,False,ERR
qian,4922,Box,1,0.79,0.0,False,OK
qian,50001,Box,1,0.98,0.623,True,OK
qian,50001,Box,2,0.98,0.6232,True,OK
qian,50001,Box,3,0.99,0.6235,True,OK
qian,50001,Octagon,1,1.0,0.6403,True,OK
qian,50001,Octagon,2,0.99,0.6392,True,OK
qian,50001,Octagon,3,0.98,0.6289,True,OK
qian,50001,Polka,1,0.98,0.6245,True,OK
qian,50001,Polka,2,0.98,0.6294,True,OK
qian,50001,Polka,3,0.98,0.6273,True,OK
qian,5132,Box,1,0.56,0.0,False,OK
qian,5259,Box,1,0.68,0.0,False,ERR
qian,578,Box,1,0.69,0.0,False,ERR
qian,6149,Box,1,1.39,0.606,True,OK
qian,6149,Box,2,1.39,0.6066,True,OK
qian,6149,Box,3,1.4,0.6077,True,OK
qian,6149,Octagon,1,1.4,0.6062,True,OK
qian,6149,Octagon,2,1.39,0.6079,True,OK
qian,6149,Octagon,3,1.39,0.6063,True,OK
qian,6149,Polka,1,1.39,0.6074,True,OK
qian,6149,Polka,2,1.4,0.6095,True,OK
qian,6149,Polka,3,1.4,0.6088,True,OK
qian,6199,Box,1,0.58,0.0,False,OK
qian,6272,Box,1,0.81,0.0,False,OK
qian,6348,Box,1,0.76,0.0,False,OK
qian,6534,Box,1,0.77,0.0,False,OK
qian,711,Box,1,1.44,0.6096,True,OK
qian,711,Box,2,1.4,0.6053,True,OK
qian,711,Box,3,1.4,0.6047,True,OK
qian,711,Octagon,1,1.42,0.6098,True,OK
qian,711,Octagon,2,1.4,0.6083,True,OK
qian,711,Octagon,3,1.41,0.6067,True,OK
qian,711,Polka,1,1.43,0.6075,True,OK
qian,711,Polka,2,1.42,0.6147,True,OK
qian,711,Polka,3,1.42,0.609,True,OK
qian,738,Box,1,0.78,0.0,False,OK
qian,798,Box,1,1.81,0.8093,True,OK
qian,798,Box,2,1.81,0.811,True,OK
qian,798,Box,3,1.81,0.8097,True,OK
qian,798,Octagon,1,1.82,0.8146,True,OK
qian,798,Octagon,2,1.81,0.817,True,OK
qian,798,Octagon,3,1.82,0.8197,True,OK
qian,798,Polka,1,1.82,0.8141,True,OK
qian,798,Polka,2,1.82,0.8142,True,OK
qian,798,Polka,3,1.81,0.816,True,OK
qian,8025,Box,1,0.56,0.0,False,OK
qian,8141,Box,1,0.77,0.0,False,OK
qian,8826,Box,1,0.57,0.0,False,OK
qian,9560,Box,1,0.77,0.0,False,OK
qian,9820,Box,1,0.76,0.0,False,OK
qian,1014,Box,1,0.99,0.4022,True,OK
qian,1014,Box,2,0.98,0.4027,True,OK
qian,1014,Box,3,1.0,0.4041,True,OK
qian,1014,Octagon,1,0.99,0.4065,True,OK
qian,1014,Octagon,2,0.99,0.4064,True,OK
qian,1014,Octagon,3,0.98,0.4052,True,OK
qian,1014,Polka,1,1.0,0.405,True,OK
qian,1014,Polka,2,0.99,0.405,True,OK
qian,1014,Polka,3,0.99,0.4083,True,OK
qian,10146,Box,1,0.99,0.0,False,OK
qian,1015,Box,1,0.81,0.0,False,OK
qian,10295,Box,1,0.68,0.0,False,ERR
qian,10369,Box,1,1.84,0.8093,True,OK
qian,10369,Box,2,1.87,0.824,True,OK
qian,10369,Box,3,1.84,0.8077,True,OK
qian,10369,Octagon,1,1.83,0.82,True,OK
qian,10369,Octagon,2,1.87,0.8335,True,OK
qian,10369,Octagon,3,1.85,0.8348,True,OK
qian,10369,Polka,1,1.83,0.8132,True,OK
qian,10369,Polka,2,1.87,0.8363,True,OK
qian,10369,Polka,3,1.83,0.8219,True,OK
qian,1057,Box,1,1.4,0.6055,True,OK
qian,1057,Box,2,1.4,0.6069,True,OK
qian,1057,Box,3,1.41,0.6071,True,OK
qian,1057,Octagon,1,1.41,0.6138,True,OK
qian,1057,Octagon,2,1.41,0.6161,True,OK
qian,1057,Octagon,3,1.4,0.6103,True,OK
qian,1057,Polka,1,1.4,0.609,True,OK
qian,1057,Polka,2,1.41,0.6101,True,OK
qian,1057,Polka,3,1.41,0.6087,True,OK
qian,10736,Box,1,0.69,0.0,False,ERR
qian,11064,Box,1,0.99,0.4041,True,OK
qian,11064,Box,2,0.99,0.4024,True,OK
qian,11064,Box,3,1.0,0.4046,True,OK
qian,11064,Octagon,1,0.99,0.4062,True,OK
qian,11064,Octagon,2,0.98,0.406,True,OK
qian,11064,Octagon,3,1.0,0.4062,True,OK
qian,11064,Polka,1,1.0,0.4079,True,OK
qian,11064,Polka,2,1.0,0.4095,True,OK
qian,11064,Polka,3,0.99,0.4066,True,OK
qian,1115,Box,1,1.48,0.6069,True,OK
qian,1115,Box,2,1.43,0.6098,True,OK
qian,1115,Box,3,1.4,0.6056,True,OK
qian,1115,Octagon,1,1.43,0.6105,True,OK
qian,1115,Octagon,2,1.43,0.613,True,OK
qian,1115,Octagon,3,1.44,0.6154,True,OK
qian,1115,Polka,1,1.41,0.6111,True,OK
qian,1115,Polka,2,1.41,0.6133,True,OK
qian,1115,Polka,3,1.42,0.6091,True,OK
qian,11457,Box,1,1.01,0.4059,True,OK
qian,11457,Box,2,0.98,0.4041,True,OK
qian,11457,Box,3,0.99,0.4056,True,OK
qian,11457,Octagon,1,1.01,0.4228,True,OK
qian,11457,Octagon,2,0.99,0.4106,True,OK
qian,11457,Octagon,3,1.02,0.418,True,OK
qian,11457,Polka,1,0.99,0.406,True,OK
qian,11457,Polka,2,1.0,0.4077,True,OK
qian,11457,Polka,3,1.0,0.4111,True,OK
qian,1182,Box,1,1.42,0.6095,True,OK
qian,1182,Box,2,1.42,0.6177,True,OK
qian,1182,Box,3,1.42,0.6124,True,OK
qian,1182,Octagon,1,1.44,0.6157,True,OK
qian,1182,Octagon,2,1.45,0.6282,True,OK
qian,1182,Octagon,3,1.43,0.6222,True,OK
qian,1182,Polka,1,1.43,0.6185,True,OK
qian,1182,Polka,2,1.44,0.6173,True,OK
qian,1182,Polka,3,1.42,0.615,True,OK
qian,1226,Box,1,0.89,0.0,False,ERR
qian,12292,Box,1,1.81,0.8095,True,OK
qian,12292,Box,2,1.81,0.8061,True,OK
qian,12292,Box,3,1.82,0.8061,True,OK
qian,12292,Octagon,1,1.81,0.8139,True,OK
qian,12292,Octagon,2,1.82,0.8127,True,OK
qian,12292,Octagon,3,1.83,0.8157,True,OK
qian,12292,Polka,1,1.8,0.8138,True,OK
qian,12292,Polka,2,1.81,0.8117,True,OK
qian,12292,Polka,3,1.81,0.8141,True,OK
qian,12321,Box,1,1.84,0.8081,True,OK
qian,12321,Box,2,1.81,0.8137,True,OK
qian,12321,Box,3,1.83,0.8142,True,OK
qian,12321,Octagon,1,1.82,0.8285,True,OK
qian,12321,Octagon,2,1.84,0.8202,True,OK
qian,12321,Octagon,3,1.83,0.8375,True,OK
qian,12321,Polka,1,1.81,0.8165,True,OK
qian,12321,Polka,2,1.81,0.82,True,OK
qian,12321,Polka,3,1.81,0.8149,True,OK
qian,12393,Box,1,1.01,0.4048,True,OK
qian,12393,Box,2,1.0,0.4086,True,OK
qian,12393,Box,3,0.98,0.4053,True,OK
qian,12393,Octagon,1,1.0,0.4104,True,OK
qian,12393,Octagon,2,1.0,0.4109,True,OK
qian,12393,Octagon,3,1.0,0.4107,True,OK
qian,12393,Polka,1,0.99,0.411,True,OK
qian,12393,Polka,2,0.99,0.4103,True,OK
qian,12393,Polka,3,1.01,0.4077,True,OK
qian,12465,Box,1,0.99,0.4058,True,OK
qian,12465,Box,2,1.0,0.4046,True,OK
qian,12465,Box,3,0.99,0.405,True,OK
qian,12465,Octagon,1,0.99,0.4117,True,OK
qian,12465,Octagon,2,0.99,0.4114,True,OK
qian,12465,Octagon,3,1.01,0.4092,True,OK
qian,12465,Polka,1,0.99,0.4065,True,OK
qian,12465,Polka,2,1.01,0.4086,True,OK
qian,12465,Polka,3,0.99,0.4071,True,OK
qian,12466,Box,1,1.0,0.4047,True,OK
qian,12466,Box,2,1.0,0.4088,True,OK
qian,12466,Box,3,1.0,0.4052,True,OK
qian,12466,Octagon,1,1.0,0.413,True,OK
qian,12466,Octagon,2,1.02,0.4235,True,OK
qian,12466,Octagon,3,1.02,0.4133,True,OK
qian,12466,Polka,1,1.0,0.4087,True,OK
qian,12466,Polka,2,1.0,0.4082,True,OK
qian,12466,Polka,3,1.01,0.4095,True,OK
qian,1256,Box,1,0.19,0.0,False,OK
qian,1284,Box,1,0.57,0.2013,True,OK
qian,1284,Box,2,0.56,0.2017,True,OK
qian,1284,Box,3,0.56,0.2021,True,OK
qian,1284,Octagon,1,0.57,0.2012,True,OK
qian,1284,Octagon,2,0.57,0.2023,True,OK
qian,1284,Octagon,3,0.57,0.2019,True,OK
qian,1284,Polka,1,0.57,0.2014,True,OK
qian,1284,Polka,2,0.56,0.2024,True,OK
qian,1284,Polka,3,0.57,0.2019,True,OK
qian,12841,Box,1,2.24,1.0236,True,OK
qian,12841,Box,2,2.22,1.013,True,OK
qian,12841,Box,3,2.24,1.0132,True,OK
qian,12841,Octagon,1,2.23,1.0273,True,OK
qian,12841,Octagon,2,2.24,1.0175,True,OK
qian,12841,Octagon,3,2.24,1.0192,True,OK
qian,12841,Polka,1,2.24,1.019,True,OK
qian,12841,Polka,2,2.24,1.0148,True,OK
qian,12841,Polka,3,2.25,1.0272,True,OK
qian,12894,Box,1,1.39,0.6053,True,OK
qian,12894,Box,2,1.4,0.6055,True,OK
qian,12894,Box,3,1.39,0.6057,True,OK
qian,12894,Octagon,1,1.43,0.6192,True,OK
qian,12894,Octagon,2,1.42,0.6239,True,OK
qian,12894,Octagon,3,1.41,0.6232,True,OK
qian,12894,Polka,1,1.4,0.6109,True,OK
qian,12894,Polka,2,1.41,0.6107,True,OK
qian,12894,Polka,3,1.4,0.6109,True,OK
qian,12898,Box,1,1.84,0.813,True,OK
qian,12898,Box,2,1.84,0.8122,True,OK
qian,12898,Box,3,1.86,0.811,True,OK
qian,12898,Octagon,1,1.86,0.8487,True,OK
qian,12898,Octagon,2,1.91,0.8728,True,OK
qian,12898,Octagon,3,1.88,0.8513,True,OK
qian,12898,Polka,1,1.85,0.8217,True,OK
qian,12898,Polka,2,1.86,0.821,True,OK
qian,12898,Polka,3,1.86,0.8208,True,OK
qian,12919,Box,1,1.4,0.6043,True,OK
qian,12919,Box,2,1.39,0.6057,True,OK
qian,12919,Box,3,1.4,0.6084,True,OK
qian,12919,Octagon,1,1.41,0.6209,True,OK
qian,12919,Octagon,2,1.4,0.6129,True,OK
qian,12919,Octagon,3,1.4,0.6099,True,OK
qian,12919,Polka,1,1.41,0.6102,True,OK
qian,12919,Polka,2,1.4,0.6109,True,OK
qian,12919,Polka,3,1.4,0.6111,True,OK
qian,12998,Box,1,1.41,0.6077,True,OK
qian,12998,Box,2,1.41,0.607,True,OK
qian,12998,Box,3,1.41,0.6069,True,OK
qian,12998,Octagon,1,1.43,0.6129,True,OK
qian,12998,Octagon,2,1.43,0.6111,True,OK
qian,12998,Octagon,3,1.45,0.6161,True,OK
qian,12998,Polka,1,1.43,0.6156,True,OK
qian,12998,Polka,2,1.44,0.6098,True,OK
qian,12998,Polka,3,1.42,0.6099,True,OK
qian,1318,Box,1,1.81,0.8104,True,OK
qian,1318,Box,2,1.82,0.8093,True,OK
qian,1318,Box,3,1.82,0.8169,True,OK
qian,1318,Octagon,1,1.84,0.836,True,OK
qian,1318,Octagon,2,1.83,0.8292,True,OK
qian,1318,Octagon,3,1.83,0.8201,True,OK
qian,1318,Polka,1,1.82,0.8164,True,OK
qian,1318,Polka,2,1.81,0.8309,True,OK
qian,1318,Polka,3,1.82,0.8176,True,OK
qian,1319,Box,1,1.85,0.806,True,OK
qian,1319,Box,2,1.87,0.8116,True,OK
qian,1319,Box,3,1.82,0.8076,True,OK
qian,1319,Octagon,1,1.81,0.8216,True,OK
qian,1319,Octagon,2,1.82,0.8255,True,OK
qian,1319,Octagon,3,1.84,0.8163,True,OK
qian,1319,Polka,1,1.82,0.8179,True,OK
qian,1319,Polka,2,1.81,0.8138,True,OK
qian,1319,Polka,3,1.8,0.818,True,OK
qian,13293,Box,1,1.89,0.8092,True,OK
qian,13293,Box,2,1.8,0.8102,True,OK
qian,13293,Box,3,1.82,0.8113,True,OK
qian,13293,Octagon,1,1.82,0.8158,True,OK
qian,13293,Octagon,2,1.82,0.8164,True,OK
qian,13293,Octagon,3,1.82,0.8157,True,OK
qian,13293,Polka,1,1.82,0.8182,True,OK
qian,13293,Polka,2,1.8,0.8143,True,OK
qian,13293,Polka,3,1.83,0.8194,True,OK
qian,13371,Box,1,1.41,0.6053,True,OK
qian,13371,Box,2,1.4,0.6075,True,OK
qian,13371,Box,3,1.4,0.6078,True,OK
qian,13371,Octagon,1,1.44,0.6358,True,OK
qian,13371,Octagon,2,1.43,0.626,True,OK
qian,13371,Octagon,3,1.42,0.6156,True,OK
qian,13371,Polka,1,1.43,0.6105,True,OK
qian,13371,Polka,2,1.44,0.6274,True,OK
qian,13371,Polka,3,1.41,0.6113,True,OK
qian,13413,Box,1,0.68,0.0,False,ERR
qian,13723,Box,1,1.82,0.8166,True,OK
qian,13723,Box,2,1.81,0.8119,True,OK
qian,13723,Box,3,1.85,0.8277,True,OK
qian,13723,Octagon,1,1.83,0.8191,True,OK
qian,13723,Octagon,2,1.82,0.8222,True,OK
qian,13723,Octagon,3,1.83,0.8237,True,OK
qian,13723,Polka,1,1.83,0.8164,True,OK
qian,13723,Polka,2,1.82,0.817,True,OK
qian,13723,Polka,3,1.83,0.8186,True,OK
qian,13780,Box,1,1.0,0.4046,True,OK
qian,13780,Box,2,1.0,0.4044,True,OK
qian,13780,Box,3,1.0,0.403,True,OK
qian,13780,Octagon,1,0.99,0.4064,True,OK
qian,13780,Octagon,2,0.99,0.4063,True,OK
qian,13780,Octagon,3,0.99,0.4068,True,OK
qian,13780,Polka,1,0.99,0.4079,True,OK
qian,13780,Polka,2,1.01,0.4208,True,OK
qian,13780,Polka,3,1.0,0.4062,True,OK
qian,13993,Box,1,1.42,0.6095,True,OK
qian,13993,Box,2,1.4,0.6083,True,OK
qian,13993,Box,3,1.4,0.6077,True,OK
qian,13993,Octagon,1,1.42,0.6163,True,OK
qian,13993,Octagon,2,1.43,0.6159,True,OK
qian,13993,Octagon,3,1.41,0.6231,True,OK
qian,13993,Polka,1,1.43,0.6117,True,OK
qian,13993,Polka,2,1.41,0.6136,True,OK
qian,13993,Polka,3,1.43,0.6137,True,OK
qian,1404,Box,1,1.84,0.8114,True,OK
qian,1404,Box,2,1.84,0.8146,True,OK
qian,1404,Box,3,1.87,0.8086,True,OK
qian,1404,Octagon,1,1.86,0.8193,True,OK
qian,1404,Octagon,2,1.86,0.8237,True,OK
qian,1404,Octagon,3,1.85,0.8199,True,OK
qian,1404,Polka,1,1.84,0.8203,True,OK
qian,1404,Polka,2,1.83,0.8209,True,OK
qian,1404,Polka,3,1.84,0.8182,True,OK
qian,1445,Box,1,1.44,0.6119,True,OK
qian,1445,Box,2,1.44,0.6107,True,OK
qian,1445,Box,3,1.44,0.6102,True,OK
qian,1445,Octagon,1,1.45,0.6229,True,OK
qian,1445,Octagon,2,1.47,0.6314,True,OK
qian,1445,Octagon,3,1.5,0.6483,True,OK
qian,1445,Polka,1,1.43,0.6198,True,OK
qian,1445,Polka,2,1.44,0.6177,True,OK
qian,1445,Polka,3,1.43,0.6187,True,OK
qian,14711,Box,1,1.83,0.8119,True,OK
qian,14711,Box,2,1.83,0.8119,True,OK
qian,14711,Box,3,1.84,0.8126,True,OK
qian,14711,Octagon,1,1.88,0.8378,True,OK
qian,14711,Octagon,2,1.87,0.8299,True,OK
qian,14711,Octagon,3,1.88,0.8299,True,OK
qian,14711,Polka,1,1.82,0.8181,True,OK
qian,14711,Polka,2,1.83,0.8222,True,OK
qian,14711,Polka,3,1.84,0.8206,True,OK
qian,14872,Box,1,1.83,0.8141,True,OK
qian,14872,Box,2,1.83,0.8125,True,OK
qian,14872,Box,3,1.85,0.8259,True,OK
qian,14872,Octagon,1,1.88,0.8566,True,OK
qian,14872,Octagon,2,1.86,0.831,True,OK
qian,14872,Octagon,3,1.86,0.8302,True,OK
qian,14872,Polka,1,1.84,0.821,True,OK
qian,14872,Polka,2,2.11,0.8257,True,OK
qian,14872,Polka,3,1.88,0.8181,True,OK
qian,14928,Box,1,0.2,0.0015,True,OK
qian,14928,Box,2,0.22,0.0017,True,OK
qian,14928,Box,3,0.2,0.0016,True,OK
qian,14928,Octagon,1,0.21,0.0027,True,OK
qian,14928,Octagon,2,0.21,0.0021,True,OK
qian,14928,Octagon,3,0.21,0.0022,True,OK
qian,14928,Polka,1,0.22,0.0057,True,OK
qian,14928,Polka,2,0.2,0.0022,True,OK
qian,14928,Polka,3,0.2,0.0023,True,OK
qian,15038,Box,1,1.01,0.4063,True,OK
qian,15038,Box,2,0.99,0.4055,True,OK
qian,15038,Box,3,1.0,0.4069,True,OK
qian,15038,Octagon,1,1.01,0.42,True,OK
qian,15038,Octagon,2,1.01,0.4241,True,OK
qian,15038,Octagon,3,1.01,0.4131,True,OK
qian,15038,Polka,1,0.99,0.4102,True,OK
qian,15038,Polka,2,1.01,0.4099,True,OK
qian,15038,Polka,3,1.01,0.4138,True,OK
qian,1532,Box,1,1.44,0.6099,True,OK
qian,1532,Box,2,1.43,0.6104,True,OK
qian,1532,Box,3,1.44,0.6142,True,OK
qian,1532,Octagon,1,1.46,0.6436,True,OK
qian,1532,Octagon,2,1.47,0.6435,True,OK
qian,1532,Octagon,3,1.52,0.6975,True,OK
qian,1532,Polka,1,1.43,0.6194,True,OK
qian,1532,Polka,2,1.44,0.6177,True,OK
qian,1532,Polka,3,1.45,0.6189,True,OK
qian,1533,Box,1,1.85,0.8124,True,OK
qian,1533,Box,2,1.82,0.8145,True,OK
qian,1533,Box,3,1.82,0.8105,True,OK
qian,1533,Octagon,1,1.84,0.8398,True,OK
qian,1533,Octagon,2,1.84,0.8238,True,OK
qian,1533,Octagon,3,1.86,0.8252,True,OK
qian,1533,Polka,1,1.85,0.8134,True,OK
qian,1533,Polka,2,1.84,0.8154,True,OK
qian,1533,Polka,3,1.88,0.8349,True,OK
qian,15641,Box,1,1.42,0.6112,True,OK
qian,15641,Box,2,1.42,0.61,True,OK
qian,15641,Box,3,1.41,0.6108,True,OK
qian,15641,Octagon,1,1.43,0.6239,True,OK
qian,15641,Octagon,2,1.44,0.6374,True,OK
qian,15641,Octagon,3,1.45,0.6494,True,OK
qian,15641,Polka,1,1.45,0.63,True,OK
qian,15641,Polka,2,1.43,0.6138,True,OK
qian,15641,Polka,3,1.43,0.6254,True,OK
qian,15930,Box,1,1.81,0.8081,True,OK
qian,15930,Box,2,1.79,0.8086,True,OK
qian,15930,Box,3,1.8,0.808,True,OK
qian,15930,Octagon,1,1.79,0.8118,True,OK
qian,15930,Octagon,2,1.8,0.8117,True,OK
qian,15930,Octagon,3,1.79,0.8097,True,OK
qian,15930,Polka,1,1.8,0.8112,True,OK
qian,15930,Polka,2,1.8,0.8116,True,OK
qian,15930,Polka,3,1.78,0.8123,True,OK
qian,16407,Box,1,1.43,0.6077,True,OK
qian,16407,Box,2,1.42,0.6084,True,OK
qian,16407,Box,3,1.41,0.6096,True,OK
qian,16407,Octagon,1,1.41,0.6171,True,OK
qian,16407,Octagon,2,1.41,0.6171,True,OK
qian,16407,Octagon,3,1.42,0.6227,True,OK
qian,16407,Polka,1,1.42,0.6135,True,OK
qian,16407,Polka,2,1.43,0.6249,True,OK
qian,16407,Polka,3,1.43,0.6126,True,OK
qian,16979,Box,1,1.0,0.4077,True,OK
qian,16979,Box,2,0.99,0.404,True,OK
qian,16979,Box,3,0.99,0.4041,True,OK
qian,16979,Octagon,1,1.0,0.4052,True,OK
qian,16979,Octagon,2,1.0,0.4077,True,OK
qian,16979,Octagon,3,1.01,0.4073,True,OK
qian,16979,Polka,1,1.0,0.4065,True,OK
qian,16979,Polka,2,0.99,0.4088,True,OK
qian,16979,Polka,3,1.0,0.4076,True,OK
qian,170,Box,1,1.41,0.607,True,OK
qian,170,Box,2,1.41,0.6064,True,OK
qian,170,Box,3,1.41,0.6058,True,OK
qian,170,Octagon,1,1.44,0.6243,True,OK
qian,170,Octagon,2,1.42,0.6141,True,OK
qian,170,Octagon,3,1.42,0.612,True,OK
qian,170,Polka,1,1.41,0.6105,True,OK
qian,170,Polka,2,1.44,0.6295,True,OK
qian,170,Polka,3,1.41,0.6091,True,OK
qian,17401,Box,1,1.43,0.6103,True,OK
qian,17401,Box,2,1.42,0.6092,True,OK
qian,17401,Box,3,1.41,0.6091,True,OK
qian,17401,Octagon,1,1.44,0.6201,True,OK
qian,17401,Octagon,2,1.43,0.6176,True,OK
qian,17401,Octagon,3,1.44,0.6214,True,OK
qian,17401,Polka,1,1.44,0.6138,True,OK
qian,17401,Polka,2,1.43,0.6158,True,OK
qian,17401,Polka,3,1.43,0.615,True,OK
qian,1813,Box,1,1.4,0.605,True,OK
qian,1813,Box,2,1.38,0.6068,True,OK
qian,1813,Box,3,1.39,0.6069,True,OK
qian,1813,Octagon,1,1.4,0.6108,True,OK
qian,1813,Octagon,2,1.4,0.6081,True,OK
qian,1813,Octagon,3,1.39,0.6079,True,OK
qian,1813,Polka,1,1.4,0.6123,True,OK
qian,1813,Polka,2,1.39,0.6091,True,OK
qian,1813,Polka,3,1.39,0.6075,True,OK
qian,18975,Box,1,1.44,0.617,True,OK
qian,18975,Box,2,1.43,0.6086,True,OK
qian,18975,Box,3,1.43,0.6095,True,OK
qian,18975,Octagon,1,1.46,0.6364,True,OK
qian,18975,Octagon,2,1.46,0.6356,True,OK
qian,18975,Octagon,3,1.47,0.6318,True,OK
qian,18975,Polka,1,1.43,0.6198,True,OK
qian,18975,Polka,2,1.44,0.6181,True,OK
qian,18975,Polka,3,1.44,0.6234,True,OK
qian,19182,Box,1,0.89,0.0,False,ERR
qian,1954,Box,1,1.43,0.6145,True,OK
qian,1954,Box,2,1.44,0.6116,True,OK
qian,1954,Box,3,1.43,0.6089,True,OK
qian,1954,Octagon,1,1.44,0.6161,True,OK
qian,1954,Octagon,2,1.44,0.6262,True,OK
qian,1954,Octagon,3,1.44,0.6147,True,OK
qian,1954,Polka,1,1.43,0.6206,True,OK
qian,1954,Polka,2,1.44,0.6173,True,OK
qian,1954,Polka,3,1.46,0.6366,True,OK
qian,19714,Box,1,1.82,0.8153,True,OK
qian,19714,Box,2,1.83,0.8223,True,OK
qian,19714,Box,3,1.8,0.8103,True,OK
qian,19714,Octagon,1,1.83,0.8203,True,OK
qian,19714,Octagon,2,1.83,0.8214,True,OK
qian,19714,Octagon,3,1.83,0.8224,True,OK
qian,19714,Polka,1,1.83,0.8176,True,OK
qian,19714,Polka,2,1.82,0.8193,True,OK
qian,19714,Polka,3,1.84,0.8183,True,OK
qian,20057,Box,1,1.84,0.8146,True,OK
qian,20057,Box,2,1.84,0.8142,True,OK
qian,20057,Box,3,1.85,0.8129,True,OK
qian,20057,Octagon,1,1.93,0.9017,True,OK
qian,20057,Octagon,2,1.93,0.8914,True,OK
qian,20057,Octagon,3,1.95,0.8873,True,OK
qian,20057,Polka,1,1.85,0.8364,True,OK
qian,20057,Polka,2,1.87,0.8281,True,OK
qian,20057,Polka,3,1.87,0.8232,True,OK
qian,20259,Box,1,1.83,0.8143,True,OK
qian,20259,Box,2,1.83,0.8119,True,OK
qian,20259,Box,3,1.83,0.8124,True,OK
qian,20259,Octagon,1,1.87,0.8464,True,OK
qian,20259,Octagon,2,1.84,0.8203,True,OK
qian,20259,Octagon,3,1.84,0.8241,True,OK
qian,20259,Polka,1,1.83,0.8195,True,OK
qian,20259,Polka,2,1.84,0.8185,True,OK
qian,20259,Polka,3,1.85,0.8226,True,OK
qian,211,Box,1,0.9,0.0,False,ERR
qian,212,Box,1,0.89,0.0,False,ERR
qian,21393,Box,1,1.21,0.4075,True,OK
qian,21393,Box,2,1.2,0.4075,True,OK
qian,21393,Box,3,1.26,0.4076,True,OK
qian,21393,Octagon,1,1.24,0.412,True,OK
qian,21393,Octagon,2,1.25,0.4124,True,OK
qian,21393,Octagon,3,1.21,0.4089,True,OK
qian,21393,Polka,1,1.19,0.4118,True,OK
qian,21393,Polka,2,1.23,0.4124,True,OK
qian,21393,Polka,3,1.23,0.4122,True,OK
qian,21890,Box,1,1.4,0.6068,True,OK
qian,21890,Box,2,1.39,0.6067,True,OK
qian,21890,Box,3,1.38,0.6053,True,OK
qian,21890,Octagon,1,1.41,0.6119,True,OK
qian,21890,Octagon,2,1.43,0.6242,True,OK
qian,21890,Octagon,3,1.4,0.6131,True,OK
qian,21890,Polka,1,1.4,0.6075,True,OK
qian,21890,Polka,2,1.41,0.6101,True,OK
qian,21890,Polka,3,1.4,0.6112,True,OK
qian,2252,Box,1,1.42,0.6103,True,OK
qian,2252,Box,2,1.4,0.6082,True,OK
qian,2252,Box,3,1.4,0.6086,True,OK
qian,2252,Octagon,1,1.44,0.6174,True,OK
qian,2252,Octagon,2,1.42,0.6186,True,OK
qian,2252,Octagon,3,1.41,0.6176,True,OK
qian,2252,Polka,1,1.41,0.6137,True,OK
qian,2252,Polka,2,1.43,0.617,True,OK
qian,2252,Polka,3,1.41,0.6158,True,OK
qian,2253,Box,1,1.42,0.6102,True,OK
qian,2253,Box,2,1.42,0.6064,True,OK
qian,2253,Box,3,1.41,0.6057,True,OK
qian,2253,Octagon,1,1.41,0.6111,True,OK
qian,2253,Octagon,2,1.4,0.6106,True,OK
qian,2253,Octagon,3,1.41,0.6162,True,OK
qian,2253,Polka,1,1.4,0.6114,True,OK
qian,2253,Polka,2,1.41,0.6112,True,OK
qian,2253,Polka,3,1.41,0.6106,True,OK
qian,2379,Box,1,1.41,0.6094,True,OK
qian,2379,Box,2,1.4,0.6077,True,OK
qian,2379,Box,3,1.42,0.6065,True,OK
qian,2379,Octagon,1,1.41,0.6101,True,OK
qian,2379,Octagon,2,1.42,0.6124,True,OK
qian,2379,Octagon,3,1.42,0.6121,True,OK
qian,2379,Polka,1,1.4,0.6109,True,OK
qian,2379,Polka,2,1.4,0.6083,True,OK
qian,2379,Polka,3,1.41,0.6111,True,OK
qian,2399,Box,1,1.43,0.6099,True,OK
qian,2399,Box,2,1.43,0.6115,True,OK
qian,2399,Box,3,1.42,0.6096,True,OK
qian,2399,Octagon,1,1.44,0.6182,True,OK
qian,2399,Octagon,2,1.44,0.6315,True,OK
qian,2399,Octagon,3,1.47,0.6225,True,OK
qian,2399,Polka,1,1.45,0.6288,True,OK
qian,2399,Polka,2,1.44,0.6138,True,OK
qian,2399,Polka,3,1.46,0.6175,True,OK
qian,2688,Box,1,0.67,0.0,False,ERR
qian,27455,Box,1,1.82,0.8094,True,OK
qian,27455,Box,2,1.8,0.8099,True,OK
qian,27455,Box,3,1.8,0.8083,True,OK
qian,27455,Octagon,1,1.81,0.8231,True,OK
qian,27455,Octagon,2,1.82,0.8253,True,OK
qian,27455,Octagon,3,1.81,0.8191,True,OK
qian,27455,Polka,1,1.81,0.8159,True,OK
qian,27455,Polka,2,1.81,0.8126,True,OK
qian,27455,Polka,3,1.82,0.8158,True,OK
qian,2777,Box,1,1.41,0.6077,True,OK
qian,2777,Box,2,1.4,0.6059,True,OK
qian,2777,Box,3,1.4,0.6067,True,OK
qian,2777,Octagon,1,1.41,0.6194,True,OK
qian,2777,Octagon,2,1.41,0.6093,True,OK
qian,2777,Octagon,3,1.43,0.6185,True,OK
qian,2777,Polka,1,1.41,0.6099,True,OK
qian,2777,Polka,2,1.42,0.6081,True,OK
qian,2777,Polka,3,1.41,0.6103,True,OK
qian,28359,Box,1,0.99,0.4062,True,OK
qian,28359,Box,2,0.99,0.4051,True,OK
qian,28359,Box,3,1.0,0.4066,True,OK
qian,28359,Octagon,1,1.0,0.4085,True,OK
qian,28359,Octagon,2,0.99,0.4065,True,OK
qian,28359,Octagon,3,1.01,0.4086,True,OK
qian,28359,Polka,1,1.0,0.4094,True,OK
qian,28359,Polka,2,1.0,0.4082,True,OK
qian,28359,Polka,3,0.99,0.4078,True,OK
qian,28383,Box,1,1.0,0.4168,True,OK
qian,28383,Box,2,1.01,0.4055,True,OK
qian,28383,Box,3,0.99,0.4054,True,OK
qian,28383,Octagon,1,1.02,0.4187,True,OK
qian,28383,Octagon,2,0.99,0.4189,True,OK
qian,28383,Octagon,3,1.01,0.4148,True,OK
qian,28383,Polka,1,1.0,0.416,True,OK
qian,28383,Polka,2,1.01,0.4176,True,OK
qian,28383,Polka,3,1.01,0.4167,True,OK
qian,29131,Box,1,1.84,0.8162,True,OK
qian,29131,Box,2,1.83,0.825,True,OK
qian,29131,Box,3,1.84,0.8122,True,OK
qian,29131,Octagon,1,1.85,0.8274,True,OK
qian,29131,Octagon,2,1.84,0.8275,True,OK
qian,29131,Octagon,3,1.85,0.8429,True,OK
qian,29131,Polka,1,1.83,0.8314,True,OK
qian,29131,Polka,2,1.86,0.8218,True,OK
qian,29131,Polka,3,1.84,0.8269,True,OK
qian,30060,Box,1,1.41,0.6088,True,OK
qian,30060,Box,2,1.41,0.6074,True,OK
qian,30060,Box,3,1.42,0.6087,True,OK
qian,30060,Octagon,1,1.42,0.6258,True,OK
qian,30060,Octagon,2,1.42,0.6151,True,OK
qian,30060,Octagon,3,1.44,0.6145,True,OK
qian,30060,Polka,1,1.4,0.6112,True,OK
qian,30060,Polka,2,1.42,0.6118,True,OK
qian,30060,Polka,3,1.44,0.6293,True,OK
qian,30396,Box,1,1.25,0.4077,True,OK
qian,30396,Box,2,1.24,0.4083,True,OK
qian,30396,Box,3,1.25,0.4083,True,OK
qian,30396,Octagon,1,1.28,0.4376,True,OK
qian,30396,Octagon,2,1.28,0.4166,True,OK
qian,30396,Octagon,3,1.24,0.4178,True,OK
qian,30396,Polka,1,1.33,0.4149,True,OK
qian,30396,Polka,2,1.31,0.4124,True,OK
qian,30396,Polka,3,1.38,0.4121,True,OK
qian,30772,Box,1,0.56,0.2011,True,OK
qian,30772,Box,2,0.57,0.2025,True,OK
qian,30772,Box,3,0.57,0.2022,True,OK
qian,30772,Octagon,1,0.57,0.2019,True,OK
qian,30772,Octagon,2,0.57,0.2028,True,OK
qian,30772,Octagon,3,0.57,0.2025,True,OK
qian,30772,Polka,1,0.56,0.2019,True,OK
qian,30772,Polka,2,0.57,0.2012,True,OK
qian,30772,Polka,3,0.56,0.2024,True,OK
qian,31758,Box,1,1.82,0.8117,True,OK
qian,31758,Box,2,1.8,0.8099,True,OK
qian,31758,Box,3,1.8,0.8103,True,OK
qian,31758,Octagon,1,1.81,0.8157,True,OK
qian,31758,Octagon,2,1.82,0.8127,True,OK
qian,31758,Octagon,3,1.81,0.8141,True,OK
qian,31758,Polka,1,1.81,0.8151,True,OK
qian,31758,Polka,2,1.81,0.8129,True,OK
qian,31758,Polka,3,1.82,0.8198,True,OK
qian,318,Box,1,2.07,1.2501,True,OK
qian,318,Box,2,2.08,1.2598,True,OK
qian,318,Box,3,2.09,1.2619,True,OK
qian,318,Octagon,1,2.08,0.411,True,OK
qian,318,Octagon,2,2.1,0.4255,True,OK
qian,318,Octagon,3,2.08,0.4098,True,OK
qian,318,Polka,1,2.08,0.4108,True,OK
qian,318,Polka,2,2.1,0.4316,True,OK
qian,318,Polka,3,2.06,0.4329,True,OK
qian,31812,Box,1,1.0,0.4057,True,OK
qian,31812,Box,2,1.0,0.4063,True,OK
qian,31812,Box,3,0.99,0.4084,True,OK
qian,31812,Octagon,1,1.01,0.4137,True,OK
qian,31812,Octagon,2,1.02,0.4165,True,OK
qian,31812,Octagon,3,1.01,0.4187,True,OK
qian,31812,Polka,1,1.01,0.4261,True,OK
qian,31812,Polka,2,0.99,0.409,True,OK
qian,31812,Polka,3,1.0,0.4088,True,OK
qian,31999,Box,1,1.84,0.8124,True,OK
qian,31999,Box,2,1.83,0.812,True,OK
qian,31999,Box,3,1.83,0.8127,True,OK
qian,31999,Octagon,1,1.83,0.8225,True,OK
qian,31999,Octagon,2,1.85,0.8263,True,OK
qian,31999,Octagon,3,1.84,0.8245,True,OK
qian,31999,Polka,1,1.85,0.8231,True,OK
qian,31999,Polka,2,1.83,0.8172,True,OK
qian,31999,Polka,3,1.86,0.8212,True,OK
qian,32007,Box,1,0.57,0.2024,True,OK
qian,32007,Box,2,0.59,0.2023,True,OK
qian,32007,Box,3,0.57,0.2014,True,OK
qian,32007,Octagon,1,0.56,0.2016,True,OK
qian,32007,Octagon,2,0.57,0.2017,True,OK
qian,32007,Octagon,3,0.56,0.2019,True,OK
qian,32007,Polka,1,0.56,0.2019,True,OK
qian,32007,Polka,2,0.56,0.2025,True,OK
qian,32007,Polka,3,0.56,0.2023,True,OK
qian,3434,Box,1,1.41,0.6073,True,OK
qian,3434,Box,2,1.39,0.6069,True,OK
qian,3434,Box,3,1.41,0.6106,True,OK
qian,3434,Octagon,1,1.42,0.6113,True,OK
qian,3434,Octagon,2,1.41,0.6114,True,OK
qian,3434,Octagon,3,1.41,0.6128,True,OK
qian,3434,Polka,1,1.41,0.6095,True,OK
qian,3434,Polka,2,1.41,0.6101,True,OK
qian,3434,Polka,3,1.41,0.6106,True,OK
qian,347,Box,1,1.39,0.6061,True,OK
qian,347,Box,2,1.39,0.6078,True,OK
qian,347,Box,3,1.4,0.6074,True,OK
qian,347,Octagon,1,1.4,0.6086,True,OK
qian,347,Octagon,2,1.4,0.6089,True,OK
qian,347,Octagon,3,1.39,0.6075,True,OK
qian,347,Polka,1,1.41,0.6076,True,OK
qian,347,Polka,2,1.39,0.6081,True,OK
qian,347,Polka,3,1.4,0.6075,True,OK
qian,34995,Box,1,1.83,0.8113,True,OK
qian,34995,Box,2,1.82,0.8129,True,OK
qian,34995,Box,3,1.8,0.8117,True,OK
qian,34995,Octagon,1,1.81,0.8142,True,OK
qian,34995,Octagon,2,1.81,0.8168,True,OK
qian,34995,Octagon,3,1.82,0.8255,True,OK
qian,34995,Polka,1,1.81,0.8148,True,OK
qian,34995,Polka,2,1.83,0.8186,True,OK
qian,34995,Polka,3,1.81,0.8136,True,OK
qian,3543,Box,1,1.41,0.6118,True,OK
qian,3543,Box,2,1.43,0.6109,True,OK
qian,3543,Box,3,1.43,0.6113,True,OK
qian,3543,Octagon,1,1.45,0.6177,True,OK
qian,3543,Octagon,2,1.42,0.617,True,OK
qian,3543,Octagon,3,1.42,0.6164,True,OK
qian,3543,Polka,1,1.43,0.6214,True,OK
qian,3543,Polka,2,1.43,0.6193,True,OK
qian,3543,Polka,3,1.42,0.6113,True,OK
qian,36661,Box,1,1.81,0.8084,True,OK
qian,36661,Box,2,1.79,0.8102,True,OK
qian,36661,Box,3,1.79,0.8082,True,OK
qian,36661,Octagon,1,1.8,0.812,True,OK
qian,36661,Octagon,2,1.81,0.8132,True,OK
qian,36661,Octagon,3,1.81,0.8151,True,OK
qian,36661,Polka,1,1.81,0.8139,True,OK
qian,36661,Polka,2,1.81,0.8172,True,OK
qian,36661,Polka,3,1.81,0.8156,True,OK
qian,3702,Box,1,1.41,0.6111,True,OK
qian,3702,Box,2,1.41,0.6072,True,OK
qian,3702,Box,3,1.45,0.6191,True,OK
qian,3702,Octagon,1,1.43,0.6259,True,OK
qian,3702,Octagon,2,1.43,0.6202,True,OK
qian,3702,Octagon,3,1.46,0.6172,True,OK
qian,3702,Polka,1,1.42,0.6115,True,OK
qian,3702,Polka,2,1.43,0.6248,True,OK
qian,3702,Polka,3,1.44,0.6171,True,OK
qian,37155,Box,1,1.8,0.8081,True,OK
qian,37155,Box,2,1.8,0.8074,True,OK
qian,37155,Box,3,1.8,0.8089,True,OK
qian,37155,Octagon,1,1.8,0.8112,True,OK
qian,37155,Octagon,2,1.79,0.8125,True,OK
qian,37155,Octagon,3,1.79,0.8116,True,OK
qian,37155,Polka,1,1.8,0.8116,True,OK
qian,37155,Polka,2,1.79,0.8103,True,OK
qian,37155,Polka,3,1.8,0.8147,True,OK
qian,37221,Box,1,1.39,0.608,True,OK
qian,37221,Box,2,1.41,0.6093,True,OK
qian,37221,Box,3,1.39,0.6071,True,OK
qian,37221,Octagon,1,1.41,0.6245,True,OK
qian,37221,Octagon,2,1.42,0.6175,True,OK
qian,37221,Octagon,3,1.41,0.6149,True,OK
qian,37221,Polka,1,1.4,0.6107,True,OK
qian,37221,Polka,2,1.41,0.6104,True,OK
qian,37221,Polka,3,1.4,0.6084,True,OK
qian,3729,Box,1,1.42,0.6078,True,OK
qian,3729,Box,2,1.41,0.6074,True,OK
qian,3729,Box,3,1.4,0.608,True,OK
qian,3729,Octagon,1,1.41,0.6137,True,OK
qian,3729,Octagon,2,1.41,0.6157,True,OK
qian,3729,Octagon,3,1.4,0.6156,True,OK
qian,3729,Polka,1,1.41,0.6225,True,OK
qian,3729,Polka,2,1.41,0.6224,True,OK
qian,3729,Polka,3,1.42,0.6114,True,OK
qian,37559,Box,1,1.85,0.8212,True,OK
qian,37559,Box,2,1.83,0.811,True,OK
qian,37559,Box,3,1.84,0.8112,True,OK
qian,37559,Octagon,1,1.85,0.8234,True,OK
qian,37559,Octagon,2,1.86,0.8301,True,OK
qian,37559,Octagon,3,1.84,0.8276,True,OK
qian,37559,Polka,1,1.85,0.8204,True,OK
qian,37559,Polka,2,1.85,0.8278,True,OK
qian,37559,Polka,3,1.84,0.8146,True,OK
qian,37672,Box,1,1.41,0.6102,True,OK
qian,37672,Box,2,1.41,0.6087,True,OK
qian,37672,Box,3,1.41,0.6075,True,OK
qian,37672,Octagon,1,1.42,0.6154,True,OK
qian,37672,Octagon,2,1.42,0.6149,True,OK
qian,37672,Octagon,3,1.42,0.6253,True,OK
qian,37672,Polka,1,1.41,0.6122,True,OK
qian,37672,Polka,2,1.41,0.6125,True,OK
qian,37672,Polka,3,1.41,0.6215,True,OK
qian,37679,Box,1,1.84,0.8115,True,OK
qian,37679,Box,2,1.83,0.825,True,OK
qian,37679,Box,3,1.83,0.8221,True,OK
qian,37679,Octagon,1,1.85,0.8271,True,OK
qian,37679,Octagon,2,1.84,0.8242,True,OK
qian,37679,Octagon,3,1.85,0.8436,True,OK
qian,37679,Polka,1,1.84,0.8176,True,OK
qian,37679,Polka,2,1.85,0.8206,True,OK
qian,37679,Polka,3,1.83,0.8203,True,OK
qian,37919,Box,1,1.82,0.815,True,OK
qian,37919,Box,2,1.82,0.8121,True,OK
qian,37919,Box,3,1.83,0.8135,True,OK
qian,37919,Octagon,1,1.84,0.8183,True,OK
qian,37919,Octagon,2,1.83,0.8236,True,OK
qian,37919,Octagon,3,1.84,0.8165,True,OK
qian,37919,Polka,1,1.83,0.8223,True,OK
qian,37919,Polka,2,1.84,0.8215,True,OK
qian,37919,Polka,3,1.83,0.8161,True,OK
qian,37920,Box,1,1.42,0.6086,True,OK
qian,37920,Box,2,1.44,0.6149,True,OK
qian,37920,Box,3,1.43,0.6097,True,OK
qian,37920,Octagon,1,1.45,0.6165,True,OK
qian,37920,Octagon,2,1.46,0.6319,True,OK
qian,37920,Octagon,3,1.44,0.6159,True,OK
qian,37920,Polka,1,1.44,0.6131,True,OK
qian,37920,Polka,2,1.43,0.6159,True,OK
qian,37920,Polka,3,1.43,0.6155,True,OK
qian,38392,Box,1,1.0,0.4058,True,OK
qian,38392,Box,2,0.98,0.4038,True,OK
qian,38392,Box,3,1.01,0.405,True,OK
qian,38392,Octagon,1,1.01,0.4083,True,OK
qian,38392,Octagon,2,0.99,0.4071,True,OK
qian,38392,Octagon,3,1.01,0.4079,True,OK
qian,38392,Polka,1,0.99,0.4068,True,OK
qian,38392,Polka,2,1.0,0.407,True,OK
qian,38392,Polka,3,1.0,0.4078,True,OK
qian,38421,Box,1,0.79,0.0,False,OK
qian,38684,Box,1,0.56,0.2012,True,OK
qian,38684,Box,2,0.56,0.2016,True,OK
qian,38684,Box,3,0.56,0.202,True,OK
qian,38684,Octagon,1,0.57,0.2012,True,OK
qian,38684,Octagon,2,0.58,0.2027,True,OK
qian,38684,Octagon,3,0.58,0.203,True,OK
qian,38684,Polka,1,0.57,0.202,True,OK
qian,38684,Polka,2,0.58,0.2025,True,OK
qian,38684,Polka,3,0.56,0.202,True,OK
qian,38947,Box,1,0.99,0.4041,True,OK
qian,38947,Box,2,0.99,0.4033,True,OK
qian,38947,Box,3,0.98,0.4055,True,OK
qian,38947,Octagon,1,0.99,0.4072,True,OK
qian,38947,Octagon,2,0.99,0.4059,True,OK
qian,38947,Octagon,3,1.0,0.4069,True,OK
qian,38947,Polka,1,0.99,0.4089,True,OK
qian,38947,Polka,2,1.0,0.4068,True,OK
qian,38947,Polka,3,1.0,0.4052,True,OK
qian,39715,Box,1,1.44,0.612,True,OK
qian,39715,Box,2,1.43,0.612,True,OK
qian,39715,Box,3,1.44,0.6133,True,OK
qian,39715,Octagon,1,1.51,0.6462,True,OK
qian,39715,Octagon,2,1.47,0.6461,True,OK
qian,39715,Octagon,3,1.47,0.6453,True,OK
qian,39715,Polka,1,1.47,0.6195,True,OK
qian,39715,Polka,2,1.44,0.6206,True,OK
qian,39715,Polka,3,1.47,0.6292,True,OK
qian,400,Box,1,1.71,0.6128,True,OK
qian,400,Box,2,1.65,0.6129,True,OK
qian,400,Box,3,1.74,0.6126,True,OK
qian,400,Octagon,1,1.74,0.6206,True,OK
qian,400,Octagon,2,1.67,0.6208,True,OK
qian,400,Octagon,3,1.64,0.6199,True,OK
qian,400,Polka,1,1.67,0.6167,True,OK
qian,400,Polka,2,1.64,0.617,True,OK
qian,400,Polka,3,1.66,0.6167,True,OK
qian,40005,Box,1,1.91,0.8121,True,OK
qian,40005,Box,2,1.83,0.8105,True,OK
qian,40005,Box,3,1.83,0.8178,True,OK
qian,40005,Octagon,1,1.84,0.8201,True,OK
qian,40005,Octagon,2,1.86,0.8307,True,OK
qian,40005,Octagon,3,1.84,0.819,True,OK
qian,40005,Polka,1,1.83,0.8155,True,OK
qian,40005,Polka,2,1.84,0.8247,True,OK
qian,40005,Polka,3,1.84,0.8195,True,OK
qian,40059,Box,1,0.58,0.2016,True,OK
qian,40059,Box,2,0.56,0.2021,True,OK
qian,40059,Box,3,0.57,0.2021,True,OK
qian,40059,Octagon,1,0.57,0.2028,True,OK
qian,40059,Octagon,2,0.56,0.2015,True,OK
qian,40059,Octagon,3,0.58,0.2019,True,OK
qian,40059,Polka,1,0.57,0.2018,True,OK
qian,40059,Polka,2,0.57,0.202,True,OK
qian,40059,Polka,3,0.58,0.2025,True,OK
qian,40239,Box,1,0.56,0.2011,True,OK
qian,40239,Box,2,0.56,0.2013,True,OK
qian,40239,Box,3,0.57,0.2016,True,OK
qian,40239,Octagon,1,0.56,0.2031,True,OK
qian,40239,Octagon,2,0.56,0.2016,True,OK
qian,40239,Octagon,3,0.55,0.2025,True,OK
qian,40239,Polka,1,0.56,0.2022,True,OK
qian,40239,Polka,2,0.57,0.2022,True,OK
qian,40239,Polka,3,0.58,0.2028,True,OK
qian,40451,Box,1,1.43,0.6121,True,OK
qian,40451,Box,2,1.42,0.6113,True,OK
qian,40451,Box,3,1.45,0.613,True,OK
qian,40451,Octagon,1,1.44,0.6242,True,OK
qian,40451,Octagon,2,1.45,0.6207,True,OK
qian,40451,Octagon,3,1.45,0.6238,True,OK
qian,40451,Polka,1,1.46,0.6184,True,OK
qian,40451,Polka,2,1.45,0.6171,True,OK
qian,40451,Polka,3,1.45,0.6195,True,OK
qian,40611,Box,1,0.08,0.0,False,ERR
qian,40726,Box,1,1.4,0.6095,True,OK
qian,40726,Box,2,1.41,0.6069,True,OK
qian,40726,Box,3,1.4,0.6074,True,OK
qian,40726,Octagon,1,1.4,0.6096,True,OK
qian,40726,Octagon,2,1.41,0.6104,True,OK
qian,40726,Octagon,3,1.4,0.609,True,OK
qian,40726,Polka,1,1.4,0.6127,True,OK
qian,40726,Polka,2,1.41,0.6091,True,OK
qian,40726,Polka,3,1.4,0.6113,True,OK
qian,40727,Box,1,1.41,0.6082,True,OK
qian,40727,Box,2,1.41,0.6082,True,OK
qian,40727,Box,3,1.42,0.6085,True,OK
qian,40727,Octagon,1,1.44,0.6204,True,OK
qian,40727,Octagon,2,1.42,0.6139,True,OK
qian,40727,Octagon,3,1.42,0.6113,True,OK
qian,40727,Polka,1,1.4,0.6152,True,OK
qian,40727,Polka,2,1.42,0.6128,True,OK
qian,40727,Polka,3,1.41,0.6108,True,OK
qian,40733,Box,1,1.59,0.8239,True,OK
qian,40733,Box,2,1.61,0.8374,True,OK
qian,40733,Box,3,1.58,0.8251,True,OK
qian,40733,Octagon,1,1.61,0.85,True,OK
qian,40733,Octagon,2,1.61,0.8387,True,OK
qian,40733,Octagon,3,1.61,0.8485,True,OK
qian,40733,Polka,1,1.62,0.8428,True,OK
qian,40733,Polka,2,1.6,0.8314,True,OK
qian,40733,Polka,3,1.61,0.8306,True,OK
qian,40736,Box,1,11.14,10.1538,True,OK
qian,40736,Box,2,11.13,10.1462,True,OK
qian,40736,Box,3,11.14,10.1552,True,OK
qian,40736,Octagon,1,11.44,10.3981,True,OK
qian,40736,Octagon,2,11.4,10.3575,True,OK
qian,40736,Octagon,3,11.43,10.3908,True,OK
qian,40736,Polka,1,11.28,10.2913,True,OK
qian,40736,Polka,2,11.28,10.3044,True,OK
qian,40736,Polka,3,11.27,10.2926,True,OK
qian,40738,Box,1,1.4,0.609,True,OK
qian,40738,Box,2,1.39,0.6065,True,OK
qian,40738,Box,3,1.4,0.6062,True,OK
qian,40738,Octagon,1,1.4,0.6072,True,OK
qian,40738,Octagon,2,1.4,0.6086,True,OK
qian,40738,Octagon,3,1.4,0.6094,True,OK
qian,40738,Polka,1,1.41,0.6109,True,OK
qian,40738,Polka,2,1.39,0.6087,True,OK
qian,40738,Polka,3,1.4,0.6096,True,OK
qian,40745,Box,1,10.91,10.137,True,OK
qian,40745,Box,2,10.89,10.1349,True,OK
qian,40745,Box,3,10.91,10.1348,True,OK
qian,40745,Octagon,1,11.08,10.3097,True,OK
qian,40745,Octagon,2,11.06,10.2811,True,OK
qian,40745,Octagon,3,11.06,10.2694,True,OK
qian,40745,Polka,1,11.05,10.2427,True,OK
qian,40745,Polka,2,11.01,10.2305,True,OK
qian,40745,Polka,3,11.02,10.2479,True,OK
qian,40746,Box,1,1.61,0.8354,True,OK
qian,40746,Box,2,1.61,0.8373,True,OK
qian,40746,Box,3,1.61,0.8407,True,OK
qian,40746,Octagon,1,1.61,0.8446,True,OK
qian,40746,Octagon,2,1.61,0.8431,True,OK
qian,40746,Octagon,3,1.61,0.8488,True,OK
qian,40746,Polka,1,1.6,0.8369,True,OK
qian,40746,Polka,2,1.6,0.8363,True,OK
qian,40746,Polka,3,1.66,0.888,True,OK
qian,40748,Box,1,10.91,10.1185,True,OK
qian,40748,Box,2,10.92,10.1303,True,OK
qian,40748,Box,3,10.89,10.1179,True,OK
qian,40748,Octagon,1,11.13,10.315,True,OK
qian,40748,Octagon,2,11.07,10.3012,True,OK
qian,40748,Octagon,3,11.09,10.2917,True,OK
qian,40748,Polka,1,10.99,10.1893,True,OK
qian,40748,Polka,2,11.03,10.2199,True,OK
qian,40748,Polka,3,11.03,10.2176,True,OK
qian,40750,Box,1,0.58,0.0,False,OK
qian,40751,Box,1,10.91,10.1257,True,OK
qian,40751,Box,2,10.89,10.1115,True,OK
qian,40751,Box,3,10.89,10.1181,True,OK
qian,40751,Octagon,1,11.13,10.3185,True,OK
qian,40751,Octagon,2,11.15,10.3289,True,OK
qian,40751,Octagon,3,11.15,10.3351,True,OK
qian,40751,Polka,1,11.02,10.2374,True,OK
qian,40751,Polka,2,11.02,10.2654,True,OK
qian,40751,Polka,3,11.11,10.2294,True,OK
qian,40753,Box,1,10.71,10.1392,True,OK
qian,40753,Box,2,10.69,10.1185,True,OK
qian,40753,Box,3,10.69,10.1198,True,OK
qian,40753,Octagon,1,10.88,10.2803,True,OK
qian,40753,Octagon,2,10.85,10.2525,True,OK
qian,40753,Octagon,3,10.88,10.2781,True,OK
qian,40753,Polka,1,10.78,10.2066,True,OK
qian,40753,Polka,2,10.78,10.1926,True,OK
qian,40753,Polka,3,10.8,10.1993,True,OK
qian,40754,Box,1,11.11,10.1337,True,OK
qian,40754,Box,2,11.12,10.1388,True,OK
qian,40754,Box,3,11.1,10.1331,True,OK
qian,40754,Octagon,1,11.41,10.3534,True,OK
qian,40754,Octagon,2,11.43,10.3888,True,OK
qian,40754,Octagon,3,11.39,10.3323,True,OK
qian,40754,Polka,1,11.28,10.2955,True,OK
qian,40754,Polka,2,11.31,10.3138,True,OK
qian,40754,Polka,3,11.3,10.3134,True,OK
qian,40755,Box,1,10.88,10.1139,True,OK
qian,40755,Box,2,10.89,10.1065,True,OK
qian,40755,Box,3,10.9,10.1327,True,OK
qian,40755,Octagon,1,11.11,10.2906,True,OK
qian,40755,Octagon,2,11.15,10.3348,True,OK
qian,40755,Octagon,3,11.14,10.3233,True,OK
qian,40755,Polka,1,10.98,10.212,True,OK
qian,40755,Polka,2,11.03,10.2299,True,OK
qian,40755,Polka,3,11.02,10.2455,True,OK
qian,40757,Box,1,10.67,10.1094,True,OK
qian,40757,Box,2,10.69,10.119,True,OK
qian,40757,Box,3,10.68,10.1216,True,OK
qian,40757,Octagon,1,10.85,10.2711,True,OK
qian,40757,Octagon,2,11.1,10.4425,True,OK
qian,40757,Octagon,3,11.21,10.4729,True,OK
qian,40757,Polka,1,10.92,10.1961,True,OK
qian,40757,Polka,2,10.8,10.1827,True,OK
qian,40757,Polka,3,10.76,10.1647,True,OK
qian,4225,Box,1,0.57,0.2011,True,OK
qian,4225,Box,2,0.57,0.2014,True,OK
qian,4225,Box,3,0.57,0.2014,True,OK
qian,4225,Octagon,1,0.57,0.2029,True,OK
qian,4225,Octagon,2,0.56,0.2018,True,OK
qian,4225,Octagon,3,0.56,0.2025,True,OK
qian,4225,Polka,1,0.56,0.2027,True,OK
qian,4225,Polka,2,0.56,0.2018,True,OK
qian,4225,Polka,3,0.56,0.2024,True,OK
qian,44,Box,1,1.23,0.4072,True,OK
qian,44,Box,2,1.25,0.4069,True,OK
qian,44,Box,3,1.2,0.4087,True,OK
qian,44,Octagon,1,1.25,0.4129,True,OK
qian,44,Octagon,2,1.24,0.4123,True,OK
qian,44,Octagon,3,1.25,0.4126,True,OK
qian,44,Polka,1,1.27,0.4133,True,OK
qian,44,Polka,2,1.27,0.4129,True,OK
qian,44,Polka,3,1.27,0.4136,True,OK
qian,4467,Box,1,1.84,0.8246,True,OK
qian,4467,Box,2,1.82,0.8112,True,OK
qian,4467,Box,3,1.82,0.819,True,OK
qian,4467,Octagon,1,1.83,0.8283,True,OK
qian,4467,Octagon,2,1.85,0.8234,True,OK
qian,4467,Octagon,3,1.83,0.82,True,OK
qian,4467,Polka,1,1.83,0.8202,True,OK
qian,4467,Polka,2,1.84,0.8268,True,OK
qian,4467,Polka,3,1.83,0.826,True,OK
qian,4524,Box,1,1.42,0.6083,True,OK
qian,4524,Box,2,1.41,0.6072,True,OK
qian,4524,Box,3,1.42,0.6075,True,OK
qian,4524,Octagon,1,1.41,0.6208,True,OK
qian,4524,Octagon,2,1.41,0.6217,True,OK
qian,4524,Octagon,3,1.42,0.612,True,OK
qian,4524,Polka,1,1.4,0.6113,True,OK
qian,4524,Polka,2,1.4,0.6225,True,OK
qian,4524,Polka,3,1.41,0.6208,True,OK
qian,4590,Box,1,0.89,0.0,False,ERR
qian,49728,Box,1,1.41,0.608,True,OK
qian,49728,Box,2,1.43,0.6096,True,OK
qian,49728,Box,3,1.41,0.6078,True,OK
qian,49728,Octagon,1,1.42,0.6172,True,OK
qian,49728,Octagon,2,1.42,0.6161,True,OK
qian,49728,Octagon,3,1.44,0.6256,True,OK
qian,49728,Polka,1,1.43,0.6168,True,OK
qian,49728,Polka,2,1.43,0.6123,True,OK
qian,49728,Polka,3,1.41,0.6123,True,OK
qian,50062,Box,1,1.44,0.6086,True,OK
qian,50062,Box,2,1.41,0.6091,True,OK
qian,50062,Box,3,1.41,0.6098,True,OK
qian,50062,Octagon,1,1.44,0.6299,True,OK
qian,50062,Octagon,2,1.42,0.6218,True,OK
qian,50062,Octagon,3,1.44,0.6388,True,OK
qian,50062,Polka,1,1.43,0.6151,True,OK
qian,50062,Polka,2,1.43,0.6138,True,OK
qian,50062,Polka,3,1.44,0.6275,True,OK
qian,50063,Box,1,1.45,0.6121,True,OK
qian,50063,Box,2,1.44,0.6137,True,OK
qian,50063,Box,3,1.47,0.6139,True,OK
qian,50063,Octagon,1,1.52,0.6772,True,OK
qian,50063,Octagon,2,1.52,0.7073,True,OK
qian,50063,Octagon,3,1.53,0.7038,True,OK
qian,50063,Polka,1,1.46,0.6215,True,OK
qian,50063,Polka,2,1.45,0.6185,True,OK
qian,50063,Polka,3,1.45,0.6214,True,OK
qian,50216,Box,1,0.89,0.0,False,ERR
qian,50222,Box,1,2.23,1.0131,True,OK
qian,50222,Box,2,2.22,1.0126,True,OK
qian,50222,Box,3,2.23,1.0205,True,OK
qian,50222,Octagon,1,2.22,1.0216,True,OK
qian,50222,Octagon,2,2.22,1.0245,True,OK
qian,50222,Octagon,3,2.22,1.0209,True,OK
qian,50222,Polka,1,2.22,1.0185,True,OK
qian,50222,Polka,2,2.23,1.035,True,OK
qian,50222,Polka,3,2.23,1.0177,True,OK
qian,5142,Box,1,1.42,0.6062,True,OK
qian,5142,Box,2,1.42,0.608,True,OK
qian,5142,Box,3,1.42,0.6066,True,OK
qian,5142,Octagon,1,1.43,0.6156,True,OK
qian,5142,Octagon,2,1.46,0.6333,True,OK
qian,5142,Octagon,3,1.43,0.6213,True,OK
qian,5142,Polka,1,1.43,0.6234,True,OK
qian,5142,Polka,2,1.43,0.6123,True,OK
qian,5142,Polka,3,1.41,0.6092,True,OK
qian,5143,Box,1,2.22,1.0133,True,OK
qian,5143,Box,2,2.22,1.0145,True,OK
qian,5143,Box,3,2.2,1.0113,True,OK
qian,5143,Octagon,1,2.22,1.0285,True,OK
qian,5143,Octagon,2,2.23,1.022,True,OK
qian,5143,Octagon,3,2.23,1.0225,True,OK
qian,5143,Polka,1,2.23,1.0223,True,OK
qian,5143,Polka,2,2.23,1.0221,True,OK
qian,5143,Polka,3,2.22,1.0224,True,OK
qian,5164,Box,1,1.42,0.6103,True,OK
qian,5164,Box,2,1.41,0.6101,True,OK
qian,5164,Box,3,1.43,0.6117,True,OK
qian,5164,Octagon,1,1.43,0.6333,True,OK
qian,5164,Octagon,2,1.44,0.6239,True,OK
qian,5164,Octagon,3,1.43,0.6334,True,OK
qian,5164,Polka,1,1.42,0.6156,True,OK
qian,5164,Polka,2,1.43,0.6265,True,OK
qian,5164,Polka,3,1.44,0.6173,True,OK
qian,5339,Box,1,1.41,0.6072,True,OK
qian,5339,Box,2,1.41,0.607,True,OK
qian,5339,Box,3,1.4,0.6067,True,OK
qian,5339,Octagon,1,1.42,0.6103,True,OK
qian,5339,Octagon,2,1.4,0.6099,True,OK
qian,5339,Octagon,3,1.42,0.6179,True,OK
qian,5339,Polka,1,1.4,0.6101,True,OK
qian,5339,Polka,2,1.41,0.6095,True,OK
qian,5339,Polka,3,1.41,0.6111,True,OK
qian,5934,Box,1,0.98,0.4049,True,OK
qian,5934,Box,2,0.99,0.4054,True,OK
qian,5934,Box,3,0.99,0.4051,True,OK
qian,5934,Octagon,1,0.99,0.4085,True,OK
qian,5934,Octagon,2,0.99,0.4072,True,OK
qian,5934,Octagon,3,0.99,0.4065,True,OK
qian,5934,Polka,1,1.0,0.4077,True,OK
qian,5934,Polka,2,1.0,0.4077,True,OK
qian,5934,Polka,3,0.99,0.4088,True,OK
qian,595,Box,1,1.42,0.6069,True,OK
qian,595,Box,2,1.4,0.6068,True,OK
qian,595,Box,3,1.41,0.6086,True,OK
qian,595,Octagon,1,1.41,0.6111,True,OK
qian,595,Octagon,2,1.42,0.6104,True,OK
qian,595,Octagon,3,1.4,0.6114,True,OK
qian,595,Polka,1,1.42,0.6135,True,OK
qian,595,Polka,2,1.4,0.609,True,OK
qian,595,Polka,3,1.41,0.6096,True,OK
qian,5975,Box,1,0.98,0.4049,True,OK
qian,5975,Box,2,1.0,0.4035,True,OK
qian,5975,Box,3,1.0,0.4029,True,OK
qian,5975,Octagon,1,0.99,0.4071,True,OK
qian,5975,Octagon,2,1.0,0.4077,True,OK
qian,5975,Octagon,3,0.99,0.4066,True,OK
qian,5975,Polka,1,0.98,0.4063,True,OK
qian,5975,Polka,2,1.01,0.4064,True,OK
qian,5975,Polka,3,1.0,0.4068,True,OK
qian,6220,Box,1,1.43,0.6101,True,OK
qian,6220,Box,2,1.43,0.6111,True,OK
qian,6220,Box,3,1.42,0.6117,True,OK
qian,6220,Octagon,1,1.48,0.678,True,OK
qian,6220,Octagon,2,1.5,0.6432,True,OK
qian,6220,Octagon,3,1.44,0.6318,True,OK
qian,6220,Polka,1,1.42,0.6159,True,OK
qian,6220,Polka,2,1.42,0.6156,True,OK
qian,6220,Polka,3,1.42,0.617,True,OK
qian,625,Box,1,1.4,0.6066,True,OK
qian,625,Box,2,1.4,0.6048,True,OK
qian,625,Box,3,1.48,0.607,True,OK
qian,625,Octagon,1,1.41,0.6122,True,OK
qian,625,Octagon,2,1.41,0.6111,True,OK
qian,625,Octagon,3,1.43,0.6096,True,OK
qian,625,Polka,1,1.41,0.6109,True,OK
qian,625,Polka,2,1.41,0.6104,True,OK
qian,625,Polka,3,1.43,0.6085,True,OK
qian,626,Box,1,1.4,0.6079,True,OK
qian,626,Box,2,1.41,0.6078,True,OK
qian,626,Box,3,1.4,0.6083,True,OK
qian,626,Octagon,1,1.42,0.6226,True,OK
qian,626,Octagon,2,1.41,0.613,True,OK
qian,626,Octagon,3,1.41,0.6128,True,OK
qian,626,Polka,1,1.41,0.6105,True,OK
qian,626,Polka,2,1.41,0.6114,True,OK
qian,626,Polka,3,1.4,0.6125,True,OK
qian,6369,Box,1,0.89,0.0,False,ERR
qian,649,Box,1,1.42,0.6091,True,OK
qian,649,Box,2,1.42,0.6091,True,OK
qian,649,Box,3,1.43,0.6106,True,OK
qian,649,Octagon,1,1.42,0.6209,True,OK
qian,649,Octagon,2,1.43,0.6169,True,OK
qian,649,Octagon,3,1.42,0.6207,True,OK
qian,649,Polka,1,1.42,0.6174,True,OK
qian,649,Polka,2,1.42,0.6193,True,OK
qian,649,Polka,3,1.43,0.6189,True,OK
qian,6578,Box,1,1.85,0.8129,True,OK
qian,6578,Box,2,1.85,0.8111,True,OK
qian,6578,Box,3,1.84,0.8158,True,OK
qian,6578,Octagon,1,1.86,0.8207,True,OK
qian,6578,Octagon,2,1.86,0.8204,True,OK
qian,6578,Octagon,3,1.85,0.8197,True,OK
qian,6578,Polka,1,1.85,0.8245,True,OK
qian,6578,Polka,2,1.85,0.8212,True,OK
qian,6578,Polka,3,1.85,0.8206,True,OK
qian,6929,Box,1,1.0,0.4045,True,OK
qian,6929,Box,2,0.99,0.4062,True,OK
qian,6929,Box,3,1.01,0.4051,True,OK
qian,6929,Octagon,1,0.99,0.4076,True,OK
qian,6929,Octagon,2,0.99,0.4072,True,OK
qian,6929,Octagon,3,0.98,0.409,True,OK
qian,6929,Polka,1,1.0,0.4085,True,OK
qian,6929,Polka,2,0.99,0.4078,True,OK
qian,6929,Polka,3,0.99,0.4077,True,OK
qian,7134,Box,1,1.42,0.6124,True,OK
qian,7134,Box,2,1.42,0.6082,True,OK
qian,7134,Box,3,1.41,0.6072,True,OK
qian,7134,Octagon,1,1.44,0.6162,True,OK
qian,7134,Octagon,2,1.43,0.6246,True,OK
qian,7134,Octagon,3,1.43,0.6153,True,OK
qian,7134,Polka,1,1.45,0.6123,True,OK
qian,7134,Polka,2,1.42,0.6113,True,OK
qian,7134,Polka,3,1.44,0.6289,True,OK
qian,7330,Box,1,1.41,0.6085,True,OK
qian,7330,Box,2,1.42,0.6134,True,OK
qian,7330,Box,3,1.43,0.6172,True,OK
qian,7330,Octagon,1,1.43,0.6254,True,OK
qian,7330,Octagon,2,1.43,0.6138,True,OK
qian,7330,Octagon,3,1.43,0.6139,True,OK
qian,7330,Polka,1,1.42,0.6185,True,OK
qian,7330,Polka,2,1.44,0.6161,True,OK
qian,7330,Polka,3,1.44,0.6118,True,OK
qian,739,Box,1,1.82,0.8193,True,OK
qian,739,Box,2,1.83,0.8126,True,OK
qian,739,Box,3,1.81,0.8121,True,OK
qian,739,Octagon,1,1.84,0.8203,True,OK
qian,739,Octagon,2,1.83,0.8246,True,OK
qian,739,Octagon,3,1.84,0.8273,True,OK
qian,739,Polka,1,1.84,0.8172,True,OK
qian,739,Polka,2,1.83,0.8196,True,OK
qian,739,Polka,3,1.82,0.8148,True,OK
qian,7419,Box,1,1.4,0.607,True,OK
qian,7419,Box,2,1.4,0.6071,True,OK
qian,7419,Box,3,1.41,0.6091,True,OK
qian,7419,Octagon,1,1.4,0.6114,True,OK
qian,7419,Octagon,2,1.4,0.6222,True,OK
qian,7419,Octagon,3,1.41,0.6138,True,OK
qian,7419,Polka,1,1.41,0.6102,True,OK
qian,7419,Polka,2,1.42,0.6099,True,OK
qian,7419,Polka,3,1.41,0.612,True,OK
qian,7570,Box,1,1.81,0.8089,True,OK
qian,7570,Box,2,1.81,0.8087,True,OK
qian,7570,Box,3,1.81,0.8093,True,OK
qian,7570,Octagon,1,1.83,0.827,True,OK
qian,7570,Octagon,2,1.83,0.8272,True,OK
qian,7570,Octagon,3,1.82,0.814,True,OK
qian,7570,Polka,1,1.81,0.8181,True,OK
qian,7570,Polka,2,1.81,0.8197,True,OK
qian,7570,Polka,3,1.81,0.8107,True,OK
qian,7593,Box,1,0.23,0.0023,True,OK
qian,7593,Box,2,0.22,0.0016,True,OK
qian,7593,Box,3,0.21,0.0017,True,OK
qian,7593,Octagon,1,0.22,0.003,True,OK
qian,7593,Octagon,2,0.24,0.0015,True,OK
qian,7593,Octagon,3,0.23,0.0036,True,OK
qian,7593,Polka,1,0.2,0.0028,True,OK
qian,7593,Polka,2,0.21,0.0017,True,OK
qian,7593,Polka,3,0.21,0.0017,True,OK
qian,8099,Box,1,0.68,0.0,False,ERR
qian,8342,Box,1,1.17,0.8228,True,OK
qian,8342,Box,2,1.17,0.8218,True,OK
qian,8342,Box,3,1.17,0.8212,True,OK
qian,8342,Octagon,1,1.18,0.0,True,OK
qian,8342,Octagon,2,1.16,0.0,True,OK
qian,8342,Octagon,3,1.16,0.0,True,OK
qian,8342,Polka,1,1.17,0.0,True,OK
qian,8342,Polka,2,1.17,0.0,True,OK
qian,8342,Polka,3,1.16,0.0,True,OK
qian,84,Box,1,1.4,0.6058,True,OK
qian,84,Box,2,1.4,0.6075,True,OK
qian,84,Box,3,1.4,0.6079,True,OK
qian,84,Octagon,1,1.4,0.6143,True,OK
qian,84,Octagon,2,1.4,0.6195,True,OK
qian,84,Octagon,3,1.41,0.6153,True,OK
qian,84,Polka,1,1.41,0.6112,True,OK
qian,84,Polka,2,1.41,0.612,True,OK
qian,84,Polka,3,1.39,0.612,True,OK
qian,911,Box,1,0.56,0.2021,True,OK
qian,911,Box,2,0.57,0.2015,True,OK
qian,911,Box,3,0.56,0.202,True,OK
qian,911,Octagon,1,0.57,0.2023,True,OK
qian,911,Octagon,2,0.56,0.2015,True,OK
qian,911,Octagon,3,0.57,0.2022,True,OK
qian,911,Polka,1,0.55,0.2015,True,OK
qian,911,Polka,2,0.56,0.2023,True,OK
qian,911,Polka,3,0.57,0.202,True,OK
qian,9208,Box,1,1.45,0.6109,True,OK
qian,9208,Box,2,1.4,0.6063,True,OK
qian,9208,Box,3,1.44,0.6081,True,OK
qian,9208,Octagon,1,1.42,0.618,True,OK
qian,9208,Octagon,2,1.43,0.6273,True,OK
qian,9208,Octagon,3,1.43,0.6142,True,OK
qian,9208,Polka,1,1.41,0.6105,True,OK
qian,9208,Polka,2,1.43,0.6161,True,OK
qian,9208,Polka,3,1.42,0.61,True,OK
qian,9377,Box,1,1.41,0.6107,True,OK
qian,9377,Box,2,1.41,0.6131,True,OK
qian,9377,Box,3,1.41,0.6147,True,OK
qian,9377,Octagon,1,1.43,0.6336,True,OK
qian,9377,Octagon,2,1.43,0.6237,True,OK
qian,9377,Octagon,3,1.42,0.6229,True,OK
qian,9377,Polka,1,1.42,0.6154,True,OK
qian,9377,Polka,2,1.43,0.6274,True,OK
qian,9377,Polka,3,1.42,0.6157,True,OK
qian,9379,Box,1,0.59,0.2022,True,OK
qian,9379,Box,2,0.58,0.2025,True,OK
qian,9379,Box,3,0.57,0.203,True,OK
qian,9379,Octagon,1,0.57,0.2024,True,OK
qian,9379,Octagon,2,0.58,0.2028,True,OK
qian,9379,Octagon,3,0.57,0.2027,True,OK
qian,9379,Polka,1,0.58,0.2041,True,OK
qian,9379,Polka,2,0.58,0.2033,True,OK
qian,9379,Polka,3,0.58,0.2034,True,OK
qian,948,Box,1,1.8,0.81,True,OK
qian,948,Box,2,1.8,0.8072,True,OK
qian,948,Box,3,1.83,0.8085,True,OK
qian,948,Octagon,1,1.83,0.8211,True,OK
qian,948,Octagon,2,1.8,0.8134,True,OK
qian,948,Octagon,3,1.85,0.8312,True,OK
qian,948,Polka,1,1.83,0.8133,True,OK
qian,948,Polka,2,1.83,0.8084,True,OK
qian,948,Polka,3,1.83,0.8111,True,OK
qian,9654,Box,1,0.56,0.2009,True,OK
qian,9654,Box,2,0.58,0.202,True,OK
qian,9654,Box,3,0.56,0.2011,True,OK
qian,9654,Octagon,1,0.57,0.2025,True,OK
qian,9654,Octagon,2,0.57,0.2017,True,OK
qian,9654,Octagon,3,0.58,0.2022,True,OK
qian,9654,Polka,1,0.57,0.2023,True,OK
qian,9654,Polka,2,0.58,0.2019,True,OK
qian,9654,Polka,3,0.57,0.2027,True,OK
qian,9850,Box,1,1.39,0.606,True,OK
qian,9850,Box,2,1.39,0.605,True,OK
qian,9850,Box,3,1.39,0.6049,True,OK
qian,9850,Octagon,1,1.38,0.61,True,OK
qian,9850,Octagon,2,1.39,0.6074,True,OK
qian,9850,Octagon,3,1.41,0.6077,True,OK
qian,9850,Polka,1,1.42,0.607,True,OK
qian,9850,Polka,2,1.4,0.6066,True,OK
qian,9850,Polka,3,1.4,0.6082,True,OK
qian,9918,Box,1,0.57,0.2017,True,OK
qian,9918,Box,2,0.57,0.202,True,OK
qian,9918,Box,3,0.58,0.2008,True,OK
qian,9918,Octagon,1,0.57,0.2024,True,OK
qian,9918,Octagon,2,0.57,0.2025,True,OK
qian,9918,Octagon,3,0.56,0.2018,True,OK
qian,9918,Polka,1,0.58,0.2025,True,OK
qian,9918,Polka,2,0.58,0.2029,True,OK
qian,9918,Polka,3,0.56,0.2019,True,OK
