filename,relpath,reentrancy,overflow,timestamp,tod,duration_s,exit_status,solc_version,raw_json_path
11323.sol,qian/overflow/safe/11323.sol,0,0,0,0,0,OK,0.4.25,results/oyente_plus/qian/raw/overflow/safe/11323.txt
1288.sol,qian/overflow/safe/1288.sol,0,0,0,0,0,OK,0.4.25,results/oyente_plus/qian/raw/overflow/safe/1288.txt
1430.sol,qian/overflow/safe/1430.sol,0,1,0,0,0,OK,0.4.25,results/oyente_plus/qian/raw/overflow/safe/1430.txt
14620.sol,qian/overflow/safe/14620.sol,1,0,0,0,0,OK,0.4.25,results/oyente_plus/qian/raw/overflow/safe/14620.txt
16521.sol,qian/overflow/safe/16521.sol,0,0,0,0,0,OK,0.4.25,results/oyente_plus/qian/raw/overflow/safe/16521.txt
169.sol,qian/overflow/safe/169.sol,0,0,0,0,0,OK,0.4.25,results/oyente_plus/qian/raw/overflow/safe/169.txt
17829.sol,qian/overflow/safe/17829.sol,0,0,0,0,0,OK,0.4.25,results/oyente_plus/qian/raw/overflow/safe/17829.txt
2051.sol,qian/overflow/safe/2051.sol,0,0,0,0,0,OK,0.4.25,results/oyente_plus/qian/raw/overflow/safe/2051.txt
22247.sol,qian/overflow/safe/22247.sol,1,0,0,0,0,OK,0.4.25,results/oyente_plus/qian/raw/overflow/safe/22247.txt
24161.sol,qian/overflow/safe/24161.sol,1,0,0,0,0,OK,0.4.25,results/oyente_plus/qian/raw/overflow/safe/24161.txt
29130.sol,qian/overflow/safe/29130.sol,1,0,0,0,0,OK,0.4.25,results/oyente_plus/qian/raw/overflow/safe/29130.txt
30813.sol,qian/overflow/safe/30813.sol,0,0,0,0,0,OK,0.4.25,results/oyente_plus/qian/raw/overflow/safe/30813.txt
3185.sol,qian/overflow/safe/3185.sol,0,0,0,0,0,OK,0.4.25,results/oyente_plus/qian/raw/overflow/safe/3185.txt
32522.sol,qian/overflow/safe/32522.sol,1,0,0,0,0,OK,0.4.25,results/oyente_plus/qian/raw/overflow/safe/32522.txt
35285.sol,qian/overflow/safe/35285.sol,0,0,0,0,0,OK,0.4.25,results/oyente_plus/qian/raw/overflow/safe/35285.txt
37891.sol,qian/overflow/safe/37891.sol,0,0,0,0,0,OK,0.4.25,results/oyente_plus/qian/raw/overflow/safe/37891.txt
39095.sol,qian/overflow/safe/39095.sol,0,0,1,0,0,OK,0.4.25,results/oyente_plus/qian/raw/overflow/safe/39095.txt
39341.sol,qian/overflow/safe/39341.sol,1,1,0,0,0,OK,0.4.25,results/oyente_plus/qian/raw/overflow/safe/39341.txt
39684.sol,qian/overflow/safe/39684.sol,0,0,0,1,0,OK,0.4.25,results/oyente_plus/qian/raw/overflow/safe/39684.txt
400.sol,qian/overflow/safe/400.sol,0,0,0,0,0,OK,0.4.25,results/oyente_plus/qian/raw/overflow/safe/400.txt
40425.sol,qian/overflow/safe/40425.sol,0,0,0,0,0,OK,0.4.25,results/oyente_plus/qian/raw/overflow/safe/40425.txt
40735.sol,qian/overflow/safe/40735.sol,0,0,0,0,0,OK,0.4.25,results/oyente_plus/qian/raw/overflow/safe/40735.txt
40760.sol,qian/overflow/safe/40760.sol,0,0,0,0,0,OK,0.4.25,results/oyente_plus/qian/raw/overflow/safe/40760.txt
4523.sol,qian/overflow/safe/4523.sol,0,0,0,0,0,OK,0.4.25,results/oyente_plus/qian/raw/overflow/safe/4523.txt
4993.sol,qian/overflow/safe/4993.sol,0,0,0,0,0,OK,0.4.25,results/oyente_plus/qian/raw/overflow/safe/4993.txt
50015.sol,qian/overflow/safe/50015.sol,1,0,0,0,0,OK,0.4.25,results/oyente_plus/qian/raw/overflow/safe/50015.txt
50030.sol,qian/overflow/safe/50030.sol,1,0,0,0,0,OK,0.4.25,results/oyente_plus/qian/raw/overflow/safe/50030.txt
50330.sol,qian/overflow/safe/50330.sol,0,0,0,0,0,OK,0.4.25,results/oyente_plus/qian/raw/overflow/safe/50330.txt
50338.sol,qian/overflow/safe/50338.sol,0,0,0,0,0,OK,0.4.25,results/oyente_plus/qian/raw/overflow/safe/50338.txt
50442.sol,qian/overflow/safe/50442.sol,0,1,0,0,0,OK,0.4.25,results/oyente_plus/qian/raw/overflow/safe/50442.txt
50447.sol,qian/overflow/safe/50447.sol,0,0,0,0,0,OK,0.4.25,results/oyente_plus/qian/raw/overflow/safe/50447.txt
50553.sol,qian/overflow/safe/50553.sol,0,1,0,0,0,OK,0.4.25,results/oyente_plus/qian/raw/overflow/safe/50553.txt
50558.sol,qian/overflow/safe/50558.sol,0,1,0,0,0,OK,0.4.25,results/oyente_plus/qian/raw/overflow/safe/50558.txt
50662.sol,qian/overflow/safe/50662.sol,0,1,0,0,0,OK,0.4.25,results/oyente_plus/qian/raw/overflow/safe/50662.txt
50666.sol,qian/overflow/safe/50666.sol,0,1,0,0,0,OK,0.4.25,results/oyente_plus/qian/raw/overflow/safe/50666.txt
50771.sol,qian/overflow/safe/50771.sol,0,1,0,0,0,OK,0.4.25,results/oyente_plus/qian/raw/overflow/safe/50771.txt
50776.sol,qian/overflow/safe/50776.sol,0,1,0,0,0,OK,0.4.25,results/oyente_plus/qian/raw/overflow/safe/50776.txt
50780.sol,qian/overflow/safe/50780.sol,1,0,0,0,0,OK,0.4.25,results/oyente_plus/qian/raw/overflow/safe/50780.txt
50784.sol,qian/overflow/safe/50784.sol,0,0,0,0,0,OK,0.4.25,results/oyente_plus/qian/raw/overflow/safe/50784.txt
50788.sol,qian/overflow/safe/50788.sol,0,1,0,0,0,OK,0.4.25,results/oyente_plus/qian/raw/overflow/safe/50788.txt
50793.sol,qian/overflow/safe/50793.sol,0,1,0,0,0,OK,0.4.25,results/oyente_plus/qian/raw/overflow/safe/50793.txt
538.sol,qian/overflow/safe/538.sol,0,0,0,0,0,OK,0.4.25,results/oyente_plus/qian/raw/overflow/safe/538.txt
649.sol,qian/overflow/safe/649.sol,0,0,0,0,0,OK,0.4.25,results/oyente_plus/qian/raw/overflow/safe/649.txt
738.sol,qian/overflow/safe/738.sol,0,0,0,0,0,OK,0.4.25,results/oyente_plus/qian/raw/overflow/safe/738.txt
8026.sol,qian/overflow/safe/8026.sol,0,0,0,0,0,OK,0.4.25,results/oyente_plus/qian/raw/overflow/safe/8026.txt
8872.sol,qian/overflow/safe/8872.sol,0,0,0,0,0,OK,0.4.25,results/oyente_plus/qian/raw/overflow/safe/8872.txt
1183.sol,qian/overflow/vulnerable/1183.sol,0,1,0,0,0,OK,0.4.25,results/oyente_plus/qian/raw/overflow/vulnerable/1183.txt
12998.sol,qian/overflow/vulnerable/12998.sol,0,1,0,0,0,OK,0.4.25,results/oyente_plus/qian/raw/overflow/vulnerable/12998.txt
14284.sol,qian/overflow/vulnerable/14284.sol,1,1,0,0,0,OK,0.4.25,results/oyente_plus/qian/raw/overflow/vulnerable/14284.txt
16957.sol,qian/overflow/vulnerable/16957.sol,0,1,0,0,0,OK,0.4.25,results/oyente_plus/qian/raw/overflow/vulnerable/16957.txt
1825.sol,qian/overflow/vulnerable/1825.sol,0,1,0,0,0,OK,0.4.25,results/oyente_plus/qian/raw/overflow/vulnerable/1825.txt
211.sol,qian/overflow/vulnerable/211.sol,0,1,0,0,0,OK,0.4.25,results/oyente_plus/qian/raw/overflow/vulnerable/211.txt
2253.sol,qian/overflow/vulnerable/2253.sol,0,1,0,0,0,OK,0.4.25,results/oyente_plus/qian/raw/overflow/vulnerable/2253.txt
2563.sol,qian/overflow/vulnerable/2563.sol,0,1,0,0,0,OK,0.4.25,results/oyente_plus/qian/raw/overflow/vulnerable/2563.txt
35358.sol,qian/overflow/vulnerable/35358.sol,0,1,0,0,0,OK,0.4.25,results/oyente_plus/qian/raw/overflow/vulnerable/35358.txt
36481.sol,qian/overflow/vulnerable/36481.sol,0,0,0,0,0,OK,0.4.25,results/oyente_plus/qian/raw/overflow/vulnerable/36481.txt
39019.sol,qian/overflow/vulnerable/39019.sol,1,1,0,0,0,OK,0.4.25,results/oyente_plus/qian/raw/overflow/vulnerable/39019.txt
40005.sol,qian/overflow/vulnerable/40005.sol,0,1,0,0,0,OK,0.4.25,results/oyente_plus/qian/raw/overflow/vulnerable/40005.txt
40340.sol,qian/overflow/vulnerable/40340.sol,1,1,0,0,0,OK,0.4.25,results/oyente_plus/qian/raw/overflow/vulnerable/40340.txt
40736.sol,qian/overflow/vulnerable/40736.sol,1,1,0,0,0,OK,0.4.25,results/oyente_plus/qian/raw/overflow/vulnerable/40736.txt
40748.sol,qian/overflow/vulnerable/40748.sol,1,1,0,0,0,OK,0.4.25,results/oyente_plus/qian/raw/overflow/vulnerable/40748.txt
40780.sol,qian/overflow/vulnerable/40780.sol,1,1,0,0,0,OK,0.4.25,results/oyente_plus/qian/raw/overflow/vulnerable/40780.txt
4.sol,qian/overflow/vulnerable/4.sol,0,0,0,0,0,OK,0.4.25,results/oyente_plus/qian/raw/overflow/vulnerable/4.txt
50014.sol,qian/overflow/vulnerable/50014.sol,1,1,0,0,0,OK,0.4.25,results/oyente_plus/qian/raw/overflow/vulnerable/50014.txt
50799.sol,qian/overflow/vulnerable/50799.sol,0,1,0,0,0,OK,0.4.25,results/oyente_plus/qian/raw/overflow/vulnerable/50799.txt
6272.sol,qian/overflow/vulnerable/6272.sol,0,1,0,0,0,OK,0.4.25,results/oyente_plus/qian/raw/overflow/vulnerable/6272.txt
7134.sol,qian/overflow/vulnerable/7134.sol,0,0,0,0,0,OK,0.4.25,results/oyente_plus/qian/raw/overflow/vulnerable/7134.txt
9208.sol,qian/overflow/vulnerable/9208.sol,0,1,0,0,0,OK,0.4.25,results/oyente_plus/qian/raw/overflow/vulnerable/9208.txt
18430.sol,qian/reentrancy/safe/18430.sol,0,1,0,0,0,OK,0.4.25,results/oyente_plus/qian/raw/reentrancy/safe/18430.txt
19128.sol,qian/reentrancy/safe/19128.sol,0,0,0,0,0,OK,0.4.25,results/oyente_plus/qian/raw/reentrancy/safe/19128.txt
21697.sol,qian/reentrancy/safe/21697.sol,0,0,0,0,0,OK,0.4.25,results/oyente_plus/qian/raw/reentrancy/safe/21697.txt
22636.sol,qian/reentrancy/safe/22636.sol,0,0,0,0,0,OK,0.4.25,results/oyente_plus/qian/raw/reentrancy/safe/22636.txt
24369.sol,qian/reentrancy/safe/24369.sol,0,1,0,0,0,OK,0.4.25,results/oyente_plus/qian/raw/reentrancy/safe/24369.txt
26188.sol,qian/reentrancy/safe/26188.sol,0,0,0,0,0,OK,0.4.25,results/oyente_plus/qian/raw/reentrancy/safe/26188.txt
27164.sol,qian/reentrancy/safe/27164.sol,1,0,0,0,0,OK,0.4.25,results/oyente_plus/qian/raw/reentrancy/safe/27164.txt
27603.sol,qian/reentrancy/safe/27603.sol,0,1,0,0,0,OK,0.4.25,results/oyente_plus/qian/raw/reentrancy/safe/27603.txt
29154.sol,qian/reentrancy/safe/29154.sol,1,1,0,0,0,OK,0.4.25,results/oyente_plus/qian/raw/reentrancy/safe/29154.txt
30046.sol,qian/reentrancy/safe/30046.sol,1,1,0,0,0,OK,0.4.25,results/oyente_plus/qian/raw/reentrancy/safe/30046.txt
30255.sol,qian/reentrancy/safe/30255.sol,1,1,0,0,0,OK,0.4.25,results/oyente_plus/qian/raw/reentrancy/safe/30255.txt
31237.sol,qian/reentrancy/safe/31237.sol,1,1,0,0,0,OK,0.4.25,results/oyente_plus/qian/raw/reentrancy/safe/31237.txt
31759.sol,qian/reentrancy/safe/31759.sol,1,1,0,0,0,OK,0.4.25,results/oyente_plus/qian/raw/reentrancy/safe/31759.txt
34432.sol,qian/reentrancy/safe/34432.sol,1,0,0,0,0,OK,0.4.25,results/oyente_plus/qian/raw/reentrancy/safe/34432.txt
35208.sol,qian/reentrancy/safe/35208.sol,0,1,0,0,0,OK,0.4.25,results/oyente_plus/qian/raw/reentrancy/safe/35208.txt
35714.sol,qian/reentrancy/safe/35714.sol,0,0,0,0,0,OK,0.4.25,results/oyente_plus/qian/raw/reentrancy/safe/35714.txt
35951.sol,qian/reentrancy/safe/35951.sol,0,0,0,0,0,OK,0.4.25,results/oyente_plus/qian/raw/reentrancy/safe/35951.txt
36668.sol,qian/reentrancy/safe/36668.sol,1,0,0,0,0,OK,0.4.25,results/oyente_plus/qian/raw/reentrancy/safe/36668.txt
37645.sol,qian/reentrancy/safe/37645.sol,1,0,0,0,0,OK,0.4.25,results/oyente_plus/qian/raw/reentrancy/safe/37645.txt
37836.sol,qian/reentrancy/safe/37836.sol,1,0,0,0,0,OK,0.4.25,results/oyente_plus/qian/raw/reentrancy/safe/37836.txt
38420.sol,qian/reentrancy/safe/38420.sol,1,0,0,0,0,OK,0.4.25,results/oyente_plus/qian/raw/reentrancy/safe/38420.txt
38876.sol,qian/reentrancy/safe/38876.sol,1,0,1,0,0,OK,0.4.25,results/oyente_plus/qian/raw/reentrancy/safe/38876.txt
39199.sol,qian/reentrancy/safe/39199.sol,1,1,0,0,0,OK,0.4.25,results/oyente_plus/qian/raw/reentrancy/safe/39199.txt
39341.sol,qian/reentrancy/safe/39341.sol,1,1,0,0,0,OK,0.4.25,results/oyente_plus/qian/raw/reentrancy/safe/39341.txt
39705.sol,qian/reentrancy/safe/39705.sol,1,0,0,0,0,OK,0.4.25,results/oyente_plus/qian/raw/reentrancy/safe/39705.txt
39817.sol,qian/reentrancy/safe/39817.sol,1,0,0,0,0,OK,0.4.25,results/oyente_plus/qian/raw/reentrancy/safe/39817.txt
3.sol,qian/reentrancy/safe/3.sol,0,1,0,0,0,OK,0.4.25,results/oyente_plus/qian/raw/reentrancy/safe/3.txt
40203.sol,qian/reentrancy/safe/40203.sol,0,1,0,0,0,OK,0.4.25,results/oyente_plus/qian/raw/reentrancy/safe/40203.txt
40336.sol,qian/reentrancy/safe/40336.sol,0,0,0,0,0,OK,0.4.25,results/oyente_plus/qian/raw/reentrancy/safe/40336.txt
40357.sol,qian/reentrancy/safe/40357.sol,0,1,0,0,0,OK,0.4.25,results/oyente_plus/qian/raw/reentrancy/safe/40357.txt
40500.sol,qian/reentrancy/safe/40500.sol,1,0,0,0,0,OK,0.4.25,results/oyente_plus/qian/raw/reentrancy/safe/40500.txt
40737.sol,qian/reentrancy/safe/40737.sol,0,0,0,0,0,OK,0.4.25,results/oyente_plus/qian/raw/reentrancy/safe/40737.txt
40752.sol,qian/reentrancy/safe/40752.sol,0,0,0,0,0,OK,0.4.25,results/oyente_plus/qian/raw/reentrancy/safe/40752.txt
40766.sol,qian/reentrancy/safe/40766.sol,1,1,0,0,0,OK,0.4.25,results/oyente_plus/qian/raw/reentrancy/safe/40766.txt
40778.sol,qian/reentrancy/safe/40778.sol,0,0,0,0,0,OK,0.4.25,results/oyente_plus/qian/raw/reentrancy/safe/40778.txt
40788.sol,qian/reentrancy/safe/40788.sol,0,0,0,0,0,OK,0.4.25,results/oyente_plus/qian/raw/reentrancy/safe/40788.txt
50007.sol,qian/reentrancy/safe/50007.sol,1,1,0,0,0,OK,0.4.25,results/oyente_plus/qian/raw/reentrancy/safe/50007.txt
50028.sol,qian/reentrancy/safe/50028.sol,1,0,0,0,0,OK,0.4.25,results/oyente_plus/qian/raw/reentrancy/safe/50028.txt
50032.sol,qian/reentrancy/safe/50032.sol,1,0,0,0,0,OK,0.4.25,results/oyente_plus/qian/raw/reentrancy/safe/50032.txt
50036.sol,qian/reentrancy/safe/50036.sol,1,0,0,0,0,OK,0.4.25,results/oyente_plus/qian/raw/reentrancy/safe/50036.txt
22416.sol,qian/reentrancy/vulnerable/22416.sol,1,1,0,0,0,OK,0.4.25,results/oyente_plus/qian/raw/reentrancy/vulnerable/22416.txt
29089.sol,qian/reentrancy/vulnerable/29089.sol,1,0,0,0,0,OK,0.4.25,results/oyente_plus/qian/raw/reentrancy/vulnerable/29089.txt
39778.sol,qian/reentrancy/vulnerable/39778.sol,1,1,0,0,0,OK,0.4.25,results/oyente_plus/qian/raw/reentrancy/vulnerable/39778.txt
40732.sol,qian/reentrancy/vulnerable/40732.sol,1,0,0,0,0,OK,0.4.25,results/oyente_plus/qian/raw/reentrancy/vulnerable/40732.txt
40745.sol,qian/reentrancy/vulnerable/40745.sol,1,0,0,0,0,OK,0.4.25,results/oyente_plus/qian/raw/reentrancy/vulnerable/40745.txt
40749.sol,qian/reentrancy/vulnerable/40749.sol,1,0,0,0,0,OK,0.4.25,results/oyente_plus/qian/raw/reentrancy/vulnerable/40749.txt
40756.sol,qian/reentrancy/vulnerable/40756.sol,1,0,0,0,0,OK,0.4.25,results/oyente_plus/qian/raw/reentrancy/vulnerable/40756.txt
40762.sol,qian/reentrancy/vulnerable/40762.sol,1,0,0,0,0,OK,0.4.25,results/oyente_plus/qian/raw/reentrancy/vulnerable/40762.txt
40772.sol,qian/reentrancy/vulnerable/40772.sol,1,0,0,0,0,OK,0.4.25,results/oyente_plus/qian/raw/reentrancy/vulnerable/40772.txt
40779.sol,qian/reentrancy/vulnerable/40779.sol,1,0,0,0,0,OK,0.4.25,results/oyente_plus/qian/raw/reentrancy/vulnerable/40779.txt
40785.sol,qian/reentrancy/vulnerable/40785.sol,1,0,0,0,0,OK,0.4.25,results/oyente_plus/qian/raw/reentrancy/vulnerable/40785.txt
50003.sol,qian/reentrancy/vulnerable/50003.sol,1,1,0,0,0,OK,0.4.25,results/oyente_plus/qian/raw/reentrancy/vulnerable/50003.txt
50009.sol,qian/reentrancy/vulnerable/50009.sol,1,1,0,0,0,OK,0.4.25,results/oyente_plus/qian/raw/reentrancy/vulnerable/50009.txt
50013.sol,qian/reentrancy/vulnerable/50013.sol,1,0,0,0,0,OK,0.4.25,results/oyente_plus/qian/raw/reentrancy/vulnerable/50013.txt
50017.sol,qian/reentrancy/vulnerable/50017.sol,1,0,0,0,0,OK,0.4.25,results/oyente_plus/qian/raw/reentrancy/vulnerable/50017.txt
50021.sol,qian/reentrancy/vulnerable/50021.sol,1,0,0,0,0,OK,0.4.25,results/oyente_plus/qian/raw/reentrancy/vulnerable/50021.txt
10233.sol,qian/timestamp/safe/10233.sol,0,0,1,0,0,OK,0.4.25,results/oyente_plus/qian/raw/timestamp/safe/10233.txt
11159.sol,qian/timestamp/safe/11159.sol,0,0,0,0,0,OK,0.4.25,results/oyente_plus/qian/raw/timestamp/safe/11159.txt
11798.sol,qian/timestamp/safe/11798.sol,0,1,0,0,0,OK,0.4.25,results/oyente_plus/qian/raw/timestamp/safe/11798.txt
12115.sol,qian/timestamp/safe/12115.sol,0,0,0,0,0,OK,0.4.25,results/oyente_plus/qian/raw/timestamp/safe/12115.txt
12688.sol,qian/timestamp/safe/12688.sol,0,0,0,0,0,OK,0.4.25,results/oyente_plus/qian/raw/timestamp/safe/12688.txt
13069.sol,qian/timestamp/safe/13069.sol,0,0,0,0,0,OK,0.4.25,results/oyente_plus/qian/raw/timestamp/safe/13069.txt
135.sol,qian/timestamp/safe/135.sol,0,0,0,0,0,OK,0.4.25,results/oyente_plus/qian/raw/timestamp/safe/135.txt
14351.sol,qian/timestamp/safe/14351.sol,0,0,0,0,0,OK,0.4.25,results/oyente_plus/qian/raw/timestamp/safe/14351.txt
14997.sol,qian/timestamp/safe/14997.sol,0,0,0,0,0,OK,0.4.25,results/oyente_plus/qian/raw/timestamp/safe/14997.txt
15.sol,qian/timestamp/safe/15.sol,0,0,0,0,0,OK,0.4.25,results/oyente_plus/qian/raw/timestamp/safe/15.txt
1667.sol,qian/timestamp/safe/1667.sol,0,0,0,0,0,OK,0.4.25,results/oyente_plus/qian/raw/timestamp/safe/1667.txt
177.sol,qian/timestamp/safe/177.sol,0,1,0,0,0,OK,0.4.25,results/oyente_plus/qian/raw/timestamp/safe/177.txt
1825.sol,qian/timestamp/safe/1825.sol,0,1,0,0,0,OK,0.4.25,results/oyente_plus/qian/raw/timestamp/safe/1825.txt
20888.sol,qian/timestamp/safe/20888.sol,0,0,0,0,0,OK,0.4.25,results/oyente_plus/qian/raw/timestamp/safe/20888.txt
22256.sol,qian/timestamp/safe/22256.sol,0,0,0,0,0,OK,0.4.25,results/oyente_plus/qian/raw/timestamp/safe/22256.txt
29084.sol,qian/timestamp/safe/29084.sol,0,0,0,0,0,OK,0.4.25,results/oyente_plus/qian/raw/timestamp/safe/29084.txt
30813.sol,qian/timestamp/safe/30813.sol,0,0,1,0,0,OK,0.4.25,results/oyente_plus/qian/raw/timestamp/safe/30813.txt
30963.sol,qian/timestamp/safe/30963.sol,0,1,0,0,0,OK,0.4.25,results/oyente_plus/qian/raw/timestamp/safe/30963.txt
31867.sol,qian/timestamp/safe/31867.sol,0,1,0,0,0,OK,0.4.25,results/oyente_plus/qian/raw/timestamp/safe/31867.txt
33638.sol,qian/timestamp/safe/33638.sol,0,0,0,0,0,OK,0.4.25,results/oyente_plus/qian/raw/timestamp/safe/33638.txt
34272.sol,qian/timestamp/safe/34272.sol,0,0,0,0,0,OK,0.4.25,results/oyente_plus/qian/raw/timestamp/safe/34272.txt
35257.sol,qian/timestamp/safe/35257.sol,0,1,0,0,0,OK,0.4.25,results/oyente_plus/qian/raw/timestamp/safe/35257.txt
35358.sol,qian/timestamp/safe/35358.sol,0,1,0,0,0,OK,0.4.25,results/oyente_plus/qian/raw/timestamp/safe/35358.txt
35897.sol,qian/timestamp/safe/35897.sol,0,0,0,0,0,OK,0.4.25,results/oyente_plus/qian/raw/timestamp/safe/35897.txt
37017.sol,qian/timestamp/safe/37017.sol,0,0,1,0,0,OK,0.4.25,results/oyente_plus/qian/raw/timestamp/safe/37017.txt
37683.sol,qian/timestamp/safe/37683.sol,0,1,0,0,0,OK,0.4.25,results/oyente_plus/qian/raw/timestamp/safe/37683.txt
38239.sol,qian/timestamp/safe/38239.sol,0,0,1,0,0,OK,0.4.25,results/oyente_plus/qian/raw/timestamp/safe/38239.txt
38925.sol,qian/timestamp/safe/38925.sol,0,0,0,0,0,OK,0.4.25,results/oyente_plus/qian/raw/timestamp/safe/38925.txt
39114.sol,qian/timestamp/safe/39114.sol,0,1,0,0,0,OK,0.4.25,results/oyente_plus/qian/raw/timestamp/safe/39114.txt
39583.sol,qian/timestamp/safe/39583.sol,0,1,0,0,0,OK,0.4.25,results/oyente_plus/qian/raw/timestamp/safe/39583.txt
40155.sol,qian/timestamp/safe/40155.sol,0,0,1,0,0,OK,0.4.25,results/oyente_plus/qian/raw/timestamp/safe/40155.txt
40535.sol,qian/timestamp/safe/40535.sol,0,0,0,0,0,OK,0.4.25,results/oyente_plus/qian/raw/timestamp/safe/40535.txt
40735.sol,qian/timestamp/safe/40735.sol,0,1,0,0,0,OK,0.4.25,results/oyente_plus/qian/raw/timestamp/safe/40735.txt
40741.sol,qian/timestamp/safe/40741.sol,0,0,0,0,0,OK,0.4.25,results/oyente_plus/qian/raw/timestamp/safe/40741.txt
40747.sol,qian/timestamp/safe/40747.sol,0,0,0,0,0,OK,0.4.25,results/oyente_plus/qian/raw/timestamp/safe/40747.txt
4587.sol,qian/timestamp/safe/4587.sol,0,0,0,0,0,OK,0.4.25,results/oyente_plus/qian/raw/timestamp/safe/4587.txt
4922.sol,qian/timestamp/safe/4922.sol,0,0,0,0,0,OK,0.4.25,results/oyente_plus/qian/raw/timestamp/safe/4922.txt
50221.sol,qian/timestamp/safe/50221.sol,0,0,1,0,0,OK,0.4.25,results/oyente_plus/qian/raw/timestamp/safe/50221.txt
6149.sol,qian/timestamp/safe/6149.sol,0,1,0,0,0,OK,0.4.25,results/oyente_plus/qian/raw/timestamp/safe/6149.txt
650.sol,qian/timestamp/safe/650.sol,0,0,0,0,0,OK,0.4.25,results/oyente_plus/qian/raw/timestamp/safe/650.txt
738.sol,qian/timestamp/safe/738.sol,0,0,0,0,0,OK,0.4.25,results/oyente_plus/qian/raw/timestamp/safe/738.txt
8026.sol,qian/timestamp/safe/8026.sol,0,0,0,0,0,OK,0.4.25,results/oyente_plus/qian/raw/timestamp/safe/8026.txt
9560.sol,qian/timestamp/safe/9560.sol,0,0,0,0,0,OK,0.4.25,results/oyente_plus/qian/raw/timestamp/safe/9560.txt
1015.sol,qian/timestamp/vulnerable/1015.sol,0,1,0,0,0,OK,0.4.25,results/oyente_plus/qian/raw/timestamp/vulnerable/1015.txt
10736.sol,qian/timestamp/vulnerable/10736.sol,0,1,0,0,0,OK,0.4.25,results/oyente_plus/qian/raw/timestamp/vulnerable/10736.txt
11457.sol,qian/timestamp/vulnerable/11457.sol,0,0,0,0,0,OK,0.4.25,results/oyente_plus/qian/raw/timestamp/vulnerable/11457.txt
1226.sol,qian/timestamp/vulnerable/1226.sol,0,1,0,0,0,OK,0.4.25,results/oyente_plus/qian/raw/timestamp/vulnerable/1226.txt
12465.sol,qian/timestamp/vulnerable/12465.sol,0,0,0,0,0,OK,0.4.25,results/oyente_plus/qian/raw/timestamp/vulnerable/12465.txt
1284.sol,qian/timestamp/vulnerable/1284.sol,0,0,0,0,0,OK,0.4.25,results/oyente_plus/qian/raw/timestamp/vulnerable/1284.txt
12919.sol,qian/timestamp/vulnerable/12919.sol,0,0,0,0,0,OK,0.4.25,results/oyente_plus/qian/raw/timestamp/vulnerable/12919.txt
13293.sol,qian/timestamp/vulnerable/13293.sol,0,1,0,0,0,OK,0.4.25,results/oyente_plus/qian/raw/timestamp/vulnerable/13293.txt
13780.sol,qian/timestamp/vulnerable/13780.sol,0,1,0,0,0,OK,0.4.25,results/oyente_plus/qian/raw/timestamp/vulnerable/13780.txt
14711.sol,qian/timestamp/vulnerable/14711.sol,0,0,0,0,0,OK,0.4.25,results/oyente_plus/qian/raw/timestamp/vulnerable/14711.txt
1532.sol,qian/timestamp/vulnerable/1532.sol,0,0,0,0,0,OK,0.4.25,results/oyente_plus/qian/raw/timestamp/vulnerable/1532.txt
16407.sol,qian/timestamp/vulnerable/16407.sol,0,1,0,0,0,OK,0.4.25,results/oyente_plus/qian/raw/timestamp/vulnerable/16407.txt
17401.sol,qian/timestamp/vulnerable/17401.sol,0,1,0,0,0,OK,0.4.25,results/oyente_plus/qian/raw/timestamp/vulnerable/17401.txt
1954.sol,qian/timestamp/vulnerable/1954.sol,0,0,0,0,0,OK,0.4.25,results/oyente_plus/qian/raw/timestamp/vulnerable/1954.txt
2051.sol,qian/timestamp/vulnerable/2051.sol,0,0,0,0,0,OK,0.4.25,results/oyente_plus/qian/raw/timestamp/vulnerable/2051.txt
21404.sol,qian/timestamp/vulnerable/21404.sol,0,0,0,0,0,OK,0.4.25,results/oyente_plus/qian/raw/timestamp/vulnerable/21404.txt
2379.sol,qian/timestamp/vulnerable/2379.sol,0,0,0,0,0,OK,0.4.25,results/oyente_plus/qian/raw/timestamp/vulnerable/2379.txt
2688.sol,qian/timestamp/vulnerable/2688.sol,0,0,0,0,0,OK,0.4.25,results/oyente_plus/qian/raw/timestamp/vulnerable/2688.txt
28383.sol,qian/timestamp/vulnerable/28383.sol,0,1,0,0,0,OK,0.4.25,results/oyente_plus/qian/raw/timestamp/vulnerable/28383.txt
30772.sol,qian/timestamp/vulnerable/30772.sol,0,0,0,0,0,OK,0.4.25,results/oyente_plus/qian/raw/timestamp/vulnerable/30772.txt
31999.sol,qian/timestamp/vulnerable/31999.sol,0,1,0,0,0,OK,0.4.25,results/oyente_plus/qian/raw/timestamp/vulnerable/31999.txt
3434.sol,qian/timestamp/vulnerable/3434.sol,0,0,0,0,0,OK,0.4.25,results/oyente_plus/qian/raw/timestamp/vulnerable/3434.txt
3654.sol,qian/timestamp/vulnerable/3654.sol,0,0,0,0,0,OK,0.4.25,results/oyente_plus/qian/raw/timestamp/vulnerable/3654.txt
37221.sol,qian/timestamp/vulnerable/37221.sol,0,1,0,0,0,OK,0.4.25,results/oyente_plus/qian/raw/timestamp/vulnerable/37221.txt
37679.sol,qian/timestamp/vulnerable/37679.sol,0,0,0,0,0,OK,0.4.25,results/oyente_plus/qian/raw/timestamp/vulnerable/37679.txt
38421.sol,qian/timestamp/vulnerable/38421.sol,0,0,0,0,0,OK,0.4.25,results/oyente_plus/qian/raw/timestamp/vulnerable/38421.txt
40005.sol,qian/timestamp/vulnerable/40005.sol,0,1,0,0,0,OK,0.4.25,results/oyente_plus/qian/raw/timestamp/vulnerable/40005.txt
40451.sol,qian/timestamp/vulnerable/40451.sol,0,0,0,0,0,OK,0.4.25,results/oyente_plus/qian/raw/timestamp/vulnerable/40451.txt
40733.sol,qian/timestamp/vulnerable/40733.sol,0,0,0,0,0,OK,0.4.25,results/oyente_plus/qian/raw/timestamp/vulnerable/40733.txt
40746.sol,qian/timestamp/vulnerable/40746.sol,0,0,0,0,0,OK,0.4.25,results/oyente_plus/qian/raw/timestamp/vulnerable/40746.txt
40753.sol,qian/timestamp/vulnerable/40753.sol,0,1,0,0,0,OK,0.4.25,results/oyente_plus/qian/raw/timestamp/vulnerable/40753.txt
4225.sol,qian/timestamp/vulnerable/4225.sol,0,0,0,0,0,OK,0.4.25,results/oyente_plus/qian/raw/timestamp/vulnerable/4225.txt
4523.sol,qian/timestamp/vulnerable/4523.sol,0,0,0,0,0,OK,0.4.25,results/oyente_plus/qian/raw/timestamp/vulnerable/4523.txt
49728.sol,qian/timestamp/vulnerable/49728.sol,0,1,0,0,0,OK,0.4.25,results/oyente_plus/qian/raw/timestamp/vulnerable/49728.txt
50216.sol,qian/timestamp/vulnerable/50216.sol,0,1,0,0,0,OK,0.4.25,results/oyente_plus/qian/raw/timestamp/vulnerable/50216.txt
5142.sol,qian/timestamp/vulnerable/5142.sol,0,1,0,0,0,OK,0.4.25,results/oyente_plus/qian/raw/timestamp/vulnerable/5142.txt
538.sol,qian/timestamp/vulnerable/538.sol,0,0,0,0,0,OK,0.4.25,results/oyente_plus/qian/raw/timestamp/vulnerable/538.txt
6220.sol,qian/timestamp/vulnerable/6220.sol,0,1,0,0,0,OK,0.4.25,results/oyente_plus/qian/raw/timestamp/vulnerable/6220.txt
649.sol,qian/timestamp/vulnerable/649.sol,0,0,0,0,0,OK,0.4.25,results/oyente_plus/qian/raw/timestamp/vulnerable/649.txt
7134.sol,qian/timestamp/vulnerable/7134.sol,0,0,0,0,0,OK,0.4.25,results/oyente_plus/qian/raw/timestamp/vulnerable/7134.txt
7570.sol,qian/timestamp/vulnerable/7570.sol,0,0,0,0,0,OK,0.4.25,results/oyente_plus/qian/raw/timestamp/vulnerable/7570.txt
8342.sol,qian/timestamp/vulnerable/8342.sol,0,0,0,0,0,OK,0.4.25,results/oyente_plus/qian/raw/timestamp/vulnerable/8342.txt
911.sol,qian/timestamp/vulnerable/911.sol,0,0,0,0,0,OK,0.4.25,results/oyente_plus/qian/raw/timestamp/vulnerable/911.txt
9379.sol,qian/timestamp/vulnerable/9379.sol,0,0,0,0,0,OK,0.4.25,results/oyente_plus/qian/raw/timestamp/vulnerable/9379.txt
9918.sol,qian/timestamp/vulnerable/9918.sol,0,0,0,0,0,OK,0.4.25,results/oyente_plus/qian/raw/timestamp/vulnerable/9918.txt
10146.sol,qian/overflow/safe/10146.sol,0,0,0,0,0,OK,0.4.25,results/oyente_plus/qian/raw/overflow/safe/10146.txt
11931.sol,qian/overflow/safe/11931.sol,0,0,0,0,0,OK,0.4.25,results/oyente_plus/qian/raw/overflow/safe/11931.txt
134.sol,qian/overflow/safe/134.sol,0,0,0,0,0,OK,0.4.25,results/oyente_plus/qian/raw/overflow/safe/134.txt
14351.sol,qian/overflow/safe/14351.sol,0,0,0,0,0,OK,0.4.25,results/oyente_plus/qian/raw/overflow/safe/14351.txt
15.sol,qian/overflow/safe/15.sol,0,0,0,0,0,OK,0.4.25,results/oyente_plus/qian/raw/overflow/safe/15.txt
16643.sol,qian/overflow/safe/16643.sol,0,0,0,0,0,OK,0.4.25,results/oyente_plus/qian/raw/overflow/safe/16643.txt
17043.sol,qian/overflow/safe/17043.sol,1,0,0,0,0,OK,0.4.25,results/oyente_plus/qian/raw/overflow/safe/17043.txt
19128.sol,qian/overflow/safe/19128.sol,0,0,0,0,0,OK,0.4.25,results/oyente_plus/qian/raw/overflow/safe/19128.txt
21393.sol,qian/overflow/safe/21393.sol,0,0,0,0,0,OK,0.4.25,results/oyente_plus/qian/raw/overflow/safe/21393.txt
22635.sol,qian/overflow/safe/22635.sol,0,0,0,0,0,OK,0.4.25,results/oyente_plus/qian/raw/overflow/safe/22635.txt
26188.sol,qian/overflow/safe/26188.sol,0,0,0,0,0,OK,0.4.25,results/oyente_plus/qian/raw/overflow/safe/26188.txt
30101.sol,qian/overflow/safe/30101.sol,0,0,0,0,0,OK,0.4.25,results/oyente_plus/qian/raw/overflow/safe/30101.txt
30815.sol,qian/overflow/safe/30815.sol,0,0,0,0,0,OK,0.4.25,results/oyente_plus/qian/raw/overflow/safe/30815.txt
318.sol,qian/overflow/safe/318.sol,0,0,0,0,0,OK,0.4.25,results/oyente_plus/qian/raw/overflow/safe/318.txt
3270.sol,qian/overflow/safe/3270.sol,0,0,0,0,0,OK,0.4.25,results/oyente_plus/qian/raw/overflow/safe/3270.txt
35661.sol,qian/overflow/safe/35661.sol,0,0,0,0,0,OK,0.4.25,results/oyente_plus/qian/raw/overflow/safe/35661.txt
38828.sol,qian/overflow/safe/38828.sol,0,0,0,0,0,OK,0.4.25,results/oyente_plus/qian/raw/overflow/safe/38828.txt
39151.sol,qian/overflow/safe/39151.sol,1,0,0,0,0,OK,0.4.25,results/oyente_plus/qian/raw/overflow/safe/39151.txt
39559.sol,qian/overflow/safe/39559.sol,0,1,0,0,0,OK,0.4.25,results/oyente_plus/qian/raw/overflow/safe/39559.txt
39705.sol,qian/overflow/safe/39705.sol,1,0,0,0,0,OK,0.4.25,results/oyente_plus/qian/raw/overflow/safe/39705.txt
40252.sol,qian/overflow/safe/40252.sol,0,0,0,0,0,OK,0.4.25,results/oyente_plus/qian/raw/overflow/safe/40252.txt
40500.sol,qian/overflow/safe/40500.sol,1,0,0,0,0,OK,0.4.25,results/oyente_plus/qian/raw/overflow/safe/40500.txt
40749.sol,qian/overflow/safe/40749.sol,1,0,0,0,0,OK,0.4.25,results/oyente_plus/qian/raw/overflow/safe/40749.txt
40768.sol,qian/overflow/safe/40768.sol,1,1,0,0,0,OK,0.4.25,results/oyente_plus/qian/raw/overflow/safe/40768.txt
4598.sol,qian/overflow/safe/4598.sol,0,0,0,0,0,OK,0.4.25,results/oyente_plus/qian/raw/overflow/safe/4598.txt
50000.sol,qian/overflow/safe/50000.sol,1,0,0,0,0,OK,0.4.25,results/oyente_plus/qian/raw/overflow/safe/50000.txt
50021.sol,qian/overflow/safe/50021.sol,1,0,0,0,0,OK,0.4.25,results/oyente_plus/qian/raw/overflow/safe/50021.txt
50215.sol,qian/overflow/safe/50215.sol,0,0,0,0,0,OK,0.4.25,results/oyente_plus/qian/raw/overflow/safe/50215.txt
50331.sol,qian/overflow/safe/50331.sol,0,0,0,1,0,OK,0.4.25,results/oyente_plus/qian/raw/overflow/safe/50331.txt
50339.sol,qian/overflow/safe/50339.sol,0,0,0,0,0,OK,0.4.25,results/oyente_plus/qian/raw/overflow/safe/50339.txt
50444.sol,qian/overflow/safe/50444.sol,0,1,0,0,0,OK,0.4.25,results/oyente_plus/qian/raw/overflow/safe/50444.txt
50449.sol,qian/overflow/safe/50449.sol,0,1,0,0,0,OK,0.4.25,results/oyente_plus/qian/raw/overflow/safe/50449.txt
50554.sol,qian/overflow/safe/50554.sol,0,0,0,0,0,OK,0.4.25,results/oyente_plus/qian/raw/overflow/safe/50554.txt
50559.sol,qian/overflow/safe/50559.sol,0,0,0,0,0,OK,0.4.25,results/oyente_plus/qian/raw/overflow/safe/50559.txt
50663.sol,qian/overflow/safe/50663.sol,0,1,0,0,0,OK,0.4.25,results/oyente_plus/qian/raw/overflow/safe/50663.txt
50668.sol,qian/overflow/safe/50668.sol,0,0,0,0,0,OK,0.4.25,results/oyente_plus/qian/raw/overflow/safe/50668.txt
50773.sol,qian/overflow/safe/50773.sol,0,0,0,0,0,OK,0.4.25,results/oyente_plus/qian/raw/overflow/safe/50773.txt
50777.sol,qian/overflow/safe/50777.sol,0,0,0,0,0,OK,0.4.25,results/oyente_plus/qian/raw/overflow/safe/50777.txt
50781.sol,qian/overflow/safe/50781.sol,1,0,0,0,0,OK,0.4.25,results/oyente_plus/qian/raw/overflow/safe/50781.txt
50785.sol,qian/overflow/safe/50785.sol,0,0,0,0,0,OK,0.4.25,results/oyente_plus/qian/raw/overflow/safe/50785.txt
50789.sol,qian/overflow/safe/50789.sol,0,0,0,0,0,OK,0.4.25,results/oyente_plus/qian/raw/overflow/safe/50789.txt
50794.sol,qian/overflow/safe/50794.sol,0,1,0,0,0,OK,0.4.25,results/oyente_plus/qian/raw/overflow/safe/50794.txt
5629.sol,qian/overflow/safe/5629.sol,0,0,0,0,0,OK,0.4.25,results/oyente_plus/qian/raw/overflow/safe/5629.txt
650.sol,qian/overflow/safe/650.sol,0,0,0,0,0,OK,0.4.25,results/oyente_plus/qian/raw/overflow/safe/650.txt
740.sol,qian/overflow/safe/740.sol,0,0,0,0,0,OK,0.4.25,results/oyente_plus/qian/raw/overflow/safe/740.txt
8342.sol,qian/overflow/safe/8342.sol,1,1,0,0,0,OK,0.4.25,results/oyente_plus/qian/raw/overflow/safe/8342.txt
9428.sol,qian/overflow/safe/9428.sol,0,0,0,0,0,OK,0.4.25,results/oyente_plus/qian/raw/overflow/safe/9428.txt
12292.sol,qian/overflow/vulnerable/12292.sol,0,0,0,0,0,OK,0.4.25,results/oyente_plus/qian/raw/overflow/vulnerable/12292.txt
1313.sol,qian/overflow/vulnerable/1313.sol,0,0,0,0,0,OK,0.4.25,results/oyente_plus/qian/raw/overflow/vulnerable/1313.txt
14711.sol,qian/overflow/vulnerable/14711.sol,0,0,0,0,0,OK,0.4.25,results/oyente_plus/qian/raw/overflow/vulnerable/14711.txt
170.sol,qian/overflow/vulnerable/170.sol,0,1,0,0,0,OK,0.4.25,results/oyente_plus/qian/raw/overflow/vulnerable/170.txt
18509.sol,qian/overflow/vulnerable/18509.sol,1,1,0,0,0,OK,0.4.25,results/oyente_plus/qian/raw/overflow/vulnerable/18509.txt
21241.sol,qian/overflow/vulnerable/21241.sol,1,1,0,0,0,OK,0.4.25,results/oyente_plus/qian/raw/overflow/vulnerable/21241.txt
23792.sol,qian/overflow/vulnerable/23792.sol,0,1,0,0,0,OK,0.4.25,results/oyente_plus/qian/raw/overflow/vulnerable/23792.txt
29089.sol,qian/overflow/vulnerable/29089.sol,1,1,0,0,0,OK,0.4.25,results/oyente_plus/qian/raw/overflow/vulnerable/29089.txt
3543.sol,qian/overflow/vulnerable/3543.sol,0,0,0,0,0,OK,0.4.25,results/oyente_plus/qian/raw/overflow/vulnerable/3543.txt
3702.sol,qian/overflow/vulnerable/3702.sol,0,0,0,0,0,OK,0.4.25,results/oyente_plus/qian/raw/overflow/vulnerable/3702.txt
39778.sol,qian/overflow/vulnerable/39778.sol,1,1,0,0,0,OK,0.4.25,results/oyente_plus/qian/raw/overflow/vulnerable/39778.txt
40092.sol,qian/overflow/vulnerable/40092.sol,0,0,0,0,0,OK,0.4.25,results/oyente_plus/qian/raw/overflow/vulnerable/40092.txt
40353.sol,qian/overflow/vulnerable/40353.sol,1,0,0,0,0,OK,0.4.25,results/oyente_plus/qian/raw/overflow/vulnerable/40353.txt
40745.sol,qian/overflow/vulnerable/40745.sol,1,1,0,0,0,OK,0.4.25,results/oyente_plus/qian/raw/overflow/vulnerable/40745.txt
40754.sol,qian/overflow/vulnerable/40754.sol,1,1,0,0,0,OK,0.4.25,results/oyente_plus/qian/raw/overflow/vulnerable/40754.txt
419.sol,qian/overflow/vulnerable/419.sol,0,1,0,0,0,OK,0.4.25,results/oyente_plus/qian/raw/overflow/vulnerable/419.txt
50002.sol,qian/overflow/vulnerable/50002.sol,1,1,0,0,0,OK,0.4.25,results/oyente_plus/qian/raw/overflow/vulnerable/50002.txt
50036.sol,qian/overflow/vulnerable/50036.sol,1,1,0,0,0,OK,0.4.25,results/oyente_plus/qian/raw/overflow/vulnerable/50036.txt
5142.sol,qian/overflow/vulnerable/5142.sol,0,1,0,0,0,OK,0.4.25,results/oyente_plus/qian/raw/overflow/vulnerable/5142.txt
6603.sol,qian/overflow/vulnerable/6603.sol,0,1,0,0,0,OK,0.4.25,results/oyente_plus/qian/raw/overflow/vulnerable/6603.txt
7330.sol,qian/overflow/vulnerable/7330.sol,0,1,0,0,0,OK,0.4.25,results/oyente_plus/qian/raw/overflow/vulnerable/7330.txt
9230.sol,qian/overflow/vulnerable/9230.sol,0,1,0,0,0,OK,0.4.25,results/oyente_plus/qian/raw/overflow/vulnerable/9230.txt
18438.sol,qian/reentrancy/safe/18438.sol,0,0,0,0,0,OK,0.4.25,results/oyente_plus/qian/raw/reentrancy/safe/18438.txt
19129.sol,qian/reentrancy/safe/19129.sol,0,0,0,0,0,OK,0.4.25,results/oyente_plus/qian/raw/reentrancy/safe/19129.txt
21886.sol,qian/reentrancy/safe/21886.sol,0,0,0,0,0,OK,0.4.25,results/oyente_plus/qian/raw/reentrancy/safe/21886.txt
23792.sol,qian/reentrancy/safe/23792.sol,0,0,0,0,0,OK,0.4.25,results/oyente_plus/qian/raw/reentrancy/safe/23792.txt
24648.sol,qian/reentrancy/safe/24648.sol,1,0,0,0,0,OK,0.4.25,results/oyente_plus/qian/raw/reentrancy/safe/24648.txt
26743.sol,qian/reentrancy/safe/26743.sol,1,0,0,0,0,OK,0.4.25,results/oyente_plus/qian/raw/reentrancy/safe/26743.txt
27263.sol,qian/reentrancy/safe/27263.sol,1,0,0,0,0,OK,0.4.25,results/oyente_plus/qian/raw/reentrancy/safe/27263.txt
28974.sol,qian/reentrancy/safe/28974.sol,0,0,0,0,0,OK,0.4.25,results/oyente_plus/qian/raw/reentrancy/safe/28974.txt
29590.sol,qian/reentrancy/safe/29590.sol,1,1,0,0,0,OK,0.4.25,results/oyente_plus/qian/raw/reentrancy/safe/29590.txt
30101.sol,qian/reentrancy/safe/30101.sol,0,0,0,0,0,OK,0.4.25,results/oyente_plus/qian/raw/reentrancy/safe/30101.txt
30337.sol,qian/reentrancy/safe/30337.sol,0,0,0,0,0,OK,0.4.25,results/oyente_plus/qian/raw/reentrancy/safe/30337.txt
31238.sol,qian/reentrancy/safe/31238.sol,1,1,0,0,0,OK,0.4.25,results/oyente_plus/qian/raw/reentrancy/safe/31238.txt
32522.sol,qian/reentrancy/safe/32522.sol,1,0,0,0,0,OK,0.4.25,results/oyente_plus/qian/raw/reentrancy/safe/32522.txt
34526.sol,qian/reentrancy/safe/34526.sol,1,0,0,0,0,OK,0.4.25,results/oyente_plus/qian/raw/reentrancy/safe/34526.txt
35661.sol,qian/reentrancy/safe/35661.sol,0,0,0,0,0,OK,0.4.25,results/oyente_plus/qian/raw/reentrancy/safe/35661.txt
35806.sol,qian/reentrancy/safe/35806.sol,0,0,0,0,0,OK,0.4.25,results/oyente_plus/qian/raw/reentrancy/safe/35806.txt
36456.sol,qian/reentrancy/safe/36456.sol,1,1,0,0,0,OK,0.4.25,results/oyente_plus/qian/raw/reentrancy/safe/36456.txt
36836.sol,qian/reentrancy/safe/36836.sol,0,0,0,0,0,OK,0.4.25,results/oyente_plus/qian/raw/reentrancy/safe/36836.txt
37646.sol,qian/reentrancy/safe/37646.sol,1,0,0,0,0,OK,0.4.25,results/oyente_plus/qian/raw/reentrancy/safe/37646.txt
37891.sol,qian/reentrancy/safe/37891.sol,0,0,0,0,0,OK,0.4.25,results/oyente_plus/qian/raw/reentrancy/safe/37891.txt
38543.sol,qian/reentrancy/safe/38543.sol,0,1,0,0,0,OK,0.4.25,results/oyente_plus/qian/raw/reentrancy/safe/38543.txt
38888.sol,qian/reentrancy/safe/38888.sol,1,0,0,0,0,OK,0.4.25,results/oyente_plus/qian/raw/reentrancy/safe/38888.txt
39248.sol,qian/reentrancy/safe/39248.sol,1,1,0,0,0,OK,0.4.25,results/oyente_plus/qian/raw/reentrancy/safe/39248.txt
39644.sol,qian/reentrancy/safe/39644.sol,1,0,0,0,0,OK,0.4.25,results/oyente_plus/qian/raw/reentrancy/safe/39644.txt
39749.sol,qian/reentrancy/safe/39749.sol,0,0,0,0,0,OK,0.4.25,results/oyente_plus/qian/raw/reentrancy/safe/39749.txt
39867.sol,qian/reentrancy/safe/39867.sol,0,1,0,0,0,OK,0.4.25,results/oyente_plus/qian/raw/reentrancy/safe/39867.txt
40089.sol,qian/reentrancy/safe/40089.sol,0,0,0,0,0,OK,0.4.25,results/oyente_plus/qian/raw/reentrancy/safe/40089.txt
40242.sol,qian/reentrancy/safe/40242.sol,1,1,0,0,0,OK,0.4.25,results/oyente_plus/qian/raw/reentrancy/safe/40242.txt
40340.sol,qian/reentrancy/safe/40340.sol,1,1,0,0,0,OK,0.4.25,results/oyente_plus/qian/raw/reentrancy/safe/40340.txt
40366.sol,qian/reentrancy/safe/40366.sol,1,1,0,0,0,OK,0.4.25,results/oyente_plus/qian/raw/reentrancy/safe/40366.txt
40720.sol,qian/reentrancy/safe/40720.sol,1,1,0,0,0,OK,0.4.25,results/oyente_plus/qian/raw/reentrancy/safe/40720.txt
40741.sol,qian/reentrancy/safe/40741.sol,0,0,0,0,0,OK,0.4.25,results/oyente_plus/qian/raw/reentrancy/safe/40741.txt
40759.sol,qian/reentrancy/safe/40759.sol,0,0,0,0,0,OK,0.4.25,results/oyente_plus/qian/raw/reentrancy/safe/40759.txt
40768.sol,qian/reentrancy/safe/40768.sol,1,1,0,0,0,OK,0.4.25,results/oyente_plus/qian/raw/reentrancy/safe/40768.txt
40782.sol,qian/reentrancy/safe/40782.sol,0,0,0,0,0,OK,0.4.25,results/oyente_plus/qian/raw/reentrancy/safe/40782.txt
4.sol,qian/reentrancy/safe/4.sol,0,1,0,0,0,OK,0.4.25,results/oyente_plus/qian/raw/reentrancy/safe/4.txt
50025.sol,qian/reentrancy/safe/50025.sol,0,0,0,0,0,OK,0.4.25,results/oyente_plus/qian/raw/reentrancy/safe/50025.txt
50029.sol,qian/reentrancy/safe/50029.sol,0,0,0,0,0,OK,0.4.25,results/oyente_plus/qian/raw/reentrancy/safe/50029.txt
50033.sol,qian/reentrancy/safe/50033.sol,1,0,0,0,0,OK,0.4.25,results/oyente_plus/qian/raw/reentrancy/safe/50033.txt
18509.sol,qian/reentrancy/vulnerable/18509.sol,1,1,0,0,0,OK,0.4.25,results/oyente_plus/qian/raw/reentrancy/vulnerable/18509.txt
24161.sol,qian/reentrancy/vulnerable/24161.sol,1,0,0,0,0,OK,0.4.25,results/oyente_plus/qian/raw/reentrancy/vulnerable/24161.txt
37707.sol,qian/reentrancy/vulnerable/37707.sol,1,1,0,0,0,OK,0.4.25,results/oyente_plus/qian/raw/reentrancy/vulnerable/37707.txt
39866.sol,qian/reentrancy/vulnerable/39866.sol,0,1,0,0,0,OK,0.4.25,results/oyente_plus/qian/raw/reentrancy/vulnerable/39866.txt
40735.sol,qian/reentrancy/vulnerable/40735.sol,1,0,0,0,0,OK,0.4.25,results/oyente_plus/qian/raw/reentrancy/vulnerable/40735.txt
40746.sol,qian/reentrancy/vulnerable/40746.sol,1,0,0,0,0,OK,0.4.25,results/oyente_plus/qian/raw/reentrancy/vulnerable/40746.txt
40753.sol,qian/reentrancy/vulnerable/40753.sol,1,0,0,0,0,OK,0.4.25,results/oyente_plus/qian/raw/reentrancy/vulnerable/40753.txt
40757.sol,qian/reentrancy/vulnerable/40757.sol,1,0,0,0,0,OK,0.4.25,results/oyente_plus/qian/raw/reentrancy/vulnerable/40757.txt
40764.sol,qian/reentrancy/vulnerable/40764.sol,1,0,0,0,0,OK,0.4.25,results/oyente_plus/qian/raw/reentrancy/vulnerable/40764.txt
40775.sol,qian/reentrancy/vulnerable/40775.sol,1,0,0,0,0,OK,0.4.25,results/oyente_plus/qian/raw/reentrancy/vulnerable/40775.txt
40780.sol,qian/reentrancy/vulnerable/40780.sol,1,0,0,0,0,OK,0.4.25,results/oyente_plus/qian/raw/reentrancy/vulnerable/40780.txt
40787.sol,qian/reentrancy/vulnerable/40787.sol,1,0,0,0,0,OK,0.4.25,results/oyente_plus/qian/raw/reentrancy/vulnerable/40787.txt
50005.sol,qian/reentrancy/vulnerable/50005.sol,1,1,0,0,0,OK,0.4.25,results/oyente_plus/qian/raw/reentrancy/vulnerable/50005.txt
50010.sol,qian/reentrancy/vulnerable/50010.sol,0,0,0,0,0,OK,0.4.25,results/oyente_plus/qian/raw/reentrancy/vulnerable/50010.txt
50014.sol,qian/reentrancy/vulnerable/50014.sol,1,1,0,0,0,OK,0.4.25,results/oyente_plus/qian/raw/reentrancy/vulnerable/50014.txt
50018.sol,qian/reentrancy/vulnerable/50018.sol,1,0,0,0,0,OK,0.4.25,results/oyente_plus/qian/raw/reentrancy/vulnerable/50018.txt
50022.sol,qian/reentrancy/vulnerable/50022.sol,1,0,0,0,0,OK,0.4.25,results/oyente_plus/qian/raw/reentrancy/vulnerable/50022.txt
10342.sol,qian/timestamp/safe/10342.sol,0,0,0,0,0,OK,0.4.25,results/oyente_plus/qian/raw/timestamp/safe/10342.txt
11323.sol,qian/timestamp/safe/11323.sol,0,0,0,0,0,OK,0.4.25,results/oyente_plus/qian/raw/timestamp/safe/11323.txt
1181.sol,qian/timestamp/safe/1181.sol,0,0,0,0,0,OK,0.4.25,results/oyente_plus/qian/raw/timestamp/safe/1181.txt
12460.sol,qian/timestamp/safe/12460.sol,0,0,0,0,0,OK,0.4.25,results/oyente_plus/qian/raw/timestamp/safe/12460.txt
12689.sol,qian/timestamp/safe/12689.sol,0,0,0,0,0,OK,0.4.25,results/oyente_plus/qian/raw/timestamp/safe/12689.txt
1313.sol,qian/timestamp/safe/1313.sol,0,0,0,0,0,OK,0.4.25,results/oyente_plus/qian/raw/timestamp/safe/1313.txt
13657.sol,qian/timestamp/safe/13657.sol,0,0,0,0,0,OK,0.4.25,results/oyente_plus/qian/raw/timestamp/safe/13657.txt
14381.sol,qian/timestamp/safe/14381.sol,0,0,0,0,0,OK,0.4.25,results/oyente_plus/qian/raw/timestamp/safe/14381.txt
15566.sol,qian/timestamp/safe/15566.sol,0,1,0,0,0,OK,0.4.25,results/oyente_plus/qian/raw/timestamp/safe/15566.txt
16018.sol,qian/timestamp/safe/16018.sol,0,0,0,0,0,OK,0.4.25,results/oyente_plus/qian/raw/timestamp/safe/16018.txt
1668.sol,qian/timestamp/safe/1668.sol,0,0,0,0,0,OK,0.4.25,results/oyente_plus/qian/raw/timestamp/safe/1668.txt
17806.sol,qian/timestamp/safe/17806.sol,0,1,0,0,0,OK,0.4.25,results/oyente_plus/qian/raw/timestamp/safe/17806.txt
1851.sol,qian/timestamp/safe/1851.sol,0,0,0,0,0,OK,0.4.25,results/oyente_plus/qian/raw/timestamp/safe/1851.txt
20930.sol,qian/timestamp/safe/20930.sol,0,1,0,0,0,OK,0.4.25,results/oyente_plus/qian/raw/timestamp/safe/20930.txt
22272.sol,qian/timestamp/safe/22272.sol,0,0,0,0,0,OK,0.4.25,results/oyente_plus/qian/raw/timestamp/safe/22272.txt
29409.sol,qian/timestamp/safe/29409.sol,0,1,0,0,0,OK,0.4.25,results/oyente_plus/qian/raw/timestamp/safe/29409.txt
30815.sol,qian/timestamp/safe/30815.sol,0,0,0,0,0,OK,0.4.25,results/oyente_plus/qian/raw/timestamp/safe/30815.txt
30976.sol,qian/timestamp/safe/30976.sol,0,0,0,0,0,OK,0.4.25,results/oyente_plus/qian/raw/timestamp/safe/30976.txt
31892.sol,qian/timestamp/safe/31892.sol,0,0,0,0,0,OK,0.4.25,results/oyente_plus/qian/raw/timestamp/safe/31892.txt
33711.sol,qian/timestamp/safe/33711.sol,0,0,0,0,0,OK,0.4.25,results/oyente_plus/qian/raw/timestamp/safe/33711.txt
34442.sol,qian/timestamp/safe/34442.sol,0,1,0,0,0,OK,0.4.25,results/oyente_plus/qian/raw/timestamp/safe/34442.txt
35268.sol,qian/timestamp/safe/35268.sol,0,0,1,0,0,OK,0.4.25,results/oyente_plus/qian/raw/timestamp/safe/35268.txt
3554.sol,qian/timestamp/safe/3554.sol,0,0,0,0,0,OK,0.4.25,results/oyente_plus/qian/raw/timestamp/safe/3554.txt
36451.sol,qian/timestamp/safe/36451.sol,0,0,0,0,0,OK,0.4.25,results/oyente_plus/qian/raw/timestamp/safe/36451.txt
37274.sol,qian/timestamp/safe/37274.sol,0,1,0,0,0,OK,0.4.25,results/oyente_plus/qian/raw/timestamp/safe/37274.txt
37684.sol,qian/timestamp/safe/37684.sol,0,0,0,0,0,OK,0.4.25,results/oyente_plus/qian/raw/timestamp/safe/37684.txt
38709.sol,qian/timestamp/safe/38709.sol,0,1,0,0,0,OK,0.4.25,results/oyente_plus/qian/raw/timestamp/safe/38709.txt
38983.sol,qian/timestamp/safe/38983.sol,0,1,0,0,0,OK,0.4.25,results/oyente_plus/qian/raw/timestamp/safe/38983.txt
39425.sol,qian/timestamp/safe/39425.sol,0,1,0,0,0,OK,0.4.25,results/oyente_plus/qian/raw/timestamp/safe/39425.txt
39631.sol,qian/timestamp/safe/39631.sol,0,1,0,0,0,OK,0.4.25,results/oyente_plus/qian/raw/timestamp/safe/39631.txt
40252.sol,qian/timestamp/safe/40252.sol,0,0,1,0,0,OK,0.4.25,results/oyente_plus/qian/raw/timestamp/safe/40252.txt
40539.sol,qian/timestamp/safe/40539.sol,0,1,0,0,0,OK,0.4.25,results/oyente_plus/qian/raw/timestamp/safe/40539.txt
40742.sol,qian/timestamp/safe/40742.sol,0,1,0,0,0,OK,0.4.25,results/oyente_plus/qian/raw/timestamp/safe/40742.txt
40756.sol,qian/timestamp/safe/40756.sol,0,0,0,0,0,OK,0.4.25,results/oyente_plus/qian/raw/timestamp/safe/40756.txt
4588.sol,qian/timestamp/safe/4588.sol,0,0,0,0,0,OK,0.4.25,results/oyente_plus/qian/raw/timestamp/safe/4588.txt
496.sol,qian/timestamp/safe/496.sol,0,0,0,0,0,OK,0.4.25,results/oyente_plus/qian/raw/timestamp/safe/496.txt
5132.sol,qian/timestamp/safe/5132.sol,0,0,0,0,0,OK,0.4.25,results/oyente_plus/qian/raw/timestamp/safe/5132.txt
6199.sol,qian/timestamp/safe/6199.sol,0,1,0,0,0,OK,0.4.25,results/oyente_plus/qian/raw/timestamp/safe/6199.txt
6534.sol,qian/timestamp/safe/6534.sol,0,0,0,0,0,OK,0.4.25,results/oyente_plus/qian/raw/timestamp/safe/6534.txt
740.sol,qian/timestamp/safe/740.sol,0,0,0,0,0,OK,0.4.25,results/oyente_plus/qian/raw/timestamp/safe/740.txt
8141.sol,qian/timestamp/safe/8141.sol,0,0,0,0,0,OK,0.4.25,results/oyente_plus/qian/raw/timestamp/safe/8141.txt
9820.sol,qian/timestamp/safe/9820.sol,0,0,0,0,0,OK,0.4.25,results/oyente_plus/qian/raw/timestamp/safe/9820.txt
10295.sol,qian/timestamp/vulnerable/10295.sol,0,1,0,0,0,OK,0.4.25,results/oyente_plus/qian/raw/timestamp/vulnerable/10295.txt
11064.sol,qian/timestamp/vulnerable/11064.sol,0,0,0,0,0,OK,0.4.25,results/oyente_plus/qian/raw/timestamp/vulnerable/11064.txt
1182.sol,qian/timestamp/vulnerable/1182.sol,0,1,0,0,0,OK,0.4.25,results/oyente_plus/qian/raw/timestamp/vulnerable/1182.txt
12292.sol,qian/timestamp/vulnerable/12292.sol,0,0,0,0,0,OK,0.4.25,results/oyente_plus/qian/raw/timestamp/vulnerable/12292.txt
12466.sol,qian/timestamp/vulnerable/12466.sol,0,0,0,0,0,OK,0.4.25,results/oyente_plus/qian/raw/timestamp/vulnerable/12466.txt
1288.sol,qian/timestamp/vulnerable/1288.sol,0,0,0,0,0,OK,0.4.25,results/oyente_plus/qian/raw/timestamp/vulnerable/1288.txt
12998.sol,qian/timestamp/vulnerable/12998.sol,0,1,0,0,0,OK,0.4.25,results/oyente_plus/qian/raw/timestamp/vulnerable/12998.txt
13371.sol,qian/timestamp/vulnerable/13371.sol,0,1,0,0,0,OK,0.4.25,results/oyente_plus/qian/raw/timestamp/vulnerable/13371.txt
13993.sol,qian/timestamp/vulnerable/13993.sol,0,0,0,0,0,OK,0.4.25,results/oyente_plus/qian/raw/timestamp/vulnerable/13993.txt
14872.sol,qian/timestamp/vulnerable/14872.sol,0,1,0,0,0,OK,0.4.25,results/oyente_plus/qian/raw/timestamp/vulnerable/14872.txt
1533.sol,qian/timestamp/vulnerable/1533.sol,0,0,0,0,0,OK,0.4.25,results/oyente_plus/qian/raw/timestamp/vulnerable/1533.txt
16979.sol,qian/timestamp/vulnerable/16979.sol,0,0,0,0,0,OK,0.4.25,results/oyente_plus/qian/raw/timestamp/vulnerable/16979.txt
1813.sol,qian/timestamp/vulnerable/1813.sol,0,1,0,0,0,OK,0.4.25,results/oyente_plus/qian/raw/timestamp/vulnerable/1813.txt
19714.sol,qian/timestamp/vulnerable/19714.sol,0,0,0,0,0,OK,0.4.25,results/oyente_plus/qian/raw/timestamp/vulnerable/19714.txt
211.sol,qian/timestamp/vulnerable/211.sol,0,1,0,0,0,OK,0.4.25,results/oyente_plus/qian/raw/timestamp/vulnerable/211.txt
21890.sol,qian/timestamp/vulnerable/21890.sol,0,1,0,0,0,OK,0.4.25,results/oyente_plus/qian/raw/timestamp/vulnerable/21890.txt
2397.sol,qian/timestamp/vulnerable/2397.sol,0,0,0,0,0,OK,0.4.25,results/oyente_plus/qian/raw/timestamp/vulnerable/2397.txt
27455.sol,qian/timestamp/vulnerable/27455.sol,0,0,0,0,0,OK,0.4.25,results/oyente_plus/qian/raw/timestamp/vulnerable/27455.txt
29131.sol,qian/timestamp/vulnerable/29131.sol,0,0,0,0,0,OK,0.4.25,results/oyente_plus/qian/raw/timestamp/vulnerable/29131.txt
31758.sol,qian/timestamp/vulnerable/31758.sol,0,0,0,0,0,OK,0.4.25,results/oyente_plus/qian/raw/timestamp/vulnerable/31758.txt
32007.sol,qian/timestamp/vulnerable/32007.sol,0,0,0,0,0,OK,0.4.25,results/oyente_plus/qian/raw/timestamp/vulnerable/32007.txt
347.sol,qian/timestamp/vulnerable/347.sol,0,1,0,0,0,OK,0.4.25,results/oyente_plus/qian/raw/timestamp/vulnerable/347.txt
36661.sol,qian/timestamp/vulnerable/36661.sol,0,0,0,0,0,OK,0.4.25,results/oyente_plus/qian/raw/timestamp/vulnerable/36661.txt
3729.sol,qian/timestamp/vulnerable/3729.sol,0,1,0,0,0,OK,0.4.25,results/oyente_plus/qian/raw/timestamp/vulnerable/3729.txt
37919.sol,qian/timestamp/vulnerable/37919.sol,0,1,0,0,0,OK,0.4.25,results/oyente_plus/qian/raw/timestamp/vulnerable/37919.txt
38684.sol,qian/timestamp/vulnerable/38684.sol,0,0,0,0,0,OK,0.4.25,results/oyente_plus/qian/raw/timestamp/vulnerable/38684.txt
40059.sol,qian/timestamp/vulnerable/40059.sol,0,0,0,0,0,OK,0.4.25,results/oyente_plus/qian/raw/timestamp/vulnerable/40059.txt
40611.sol,qian/timestamp/vulnerable/40611.sol,0,1,1,0,0,OK,0.4.25,results/oyente_plus/qian/raw/timestamp/vulnerable/40611.txt
40736.sol,qian/timestamp/vulnerable/40736.sol,0,0,0,0,0,OK,0.4.25,results/oyente_plus/qian/raw/timestamp/vulnerable/40736.txt
40748.sol,qian/timestamp/vulnerable/40748.sol,0,1,0,0,0,OK,0.4.25,results/oyente_plus/qian/raw/timestamp/vulnerable/40748.txt
40754.sol,qian/timestamp/vulnerable/40754.sol,0,1,0,0,0,OK,0.4.25,results/oyente_plus/qian/raw/timestamp/vulnerable/40754.txt
4467.sol,qian/timestamp/vulnerable/4467.sol,0,1,0,0,0,OK,0.4.25,results/oyente_plus/qian/raw/timestamp/vulnerable/4467.txt
4524.sol,qian/timestamp/vulnerable/4524.sol,0,0,0,0,0,OK,0.4.25,results/oyente_plus/qian/raw/timestamp/vulnerable/4524.txt
50062.sol,qian/timestamp/vulnerable/50062.sol,0,0,0,0,0,OK,0.4.25,results/oyente_plus/qian/raw/timestamp/vulnerable/50062.txt
50217.sol,qian/timestamp/vulnerable/50217.sol,0,0,0,0,0,OK,0.4.25,results/oyente_plus/qian/raw/timestamp/vulnerable/50217.txt
5143.sol,qian/timestamp/vulnerable/5143.sol,0,0,0,0,0,OK,0.4.25,results/oyente_plus/qian/raw/timestamp/vulnerable/5143.txt
5934.sol,qian/timestamp/vulnerable/5934.sol,0,0,0,0,0,OK,0.4.25,results/oyente_plus/qian/raw/timestamp/vulnerable/5934.txt
625.sol,qian/timestamp/vulnerable/625.sol,0,1,0,0,0,OK,0.4.25,results/oyente_plus/qian/raw/timestamp/vulnerable/625.txt
6578.sol,qian/timestamp/vulnerable/6578.sol,0,1,0,0,0,OK,0.4.25,results/oyente_plus/qian/raw/timestamp/vulnerable/6578.txt
7330.sol,qian/timestamp/vulnerable/7330.sol,0,1,0,0,0,OK,0.4.25,results/oyente_plus/qian/raw/timestamp/vulnerable/7330.txt
7593.sol,qian/timestamp/vulnerable/7593.sol,0,1,0,0,0,OK,0.4.25,results/oyente_plus/qian/raw/timestamp/vulnerable/7593.txt
84.sol,qian/timestamp/vulnerable/84.sol,0,0,0,0,0,OK,0.4.25,results/oyente_plus/qian/raw/timestamp/vulnerable/84.txt
9208.sol,qian/timestamp/vulnerable/9208.sol,0,1,0,0,0,OK,0.4.25,results/oyente_plus/qian/raw/timestamp/vulnerable/9208.txt
948.sol,qian/timestamp/vulnerable/948.sol,0,1,0,0,0,OK,0.4.25,results/oyente_plus/qian/raw/timestamp/vulnerable/948.txt
10971.sol,qian/overflow/safe/10971.sol,1,1,0,0,0,OK,0.4.25,results/oyente_plus/qian/raw/overflow/safe/10971.txt
1246.sol,qian/overflow/safe/1246.sol,0,0,0,0,0,OK,0.4.25,results/oyente_plus/qian/raw/overflow/safe/1246.txt
135.sol,qian/overflow/safe/135.sol,0,0,0,0,0,OK,0.4.25,results/oyente_plus/qian/raw/overflow/safe/135.txt
14353.sol,qian/overflow/safe/14353.sol,1,0,0,0,0,OK,0.4.25,results/oyente_plus/qian/raw/overflow/safe/14353.txt
16018.sol,qian/overflow/safe/16018.sol,0,0,0,0,0,OK,0.4.25,results/oyente_plus/qian/raw/overflow/safe/16018.txt
1668.sol,qian/overflow/safe/1668.sol,0,0,0,0,0,OK,0.4.25,results/oyente_plus/qian/raw/overflow/safe/1668.txt
176.sol,qian/overflow/safe/176.sol,0,0,0,0,0,OK,0.4.25,results/oyente_plus/qian/raw/overflow/safe/176.txt
1.sol,qian/overflow/safe/1.sol,0,0,0,0,0,OK,0.4.25,results/oyente_plus/qian/raw/overflow/safe/1.txt
21404.sol,qian/overflow/safe/21404.sol,0,0,0,0,0,OK,0.4.25,results/oyente_plus/qian/raw/overflow/safe/21404.txt
2307.sol,qian/overflow/safe/2307.sol,1,0,0,0,0,OK,0.4.25,results/oyente_plus/qian/raw/overflow/safe/2307.txt
26742.sol,qian/overflow/safe/26742.sol,1,0,0,0,0,OK,0.4.25,results/oyente_plus/qian/raw/overflow/safe/26742.txt
30337.sol,qian/overflow/safe/30337.sol,0,0,0,0,0,OK,0.4.25,results/oyente_plus/qian/raw/overflow/safe/30337.txt
31497.sol,qian/overflow/safe/31497.sol,0,1,0,0,0,OK,0.4.25,results/oyente_plus/qian/raw/overflow/safe/31497.txt
3211.sol,qian/overflow/safe/3211.sol,0,0,0,0,0,OK,0.4.25,results/oyente_plus/qian/raw/overflow/safe/3211.txt
339.sol,qian/overflow/safe/339.sol,0,0,0,0,0,OK,0.4.25,results/oyente_plus/qian/raw/overflow/safe/339.txt
35713.sol,qian/overflow/safe/35713.sol,0,0,0,0,0,OK,0.4.25,results/oyente_plus/qian/raw/overflow/safe/35713.txt
38876.sol,qian/overflow/safe/38876.sol,1,0,1,0,0,OK,0.4.25,results/oyente_plus/qian/raw/overflow/safe/38876.txt
39199.sol,qian/overflow/safe/39199.sol,1,1,0,0,0,OK,0.4.25,results/oyente_plus/qian/raw/overflow/safe/39199.txt
39583.sol,qian/overflow/safe/39583.sol,0,1,0,0,0,OK,0.4.25,results/oyente_plus/qian/raw/overflow/safe/39583.txt
39817.sol,qian/overflow/safe/39817.sol,1,0,0,0,0,OK,0.4.25,results/oyente_plus/qian/raw/overflow/safe/39817.txt
40366.sol,qian/overflow/safe/40366.sol,1,1,0,0,0,OK,0.4.25,results/oyente_plus/qian/raw/overflow/safe/40366.txt
40732.sol,qian/overflow/safe/40732.sol,1,0,0,0,0,OK,0.4.25,results/oyente_plus/qian/raw/overflow/safe/40732.txt
40750.sol,qian/overflow/safe/40750.sol,1,0,0,0,0,OK,0.4.25,results/oyente_plus/qian/raw/overflow/safe/40750.txt
4474.sol,qian/overflow/safe/4474.sol,0,0,0,0,0,OK,0.4.25,results/oyente_plus/qian/raw/overflow/safe/4474.txt
4926.sol,qian/overflow/safe/4926.sol,0,1,0,0,0,OK,0.4.25,results/oyente_plus/qian/raw/overflow/safe/4926.txt
50001.sol,qian/overflow/safe/50001.sol,0,1,0,0,0,OK,0.4.25,results/oyente_plus/qian/raw/overflow/safe/50001.txt
50026.sol,qian/overflow/safe/50026.sol,1,0,0,0,0,OK,0.4.25,results/oyente_plus/qian/raw/overflow/safe/50026.txt
50217.sol,qian/overflow/safe/50217.sol,0,0,0,0,0,OK,0.4.25,results/oyente_plus/qian/raw/overflow/safe/50217.txt
50336.sol,qian/overflow/safe/50336.sol,0,0,0,0,0,OK,0.4.25,results/oyente_plus/qian/raw/overflow/safe/50336.txt
50440.sol,qian/overflow/safe/50440.sol,0,1,0,0,0,OK,0.4.25,results/oyente_plus/qian/raw/overflow/safe/50440.txt
50445.sol,qian/overflow/safe/50445.sol,0,0,0,0,0,OK,0.4.25,results/oyente_plus/qian/raw/overflow/safe/50445.txt
50550.sol,qian/overflow/safe/50550.sol,0,1,0,0,0,OK,0.4.25,results/oyente_plus/qian/raw/overflow/safe/50550.txt
50555.sol,qian/overflow/safe/50555.sol,0,1,0,0,0,OK,0.4.25,results/oyente_plus/qian/raw/overflow/safe/50555.txt
50660.sol,qian/overflow/safe/50660.sol,1,0,0,0,0,OK,0.4.25,results/oyente_plus/qian/raw/overflow/safe/50660.txt
50664.sol,qian/overflow/safe/50664.sol,0,0,0,0,0,OK,0.4.25,results/oyente_plus/qian/raw/overflow/safe/50664.txt
50669.sol,qian/overflow/safe/50669.sol,0,1,0,0,0,OK,0.4.25,results/oyente_plus/qian/raw/overflow/safe/50669.txt
50774.sol,qian/overflow/safe/50774.sol,1,0,0,0,0,OK,0.4.25,results/oyente_plus/qian/raw/overflow/safe/50774.txt
50782.sol,qian/overflow/safe/50782.sol,0,1,0,0,0,OK,0.4.25,results/oyente_plus/qian/raw/overflow/safe/50782.txt
50786.sol,qian/overflow/safe/50786.sol,1,0,0,0,0,OK,0.4.25,results/oyente_plus/qian/raw/overflow/safe/50786.txt
50791.sol,qian/overflow/safe/50791.sol,0,0,0,0,0,OK,0.4.25,results/oyente_plus/qian/raw/overflow/safe/50791.txt
50795.sol,qian/overflow/safe/50795.sol,0,1,0,0,0,OK,0.4.25,results/oyente_plus/qian/raw/overflow/safe/50795.txt
6192.sol,qian/overflow/safe/6192.sol,1,0,0,0,0,OK,0.4.25,results/oyente_plus/qian/raw/overflow/safe/6192.txt
666.sol,qian/overflow/safe/666.sol,0,0,0,0,0,OK,0.4.25,results/oyente_plus/qian/raw/overflow/safe/666.txt
7570.sol,qian/overflow/safe/7570.sol,0,0,0,0,0,OK,0.4.25,results/oyente_plus/qian/raw/overflow/safe/7570.txt
84.sol,qian/overflow/safe/84.sol,0,0,0,0,0,OK,0.4.25,results/oyente_plus/qian/raw/overflow/safe/84.txt
10369.sol,qian/overflow/vulnerable/10369.sol,0,1,0,0,0,OK,0.4.25,results/oyente_plus/qian/raw/overflow/vulnerable/10369.txt
12321.sol,qian/overflow/vulnerable/12321.sol,0,1,0,0,0,OK,0.4.25,results/oyente_plus/qian/raw/overflow/vulnerable/12321.txt
1319.sol,qian/overflow/vulnerable/1319.sol,0,1,0,0,0,OK,0.4.25,results/oyente_plus/qian/raw/overflow/vulnerable/1319.txt
14994.sol,qian/overflow/vulnerable/14994.sol,1,1,0,0,0,OK,0.4.25,results/oyente_plus/qian/raw/overflow/vulnerable/14994.txt
17401.sol,qian/overflow/vulnerable/17401.sol,0,1,0,0,0,OK,0.4.25,results/oyente_plus/qian/raw/overflow/vulnerable/17401.txt
19925.sol,qian/overflow/vulnerable/19925.sol,1,1,0,0,0,OK,0.4.25,results/oyente_plus/qian/raw/overflow/vulnerable/19925.txt
22074.sol,qian/overflow/vulnerable/22074.sol,0,1,0,0,0,OK,0.4.25,results/oyente_plus/qian/raw/overflow/vulnerable/22074.txt
2399.sol,qian/overflow/vulnerable/2399.sol,0,1,0,0,0,OK,0.4.25,results/oyente_plus/qian/raw/overflow/vulnerable/2399.txt
29409.sol,qian/overflow/vulnerable/29409.sol,0,1,0,0,0,OK,0.4.25,results/oyente_plus/qian/raw/overflow/vulnerable/29409.txt
3554.sol,qian/overflow/vulnerable/3554.sol,0,0,0,0,0,OK,0.4.25,results/oyente_plus/qian/raw/overflow/vulnerable/3554.txt
37707.sol,qian/overflow/vulnerable/37707.sol,1,1,0,0,0,OK,0.4.25,results/oyente_plus/qian/raw/overflow/vulnerable/37707.txt
39866.sol,qian/overflow/vulnerable/39866.sol,0,1,0,0,0,OK,0.4.25,results/oyente_plus/qian/raw/overflow/vulnerable/39866.txt
40249.sol,qian/overflow/vulnerable/40249.sol,1,0,0,0,0,OK,0.4.25,results/oyente_plus/qian/raw/overflow/vulnerable/40249.txt
40415.sol,qian/overflow/vulnerable/40415.sol,1,1,0,0,0,OK,0.4.25,results/oyente_plus/qian/raw/overflow/vulnerable/40415.txt
40746.sol,qian/overflow/vulnerable/40746.sol,1,1,0,0,0,OK,0.4.25,results/oyente_plus/qian/raw/overflow/vulnerable/40746.txt
40756.sol,qian/overflow/vulnerable/40756.sol,1,1,0,0,0,OK,0.4.25,results/oyente_plus/qian/raw/overflow/vulnerable/40756.txt
42.sol,qian/overflow/vulnerable/42.sol,0,1,0,0,0,OK,0.4.25,results/oyente_plus/qian/raw/overflow/vulnerable/42.txt
50007.sol,qian/overflow/vulnerable/50007.sol,1,1,0,0,0,OK,0.4.25,results/oyente_plus/qian/raw/overflow/vulnerable/50007.txt
50062.sol,qian/overflow/vulnerable/50062.sol,0,0,0,0,0,OK,0.4.25,results/oyente_plus/qian/raw/overflow/vulnerable/50062.txt
595.sol,qian/overflow/vulnerable/595.sol,0,1,0,0,0,OK,0.4.25,results/oyente_plus/qian/raw/overflow/vulnerable/595.txt
6606.sol,qian/overflow/vulnerable/6606.sol,0,0,0,0,0,OK,0.4.25,results/oyente_plus/qian/raw/overflow/vulnerable/6606.txt
7593.sol,qian/overflow/vulnerable/7593.sol,0,1,0,0,0,OK,0.4.25,results/oyente_plus/qian/raw/overflow/vulnerable/7593.txt
948.sol,qian/overflow/vulnerable/948.sol,0,1,0,0,0,OK,0.4.25,results/oyente_plus/qian/raw/overflow/vulnerable/948.txt
18510.sol,qian/reentrancy/safe/18510.sol,1,1,0,0,0,OK,0.4.25,results/oyente_plus/qian/raw/reentrancy/safe/18510.txt
19925.sol,qian/reentrancy/safe/19925.sol,0,1,0,0,0,OK,0.4.25,results/oyente_plus/qian/raw/reentrancy/safe/19925.txt
22075.sol,qian/reentrancy/safe/22075.sol,0,0,0,0,0,OK,0.4.25,results/oyente_plus/qian/raw/reentrancy/safe/22075.txt
23793.sol,qian/reentrancy/safe/23793.sol,0,0,0,0,0,OK,0.4.25,results/oyente_plus/qian/raw/reentrancy/safe/23793.txt
24649.sol,qian/reentrancy/safe/24649.sol,1,0,0,0,0,OK,0.4.25,results/oyente_plus/qian/raw/reentrancy/safe/24649.txt
27121.sol,qian/reentrancy/safe/27121.sol,0,1,0,0,0,OK,0.4.25,results/oyente_plus/qian/raw/reentrancy/safe/27121.txt
27327.sol,qian/reentrancy/safe/27327.sol,1,0,0,0,0,OK,0.4.25,results/oyente_plus/qian/raw/reentrancy/safe/27327.txt
29090.sol,qian/reentrancy/safe/29090.sol,1,0,0,0,0,OK,0.4.25,results/oyente_plus/qian/raw/reentrancy/safe/29090.txt
29948.sol,qian/reentrancy/safe/29948.sol,0,1,0,0,0,OK,0.4.25,results/oyente_plus/qian/raw/reentrancy/safe/29948.txt
30102.sol,qian/reentrancy/safe/30102.sol,0,0,0,0,0,OK,0.4.25,results/oyente_plus/qian/raw/reentrancy/safe/30102.txt
30338.sol,qian/reentrancy/safe/30338.sol,0,0,0,0,0,OK,0.4.25,results/oyente_plus/qian/raw/reentrancy/safe/30338.txt
31497.sol,qian/reentrancy/safe/31497.sol,0,1,0,0,0,OK,0.4.25,results/oyente_plus/qian/raw/reentrancy/safe/31497.txt
33450.sol,qian/reentrancy/safe/33450.sol,0,1,0,0,0,OK,0.4.25,results/oyente_plus/qian/raw/reentrancy/safe/33450.txt
34668.sol,qian/reentrancy/safe/34668.sol,0,1,0,0,0,OK,0.4.25,results/oyente_plus/qian/raw/reentrancy/safe/34668.txt
35662.sol,qian/reentrancy/safe/35662.sol,0,0,0,0,0,OK,0.4.25,results/oyente_plus/qian/raw/reentrancy/safe/35662.txt
35807.sol,qian/reentrancy/safe/35807.sol,0,0,0,0,0,OK,0.4.25,results/oyente_plus/qian/raw/reentrancy/safe/35807.txt
36481.sol,qian/reentrancy/safe/36481.sol,0,0,1,0,0,OK,0.4.25,results/oyente_plus/qian/raw/reentrancy/safe/36481.txt
37474.sol,qian/reentrancy/safe/37474.sol,1,1,0,0,0,OK,0.4.25,results/oyente_plus/qian/raw/reentrancy/safe/37474.txt
37676.sol,qian/reentrancy/safe/37676.sol,1,1,0,0,0,OK,0.4.25,results/oyente_plus/qian/raw/reentrancy/safe/37676.txt
38057.sol,qian/reentrancy/safe/38057.sol,0,0,0,0,0,OK,0.4.25,results/oyente_plus/qian/raw/reentrancy/safe/38057.txt
38651.sol,qian/reentrancy/safe/38651.sol,0,0,0,0,0,OK,0.4.25,results/oyente_plus/qian/raw/reentrancy/safe/38651.txt
39032.sol,qian/reentrancy/safe/39032.sol,1,1,0,0,0,OK,0.4.25,results/oyente_plus/qian/raw/reentrancy/safe/39032.txt
39268.sol,qian/reentrancy/safe/39268.sol,1,0,0,0,0,OK,0.4.25,results/oyente_plus/qian/raw/reentrancy/safe/39268.txt
39664.sol,qian/reentrancy/safe/39664.sol,1,0,0,0,0,OK,0.4.25,results/oyente_plus/qian/raw/reentrancy/safe/39664.txt
39750.sol,qian/reentrancy/safe/39750.sol,0,0,0,0,0,OK,0.4.25,results/oyente_plus/qian/raw/reentrancy/safe/39750.txt
39912.sol,qian/reentrancy/safe/39912.sol,0,0,0,0,0,OK,0.4.25,results/oyente_plus/qian/raw/reentrancy/safe/39912.txt
40090.sol,qian/reentrancy/safe/40090.sol,1,1,0,0,0,OK,0.4.25,results/oyente_plus/qian/raw/reentrancy/safe/40090.txt
40249.sol,qian/reentrancy/safe/40249.sol,1,0,0,0,0,OK,0.4.25,results/oyente_plus/qian/raw/reentrancy/safe/40249.txt
40342.sol,qian/reentrancy/safe/40342.sol,0,1,0,0,0,OK,0.4.25,results/oyente_plus/qian/raw/reentrancy/safe/40342.txt
40413.sol,qian/reentrancy/safe/40413.sol,1,0,0,0,0,OK,0.4.25,results/oyente_plus/qian/raw/reentrancy/safe/40413.txt
40733.sol,qian/reentrancy/safe/40733.sol,0,0,0,0,0,OK,0.4.25,results/oyente_plus/qian/raw/reentrancy/safe/40733.txt
40750.sol,qian/reentrancy/safe/40750.sol,1,0,0,0,0,OK,0.4.25,results/oyente_plus/qian/raw/reentrancy/safe/40750.txt
40760.sol,qian/reentrancy/safe/40760.sol,0,0,0,0,0,OK,0.4.25,results/oyente_plus/qian/raw/reentrancy/safe/40760.txt
40771.sol,qian/reentrancy/safe/40771.sol,0,0,0,0,0,OK,0.4.25,results/oyente_plus/qian/raw/reentrancy/safe/40771.txt
40783.sol,qian/reentrancy/safe/40783.sol,0,0,0,0,0,OK,0.4.25,results/oyente_plus/qian/raw/reentrancy/safe/40783.txt
50000.sol,qian/reentrancy/safe/50000.sol,1,0,0,0,0,OK,0.4.25,results/oyente_plus/qian/raw/reentrancy/safe/50000.txt
50026.sol,qian/reentrancy/safe/50026.sol,1,0,0,0,0,OK,0.4.25,results/oyente_plus/qian/raw/reentrancy/safe/50026.txt
50030.sol,qian/reentrancy/safe/50030.sol,1,0,0,0,0,OK,0.4.25,results/oyente_plus/qian/raw/reentrancy/safe/50030.txt
50034.sol,qian/reentrancy/safe/50034.sol,1,0,0,0,0,OK,0.4.25,results/oyente_plus/qian/raw/reentrancy/safe/50034.txt
22074.sol,qian/reentrancy/vulnerable/22074.sol,0,0,0,0,0,OK,0.4.25,results/oyente_plus/qian/raw/reentrancy/vulnerable/22074.txt
26523.sol,qian/reentrancy/vulnerable/26523.sol,1,1,0,1,0,OK,0.4.25,results/oyente_plus/qian/raw/reentrancy/vulnerable/26523.txt
39019.sol,qian/reentrancy/vulnerable/39019.sol,1,1,0,0,0,OK,0.4.25,results/oyente_plus/qian/raw/reentrancy/vulnerable/39019.txt
40415.sol,qian/reentrancy/vulnerable/40415.sol,1,0,0,0,0,OK,0.4.25,results/oyente_plus/qian/raw/reentrancy/vulnerable/40415.txt
40736.sol,qian/reentrancy/vulnerable/40736.sol,1,0,0,0,0,OK,0.4.25,results/oyente_plus/qian/raw/reentrancy/vulnerable/40736.txt
40747.sol,qian/reentrancy/vulnerable/40747.sol,1,0,0,0,0,OK,0.4.25,results/oyente_plus/qian/raw/reentrancy/vulnerable/40747.txt
40754.sol,qian/reentrancy/vulnerable/40754.sol,1,0,0,0,0,OK,0.4.25,results/oyente_plus/qian/raw/reentrancy/vulnerable/40754.txt
40758.sol,qian/reentrancy/vulnerable/40758.sol,1,0,0,0,0,OK,0.4.25,results/oyente_plus/qian/raw/reentrancy/vulnerable/40758.txt
40765.sol,qian/reentrancy/vulnerable/40765.sol,1,0,0,0,0,OK,0.4.25,results/oyente_plus/qian/raw/reentrancy/vulnerable/40765.txt
40776.sol,qian/reentrancy/vulnerable/40776.sol,1,0,0,0,0,OK,0.4.25,results/oyente_plus/qian/raw/reentrancy/vulnerable/40776.txt
40781.sol,qian/reentrancy/vulnerable/40781.sol,0,0,0,0,0,OK,0.4.25,results/oyente_plus/qian/raw/reentrancy/vulnerable/40781.txt
40789.sol,qian/reentrancy/vulnerable/40789.sol,1,0,0,0,0,OK,0.4.25,results/oyente_plus/qian/raw/reentrancy/vulnerable/40789.txt
50006.sol,qian/reentrancy/vulnerable/50006.sol,1,0,0,0,0,OK,0.4.25,results/oyente_plus/qian/raw/reentrancy/vulnerable/50006.txt
50011.sol,qian/reentrancy/vulnerable/50011.sol,1,1,0,0,0,OK,0.4.25,results/oyente_plus/qian/raw/reentrancy/vulnerable/50011.txt
50015.sol,qian/reentrancy/vulnerable/50015.sol,1,0,0,0,0,OK,0.4.25,results/oyente_plus/qian/raw/reentrancy/vulnerable/50015.txt
50019.sol,qian/reentrancy/vulnerable/50019.sol,0,1,1,0,0,OK,0.4.25,results/oyente_plus/qian/raw/reentrancy/vulnerable/50019.txt
50023.sol,qian/reentrancy/vulnerable/50023.sol,0,0,0,0,0,OK,0.4.25,results/oyente_plus/qian/raw/reentrancy/vulnerable/50023.txt
10547.sol,qian/timestamp/safe/10547.sol,0,0,0,0,0,OK,0.4.25,results/oyente_plus/qian/raw/timestamp/safe/10547.txt
11330.sol,qian/timestamp/safe/11330.sol,0,0,0,0,0,OK,0.4.25,results/oyente_plus/qian/raw/timestamp/safe/11330.txt
11964.sol,qian/timestamp/safe/11964.sol,0,0,0,0,0,OK,0.4.25,results/oyente_plus/qian/raw/timestamp/safe/11964.txt
1246.sol,qian/timestamp/safe/1246.sol,0,0,0,0,0,OK,0.4.25,results/oyente_plus/qian/raw/timestamp/safe/1246.txt
12715.sol,qian/timestamp/safe/12715.sol,0,0,0,0,0,OK,0.4.25,results/oyente_plus/qian/raw/timestamp/safe/12715.txt
13283.sol,qian/timestamp/safe/13283.sol,0,1,0,0,0,OK,0.4.25,results/oyente_plus/qian/raw/timestamp/safe/13283.txt
136.sol,qian/timestamp/safe/136.sol,0,0,0,0,0,OK,0.4.25,results/oyente_plus/qian/raw/timestamp/safe/136.txt
14439.sol,qian/timestamp/safe/14439.sol,0,0,0,0,0,OK,0.4.25,results/oyente_plus/qian/raw/timestamp/safe/14439.txt
15671.sol,qian/timestamp/safe/15671.sol,0,0,0,0,0,OK,0.4.25,results/oyente_plus/qian/raw/timestamp/safe/15671.txt
1631.sol,qian/timestamp/safe/1631.sol,0,0,0,0,0,OK,0.4.25,results/oyente_plus/qian/raw/timestamp/safe/1631.txt
16957.sol,qian/timestamp/safe/16957.sol,0,1,0,0,0,OK,0.4.25,results/oyente_plus/qian/raw/timestamp/safe/16957.txt
17816.sol,qian/timestamp/safe/17816.sol,0,1,0,0,0,OK,0.4.25,results/oyente_plus/qian/raw/timestamp/safe/17816.txt
19294.sol,qian/timestamp/safe/19294.sol,0,0,0,0,0,OK,0.4.25,results/oyente_plus/qian/raw/timestamp/safe/19294.txt
21162.sol,qian/timestamp/safe/21162.sol,0,0,0,0,0,OK,0.4.25,results/oyente_plus/qian/raw/timestamp/safe/21162.txt
22734.sol,qian/timestamp/safe/22734.sol,0,1,0,0,0,OK,0.4.25,results/oyente_plus/qian/raw/timestamp/safe/22734.txt
30343.sol,qian/timestamp/safe/30343.sol,0,0,1,0,0,OK,0.4.25,results/oyente_plus/qian/raw/timestamp/safe/30343.txt
30925.sol,qian/timestamp/safe/30925.sol,0,0,0,0,0,OK,0.4.25,results/oyente_plus/qian/raw/timestamp/safe/30925.txt
31551.sol,qian/timestamp/safe/31551.sol,0,0,0,0,0,OK,0.4.25,results/oyente_plus/qian/raw/timestamp/safe/31551.txt
33217.sol,qian/timestamp/safe/33217.sol,0,1,0,0,0,OK,0.4.25,results/oyente_plus/qian/raw/timestamp/safe/33217.txt
33974.sol,qian/timestamp/safe/33974.sol,0,1,0,0,0,OK,0.4.25,results/oyente_plus/qian/raw/timestamp/safe/33974.txt
34575.sol,qian/timestamp/safe/34575.sol,0,1,0,0,0,OK,0.4.25,results/oyente_plus/qian/raw/timestamp/safe/34575.txt
35285.sol,qian/timestamp/safe/35285.sol,0,0,0,0,0,OK,0.4.25,results/oyente_plus/qian/raw/timestamp/safe/35285.txt
35551.sol,qian/timestamp/safe/35551.sol,0,0,0,0,0,OK,0.4.25,results/oyente_plus/qian/raw/timestamp/safe/35551.txt
36737.sol,qian/timestamp/safe/36737.sol,0,0,0,0,0,OK,0.4.25,results/oyente_plus/qian/raw/timestamp/safe/36737.txt
37390.sol,qian/timestamp/safe/37390.sol,0,0,0,0,0,OK,0.4.25,results/oyente_plus/qian/raw/timestamp/safe/37390.txt
3772.sol,qian/timestamp/safe/3772.sol,0,0,0,0,0,OK,0.4.25,results/oyente_plus/qian/raw/timestamp/safe/3772.txt
38727.sol,qian/timestamp/safe/38727.sol,0,0,0,0,0,OK,0.4.25,results/oyente_plus/qian/raw/timestamp/safe/38727.txt
39091.sol,qian/timestamp/safe/39091.sol,0,0,1,0,0,OK,0.4.25,results/oyente_plus/qian/raw/timestamp/safe/39091.txt
3952.sol,qian/timestamp/safe/3952.sol,0,1,0,0,0,OK,0.4.25,results/oyente_plus/qian/raw/timestamp/safe/3952.txt
39845.sol,qian/timestamp/safe/39845.sol,0,1,0,0,0,OK,0.4.25,results/oyente_plus/qian/raw/timestamp/safe/39845.txt
40419.sol,qian/timestamp/safe/40419.sol,0,1,1,0,0,OK,0.4.25,results/oyente_plus/qian/raw/timestamp/safe/40419.txt
40587.sol,qian/timestamp/safe/40587.sol,0,0,0,0,0,OK,0.4.25,results/oyente_plus/qian/raw/timestamp/safe/40587.txt
40739.sol,qian/timestamp/safe/40739.sol,0,0,0,0,0,OK,0.4.25,results/oyente_plus/qian/raw/timestamp/safe/40739.txt
40743.sol,qian/timestamp/safe/40743.sol,0,0,0,0,0,OK,0.4.25,results/oyente_plus/qian/raw/timestamp/safe/40743.txt
419.sol,qian/timestamp/safe/419.sol,0,1,0,0,0,OK,0.4.25,results/oyente_plus/qian/raw/timestamp/safe/419.txt
4717.sol,qian/timestamp/safe/4717.sol,0,0,0,0,0,OK,0.4.25,results/oyente_plus/qian/raw/timestamp/safe/4717.txt
4993.sol,qian/timestamp/safe/4993.sol,0,0,0,0,0,OK,0.4.25,results/oyente_plus/qian/raw/timestamp/safe/4993.txt
5259.sol,qian/timestamp/safe/5259.sol,0,0,0,0,0,OK,0.4.25,results/oyente_plus/qian/raw/timestamp/safe/5259.txt
6272.sol,qian/timestamp/safe/6272.sol,0,1,0,0,0,OK,0.4.25,results/oyente_plus/qian/raw/timestamp/safe/6272.txt
711.sol,qian/timestamp/safe/711.sol,0,1,0,0,0,OK,0.4.25,results/oyente_plus/qian/raw/timestamp/safe/711.txt
798.sol,qian/timestamp/safe/798.sol,0,1,0,0,0,OK,0.4.25,results/oyente_plus/qian/raw/timestamp/safe/798.txt
8826.sol,qian/timestamp/safe/8826.sol,0,0,0,0,0,OK,0.4.25,results/oyente_plus/qian/raw/timestamp/safe/8826.txt
10146.sol,qian/timestamp/vulnerable/10146.sol,0,0,0,0,0,OK,0.4.25,results/oyente_plus/qian/raw/timestamp/vulnerable/10146.txt
10369.sol,qian/timestamp/vulnerable/10369.sol,0,1,0,0,0,OK,0.4.25,results/oyente_plus/qian/raw/timestamp/vulnerable/10369.txt
1115.sol,qian/timestamp/vulnerable/1115.sol,0,1,0,0,0,OK,0.4.25,results/oyente_plus/qian/raw/timestamp/vulnerable/1115.txt
1183.sol,qian/timestamp/vulnerable/1183.sol,0,1,0,0,0,OK,0.4.25,results/oyente_plus/qian/raw/timestamp/vulnerable/1183.txt
12321.sol,qian/timestamp/vulnerable/12321.sol,0,1,0,0,0,OK,0.4.25,results/oyente_plus/qian/raw/timestamp/vulnerable/12321.txt
1256.sol,qian/timestamp/vulnerable/1256.sol,0,0,0,0,0,OK,0.4.25,results/oyente_plus/qian/raw/timestamp/vulnerable/1256.txt
12894.sol,qian/timestamp/vulnerable/12894.sol,0,1,0,0,0,OK,0.4.25,results/oyente_plus/qian/raw/timestamp/vulnerable/12894.txt
1318.sol,qian/timestamp/vulnerable/1318.sol,0,1,0,0,0,OK,0.4.25,results/oyente_plus/qian/raw/timestamp/vulnerable/1318.txt
13413.sol,qian/timestamp/vulnerable/13413.sol,0,1,0,0,0,OK,0.4.25,results/oyente_plus/qian/raw/timestamp/vulnerable/13413.txt
1404.sol,qian/timestamp/vulnerable/1404.sol,0,1,0,0,0,OK,0.4.25,results/oyente_plus/qian/raw/timestamp/vulnerable/1404.txt
14928.sol,qian/timestamp/vulnerable/14928.sol,0,1,0,0,0,OK,0.4.25,results/oyente_plus/qian/raw/timestamp/vulnerable/14928.txt
15641.sol,qian/timestamp/vulnerable/15641.sol,0,0,0,0,0,OK,0.4.25,results/oyente_plus/qian/raw/timestamp/vulnerable/15641.txt
169.sol,qian/timestamp/vulnerable/169.sol,0,0,0,0,0,OK,0.4.25,results/oyente_plus/qian/raw/timestamp/vulnerable/169.txt
18975.sol,qian/timestamp/vulnerable/18975.sol,0,1,0,0,0,OK,0.4.25,results/oyente_plus/qian/raw/timestamp/vulnerable/18975.txt
20057.sol,qian/timestamp/vulnerable/20057.sol,0,0,0,0,0,OK,0.4.25,results/oyente_plus/qian/raw/timestamp/vulnerable/20057.txt
212.sol,qian/timestamp/vulnerable/212.sol,0,1,0,0,0,OK,0.4.25,results/oyente_plus/qian/raw/timestamp/vulnerable/212.txt
2252.sol,qian/timestamp/vulnerable/2252.sol,0,1,0,0,0,OK,0.4.25,results/oyente_plus/qian/raw/timestamp/vulnerable/2252.txt
2399.sol,qian/timestamp/vulnerable/2399.sol,0,1,0,0,0,OK,0.4.25,results/oyente_plus/qian/raw/timestamp/vulnerable/2399.txt
2777.sol,qian/timestamp/vulnerable/2777.sol,0,0,0,0,0,OK,0.4.25,results/oyente_plus/qian/raw/timestamp/vulnerable/2777.txt
30060.sol,qian/timestamp/vulnerable/30060.sol,0,0,0,0,0,OK,0.4.25,results/oyente_plus/qian/raw/timestamp/vulnerable/30060.txt
31812.sol,qian/timestamp/vulnerable/31812.sol,0,1,0,0,0,OK,0.4.25,results/oyente_plus/qian/raw/timestamp/vulnerable/31812.txt
32175.sol,qian/timestamp/vulnerable/32175.sol,0,0,0,0,0,OK,0.4.25,results/oyente_plus/qian/raw/timestamp/vulnerable/32175.txt
34995.sol,qian/timestamp/vulnerable/34995.sol,0,1,0,0,0,OK,0.4.25,results/oyente_plus/qian/raw/timestamp/vulnerable/34995.txt
3702.sol,qian/timestamp/vulnerable/3702.sol,0,0,0,0,0,OK,0.4.25,results/oyente_plus/qian/raw/timestamp/vulnerable/3702.txt
37559.sol,qian/timestamp/vulnerable/37559.sol,0,1,0,0,0,OK,0.4.25,results/oyente_plus/qian/raw/timestamp/vulnerable/37559.txt
37920.sol,qian/timestamp/vulnerable/37920.sol,0,1,0,0,0,OK,0.4.25,results/oyente_plus/qian/raw/timestamp/vulnerable/37920.txt
38947.sol,qian/timestamp/vulnerable/38947.sol,0,0,0,0,0,OK,0.4.25,results/oyente_plus/qian/raw/timestamp/vulnerable/38947.txt
400.sol,qian/timestamp/vulnerable/400.sol,0,1,0,0,0,OK,0.4.25,results/oyente_plus/qian/raw/timestamp/vulnerable/400.txt
40726.sol,qian/timestamp/vulnerable/40726.sol,0,0,0,0,0,OK,0.4.25,results/oyente_plus/qian/raw/timestamp/vulnerable/40726.txt
40738.sol,qian/timestamp/vulnerable/40738.sol,0,0,0,0,0,OK,0.4.25,results/oyente_plus/qian/raw/timestamp/vulnerable/40738.txt
40750.sol,qian/timestamp/vulnerable/40750.sol,0,0,0,0,0,OK,0.4.25,results/oyente_plus/qian/raw/timestamp/vulnerable/40750.txt
40755.sol,qian/timestamp/vulnerable/40755.sol,0,1,0,0,0,OK,0.4.25,results/oyente_plus/qian/raw/timestamp/vulnerable/40755.txt
4474.sol,qian/timestamp/vulnerable/4474.sol,0,0,0,0,0,OK,0.4.25,results/oyente_plus/qian/raw/timestamp/vulnerable/4474.txt
4590.sol,qian/timestamp/vulnerable/4590.sol,0,1,0,0,0,OK,0.4.25,results/oyente_plus/qian/raw/timestamp/vulnerable/4590.txt
50063.sol,qian/timestamp/vulnerable/50063.sol,0,0,0,0,0,OK,0.4.25,results/oyente_plus/qian/raw/timestamp/vulnerable/50063.txt
50219.sol,qian/timestamp/vulnerable/50219.sol,0,0,0,0,0,OK,0.4.25,results/oyente_plus/qian/raw/timestamp/vulnerable/50219.txt
5164.sol,qian/timestamp/vulnerable/5164.sol,0,0,0,0,0,OK,0.4.25,results/oyente_plus/qian/raw/timestamp/vulnerable/5164.txt
595.sol,qian/timestamp/vulnerable/595.sol,0,1,0,0,0,OK,0.4.25,results/oyente_plus/qian/raw/timestamp/vulnerable/595.txt
626.sol,qian/timestamp/vulnerable/626.sol,0,1,0,0,0,OK,0.4.25,results/oyente_plus/qian/raw/timestamp/vulnerable/626.txt
666.sol,qian/timestamp/vulnerable/666.sol,0,0,0,0,0,OK,0.4.25,results/oyente_plus/qian/raw/timestamp/vulnerable/666.txt
739.sol,qian/timestamp/vulnerable/739.sol,0,0,0,0,0,OK,0.4.25,results/oyente_plus/qian/raw/timestamp/vulnerable/739.txt
797.sol,qian/timestamp/vulnerable/797.sol,0,0,0,0,0,OK,0.4.25,results/oyente_plus/qian/raw/timestamp/vulnerable/797.txt
8606.sol,qian/timestamp/vulnerable/8606.sol,0,1,0,0,0,OK,0.4.25,results/oyente_plus/qian/raw/timestamp/vulnerable/8606.txt
9230.sol,qian/timestamp/vulnerable/9230.sol,0,1,0,0,0,OK,0.4.25,results/oyente_plus/qian/raw/timestamp/vulnerable/9230.txt
9654.sol,qian/timestamp/vulnerable/9654.sol,0,0,0,0,0,OK,0.4.25,results/oyente_plus/qian/raw/timestamp/vulnerable/9654.txt
11243.sol,qian/overflow/safe/11243.sol,0,0,0,0,0,OK,0.4.25,results/oyente_plus/qian/raw/overflow/safe/11243.txt
124.sol,qian/overflow/safe/124.sol,0,0,0,0,0,OK,0.4.25,results/oyente_plus/qian/raw/overflow/safe/124.txt
136.sol,qian/overflow/safe/136.sol,0,0,0,0,0,OK,0.4.25,results/oyente_plus/qian/raw/overflow/safe/136.txt
14381.sol,qian/overflow/safe/14381.sol,0,0,0,0,0,OK,0.4.25,results/oyente_plus/qian/raw/overflow/safe/14381.txt
1631.sol,qian/overflow/safe/1631.sol,0,0,0,0,0,OK,0.4.25,results/oyente_plus/qian/raw/overflow/safe/1631.txt
16925.sol,qian/overflow/safe/16925.sol,1,0,0,0,0,OK,0.4.25,results/oyente_plus/qian/raw/overflow/safe/16925.txt
177.sol,qian/overflow/safe/177.sol,0,1,0,0,0,OK,0.4.25,results/oyente_plus/qian/raw/overflow/safe/177.txt
2000.sol,qian/overflow/safe/2000.sol,0,1,0,0,0,OK,0.4.25,results/oyente_plus/qian/raw/overflow/safe/2000.txt
21697.sol,qian/overflow/safe/21697.sol,0,0,0,0,0,OK,0.4.25,results/oyente_plus/qian/raw/overflow/safe/21697.txt
2397.sol,qian/overflow/safe/2397.sol,0,0,0,0,0,OK,0.4.25,results/oyente_plus/qian/raw/overflow/safe/2397.txt
27263.sol,qian/overflow/safe/27263.sol,1,0,0,0,0,OK,0.4.25,results/oyente_plus/qian/raw/overflow/safe/27263.txt
30396.sol,qian/overflow/safe/30396.sol,0,0,0,0,0,OK,0.4.25,results/oyente_plus/qian/raw/overflow/safe/30396.txt
31759.sol,qian/overflow/safe/31759.sol,1,1,0,0,0,OK,0.4.25,results/oyente_plus/qian/raw/overflow/safe/31759.txt
32175.sol,qian/overflow/safe/32175.sol,0,0,0,0,0,OK,0.4.25,results/oyente_plus/qian/raw/overflow/safe/32175.txt
34442.sol,qian/overflow/safe/34442.sol,0,1,0,0,0,OK,0.4.25,results/oyente_plus/qian/raw/overflow/safe/34442.txt
3654.sol,qian/overflow/safe/3654.sol,0,0,0,0,0,OK,0.4.25,results/oyente_plus/qian/raw/overflow/safe/3654.txt
38925.sol,qian/overflow/safe/38925.sol,0,0,0,0,0,OK,0.4.25,results/oyente_plus/qian/raw/overflow/safe/38925.txt
39268.sol,qian/overflow/safe/39268.sol,1,0,0,0,0,OK,0.4.25,results/oyente_plus/qian/raw/overflow/safe/39268.txt
39644.sol,qian/overflow/safe/39644.sol,1,0,0,0,0,OK,0.4.25,results/oyente_plus/qian/raw/overflow/safe/39644.txt
40089.sol,qian/overflow/safe/40089.sol,0,0,0,0,0,OK,0.4.25,results/oyente_plus/qian/raw/overflow/safe/40089.txt
40413.sol,qian/overflow/safe/40413.sol,1,0,0,0,0,OK,0.4.25,results/oyente_plus/qian/raw/overflow/safe/40413.txt
40733.sol,qian/overflow/safe/40733.sol,0,0,0,0,0,OK,0.4.25,results/oyente_plus/qian/raw/overflow/safe/40733.txt
40753.sol,qian/overflow/safe/40753.sol,1,0,0,0,0,OK,0.4.25,results/oyente_plus/qian/raw/overflow/safe/40753.txt
44.sol,qian/overflow/safe/44.sol,0,0,0,0,0,OK,0.4.25,results/oyente_plus/qian/raw/overflow/safe/44.txt
496.sol,qian/overflow/safe/496.sol,0,0,0,0,0,OK,0.4.25,results/oyente_plus/qian/raw/overflow/safe/496.txt
50013.sol,qian/overflow/safe/50013.sol,1,0,0,0,0,OK,0.4.25,results/oyente_plus/qian/raw/overflow/safe/50013.txt
50027.sol,qian/overflow/safe/50027.sol,1,1,0,0,0,OK,0.4.25,results/oyente_plus/qian/raw/overflow/safe/50027.txt
50221.sol,qian/overflow/safe/50221.sol,0,0,1,0,0,OK,0.4.25,results/oyente_plus/qian/raw/overflow/safe/50221.txt
50337.sol,qian/overflow/safe/50337.sol,0,1,0,0,0,OK,0.4.25,results/oyente_plus/qian/raw/overflow/safe/50337.txt
50441.sol,qian/overflow/safe/50441.sol,0,1,0,0,0,OK,0.4.25,results/oyente_plus/qian/raw/overflow/safe/50441.txt
50446.sol,qian/overflow/safe/50446.sol,0,1,0,0,0,OK,0.4.25,results/oyente_plus/qian/raw/overflow/safe/50446.txt
50551.sol,qian/overflow/safe/50551.sol,0,1,0,0,0,OK,0.4.25,results/oyente_plus/qian/raw/overflow/safe/50551.txt
50557.sol,qian/overflow/safe/50557.sol,0,0,0,0,0,OK,0.4.25,results/oyente_plus/qian/raw/overflow/safe/50557.txt
50661.sol,qian/overflow/safe/50661.sol,0,1,0,0,0,OK,0.4.25,results/oyente_plus/qian/raw/overflow/safe/50661.txt
50665.sol,qian/overflow/safe/50665.sol,0,1,0,0,0,OK,0.4.25,results/oyente_plus/qian/raw/overflow/safe/50665.txt
50770.sol,qian/overflow/safe/50770.sol,0,0,0,0,0,OK,0.4.25,results/oyente_plus/qian/raw/overflow/safe/50770.txt
50775.sol,qian/overflow/safe/50775.sol,0,0,0,0,0,OK,0.4.25,results/oyente_plus/qian/raw/overflow/safe/50775.txt
50779.sol,qian/overflow/safe/50779.sol,1,0,0,0,0,OK,0.4.25,results/oyente_plus/qian/raw/overflow/safe/50779.txt
50783.sol,qian/overflow/safe/50783.sol,1,0,0,0,0,OK,0.4.25,results/oyente_plus/qian/raw/overflow/safe/50783.txt
50787.sol,qian/overflow/safe/50787.sol,1,0,0,0,0,OK,0.4.25,results/oyente_plus/qian/raw/overflow/safe/50787.txt
50792.sol,qian/overflow/safe/50792.sol,1,0,0,0,0,OK,0.4.25,results/oyente_plus/qian/raw/overflow/safe/50792.txt
50798.sol,qian/overflow/safe/50798.sol,0,1,0,0,0,OK,0.4.25,results/oyente_plus/qian/raw/overflow/safe/50798.txt
625.sol,qian/overflow/safe/625.sol,0,0,0,0,0,OK,0.4.25,results/oyente_plus/qian/raw/overflow/safe/625.txt
737.sol,qian/overflow/safe/737.sol,0,0,0,0,0,OK,0.4.25,results/oyente_plus/qian/raw/overflow/safe/737.txt
797.sol,qian/overflow/safe/797.sol,0,0,0,0,0,OK,0.4.25,results/oyente_plus/qian/raw/overflow/safe/797.txt
883.sol,qian/overflow/safe/883.sol,0,0,0,0,0,OK,0.4.25,results/oyente_plus/qian/raw/overflow/safe/883.txt
1115.sol,qian/overflow/vulnerable/1115.sol,0,1,0,0,0,OK,0.4.25,results/oyente_plus/qian/raw/overflow/vulnerable/1115.txt
12894.sol,qian/overflow/vulnerable/12894.sol,0,1,0,0,0,OK,0.4.25,results/oyente_plus/qian/raw/overflow/vulnerable/12894.txt
13371.sol,qian/overflow/vulnerable/13371.sol,0,1,0,0,0,OK,0.4.25,results/oyente_plus/qian/raw/overflow/vulnerable/13371.txt
1533.sol,qian/overflow/vulnerable/1533.sol,0,0,0,0,0,OK,0.4.25,results/oyente_plus/qian/raw/overflow/vulnerable/1533.txt
1813.sol,qian/overflow/vulnerable/1813.sol,0,1,0,0,0,OK,0.4.25,results/oyente_plus/qian/raw/overflow/vulnerable/1813.txt
21162.sol,qian/overflow/vulnerable/21162.sol,0,1,0,0,0,OK,0.4.25,results/oyente_plus/qian/raw/overflow/vulnerable/21162.txt
22416.sol,qian/overflow/vulnerable/22416.sol,1,1,0,0,0,OK,0.4.25,results/oyente_plus/qian/raw/overflow/vulnerable/22416.txt
24648.sol,qian/overflow/vulnerable/24648.sol,1,0,0,0,0,OK,0.4.25,results/oyente_plus/qian/raw/overflow/vulnerable/24648.txt
2.sol,qian/overflow/vulnerable/2.sol,0,0,0,0,0,OK,0.4.25,results/oyente_plus/qian/raw/overflow/vulnerable/2.txt
35806.sol,qian/overflow/vulnerable/35806.sol,1,0,0,0,0,OK,0.4.25,results/oyente_plus/qian/raw/overflow/vulnerable/35806.txt
38057.sol,qian/overflow/vulnerable/38057.sol,1,0,0,0,0,OK,0.4.25,results/oyente_plus/qian/raw/overflow/vulnerable/38057.txt
3.sol,qian/overflow/vulnerable/3.sol,0,0,0,0,0,OK,0.4.25,results/oyente_plus/qian/raw/overflow/vulnerable/3.txt
40336.sol,qian/overflow/vulnerable/40336.sol,1,0,0,0,0,OK,0.4.25,results/oyente_plus/qian/raw/overflow/vulnerable/40336.txt
40499.sol,qian/overflow/vulnerable/40499.sol,1,1,0,0,0,OK,0.4.25,results/oyente_plus/qian/raw/overflow/vulnerable/40499.txt
40747.sol,qian/overflow/vulnerable/40747.sol,1,1,0,0,0,OK,0.4.25,results/oyente_plus/qian/raw/overflow/vulnerable/40747.txt
40770.sol,qian/overflow/vulnerable/40770.sol,1,1,0,0,0,OK,0.4.25,results/oyente_plus/qian/raw/overflow/vulnerable/40770.txt
4832.sol,qian/overflow/vulnerable/4832.sol,1,1,0,0,0,OK,0.4.25,results/oyente_plus/qian/raw/overflow/vulnerable/4832.txt
50010.sol,qian/overflow/vulnerable/50010.sol,0,0,0,0,0,OK,0.4.25,results/oyente_plus/qian/raw/overflow/vulnerable/50010.txt
50219.sol,qian/overflow/vulnerable/50219.sol,0,0,0,0,0,OK,0.4.25,results/oyente_plus/qian/raw/overflow/vulnerable/50219.txt
5.sol,qian/overflow/vulnerable/5.sol,0,0,0,0,0,OK,0.4.25,results/oyente_plus/qian/raw/overflow/vulnerable/5.txt
711.sol,qian/overflow/vulnerable/711.sol,0,1,0,0,0,OK,0.4.25,results/oyente_plus/qian/raw/overflow/vulnerable/711.txt
8606.sol,qian/overflow/vulnerable/8606.sol,0,1,0,0,0,OK,0.4.25,results/oyente_plus/qian/raw/overflow/vulnerable/8606.txt
9850.sol,qian/overflow/vulnerable/9850.sol,0,1,0,0,0,OK,0.4.25,results/oyente_plus/qian/raw/overflow/vulnerable/9850.txt
18771.sol,qian/reentrancy/safe/18771.sol,1,0,0,0,0,OK,0.4.25,results/oyente_plus/qian/raw/reentrancy/safe/18771.txt
21241.sol,qian/reentrancy/safe/21241.sol,1,1,0,0,0,OK,0.4.25,results/oyente_plus/qian/raw/reentrancy/safe/21241.txt
22635.sol,qian/reentrancy/safe/22635.sol,0,0,0,0,0,OK,0.4.25,results/oyente_plus/qian/raw/reentrancy/safe/22635.txt
24196.sol,qian/reentrancy/safe/24196.sol,1,1,0,0,0,OK,0.4.25,results/oyente_plus/qian/raw/reentrancy/safe/24196.txt
25808.sol,qian/reentrancy/safe/25808.sol,0,0,0,0,0,OK,0.4.25,results/oyente_plus/qian/raw/reentrancy/safe/25808.txt
27159.sol,qian/reentrancy/safe/27159.sol,1,1,0,0,0,OK,0.4.25,results/oyente_plus/qian/raw/reentrancy/safe/27159.txt
27334.sol,qian/reentrancy/safe/27334.sol,0,0,0,0,0,OK,0.4.25,results/oyente_plus/qian/raw/reentrancy/safe/27334.txt
29130.sol,qian/reentrancy/safe/29130.sol,1,0,0,0,0,OK,0.4.25,results/oyente_plus/qian/raw/reentrancy/safe/29130.txt
29983.sol,qian/reentrancy/safe/29983.sol,1,1,0,0,0,OK,0.4.25,results/oyente_plus/qian/raw/reentrancy/safe/29983.txt
30254.sol,qian/reentrancy/safe/30254.sol,1,1,0,0,0,OK,0.4.25,results/oyente_plus/qian/raw/reentrancy/safe/30254.txt
30460.sol,qian/reentrancy/safe/30460.sol,1,0,0,0,0,OK,0.4.25,results/oyente_plus/qian/raw/reentrancy/safe/30460.txt
31565.sol,qian/reentrancy/safe/31565.sol,0,0,0,0,0,OK,0.4.25,results/oyente_plus/qian/raw/reentrancy/safe/31565.txt
33512.sol,qian/reentrancy/safe/33512.sol,0,1,0,0,0,OK,0.4.25,results/oyente_plus/qian/raw/reentrancy/safe/33512.txt
34904.sol,qian/reentrancy/safe/34904.sol,0,1,0,0,0,OK,0.4.25,results/oyente_plus/qian/raw/reentrancy/safe/34904.txt
35713.sol,qian/reentrancy/safe/35713.sol,0,0,0,0,0,OK,0.4.25,results/oyente_plus/qian/raw/reentrancy/safe/35713.txt
35878.sol,qian/reentrancy/safe/35878.sol,0,0,0,0,0,OK,0.4.25,results/oyente_plus/qian/raw/reentrancy/safe/35878.txt
36563.sol,qian/reentrancy/safe/36563.sol,1,1,0,0,0,OK,0.4.25,results/oyente_plus/qian/raw/reentrancy/safe/36563.txt
37499.sol,qian/reentrancy/safe/37499.sol,1,1,0,0,0,OK,0.4.25,results/oyente_plus/qian/raw/reentrancy/safe/37499.txt
37708.sol,qian/reentrancy/safe/37708.sol,1,1,0,0,0,OK,0.4.25,results/oyente_plus/qian/raw/reentrancy/safe/37708.txt
38250.sol,qian/reentrancy/safe/38250.sol,1,0,0,0,0,OK,0.4.25,results/oyente_plus/qian/raw/reentrancy/safe/38250.txt
38828.sol,qian/reentrancy/safe/38828.sol,0,0,0,0,0,OK,0.4.25,results/oyente_plus/qian/raw/reentrancy/safe/38828.txt
39151.sol,qian/reentrancy/safe/39151.sol,1,0,0,0,0,OK,0.4.25,results/oyente_plus/qian/raw/reentrancy/safe/39151.txt
39327.sol,qian/reentrancy/safe/39327.sol,1,1,0,0,0,OK,0.4.25,results/oyente_plus/qian/raw/reentrancy/safe/39327.txt
39684.sol,qian/reentrancy/safe/39684.sol,0,0,0,1,0,OK,0.4.25,results/oyente_plus/qian/raw/reentrancy/safe/39684.txt
39777.sol,qian/reentrancy/safe/39777.sol,1,1,0,0,0,OK,0.4.25,results/oyente_plus/qian/raw/reentrancy/safe/39777.txt
39934.sol,qian/reentrancy/safe/39934.sol,0,0,0,0,0,OK,0.4.25,results/oyente_plus/qian/raw/reentrancy/safe/39934.txt
40092.sol,qian/reentrancy/safe/40092.sol,0,0,0,0,0,OK,0.4.25,results/oyente_plus/qian/raw/reentrancy/safe/40092.txt
40299.sol,qian/reentrancy/safe/40299.sol,0,0,0,0,0,OK,0.4.25,results/oyente_plus/qian/raw/reentrancy/safe/40299.txt
40353.sol,qian/reentrancy/safe/40353.sol,1,0,0,0,0,OK,0.4.25,results/oyente_plus/qian/raw/reentrancy/safe/40353.txt
40425.sol,qian/reentrancy/safe/40425.sol,0,0,0,0,0,OK,0.4.25,results/oyente_plus/qian/raw/reentrancy/safe/40425.txt
40734.sol,qian/reentrancy/safe/40734.sol,0,0,0,0,0,OK,0.4.25,results/oyente_plus/qian/raw/reentrancy/safe/40734.txt
40751.sol,qian/reentrancy/safe/40751.sol,0,0,0,0,0,OK,0.4.25,results/oyente_plus/qian/raw/reentrancy/safe/40751.txt
40763.sol,qian/reentrancy/safe/40763.sol,0,0,0,0,0,OK,0.4.25,results/oyente_plus/qian/raw/reentrancy/safe/40763.txt
40774.sol,qian/reentrancy/safe/40774.sol,0,1,0,0,0,OK,0.4.25,results/oyente_plus/qian/raw/reentrancy/safe/40774.txt
40786.sol,qian/reentrancy/safe/40786.sol,0,0,0,0,0,OK,0.4.25,results/oyente_plus/qian/raw/reentrancy/safe/40786.txt
50001.sol,qian/reentrancy/safe/50001.sol,0,1,0,0,0,OK,0.4.25,results/oyente_plus/qian/raw/reentrancy/safe/50001.txt
50027.sol,qian/reentrancy/safe/50027.sol,1,1,0,0,0,OK,0.4.25,results/oyente_plus/qian/raw/reentrancy/safe/50027.txt
50031.sol,qian/reentrancy/safe/50031.sol,1,0,0,0,0,OK,0.4.25,results/oyente_plus/qian/raw/reentrancy/safe/50031.txt
50035.sol,qian/reentrancy/safe/50035.sol,1,0,0,0,0,OK,0.4.25,results/oyente_plus/qian/raw/reentrancy/safe/50035.txt
22247.sol,qian/reentrancy/vulnerable/22247.sol,1,0,0,0,0,OK,0.4.25,results/oyente_plus/qian/raw/reentrancy/vulnerable/22247.txt
26742.sol,qian/reentrancy/vulnerable/26742.sol,1,0,0,0,0,OK,0.4.25,results/oyente_plus/qian/raw/reentrancy/vulnerable/26742.txt
39269.sol,qian/reentrancy/vulnerable/39269.sol,0,1,0,0,0,OK,0.4.25,results/oyente_plus/qian/raw/reentrancy/vulnerable/39269.txt
40499.sol,qian/reentrancy/vulnerable/40499.sol,1,1,0,0,0,OK,0.4.25,results/oyente_plus/qian/raw/reentrancy/vulnerable/40499.txt
40742.sol,qian/reentrancy/vulnerable/40742.sol,1,0,0,0,0,OK,0.4.25,results/oyente_plus/qian/raw/reentrancy/vulnerable/40742.txt
40748.sol,qian/reentrancy/vulnerable/40748.sol,1,1,0,0,0,OK,0.4.25,results/oyente_plus/qian/raw/reentrancy/vulnerable/40748.txt
40755.sol,qian/reentrancy/vulnerable/40755.sol,1,0,0,0,0,OK,0.4.25,results/oyente_plus/qian/raw/reentrancy/vulnerable/40755.txt
40761.sol,qian/reentrancy/vulnerable/40761.sol,1,0,0,0,0,OK,0.4.25,results/oyente_plus/qian/raw/reentrancy/vulnerable/40761.txt
40770.sol,qian/reentrancy/vulnerable/40770.sol,1,1,0,0,0,OK,0.4.25,results/oyente_plus/qian/raw/reentrancy/vulnerable/40770.txt
40777.sol,qian/reentrancy/vulnerable/40777.sol,1,0,0,0,0,OK,0.4.25,results/oyente_plus/qian/raw/reentrancy/vulnerable/40777.txt
40784.sol,qian/reentrancy/vulnerable/40784.sol,1,0,0,0,0,OK,0.4.25,results/oyente_plus/qian/raw/reentrancy/vulnerable/40784.txt
50002.sol,qian/reentrancy/vulnerable/50002.sol,1,0,0,0,0,OK,0.4.25,results/oyente_plus/qian/raw/reentrancy/vulnerable/50002.txt
50008.sol,qian/reentrancy/vulnerable/50008.sol,1,1,0,0,0,OK,0.4.25,results/oyente_plus/qian/raw/reentrancy/vulnerable/50008.txt
50012.sol,qian/reentrancy/vulnerable/50012.sol,0,1,0,0,0,OK,0.4.25,results/oyente_plus/qian/raw/reentrancy/vulnerable/50012.txt
50016.sol,qian/reentrancy/vulnerable/50016.sol,1,0,0,0,0,OK,0.4.25,results/oyente_plus/qian/raw/reentrancy/vulnerable/50016.txt
50020.sol,qian/reentrancy/vulnerable/50020.sol,1,0,0,0,0,OK,0.4.25,results/oyente_plus/qian/raw/reentrancy/vulnerable/50020.txt
50024.sol,qian/reentrancy/vulnerable/50024.sol,1,0,0,0,0,OK,0.4.25,results/oyente_plus/qian/raw/reentrancy/vulnerable/50024.txt
10855.sol,qian/timestamp/safe/10855.sol,0,0,0,0,0,OK,0.4.25,results/oyente_plus/qian/raw/timestamp/safe/10855.txt
11346.sol,qian/timestamp/safe/11346.sol,0,1,0,0,0,OK,0.4.25,results/oyente_plus/qian/raw/timestamp/safe/11346.txt
12044.sol,qian/timestamp/safe/12044.sol,0,0,0,0,0,OK,0.4.25,results/oyente_plus/qian/raw/timestamp/safe/12044.txt
124.sol,qian/timestamp/safe/124.sol,0,0,0,0,0,OK,0.4.25,results/oyente_plus/qian/raw/timestamp/safe/124.txt
12856.sol,qian/timestamp/safe/12856.sol,0,0,0,0,0,OK,0.4.25,results/oyente_plus/qian/raw/timestamp/safe/12856.txt
134.sol,qian/timestamp/safe/134.sol,0,0,0,0,0,OK,0.4.25,results/oyente_plus/qian/raw/timestamp/safe/134.txt
137.sol,qian/timestamp/safe/137.sol,0,0,0,0,0,OK,0.4.25,results/oyente_plus/qian/raw/timestamp/safe/137.txt
14634.sol,qian/timestamp/safe/14634.sol,0,0,0,0,0,OK,0.4.25,results/oyente_plus/qian/raw/timestamp/safe/14634.txt
15822.sol,qian/timestamp/safe/15822.sol,0,1,0,0,0,OK,0.4.25,results/oyente_plus/qian/raw/timestamp/safe/15822.txt
16521.sol,qian/timestamp/safe/16521.sol,0,0,0,0,0,OK,0.4.25,results/oyente_plus/qian/raw/timestamp/safe/16521.txt
176.sol,qian/timestamp/safe/176.sol,0,0,0,0,0,OK,0.4.25,results/oyente_plus/qian/raw/timestamp/safe/176.txt
1824.sol,qian/timestamp/safe/1824.sol,0,1,0,0,0,OK,0.4.25,results/oyente_plus/qian/raw/timestamp/safe/1824.txt
19692.sol,qian/timestamp/safe/19692.sol,0,0,0,0,0,OK,0.4.25,results/oyente_plus/qian/raw/timestamp/safe/19692.txt
22155.sol,qian/timestamp/safe/22155.sol,0,0,0,0,0,OK,0.4.25,results/oyente_plus/qian/raw/timestamp/safe/22155.txt
28101.sol,qian/timestamp/safe/28101.sol,0,1,0,0,0,OK,0.4.25,results/oyente_plus/qian/raw/timestamp/safe/28101.txt
30507.sol,qian/timestamp/safe/30507.sol,0,0,0,0,0,OK,0.4.25,results/oyente_plus/qian/raw/timestamp/safe/30507.txt
30939.sol,qian/timestamp/safe/30939.sol,0,1,0,0,0,OK,0.4.25,results/oyente_plus/qian/raw/timestamp/safe/30939.txt
3185.sol,qian/timestamp/safe/3185.sol,0,0,0,0,0,OK,0.4.25,results/oyente_plus/qian/raw/timestamp/safe/3185.txt
33575.sol,qian/timestamp/safe/33575.sol,0,0,1,0,0,OK,0.4.25,results/oyente_plus/qian/raw/timestamp/safe/33575.txt
34068.sol,qian/timestamp/safe/34068.sol,0,0,1,0,0,OK,0.4.25,results/oyente_plus/qian/raw/timestamp/safe/34068.txt
34725.sol,qian/timestamp/safe/34725.sol,0,0,0,0,0,OK,0.4.25,results/oyente_plus/qian/raw/timestamp/safe/34725.txt
35322.sol,qian/timestamp/safe/35322.sol,0,0,1,0,0,OK,0.4.25,results/oyente_plus/qian/raw/timestamp/safe/35322.txt
3555.sol,qian/timestamp/safe/3555.sol,0,0,0,0,0,OK,0.4.25,results/oyente_plus/qian/raw/timestamp/safe/3555.txt
36852.sol,qian/timestamp/safe/36852.sol,0,1,0,0,0,OK,0.4.25,results/oyente_plus/qian/raw/timestamp/safe/36852.txt
37514.sol,qian/timestamp/safe/37514.sol,0,0,0,0,0,OK,0.4.25,results/oyente_plus/qian/raw/timestamp/safe/37514.txt
38096.sol,qian/timestamp/safe/38096.sol,0,0,0,0,0,OK,0.4.25,results/oyente_plus/qian/raw/timestamp/safe/38096.txt
38888.sol,qian/timestamp/safe/38888.sol,0,0,0,0,0,OK,0.4.25,results/oyente_plus/qian/raw/timestamp/safe/38888.txt
39095.sol,qian/timestamp/safe/39095.sol,0,0,1,0,0,OK,0.4.25,results/oyente_plus/qian/raw/timestamp/safe/39095.txt
39559.sol,qian/timestamp/safe/39559.sol,0,1,0,0,0,OK,0.4.25,results/oyente_plus/qian/raw/timestamp/safe/39559.txt
40154.sol,qian/timestamp/safe/40154.sol,0,1,0,0,0,OK,0.4.25,results/oyente_plus/qian/raw/timestamp/safe/40154.txt
40497.sol,qian/timestamp/safe/40497.sol,0,1,0,0,0,OK,0.4.25,results/oyente_plus/qian/raw/timestamp/safe/40497.txt
40665.sol,qian/timestamp/safe/40665.sol,0,0,0,0,0,OK,0.4.25,results/oyente_plus/qian/raw/timestamp/safe/40665.txt
40740.sol,qian/timestamp/safe/40740.sol,0,0,0,0,0,OK,0.4.25,results/oyente_plus/qian/raw/timestamp/safe/40740.txt
40744.sol,qian/timestamp/safe/40744.sol,0,0,0,0,0,OK,0.4.25,results/oyente_plus/qian/raw/timestamp/safe/40744.txt
42.sol,qian/timestamp/safe/42.sol,0,1,0,0,0,OK,0.4.25,results/oyente_plus/qian/raw/timestamp/safe/42.txt
4882.sol,qian/timestamp/safe/4882.sol,0,0,0,0,0,OK,0.4.25,results/oyente_plus/qian/raw/timestamp/safe/4882.txt
50001.sol,qian/timestamp/safe/50001.sol,0,0,0,0,0,OK,0.4.25,results/oyente_plus/qian/raw/timestamp/safe/50001.txt
578.sol,qian/timestamp/safe/578.sol,0,0,0,0,0,OK,0.4.25,results/oyente_plus/qian/raw/timestamp/safe/578.txt
6348.sol,qian/timestamp/safe/6348.sol,0,0,0,0,0,OK,0.4.25,results/oyente_plus/qian/raw/timestamp/safe/6348.txt
737.sol,qian/timestamp/safe/737.sol,0,0,0,0,0,OK,0.4.25,results/oyente_plus/qian/raw/timestamp/safe/737.txt
8025.sol,qian/timestamp/safe/8025.sol,0,0,0,0,0,OK,0.4.25,results/oyente_plus/qian/raw/timestamp/safe/8025.txt
9428.sol,qian/timestamp/safe/9428.sol,0,0,0,0,0,OK,0.4.25,results/oyente_plus/qian/raw/timestamp/safe/9428.txt
1014.sol,qian/timestamp/vulnerable/1014.sol,0,0,0,0,0,OK,0.4.25,results/oyente_plus/qian/raw/timestamp/vulnerable/1014.txt
1057.sol,qian/timestamp/vulnerable/1057.sol,0,0,0,0,0,OK,0.4.25,results/oyente_plus/qian/raw/timestamp/vulnerable/1057.txt
11243.sol,qian/timestamp/vulnerable/11243.sol,0,0,0,0,0,OK,0.4.25,results/oyente_plus/qian/raw/timestamp/vulnerable/11243.txt
11931.sol,qian/timestamp/vulnerable/11931.sol,0,0,0,0,0,OK,0.4.25,results/oyente_plus/qian/raw/timestamp/vulnerable/11931.txt
12393.sol,qian/timestamp/vulnerable/12393.sol,0,1,0,0,0,OK,0.4.25,results/oyente_plus/qian/raw/timestamp/vulnerable/12393.txt
12841.sol,qian/timestamp/vulnerable/12841.sol,0,1,0,0,0,OK,0.4.25,results/oyente_plus/qian/raw/timestamp/vulnerable/12841.txt
12898.sol,qian/timestamp/vulnerable/12898.sol,0,1,0,0,0,OK,0.4.25,results/oyente_plus/qian/raw/timestamp/vulnerable/12898.txt
1319.sol,qian/timestamp/vulnerable/1319.sol,0,1,0,0,0,OK,0.4.25,results/oyente_plus/qian/raw/timestamp/vulnerable/1319.txt
13723.sol,qian/timestamp/vulnerable/13723.sol,0,0,0,0,0,OK,0.4.25,results/oyente_plus/qian/raw/timestamp/vulnerable/13723.txt
1445.sol,qian/timestamp/vulnerable/1445.sol,0,1,0,0,0,OK,0.4.25,results/oyente_plus/qian/raw/timestamp/vulnerable/1445.txt
15038.sol,qian/timestamp/vulnerable/15038.sol,0,1,0,0,0,OK,0.4.25,results/oyente_plus/qian/raw/timestamp/vulnerable/15038.txt
15930.sol,qian/timestamp/vulnerable/15930.sol,0,0,0,0,0,OK,0.4.25,results/oyente_plus/qian/raw/timestamp/vulnerable/15930.txt
170.sol,qian/timestamp/vulnerable/170.sol,0,1,0,0,0,OK,0.4.25,results/oyente_plus/qian/raw/timestamp/vulnerable/170.txt
19182.sol,qian/timestamp/vulnerable/19182.sol,0,0,0,0,0,OK,0.4.25,results/oyente_plus/qian/raw/timestamp/vulnerable/19182.txt
20259.sol,qian/timestamp/vulnerable/20259.sol,0,1,0,0,0,OK,0.4.25,results/oyente_plus/qian/raw/timestamp/vulnerable/20259.txt
21393.sol,qian/timestamp/vulnerable/21393.sol,0,1,0,0,0,OK,0.4.25,results/oyente_plus/qian/raw/timestamp/vulnerable/21393.txt
2253.sol,qian/timestamp/vulnerable/2253.sol,0,1,0,0,0,OK,0.4.25,results/oyente_plus/qian/raw/timestamp/vulnerable/2253.txt
2563.sol,qian/timestamp/vulnerable/2563.sol,0,1,0,0,0,OK,0.4.25,results/oyente_plus/qian/raw/timestamp/vulnerable/2563.txt
28359.sol,qian/timestamp/vulnerable/28359.sol,0,0,0,0,0,OK,0.4.25,results/oyente_plus/qian/raw/timestamp/vulnerable/28359.txt
30396.sol,qian/timestamp/vulnerable/30396.sol,0,0,0,0,0,OK,0.4.25,results/oyente_plus/qian/raw/timestamp/vulnerable/30396.txt
318.sol,qian/timestamp/vulnerable/318.sol,0,1,0,0,0,OK,0.4.25,results/oyente_plus/qian/raw/timestamp/vulnerable/318.txt
339.sol,qian/timestamp/vulnerable/339.sol,0,0,0,0,0,OK,0.4.25,results/oyente_plus/qian/raw/timestamp/vulnerable/339.txt
3543.sol,qian/timestamp/vulnerable/3543.sol,0,0,0,0,0,OK,0.4.25,results/oyente_plus/qian/raw/timestamp/vulnerable/3543.txt
37155.sol,qian/timestamp/vulnerable/37155.sol,0,1,0,0,0,OK,0.4.25,results/oyente_plus/qian/raw/timestamp/vulnerable/37155.txt
37672.sol,qian/timestamp/vulnerable/37672.sol,0,0,0,0,0,OK,0.4.25,results/oyente_plus/qian/raw/timestamp/vulnerable/37672.txt
38392.sol,qian/timestamp/vulnerable/38392.sol,0,0,0,0,0,OK,0.4.25,results/oyente_plus/qian/raw/timestamp/vulnerable/38392.txt
39715.sol,qian/timestamp/vulnerable/39715.sol,0,1,0,0,0,OK,0.4.25,results/oyente_plus/qian/raw/timestamp/vulnerable/39715.txt
40239.sol,qian/timestamp/vulnerable/40239.sol,0,0,0,0,0,OK,0.4.25,results/oyente_plus/qian/raw/timestamp/vulnerable/40239.txt
40727.sol,qian/timestamp/vulnerable/40727.sol,0,0,0,0,0,OK,0.4.25,results/oyente_plus/qian/raw/timestamp/vulnerable/40727.txt
40745.sol,qian/timestamp/vulnerable/40745.sol,0,0,0,0,0,OK,0.4.25,results/oyente_plus/qian/raw/timestamp/vulnerable/40745.txt
40751.sol,qian/timestamp/vulnerable/40751.sol,0,1,0,0,0,OK,0.4.25,results/oyente_plus/qian/raw/timestamp/vulnerable/40751.txt
40757.sol,qian/timestamp/vulnerable/40757.sol,0,1,0,0,0,OK,0.4.25,results/oyente_plus/qian/raw/timestamp/vulnerable/40757.txt
44.sol,qian/timestamp/vulnerable/44.sol,0,0,0,0,0,OK,0.4.25,results/oyente_plus/qian/raw/timestamp/vulnerable/44.txt
4926.sol,qian/timestamp/vulnerable/4926.sol,0,1,0,0,0,OK,0.4.25,results/oyente_plus/qian/raw/timestamp/vulnerable/4926.txt
50215.sol,qian/timestamp/vulnerable/50215.sol,0,0,0,0,0,OK,0.4.25,results/oyente_plus/qian/raw/timestamp/vulnerable/50215.txt
50222.sol,qian/timestamp/vulnerable/50222.sol,0,1,0,0,0,OK,0.4.25,results/oyente_plus/qian/raw/timestamp/vulnerable/50222.txt
5339.sol,qian/timestamp/vulnerable/5339.sol,0,0,0,0,0,OK,0.4.25,results/oyente_plus/qian/raw/timestamp/vulnerable/5339.txt
5975.sol,qian/timestamp/vulnerable/5975.sol,0,1,0,0,0,OK,0.4.25,results/oyente_plus/qian/raw/timestamp/vulnerable/5975.txt
6369.sol,qian/timestamp/vulnerable/6369.sol,0,1,0,0,0,OK,0.4.25,results/oyente_plus/qian/raw/timestamp/vulnerable/6369.txt
6929.sol,qian/timestamp/vulnerable/6929.sol,0,0,0,0,0,OK,0.4.25,results/oyente_plus/qian/raw/timestamp/vulnerable/6929.txt
7419.sol,qian/timestamp/vulnerable/7419.sol,0,1,0,0,0,OK,0.4.25,results/oyente_plus/qian/raw/timestamp/vulnerable/7419.txt
8099.sol,qian/timestamp/vulnerable/8099.sol,0,1,0,0,0,OK,0.4.25,results/oyente_plus/qian/raw/timestamp/vulnerable/8099.txt
883.sol,qian/timestamp/vulnerable/883.sol,0,0,0,0,0,OK,0.4.25,results/oyente_plus/qian/raw/timestamp/vulnerable/883.txt
9377.sol,qian/timestamp/vulnerable/9377.sol,0,1,0,0,0,OK,0.4.25,results/oyente_plus/qian/raw/timestamp/vulnerable/9377.txt
9850.sol,qian/timestamp/vulnerable/9850.sol,0,1,0,0,0,OK,0.4.25,results/oyente_plus/qian/raw/timestamp/vulnerable/9850.txt
40737.sol,qian/timestamp/safe/40737.sol,0,0,0,0,0,OYENTE_CRASH,0.4.26,results/oyente_plus/qian/raw/timestamp/safe/40737.txt
50778.sol,qian/overflow/safe/50778.sol,1,0,0,0,0,OK,0.4.25,results/oyente_plus/qian/raw/overflow/safe/50778.txt
